房源地址,行政区,位置,标题,租金,租赁方式,户型,面积,朝向,图片列表,发布时间,入住时间,租期,看房时间,楼层,电梯,车位,用水,用电,燃气,采暖,标签,station,latitude,longtitude
https://sz.lianjia.com/apartment/795.html,,,庭苑公寓 · 风铃木,"
庭苑公寓 · 风铃木

          1700元/月起

",,,,,"['https://image1.ljcdn.com/rent-user-avatar/eef84328-3c1f-4650-9229-89c1439d96b7.1150x.jpg', 'https://s1.ljcdn.com/matrix_lianjia_pc/dist/pc/src/resource/default/1150-450.png?_v=201906280941017d9', 'https://s1.ljcdn.com/matrix_lianjia_pc/dist/pc/src/resource/default/1150-450.png?_v=201906280941017d9', 'https://s1.ljcdn.com/matrix_lianjia_pc/dist/pc/src/resource/default/1150-450.png?_v=201906280941017d9', 'https://s1.ljcdn.com/matrix_lianjia_pc/dist/pc/src/resource/default/1150-450.png?_v=201906280941017d9', 'https://s1.ljcdn.com/matrix_lianjia_pc/dist/pc/src/resource/default/1150-450.png?_v=201906280941017d9', 'https://s1.ljcdn.com/matrix_lianjia_pc/dist/pc/src/resource/default/1150-450.png?_v=201906280941017d9', 'https://s1.ljcdn.com/matrix_lianjia_pc/dist/pc/src/resource/default/1150-450.png?_v=201906280941017d9', 'https://s1.ljcdn.com/matrix_lianjia_pc/dist/pc/src/resource/default/1150-450.png?_v=201906280941017d9']",,,,,,,,,,,,,[],22.581216,113.907527
https://sz.lianjia.com/zufang/SZ2278157635109003264.html,龙岗区,龙岗中心城,万科时代广场 1室1厅 南/北,3000元/月 ,租赁方式未知,1室1厅1卫,44㎡,朝南 北,"['https://image1.ljcdn.com/440300-inspection/6130dd7a-df26-4b05-b7bb-50dff33d8798.jpg.780x439.jpg', 'https://s1.ljcdn.com/matrix_lianjia_pc/dist/pc/src/resource/default/780-439.png?_v=201906280941017d9', 'https://s1.ljcdn.com/matrix_lianjia_pc/dist/pc/src/resource/default/780-439.png?_v=201906280941017d9', 'https://s1.ljcdn.com/matrix_lianjia_pc/dist/pc/src/resource/default/780-439.png?_v=201906280941017d9']",16天前,随时入住,暂无数据,需提前预约,中楼层/46层,有,暂无数据,商水,商电,有,暂无数据,"['近地铁', '随时看房']","['3号线(龙岗线) - 龙城广场', '1085m', '3号线(龙岗线) - 吉祥', '1147m']",22.723471,114.252572
https://sz.lianjia.com/zufang/SZ2278678177251598336.html,龙岗区,龙岗双龙,东方瑞景苑 1室0厅 南,2000元/月 ,租赁方式未知,1室0厅1卫,32㎡,朝南,"['https://image1.ljcdn.com/hdic-frame/580a1f2f-58a1-4f3a-9696-966321004d0c.png.780x439.jpg', 'https://s1.ljcdn.com/matrix_lianjia_pc/dist/pc/src/resource/default/780-439.png?_v=201906280941017d9', 'https://s1.ljcdn.com/matrix_lianjia_pc/dist/pc/src/resource/default/780-439.png?_v=201906280941017d9', 'https://s1.ljcdn.com/matrix_lianjia_pc/dist/pc/src/resource/default/780-439.png?_v=201906280941017d9', 'https://s1.ljcdn.com/matrix_lianjia_pc/dist/pc/src/resource/default/780-439.png?_v=201906280941017d9', 'https://s1.ljcdn.com/matrix_lianjia_pc/dist/pc/src/resource/default/780-439.png?_v=201906280941017d9']",15天前,随时入住,暂无数据,需提前预约,中楼层/23层,有,暂无数据,民水,民电,有,暂无数据,['近地铁'],"['3号线(龙岗线) - 双龙', '1064m', '3号线(龙岗线) - 南联', '1116m']",22.735755,114.275003
https://sz.lianjia.com/zufang/SZ2277985619839811584.html,宝安区,曦城,恒丰工业城 1室1厅 南,2500元/月 ,租赁方式未知,1室1厅1卫,36㎡,朝南,"['https://image1.ljcdn.com/440300-inspection/9de85847-fa78-47ea-b93f-b16ebd6c6504.jpg.780x439.jpg', 'https://s1.ljcdn.com/matrix_lianjia_pc/dist/pc/src/resource/default/780-439.png?_v=201906280941017d9', 'https://s1.ljcdn.com/matrix_lianjia_pc/dist/pc/src/resource/default/780-439.png?_v=201906280941017d9', 'https://s1.ljcdn.com/matrix_lianjia_pc/dist/pc/src/resource/default/780-439.png?_v=201906280941017d9', 'https://s1.ljcdn.com/matrix_lianjia_pc/dist/pc/src/resource/default/780-439.png?_v=201906280941017d9']",16天前,随时入住,暂无数据,需提前预约,中楼层/7层,暂无数据,暂无数据,暂无数据,暂无数据,暂无数据,暂无数据,['随时看房'],[],22.635538,113.873354
https://sz.lianjia.com/apartment/19144.html,,,乐乎城市青年社区 · 乐乎有朋·遇见YOU公寓,"
乐乎城市青年社区 · 乐乎有朋·遇见YOU公寓

          1880元/月起

",,,,,"['https://image1.ljcdn.com/rent-house-1/492de982d6f30ec08c539e6056309399-1561119997648/d3d0ee62a33e479126b59f9dc5327e87.jpg.1150x.jpg', 'https://s1.ljcdn.com/matrix_lianjia_pc/dist/pc/src/resource/default/1150-450.png?_v=201906280941017d9']",,,,,,,,,,,,,[],22.619916,114.045401
https://sz.lianjia.com/zufang/SZ2213010447819341824.html,龙岗区,龙岗中心城,整租·名居广场 1室1厅 南,2500元/月 (月付价),整租,1室1厅1卫,32㎡,朝南,"['https://image1.ljcdn.com/rent-user-avatar/1b213325-ec12-44a2-aa95-f78c23cd8af4.780x439.jpg', 'https://s1.ljcdn.com/matrix_lianjia_pc/dist/pc/src/resource/default/780-439.png?_v=201906280941017d9', 'https://s1.ljcdn.com/matrix_lianjia_pc/dist/pc/src/resource/default/780-439.png?_v=201906280941017d9', 'https://s1.ljcdn.com/matrix_lianjia_pc/dist/pc/src/resource/default/780-439.png?_v=201906280941017d9', 'https://s1.ljcdn.com/matrix_lianjia_pc/dist/pc/src/resource/default/780-439.png?_v=201906280941017d9', 'https://s1.ljcdn.com/matrix_lianjia_pc/dist/pc/src/resource/default/780-439.png?_v=201906280941017d9', 'https://s1.ljcdn.com/matrix_lianjia_pc/dist/pc/src/resource/default/780-439.png?_v=201906280941017d9', 'https://s1.ljcdn.com/matrix_lianjia_pc/dist/pc/src/resource/default/780-439.png?_v=201906280941017d9', 'https://s1.ljcdn.com/matrix_lianjia_pc/dist/pc/src/resource/default/780-439.png?_v=201906280941017d9', 'https://s1.ljcdn.com/matrix_lianjia_pc/dist/pc/src/resource/default/780-439.png?_v=201906280941017d9', 'https://s1.ljcdn.com/matrix_lianjia_pc/dist/pc/src/resource/default/780-439.png?_v=201906280941017d9', 'https://s1.ljcdn.com/matrix_lianjia_pc/dist/pc/src/resource/default/780-439.png?_v=201906280941017d9', 'https://s1.ljcdn.com/matrix_lianjia_pc/dist/pc/src/resource/default/780-439.png?_v=201906280941017d9']",3个月前,随时入住,2个月以上,随时可看,26/30层,有,免费使用,民水,民电,有,集中供暖,"['公寓', '月租', '近地铁', '精装', '随时看房']",[],22.704719,114.240139
https://sz.lianjia.com/zufang/SZ2234629659926986752.html,龙岗区,大运新城,阳光天健城 1室1厅 东/南,2800元/月 ,租赁方式未知,1室1厅1卫,36㎡,朝东 南,"['https://image1.ljcdn.com/440300-inspection/4903f10b-c6e0-4f20-8998-32836ecacccc.jpg.780x439.jpg', 'https://s1.ljcdn.com/matrix_lianjia_pc/dist/pc/src/resource/default/780-439.png?_v=201906280941017d9', 'https://s1.ljcdn.com/matrix_lianjia_pc/dist/pc/src/resource/default/780-439.png?_v=201906280941017d9', 'https://s1.ljcdn.com/matrix_lianjia_pc/dist/pc/src/resource/default/780-439.png?_v=201906280941017d9', 'https://s1.ljcdn.com/matrix_lianjia_pc/dist/pc/src/resource/default/780-439.png?_v=201906280941017d9', 'https://s1.ljcdn.com/matrix_lianjia_pc/dist/pc/src/resource/default/780-439.png?_v=201906280941017d9']",1个月前,随时入住,暂无数据,一般下班后可看,低楼层/27层,有,暂无数据,民水,民电,有,暂无数据,[],[],22.707475939188,114.22691111939
https://sz.lianjia.com/zufang/SZ2273085879474200576.html,龙岗区,大运新城,阳光天健城 1室0厅 南,2400元/月 ,租赁方式未知,1室0厅1卫,36㎡,朝南,"['https://image1.ljcdn.com/hdic-frame/3a935c4b-8dab-480a-9027-ce5cf1e2c93d.png.780x439.jpg', 'https://s1.ljcdn.com/matrix_lianjia_pc/dist/pc/src/resource/default/780-439.png?_v=201906280941017d9', 'https://s1.ljcdn.com/matrix_lianjia_pc/dist/pc/src/resource/default/780-439.png?_v=201906280941017d9', 'https://s1.ljcdn.com/matrix_lianjia_pc/dist/pc/src/resource/default/780-439.png?_v=201906280941017d9', 'https://s1.ljcdn.com/matrix_lianjia_pc/dist/pc/src/resource/default/780-439.png?_v=201906280941017d9', 'https://s1.ljcdn.com/matrix_lianjia_pc/dist/pc/src/resource/default/780-439.png?_v=201906280941017d9', 'https://s1.ljcdn.com/matrix_lianjia_pc/dist/pc/src/resource/default/780-439.png?_v=201906280941017d9']",23天前,随时入住,暂无数据,需提前预约,中楼层/27层,有,暂无数据,民水,民电,有,暂无数据,['随时看房'],[],22.707475939188,114.22691111939
https://sz.lianjia.com/zufang/SZ2258671275532615680.html,宝安区,曦城,整租·恒丰工业城 1室1厅 南/西,2300元/月 ,整租,1室1厅1卫,36㎡,朝南 西,"['https://image1.ljcdn.com/440300-inspection/d2d7db25-420f-40cf-a83d-3314f30ecc84.jpg.780x439.jpg', 'https://s1.ljcdn.com/matrix_lianjia_pc/dist/pc/src/resource/default/780-439.png?_v=201906280941017d9', 'https://s1.ljcdn.com/matrix_lianjia_pc/dist/pc/src/resource/default/780-439.png?_v=201906280941017d9', 'https://s1.ljcdn.com/matrix_lianjia_pc/dist/pc/src/resource/default/780-439.png?_v=201906280941017d9', 'https://s1.ljcdn.com/matrix_lianjia_pc/dist/pc/src/resource/default/780-439.png?_v=201906280941017d9', 'https://s1.ljcdn.com/matrix_lianjia_pc/dist/pc/src/resource/default/780-439.png?_v=201906280941017d9']",1个月前,随时入住,1年以内,需提前预约,高楼层/7层,暂无数据,租用车位,暂无数据,暂无数据,暂无数据,暂无数据,"['精装', '随时看房']",[],22.635538,113.873354
https://sz.lianjia.com/apartment/1606.html,,,碧家国际社区 · 坂田店,"
碧家国际社区 · 坂田店

          2280元/月起

",,,,,"['https://image1.ljcdn.com/rent-user-avatar/c96aebb7-8c5c-40da-be90-a0f9a9318e74.1150x.jpg', 'https://s1.ljcdn.com/matrix_lianjia_pc/dist/pc/src/resource/default/1150-450.png?_v=201906280941017d9', 'https://s1.ljcdn.com/matrix_lianjia_pc/dist/pc/src/resource/default/1150-450.png?_v=201906280941017d9', 'https://s1.ljcdn.com/matrix_lianjia_pc/dist/pc/src/resource/default/1150-450.png?_v=201906280941017d9', 'https://s1.ljcdn.com/matrix_lianjia_pc/dist/pc/src/resource/default/1150-450.png?_v=201906280941017d9', 'https://s1.ljcdn.com/matrix_lianjia_pc/dist/pc/src/resource/default/1150-450.png?_v=201906280941017d9', 'https://s1.ljcdn.com/matrix_lianjia_pc/dist/pc/src/resource/default/1150-450.png?_v=201906280941017d9', 'https://s1.ljcdn.com/matrix_lianjia_pc/dist/pc/src/resource/default/1150-450.png?_v=201906280941017d9']",,,,,,,,,,,,,[],22.664008,114.078645
https://sz.lianjia.com/apartment/4215.html,,,窝趣轻社区 · 窝趣龙胜轻社区,"
窝趣轻社区 · 窝趣龙胜轻社区

          2500元/月起

",,,,,"['https://image1.ljcdn.com/rent-house-1/93e010098a3496c0039a35ff7699957d-1555572807388/e915afdc79f26303b737e9008210d7c2.jpg.1150x.jpg', 'https://s1.ljcdn.com/matrix_lianjia_pc/dist/pc/src/resource/default/1150-450.png?_v=201906280941017d9', 'https://s1.ljcdn.com/matrix_lianjia_pc/dist/pc/src/resource/default/1150-450.png?_v=201906280941017d9', 'https://s1.ljcdn.com/matrix_lianjia_pc/dist/pc/src/resource/default/1150-450.png?_v=201906280941017d9', 'https://s1.ljcdn.com/matrix_lianjia_pc/dist/pc/src/resource/default/1150-450.png?_v=201906280941017d9', 'https://s1.ljcdn.com/matrix_lianjia_pc/dist/pc/src/resource/default/1150-450.png?_v=201906280941017d9']",,,,,,,,,,,,,[],22.6478300,114.0237220
https://sz.lianjia.com/zufang/SZ2234615179335696384.html,坪山区,坪山,中粮一品澜山花园 3室2厅 南,3000元/月 ,租赁方式未知,3室2厅1卫,80㎡,朝南,"['https://image1.ljcdn.com/440300-inspection/prod-269b4496-08f1-4ae4-aeab-6f7e9346ec92.jpg.780x439.jpg', 'https://s1.ljcdn.com/matrix_lianjia_pc/dist/pc/src/resource/default/780-439.png?_v=201906280941017d9', 'https://s1.ljcdn.com/matrix_lianjia_pc/dist/pc/src/resource/default/780-439.png?_v=201906280941017d9', 'https://s1.ljcdn.com/matrix_lianjia_pc/dist/pc/src/resource/default/780-439.png?_v=201906280941017d9', 'https://s1.ljcdn.com/matrix_lianjia_pc/dist/pc/src/resource/default/780-439.png?_v=201906280941017d9']",2个月前,随时入住,暂无数据,需提前预约,中楼层/32层,有,暂无数据,民水,民电,有,暂无数据,[],[],22.738273,114.380638
https://sz.lianjia.com/zufang/SZ2247670687282241536.html,龙岗区,大运新城,中海康城国际一期 1室0厅 南,2200元/月 ,租赁方式未知,1室0厅1卫,38㎡,朝南,"['http://vrlab-image.ljcdn.com/release/auto3dhd/34341ed0ae38e474030f38fb6acb0e73/screenshot/1552814831_0/pc0_11ic8gIg6.jpg.q_70.jpg', 'https://s1.ljcdn.com/matrix_lianjia_pc/dist/pc/src/resource/default/780-439.png?_v=201906280941017d9', 'https://s1.ljcdn.com/matrix_lianjia_pc/dist/pc/src/resource/default/780-439.png?_v=201906280941017d9']",1个月前,随时入住,暂无数据,需提前预约,低楼层/23层,有,暂无数据,民水,民电,有,暂无数据,['随时看房'],[],22.712830704194,114.21316487334
https://sz.lianjia.com/zufang/SZ2052895888384466944.html,坪山区,坪山,整租·丹梓龙庭 4室2厅 南/北,3000元/月 (月付价),整租,4室2厅2卫,142㎡,朝南 北,"['https://image1.ljcdn.com/440300-inspection/7be486da-bc56-458b-a327-82d12ee2715c.jpg.780x439.jpg', 'https://s1.ljcdn.com/matrix_lianjia_pc/dist/pc/src/resource/default/780-439.png?_v=201906280941017d9', 'https://s1.ljcdn.com/matrix_lianjia_pc/dist/pc/src/resource/default/780-439.png?_v=201906280941017d9', 'https://s1.ljcdn.com/matrix_lianjia_pc/dist/pc/src/resource/default/780-439.png?_v=201906280941017d9', 'https://s1.ljcdn.com/matrix_lianjia_pc/dist/pc/src/resource/default/780-439.png?_v=201906280941017d9', 'https://s1.ljcdn.com/matrix_lianjia_pc/dist/pc/src/resource/default/780-439.png?_v=201906280941017d9', 'https://s1.ljcdn.com/matrix_lianjia_pc/dist/pc/src/resource/default/780-439.png?_v=201906280941017d9', 'https://s1.ljcdn.com/matrix_lianjia_pc/dist/pc/src/resource/default/780-439.png?_v=201906280941017d9', 'https://s1.ljcdn.com/matrix_lianjia_pc/dist/pc/src/resource/default/780-439.png?_v=201906280941017d9', 'https://s1.ljcdn.com/matrix_lianjia_pc/dist/pc/src/resource/default/780-439.png?_v=201906280941017d9']",10个月前,随时入住,暂无数据,需提前预约,高楼层/28层,有,暂无数据,商水,商电,有,暂无数据,['双卫生间'],[],22.74768,114.401488
https://sz.lianjia.com/apartment/17108.html,,,柚米国际社区 · 清湖店,"
柚米国际社区 · 清湖店

          2200元/月起

",,,,,"['https://image1.ljcdn.com/rent-user-avatar/db41c808-64ab-4672-8f89-2dca4b1e4ca2.1150x.jpg', 'https://s1.ljcdn.com/matrix_lianjia_pc/dist/pc/src/resource/default/1150-450.png?_v=201906280941017d9', 'https://s1.ljcdn.com/matrix_lianjia_pc/dist/pc/src/resource/default/1150-450.png?_v=201906280941017d9', 'https://s1.ljcdn.com/matrix_lianjia_pc/dist/pc/src/resource/default/1150-450.png?_v=201906280941017d9', 'https://s1.ljcdn.com/matrix_lianjia_pc/dist/pc/src/resource/default/1150-450.png?_v=201906280941017d9', 'https://s1.ljcdn.com/matrix_lianjia_pc/dist/pc/src/resource/default/1150-450.png?_v=201906280941017d9', 'https://s1.ljcdn.com/matrix_lianjia_pc/dist/pc/src/resource/default/1150-450.png?_v=201906280941017d9']",,,,,,,,,,,,,[],22.665921,114.047413
https://sz.lianjia.com/apartment/1797.html,,,嗨贝壳公寓 · 坂田总店,"
嗨贝壳公寓 · 坂田总店

          3000元/月起

",,,,,"['https://image1.ljcdn.com/rent-user-avatar/cc22b237-9322-468a-ad4b-1cc7a9926948.1150x.jpg', 'https://s1.ljcdn.com/matrix_lianjia_pc/dist/pc/src/resource/default/1150-450.png?_v=201906280941017d9', 'https://s1.ljcdn.com/matrix_lianjia_pc/dist/pc/src/resource/default/1150-450.png?_v=201906280941017d9', 'https://s1.ljcdn.com/matrix_lianjia_pc/dist/pc/src/resource/default/1150-450.png?_v=201906280941017d9', 'https://s1.ljcdn.com/matrix_lianjia_pc/dist/pc/src/resource/default/1150-450.png?_v=201906280941017d9']",,,,,,,,,,,,,[],22.650002,114.072154
https://sz.lianjia.com/zufang/SZ2274341495656161280.html,龙岗区,龙岗中心城,新鸿花园 1室1厅 东南/南,2900元/月 ,租赁方式未知,1室1厅1卫,43㎡,朝东南 南,"['https://image1.ljcdn.com/440300-inspection/e905589a-d020-46b3-a8d9-012b5b9310b0.jpg.780x439.jpg', 'https://s1.ljcdn.com/matrix_lianjia_pc/dist/pc/src/resource/default/780-439.png?_v=201906280941017d9', 'https://s1.ljcdn.com/matrix_lianjia_pc/dist/pc/src/resource/default/780-439.png?_v=201906280941017d9', 'https://s1.ljcdn.com/matrix_lianjia_pc/dist/pc/src/resource/default/780-439.png?_v=201906280941017d9', 'https://s1.ljcdn.com/matrix_lianjia_pc/dist/pc/src/resource/default/780-439.png?_v=201906280941017d9', 'https://s1.ljcdn.com/matrix_lianjia_pc/dist/pc/src/resource/default/780-439.png?_v=201906280941017d9']",21天前,随时入住,暂无数据,需提前预约,高楼层/26层,有,暂无数据,民水,民电,有,暂无数据,"['近地铁', '随时看房']","['3号线(龙岗线) - 吉祥', '447m']",22.71875041885,114.24807103398
https://sz.lianjia.com/zufang/SZ2217327949727154176.html,龙岗区,龙岗中心城,名居广场 1室0厅 南/北,2500元/月 ,租赁方式未知,1室0厅1卫,32㎡,朝南 北,"['https://image1.ljcdn.com/440300-inspection/746d9446-9a2e-485f-8d48-278fd29eeeb8.jpg.780x439.jpg', 'https://s1.ljcdn.com/matrix_lianjia_pc/dist/pc/src/resource/default/780-439.png?_v=201906280941017d9', 'https://s1.ljcdn.com/matrix_lianjia_pc/dist/pc/src/resource/default/780-439.png?_v=201906280941017d9', 'https://s1.ljcdn.com/matrix_lianjia_pc/dist/pc/src/resource/default/780-439.png?_v=201906280941017d9']",3个月前,随时入住,暂无数据,需提前预约,低楼层/30层,有,暂无数据,民水,民电,有,暂无数据,[],[],22.704719,114.240139
https://sz.lianjia.com/zufang/SZ2216479734874259456.html,龙岗区,龙岗中心城,名居广场 1室0厅 南/北,2500元/月 ,租赁方式未知,1室0厅1卫,32㎡,朝南 北,"['https://image1.ljcdn.com/440300-inspection/bacdd022-27c3-45bd-956b-0823d30e1ba7.jpg.780x439.jpg', 'https://s1.ljcdn.com/matrix_lianjia_pc/dist/pc/src/resource/default/780-439.png?_v=201906280941017d9', 'https://s1.ljcdn.com/matrix_lianjia_pc/dist/pc/src/resource/default/780-439.png?_v=201906280941017d9', 'https://s1.ljcdn.com/matrix_lianjia_pc/dist/pc/src/resource/default/780-439.png?_v=201906280941017d9']",3个月前,随时入住,暂无数据,需提前预约,低楼层/30层,有,暂无数据,民水,民电,有,暂无数据,[],[],22.704719,114.240139
https://sz.lianjia.com/apartment/7491.html,,,湾流国际青年社区 · 宝安公园店,"
湾流国际青年社区 · 宝安公园店

          1700元/月起

",,,,,"['https://image1.ljcdn.com/rent-user-avatar/940e591c-9d6e-43f8-8f1f-85f51e1303d9.1150x.jpg', 'https://s1.ljcdn.com/matrix_lianjia_pc/dist/pc/src/resource/default/1150-450.png?_v=201906280941017d9', 'https://s1.ljcdn.com/matrix_lianjia_pc/dist/pc/src/resource/default/1150-450.png?_v=201906280941017d9', 'https://s1.ljcdn.com/matrix_lianjia_pc/dist/pc/src/resource/default/1150-450.png?_v=201906280941017d9', 'https://s1.ljcdn.com/matrix_lianjia_pc/dist/pc/src/resource/default/1150-450.png?_v=201906280941017d9', 'https://s1.ljcdn.com/matrix_lianjia_pc/dist/pc/src/resource/default/1150-450.png?_v=201906280941017d9', 'https://s1.ljcdn.com/matrix_lianjia_pc/dist/pc/src/resource/default/1150-450.png?_v=201906280941017d9', 'https://s1.ljcdn.com/matrix_lianjia_pc/dist/pc/src/resource/default/1150-450.png?_v=201906280941017d9']",,,,,,,,,,,,,[],22.592114,113.900547
https://sz.lianjia.com/apartment/18562.html,,,冠寓 · 深圳后瑞店,"
冠寓 · 深圳后瑞店

          2326元/月起

",,,,,"['https://image1.ljcdn.com/rent-house-1/e067d74ca3cefe515bb47a92f8ce9933-1561484560553/603caa79f070a60c113579c4299feeb0.jpg.1150x.jpg', 'https://s1.ljcdn.com/matrix_lianjia_pc/dist/pc/src/resource/default/1150-450.png?_v=201906280941017d9', 'https://s1.ljcdn.com/matrix_lianjia_pc/dist/pc/src/resource/default/1150-450.png?_v=201906280941017d9', 'https://s1.ljcdn.com/matrix_lianjia_pc/dist/pc/src/resource/default/1150-450.png?_v=201906280941017d9', 'https://s1.ljcdn.com/matrix_lianjia_pc/dist/pc/src/resource/default/1150-450.png?_v=201906280941017d9', 'https://s1.ljcdn.com/matrix_lianjia_pc/dist/pc/src/resource/default/1150-450.png?_v=201906280941017d9', 'https://s1.ljcdn.com/matrix_lianjia_pc/dist/pc/src/resource/default/1150-450.png?_v=201906280941017d9', 'https://s1.ljcdn.com/matrix_lianjia_pc/dist/pc/src/resource/default/1150-450.png?_v=201906280941017d9', 'https://s1.ljcdn.com/matrix_lianjia_pc/dist/pc/src/resource/default/1150-450.png?_v=201906280941017d9', 'https://s1.ljcdn.com/matrix_lianjia_pc/dist/pc/src/resource/default/1150-450.png?_v=201906280941017d9', 'https://s1.ljcdn.com/matrix_lianjia_pc/dist/pc/src/resource/default/1150-450.png?_v=201906280941017d9', 'https://s1.ljcdn.com/matrix_lianjia_pc/dist/pc/src/resource/default/1150-450.png?_v=201906280941017d9', 'https://s1.ljcdn.com/matrix_lianjia_pc/dist/pc/src/resource/default/1150-450.png?_v=201906280941017d9', 'https://s1.ljcdn.com/matrix_lianjia_pc/dist/pc/src/resource/default/1150-450.png?_v=201906280941017d9', 'https://s1.ljcdn.com/matrix_lianjia_pc/dist/pc/src/resource/default/1150-450.png?_v=201906280941017d9']",,,,,,,,,,,,,[],22.64071614943542,113.84681824057235
https://sz.lianjia.com/zufang/SZ2260073758767456256.html,龙岗区,龙岗中心城,名居广场 1室0厅 南/北,2500元/月 ,租赁方式未知,1室0厅1卫,32㎡,朝南 北,"['https://image1.ljcdn.com/440300-inspection/06a1b7b9-cb50-40e9-88ba-61134cdc6f99.jpg.780x439.jpg', 'https://s1.ljcdn.com/matrix_lianjia_pc/dist/pc/src/resource/default/780-439.png?_v=201906280941017d9', 'https://s1.ljcdn.com/matrix_lianjia_pc/dist/pc/src/resource/default/780-439.png?_v=201906280941017d9', 'https://s1.ljcdn.com/matrix_lianjia_pc/dist/pc/src/resource/default/780-439.png?_v=201906280941017d9']",1个月前,随时入住,暂无数据,需提前预约,低楼层/30层,有,暂无数据,民水,民电,有,暂无数据,[],[],22.704719,114.240139
https://sz.lianjia.com/zufang/SZ2229541962749853696.html,龙岗区,大运新城,整租·阳光天健城 1室1厅 南,3000元/月 ,整租,1室1厅1卫,45㎡,朝南,"['https://image1.ljcdn.com/440300-inspection/f551dbdc-b90a-417e-b510-af91c4f168e4.jpg.780x439.jpg', 'https://s1.ljcdn.com/matrix_lianjia_pc/dist/pc/src/resource/default/780-439.png?_v=201906280941017d9', 'https://s1.ljcdn.com/matrix_lianjia_pc/dist/pc/src/resource/default/780-439.png?_v=201906280941017d9', 'https://s1.ljcdn.com/matrix_lianjia_pc/dist/pc/src/resource/default/780-439.png?_v=201906280941017d9', 'https://s1.ljcdn.com/matrix_lianjia_pc/dist/pc/src/resource/default/780-439.png?_v=201906280941017d9', 'https://s1.ljcdn.com/matrix_lianjia_pc/dist/pc/src/resource/default/780-439.png?_v=201906280941017d9', 'https://s1.ljcdn.com/matrix_lianjia_pc/dist/pc/src/resource/default/780-439.png?_v=201906280941017d9', 'https://s1.ljcdn.com/matrix_lianjia_pc/dist/pc/src/resource/default/780-439.png?_v=201906280941017d9']",2个月前,随时入住,3年以上,需提前预约,中楼层/27层,有,暂无数据,民水,民电,有,暂无数据,['随时看房'],[],22.707475939188,114.22691111939
https://sz.lianjia.com/zufang/SZ2272157988061970432.html,龙岗区,龙岗中心城,名居广场 1室0厅 东南/南,2350元/月 ,租赁方式未知,1室0厅1卫,33㎡,朝东南 南,"['https://image1.ljcdn.com/hdic-frame/prod-ba870100-f7bb-4118-a0c2-0ff1f874c7f1.png.780x439.jpg', 'https://s1.ljcdn.com/matrix_lianjia_pc/dist/pc/src/resource/default/780-439.png?_v=201906280941017d9', 'https://s1.ljcdn.com/matrix_lianjia_pc/dist/pc/src/resource/default/780-439.png?_v=201906280941017d9']",23天前,随时入住,暂无数据,需提前预约,高楼层/30层,有,暂无数据,商水,商电,有,暂无数据,[],[],22.704719,114.240139
https://sz.lianjia.com/apartment/2784.html,,,人才公寓 · 南山店A栋,"
人才公寓 · 南山店A栋

          1500元/月起

",,,,,"['https://image1.ljcdn.com/rent-user-avatar/6dddb2bf-aac7-4821-822f-d1a9c1daa733.1150x.jpg', 'https://s1.ljcdn.com/matrix_lianjia_pc/dist/pc/src/resource/default/1150-450.png?_v=201906280941017d9', 'https://s1.ljcdn.com/matrix_lianjia_pc/dist/pc/src/resource/default/1150-450.png?_v=201906280941017d9', 'https://s1.ljcdn.com/matrix_lianjia_pc/dist/pc/src/resource/default/1150-450.png?_v=201906280941017d9', 'https://s1.ljcdn.com/matrix_lianjia_pc/dist/pc/src/resource/default/1150-450.png?_v=201906280941017d9', 'https://s1.ljcdn.com/matrix_lianjia_pc/dist/pc/src/resource/default/1150-450.png?_v=201906280941017d9']",,,,,,,,,,,,,[],22.593163,113.937747
https://sz.lianjia.com/apartment/18617.html,,,七号企鹅公寓 · 新洲中心村13店,"
七号企鹅公寓 · 新洲中心村13店

          2880元/月起

",,,,,"['https://image1.ljcdn.com/rent-user-avatar/3369451b-eaf3-47d0-bcd5-c2cee41ad6cc.1150x.jpg', 'https://s1.ljcdn.com/matrix_lianjia_pc/dist/pc/src/resource/default/1150-450.png?_v=201906280941017d9', 'https://s1.ljcdn.com/matrix_lianjia_pc/dist/pc/src/resource/default/1150-450.png?_v=201906280941017d9']",,,,,,,,,,,,,[],22.529767,114.055242
https://sz.lianjia.com/zufang/SZ2252812288010485760.html,龙岗区,坂田,杨美金竹小区 1室0厅 南,2080元/月 ,租赁方式未知,1室0厅1卫,30㎡,朝南,"['https://image1.ljcdn.com/440300-inspection/57968fc0-8c71-4cac-aca0-5e6b443214b0.jpg.780x439.jpg', 'https://s1.ljcdn.com/matrix_lianjia_pc/dist/pc/src/resource/default/780-439.png?_v=201906280941017d9', 'https://s1.ljcdn.com/matrix_lianjia_pc/dist/pc/src/resource/default/780-439.png?_v=201906280941017d9', 'https://s1.ljcdn.com/matrix_lianjia_pc/dist/pc/src/resource/default/780-439.png?_v=201906280941017d9']",1个月前,随时入住,暂无数据,需提前预约,中楼层/4层,暂无数据,暂无数据,暂无数据,暂无数据,无,暂无数据,[],[],22.634470992928,114.08465892846
https://sz.lianjia.com/zufang/SZ2248365880318623744.html,宝安区,西乡,兴达华府 1室0厅 南,2100元/月 ,租赁方式未知,1室0厅1卫,18㎡,朝南,"['http://vrlab-image.ljcdn.com/release/auto3dhd/150eaf9819fe04d7c6f1be6238fba127/screenshot/1544839503_0/pc0_xy454wCJZ.jpg.q_70.jpg', 'https://s1.ljcdn.com/matrix_lianjia_pc/dist/pc/src/resource/default/780-439.png?_v=201906280941017d9', 'https://s1.ljcdn.com/matrix_lianjia_pc/dist/pc/src/resource/default/780-439.png?_v=201906280941017d9', 'https://s1.ljcdn.com/matrix_lianjia_pc/dist/pc/src/resource/default/780-439.png?_v=201906280941017d9']",1个月前,随时入住,暂无数据,暂无数据,高楼层/29层,有,暂无数据,民水,民电,有,暂无数据,['随时看房'],[],22.617257,113.863633
https://sz.lianjia.com/zufang/SZ2164454229954273280.html,龙岗区,龙岗中心城,紫薇花园 1室1厅 南,2300元/月 ,租赁方式未知,1室1厅1卫,58㎡,朝南,"['https://image1.ljcdn.com/440300-inspection/dc2590a4-66cf-4a84-b375-dd284cc01312.png.780x439.jpg', 'https://s1.ljcdn.com/matrix_lianjia_pc/dist/pc/src/resource/default/780-439.png?_v=201906280941017d9', 'https://s1.ljcdn.com/matrix_lianjia_pc/dist/pc/src/resource/default/780-439.png?_v=201906280941017d9', 'https://s1.ljcdn.com/matrix_lianjia_pc/dist/pc/src/resource/default/780-439.png?_v=201906280941017d9', 'https://s1.ljcdn.com/matrix_lianjia_pc/dist/pc/src/resource/default/780-439.png?_v=201906280941017d9', 'https://s1.ljcdn.com/matrix_lianjia_pc/dist/pc/src/resource/default/780-439.png?_v=201906280941017d9', 'https://s1.ljcdn.com/matrix_lianjia_pc/dist/pc/src/resource/default/780-439.png?_v=201906280941017d9']",5个月前,随时入住,暂无数据,需提前预约,高楼层/7层,无,暂无数据,民水,民电,有,暂无数据,[],"['3号线(龙岗线) - 吉祥', '702m']",22.723687543647,114.24691690343
https://sz.lianjia.com/zufang/SZ2231707596493168640.html,龙岗区,龙岗双龙,锦城星苑 3室2厅 南,2500元/月 ,租赁方式未知,3室2厅2卫,32㎡,朝南,"['https://image1.ljcdn.com/440300-inspection/1b326ce0-db3c-446b-9bdc-e9b8d96d50ee.jpg.780x439.jpg', 'https://s1.ljcdn.com/matrix_lianjia_pc/dist/pc/src/resource/default/780-439.png?_v=201906280941017d9', 'https://s1.ljcdn.com/matrix_lianjia_pc/dist/pc/src/resource/default/780-439.png?_v=201906280941017d9', 'https://s1.ljcdn.com/matrix_lianjia_pc/dist/pc/src/resource/default/780-439.png?_v=201906280941017d9', 'https://s1.ljcdn.com/matrix_lianjia_pc/dist/pc/src/resource/default/780-439.png?_v=201906280941017d9', 'https://s1.ljcdn.com/matrix_lianjia_pc/dist/pc/src/resource/default/780-439.png?_v=201906280941017d9', 'https://s1.ljcdn.com/matrix_lianjia_pc/dist/pc/src/resource/default/780-439.png?_v=201906280941017d9', 'https://s1.ljcdn.com/matrix_lianjia_pc/dist/pc/src/resource/default/780-439.png?_v=201906280941017d9', 'https://s1.ljcdn.com/matrix_lianjia_pc/dist/pc/src/resource/default/780-439.png?_v=201906280941017d9', 'https://s1.ljcdn.com/matrix_lianjia_pc/dist/pc/src/resource/default/780-439.png?_v=201906280941017d9', 'https://s1.ljcdn.com/matrix_lianjia_pc/dist/pc/src/resource/default/780-439.png?_v=201906280941017d9']",2个月前,随时入住,暂无数据,需提前预约,高楼层/6层,无,暂无数据,民水,民电,有,暂无数据,[],[],22.751925445789,114.2864754459
