房源地址,行政区,位置,标题,租金,租赁方式,户型,面积,朝向,图片列表,发布时间,入住时间,租期,看房时间,楼层,电梯,车位,用水,用电,燃气,采暖,标签,station,latitude,longtitude
https://sz.lianjia.com/apartment/18263.html,,,Mix-Valley·融寓 · 石厦西村店,"
Mix-Valley·融寓 · 石厦西村店

          1800元/月起

",,,,,"['https://image1.ljcdn.com/rent-user-avatar/1e8e9fe2-9bb3-4ad7-ac9c-cfc797776b3b.1150x.jpg', 'https://s1.ljcdn.com/matrix_lianjia_pc/dist/pc/src/resource/default/1150-450.png?_v=201906280941017d9', 'https://s1.ljcdn.com/matrix_lianjia_pc/dist/pc/src/resource/default/1150-450.png?_v=201906280941017d9', 'https://s1.ljcdn.com/matrix_lianjia_pc/dist/pc/src/resource/default/1150-450.png?_v=201906280941017d9', 'https://s1.ljcdn.com/matrix_lianjia_pc/dist/pc/src/resource/default/1150-450.png?_v=201906280941017d9', 'https://s1.ljcdn.com/matrix_lianjia_pc/dist/pc/src/resource/default/1150-450.png?_v=201906280941017d9', 'https://s1.ljcdn.com/matrix_lianjia_pc/dist/pc/src/resource/default/1150-450.png?_v=201906280941017d9', 'https://s1.ljcdn.com/matrix_lianjia_pc/dist/pc/src/resource/default/1150-450.png?_v=201906280941017d9', 'https://s1.ljcdn.com/matrix_lianjia_pc/dist/pc/src/resource/default/1150-450.png?_v=201906280941017d9', 'https://s1.ljcdn.com/matrix_lianjia_pc/dist/pc/src/resource/default/1150-450.png?_v=201906280941017d9']",,,,,,,,,,,,,[],22.527275,114.056002
https://sz.lianjia.com/zufang/SZ2258459034951106560.html,龙华区,龙华中心,金侨花园 2室1厅 南,2900元/月 ,租赁方式未知,2室1厅1卫,61㎡,朝南,"['http://vrlab-image.ljcdn.com/release/auto3dhd/2dd0de24cee5ee36f46fe4bca006a384/screenshot/1560572658_0/pc0_EX34lJmN0.jpg.q_70.jpg', 'https://s1.ljcdn.com/matrix_lianjia_pc/dist/pc/src/resource/default/780-439.png?_v=201906280941017d9', 'https://s1.ljcdn.com/matrix_lianjia_pc/dist/pc/src/resource/default/780-439.png?_v=201906280941017d9', 'https://s1.ljcdn.com/matrix_lianjia_pc/dist/pc/src/resource/default/780-439.png?_v=201906280941017d9', 'https://s1.ljcdn.com/matrix_lianjia_pc/dist/pc/src/resource/default/780-439.png?_v=201906280941017d9']",1个月前,暂无数据,暂无数据,暂无数据,中楼层/7层,无,暂无数据,民水,民电,无,暂无数据,"['近地铁', '随时看房']","['4号线(龙华线) - 龙华', '629m']",22.658853113249,114.03521934851
https://sz.lianjia.com/zufang/SZ2119490475575476224.html,福田区,梅林,汇龙花园 1室1厅 南,2300元/月 ,租赁方式未知,1室1厅1卫,10㎡,朝南,"['https://image1.ljcdn.com/440300-inspection/4d4f1990-7d83-421c-9888-94093088c9fe.jpg.780x439.jpg', 'https://s1.ljcdn.com/matrix_lianjia_pc/dist/pc/src/resource/default/780-439.png?_v=201906280941017d9', 'https://s1.ljcdn.com/matrix_lianjia_pc/dist/pc/src/resource/default/780-439.png?_v=201906280941017d9', 'https://s1.ljcdn.com/matrix_lianjia_pc/dist/pc/src/resource/default/780-439.png?_v=201906280941017d9']",7个月前,随时入住,暂无数据,需提前预约,低楼层/7层,无,暂无数据,民水,民电,有,暂无数据,['近地铁'],"['4号线(龙华线),9号线 - 上梅林', '657m', '9号线 - 孖岭', '1012m']",22.579251931501,114.07039021958
https://sz.lianjia.com/zufang/SZ2153616215871070208.html,福田区,八卦岭,合租·盛世鹏程 1居室 南卧,2300元/月 (月付价),合租,1室1厅1卫,30㎡,朝南,"['https://image1.ljcdn.com/440300-inspection/prod-0ed56dd2-f174-4453-83fe-1b150d2a04a6.jpg.780x439.jpg', 'https://s1.ljcdn.com/matrix_lianjia_pc/dist/pc/src/resource/default/780-439.png?_v=201906280941017d9', 'https://s1.ljcdn.com/matrix_lianjia_pc/dist/pc/src/resource/default/780-439.png?_v=201906280941017d9', 'https://s1.ljcdn.com/matrix_lianjia_pc/dist/pc/src/resource/default/780-439.png?_v=201906280941017d9', 'https://s1.ljcdn.com/matrix_lianjia_pc/dist/pc/src/resource/default/780-439.png?_v=201906280941017d9', 'https://s1.ljcdn.com/matrix_lianjia_pc/dist/pc/src/resource/default/780-439.png?_v=201906280941017d9']",6个月前,随时入住,1年以内,需提前预约,高楼层/32层,有,暂无数据,民水,民电,有,暂无数据,"['近地铁', '精装']","['7号线 - 八卦岭', '548m', '9号线 - 园岭', '620m', '3号线(龙岗线) - 通新岭', '874m', '7号线,9号线 - 红岭北', '1050m', '3号线(龙岗线),9号线 - 红岭', '1177m']",22.56288,114.104145
https://sz.lianjia.com/apartment/1657.html,,,筑梦雅居 · 深圳北站店,"
筑梦雅居 · 深圳北站店

          1500元/月起

",,,,,"['https://image1.ljcdn.com/rent-user-avatar/ab1f33ea-f81e-4775-b28b-7d7070620fc4.1150x.jpg', 'https://s1.ljcdn.com/matrix_lianjia_pc/dist/pc/src/resource/default/1150-450.png?_v=201906280941017d9', 'https://s1.ljcdn.com/matrix_lianjia_pc/dist/pc/src/resource/default/1150-450.png?_v=201906280941017d9', 'https://s1.ljcdn.com/matrix_lianjia_pc/dist/pc/src/resource/default/1150-450.png?_v=201906280941017d9', 'https://s1.ljcdn.com/matrix_lianjia_pc/dist/pc/src/resource/default/1150-450.png?_v=201906280941017d9', 'https://s1.ljcdn.com/matrix_lianjia_pc/dist/pc/src/resource/default/1150-450.png?_v=201906280941017d9', 'https://s1.ljcdn.com/matrix_lianjia_pc/dist/pc/src/resource/default/1150-450.png?_v=201906280941017d9', 'https://s1.ljcdn.com/matrix_lianjia_pc/dist/pc/src/resource/default/1150-450.png?_v=201906280941017d9', 'https://s1.ljcdn.com/matrix_lianjia_pc/dist/pc/src/resource/default/1150-450.png?_v=201906280941017d9', 'https://s1.ljcdn.com/matrix_lianjia_pc/dist/pc/src/resource/default/1150-450.png?_v=201906280941017d9', 'https://s1.ljcdn.com/matrix_lianjia_pc/dist/pc/src/resource/default/1150-450.png?_v=201906280941017d9', 'https://s1.ljcdn.com/matrix_lianjia_pc/dist/pc/src/resource/default/1150-450.png?_v=201906280941017d9', 'https://s1.ljcdn.com/matrix_lianjia_pc/dist/pc/src/resource/default/1150-450.png?_v=201906280941017d9', 'https://s1.ljcdn.com/matrix_lianjia_pc/dist/pc/src/resource/default/1150-450.png?_v=201906280941017d9', 'https://s1.ljcdn.com/matrix_lianjia_pc/dist/pc/src/resource/default/1150-450.png?_v=201906280941017d9', 'https://s1.ljcdn.com/matrix_lianjia_pc/dist/pc/src/resource/default/1150-450.png?_v=201906280941017d9', 'https://s1.ljcdn.com/matrix_lianjia_pc/dist/pc/src/resource/default/1150-450.png?_v=201906280941017d9', 'https://s1.ljcdn.com/matrix_lianjia_pc/dist/pc/src/resource/default/1150-450.png?_v=201906280941017d9', 'https://s1.ljcdn.com/matrix_lianjia_pc/dist/pc/src/resource/default/1150-450.png?_v=201906280941017d9', 'https://s1.ljcdn.com/matrix_lianjia_pc/dist/pc/src/resource/default/1150-450.png?_v=201906280941017d9', 'https://s1.ljcdn.com/matrix_lianjia_pc/dist/pc/src/resource/default/1150-450.png?_v=201906280941017d9', 'https://s1.ljcdn.com/matrix_lianjia_pc/dist/pc/src/resource/default/1150-450.png?_v=201906280941017d9']",,,,,,,,,,,,,[],22.61933,114.043508
https://sz.lianjia.com/apartment/17817.html,,,天下e家 · 白石洲店,"
天下e家 · 白石洲店

          2180元/月起

",,,,,"['https://image1.ljcdn.com/rent-user-avatar/a69ec4cd-034d-4985-ab27-6f4b49fec4ac.1150x.jpg', 'https://s1.ljcdn.com/matrix_lianjia_pc/dist/pc/src/resource/default/1150-450.png?_v=201906280941017d9', 'https://s1.ljcdn.com/matrix_lianjia_pc/dist/pc/src/resource/default/1150-450.png?_v=201906280941017d9', 'https://s1.ljcdn.com/matrix_lianjia_pc/dist/pc/src/resource/default/1150-450.png?_v=201906280941017d9', 'https://s1.ljcdn.com/matrix_lianjia_pc/dist/pc/src/resource/default/1150-450.png?_v=201906280941017d9', 'https://s1.ljcdn.com/matrix_lianjia_pc/dist/pc/src/resource/default/1150-450.png?_v=201906280941017d9', 'https://s1.ljcdn.com/matrix_lianjia_pc/dist/pc/src/resource/default/1150-450.png?_v=201906280941017d9', 'https://s1.ljcdn.com/matrix_lianjia_pc/dist/pc/src/resource/default/1150-450.png?_v=201906280941017d9', 'https://s1.ljcdn.com/matrix_lianjia_pc/dist/pc/src/resource/default/1150-450.png?_v=201906280941017d9', 'https://s1.ljcdn.com/matrix_lianjia_pc/dist/pc/src/resource/default/1150-450.png?_v=201906280941017d9', 'https://s1.ljcdn.com/matrix_lianjia_pc/dist/pc/src/resource/default/1150-450.png?_v=201906280941017d9', 'https://s1.ljcdn.com/matrix_lianjia_pc/dist/pc/src/resource/default/1150-450.png?_v=201906280941017d9', 'https://s1.ljcdn.com/matrix_lianjia_pc/dist/pc/src/resource/default/1150-450.png?_v=201906280941017d9']",,,,,,,,,,,,,[],22.554018,113.97317
https://sz.lianjia.com/zufang/SZ2235540911276957696.html,宝安区,西乡,整租·雅乐居 2室1厅 南,3000元/月 ,整租,2室1厅1卫,42㎡,朝南,"['https://image1.ljcdn.com/440300-inspection/5f753b25-15e8-43ce-8853-4305e07baadc.jpg.780x439.jpg', 'https://s1.ljcdn.com/matrix_lianjia_pc/dist/pc/src/resource/default/780-439.png?_v=201906280941017d9', 'https://s1.ljcdn.com/matrix_lianjia_pc/dist/pc/src/resource/default/780-439.png?_v=201906280941017d9', 'https://s1.ljcdn.com/matrix_lianjia_pc/dist/pc/src/resource/default/780-439.png?_v=201906280941017d9', 'https://s1.ljcdn.com/matrix_lianjia_pc/dist/pc/src/resource/default/780-439.png?_v=201906280941017d9', 'https://s1.ljcdn.com/matrix_lianjia_pc/dist/pc/src/resource/default/780-439.png?_v=201906280941017d9', 'https://s1.ljcdn.com/matrix_lianjia_pc/dist/pc/src/resource/default/780-439.png?_v=201906280941017d9', 'https://s1.ljcdn.com/matrix_lianjia_pc/dist/pc/src/resource/default/780-439.png?_v=201906280941017d9', 'https://s1.ljcdn.com/matrix_lianjia_pc/dist/pc/src/resource/default/780-439.png?_v=201906280941017d9']",2个月前,随时入住,1年以内,暂无数据,高楼层/15层,有,暂无数据,民水,民电,有,暂无数据,['随时看房'],[],22.642338,113.847625
https://sz.lianjia.com/zufang/SZ2146988074558046208.html,福田区,竹子林,竹林花园 1室0厅 南,2500元/月 ,租赁方式未知,1室0厅0卫,85㎡,朝南,"['https://image1.ljcdn.com/hdic-frame/80329395-396b-4a33-84ee-7a8ec3d3557f.png.780x439.jpg', 'https://s1.ljcdn.com/matrix_lianjia_pc/dist/pc/src/resource/default/780-439.png?_v=201906280941017d9', 'https://s1.ljcdn.com/matrix_lianjia_pc/dist/pc/src/resource/default/780-439.png?_v=201906280941017d9', 'https://s1.ljcdn.com/matrix_lianjia_pc/dist/pc/src/resource/default/780-439.png?_v=201906280941017d9']",6个月前,随时入住,暂无数据,需提前预约,高楼层/8层,无,暂无数据,民水,民电,有,暂无数据,"['近地铁', '随时看房']","['1号线(罗宝线) - 竹子林', '634m', '7号线 - 农林', '1074m']",22.543735450389,114.01604476232
https://sz.lianjia.com/zufang/SZ2272362123076313088.html,罗湖区,布心,布心公寓 1室1厅 南,2600元/月 ,租赁方式未知,1室1厅1卫,30㎡,朝南,"['https://image1.ljcdn.com/440300-inspection/e89505fe-9977-4425-8d90-f381e60792f4.jpg.780x439.jpg', 'https://s1.ljcdn.com/matrix_lianjia_pc/dist/pc/src/resource/default/780-439.png?_v=201906280941017d9', 'https://s1.ljcdn.com/matrix_lianjia_pc/dist/pc/src/resource/default/780-439.png?_v=201906280941017d9', 'https://s1.ljcdn.com/matrix_lianjia_pc/dist/pc/src/resource/default/780-439.png?_v=201906280941017d9', 'https://s1.ljcdn.com/matrix_lianjia_pc/dist/pc/src/resource/default/780-439.png?_v=201906280941017d9']",20天前,随时入住,暂无数据,需提前预约,高楼层/7层,无,暂无数据,民水,民电,有,暂无数据,"['近地铁', '随时看房']","['5号线(环中线) - 布心', '268m', '5号线(环中线),7号线 - 太安', '365m']",22.583858,114.143774
https://sz.lianjia.com/apartment/733.html,,,YOU+优家青年创业社区 · 大学城社区,"
YOU+优家青年创业社区 · 大学城社区

          2225元/月起

",,,,,"['https://image1.ljcdn.com/rent-user-avatar/4cecfcd9-301b-4966-962a-f775dd3b6cf7.1150x.jpg', 'https://s1.ljcdn.com/matrix_lianjia_pc/dist/pc/src/resource/default/1150-450.png?_v=201906280941017d9', 'https://s1.ljcdn.com/matrix_lianjia_pc/dist/pc/src/resource/default/1150-450.png?_v=201906280941017d9', 'https://s1.ljcdn.com/matrix_lianjia_pc/dist/pc/src/resource/default/1150-450.png?_v=201906280941017d9', 'https://s1.ljcdn.com/matrix_lianjia_pc/dist/pc/src/resource/default/1150-450.png?_v=201906280941017d9', 'https://s1.ljcdn.com/matrix_lianjia_pc/dist/pc/src/resource/default/1150-450.png?_v=201906280941017d9', 'https://s1.ljcdn.com/matrix_lianjia_pc/dist/pc/src/resource/default/1150-450.png?_v=201906280941017d9', 'https://s1.ljcdn.com/matrix_lianjia_pc/dist/pc/src/resource/default/1150-450.png?_v=201906280941017d9', 'https://s1.ljcdn.com/matrix_lianjia_pc/dist/pc/src/resource/default/1150-450.png?_v=201906280941017d9', 'https://s1.ljcdn.com/matrix_lianjia_pc/dist/pc/src/resource/default/1150-450.png?_v=201906280941017d9', 'https://s1.ljcdn.com/matrix_lianjia_pc/dist/pc/src/resource/default/1150-450.png?_v=201906280941017d9', 'https://s1.ljcdn.com/matrix_lianjia_pc/dist/pc/src/resource/default/1150-450.png?_v=201906280941017d9', 'https://s1.ljcdn.com/matrix_lianjia_pc/dist/pc/src/resource/default/1150-450.png?_v=201906280941017d9', 'https://s1.ljcdn.com/matrix_lianjia_pc/dist/pc/src/resource/default/1150-450.png?_v=201906280941017d9', 'https://s1.ljcdn.com/matrix_lianjia_pc/dist/pc/src/resource/default/1150-450.png?_v=201906280941017d9', 'https://s1.ljcdn.com/matrix_lianjia_pc/dist/pc/src/resource/default/1150-450.png?_v=201906280941017d9', 'https://s1.ljcdn.com/matrix_lianjia_pc/dist/pc/src/resource/default/1150-450.png?_v=201906280941017d9', 'https://s1.ljcdn.com/matrix_lianjia_pc/dist/pc/src/resource/default/1150-450.png?_v=201906280941017d9', 'https://s1.ljcdn.com/matrix_lianjia_pc/dist/pc/src/resource/default/1150-450.png?_v=201906280941017d9', 'https://s1.ljcdn.com/matrix_lianjia_pc/dist/pc/src/resource/default/1150-450.png?_v=201906280941017d9', 'https://s1.ljcdn.com/matrix_lianjia_pc/dist/pc/src/resource/default/1150-450.png?_v=201906280941017d9', 'https://s1.ljcdn.com/matrix_lianjia_pc/dist/pc/src/resource/default/1150-450.png?_v=201906280941017d9', 'https://s1.ljcdn.com/matrix_lianjia_pc/dist/pc/src/resource/default/1150-450.png?_v=201906280941017d9', 'https://s1.ljcdn.com/matrix_lianjia_pc/dist/pc/src/resource/default/1150-450.png?_v=201906280941017d9', 'https://s1.ljcdn.com/matrix_lianjia_pc/dist/pc/src/resource/default/1150-450.png?_v=201906280941017d9']",,,,,,,,,,,,,[],22.585749,113.967499
https://sz.lianjia.com/apartment/4210.html,,,窝趣轻社区 · 窝趣大望轻社区,"
窝趣轻社区 · 窝趣大望轻社区

          1600元/月起

",,,,,"['https://image1.ljcdn.com/rent-house-1/93e010098a3496c0039a35ff7699957d-1555572805594/93657b425c772be20b279a6852f9d7e7.jpg.1150x.jpg', 'https://s1.ljcdn.com/matrix_lianjia_pc/dist/pc/src/resource/default/1150-450.png?_v=201906280941017d9', 'https://s1.ljcdn.com/matrix_lianjia_pc/dist/pc/src/resource/default/1150-450.png?_v=201906280941017d9', 'https://s1.ljcdn.com/matrix_lianjia_pc/dist/pc/src/resource/default/1150-450.png?_v=201906280941017d9', 'https://s1.ljcdn.com/matrix_lianjia_pc/dist/pc/src/resource/default/1150-450.png?_v=201906280941017d9', 'https://s1.ljcdn.com/matrix_lianjia_pc/dist/pc/src/resource/default/1150-450.png?_v=201906280941017d9', 'https://s1.ljcdn.com/matrix_lianjia_pc/dist/pc/src/resource/default/1150-450.png?_v=201906280941017d9', 'https://s1.ljcdn.com/matrix_lianjia_pc/dist/pc/src/resource/default/1150-450.png?_v=201906280941017d9']",,,,,,,,,,,,,[],22.6104220,114.1811770
https://sz.lianjia.com/zufang/SZ2273085712423190528.html,福田区,梅林,振业梅苑 1室0厅 南,2050元/月 ,租赁方式未知,1室0厅1卫,18㎡,朝南,"['https://image1.ljcdn.com/440300-inspection/a61b14f2-30b5-441d-ad65-dc74a4a524aa.jpg.780x439.jpg', 'https://s1.ljcdn.com/matrix_lianjia_pc/dist/pc/src/resource/default/780-439.png?_v=201906280941017d9', 'https://s1.ljcdn.com/matrix_lianjia_pc/dist/pc/src/resource/default/780-439.png?_v=201906280941017d9', 'https://s1.ljcdn.com/matrix_lianjia_pc/dist/pc/src/resource/default/780-439.png?_v=201906280941017d9', 'https://s1.ljcdn.com/matrix_lianjia_pc/dist/pc/src/resource/default/780-439.png?_v=201906280941017d9']",23天前,随时入住,暂无数据,需提前预约,中楼层/8层,无,暂无数据,民水,民电,有,暂无数据,"['近地铁', '随时看房']","['4号线(龙华线),9号线 - 上梅林', '238m', '9号线 - 梅村', '584m', '4号线(龙华线) - 莲花北', '686m', '9号线 - 孖岭', '900m']",22.572632751276,114.06617728468
https://sz.lianjia.com/zufang/SZ2101361910544351232.html,宝安区,翻身,50区开屏中心 2室1厅 南/北,3000元/月 ,租赁方式未知,2室1厅1卫,76㎡,朝南 北,"['https://image1.ljcdn.com/440300-inspection/4f84e5ab-20ab-4dd2-ba64-8ac5e4758ec0.jpg.780x439.jpg', 'https://s1.ljcdn.com/matrix_lianjia_pc/dist/pc/src/resource/default/780-439.png?_v=201906280941017d9', 'https://s1.ljcdn.com/matrix_lianjia_pc/dist/pc/src/resource/default/780-439.png?_v=201906280941017d9', 'https://s1.ljcdn.com/matrix_lianjia_pc/dist/pc/src/resource/default/780-439.png?_v=201906280941017d9', 'https://s1.ljcdn.com/matrix_lianjia_pc/dist/pc/src/resource/default/780-439.png?_v=201906280941017d9', 'https://s1.ljcdn.com/matrix_lianjia_pc/dist/pc/src/resource/default/780-439.png?_v=201906280941017d9', 'https://s1.ljcdn.com/matrix_lianjia_pc/dist/pc/src/resource/default/780-439.png?_v=201906280941017d9']",8个月前,随时入住,暂无数据,需提前预约,高楼层/8层,有,暂无数据,民水,民电,有,暂无数据,['随时看房'],[],22.575773,113.891071
https://sz.lianjia.com/zufang/SZ2275995424152092672.html,南山区,大学城,南国丽城 1室0厅 东南/南,2500元/月 ,租赁方式未知,1室0厅1卫,12㎡,朝东南 南,"['http://vrlab-image.ljcdn.com/release/auto3dhd/11e416e78253381b8af30da23b09ee12/screenshot/1560669318_1/pc0_XqYmFmI3j.jpg.q_70.jpg', 'https://s1.ljcdn.com/matrix_lianjia_pc/dist/pc/src/resource/default/780-439.png?_v=201906280941017d9', 'https://s1.ljcdn.com/matrix_lianjia_pc/dist/pc/src/resource/default/780-439.png?_v=201906280941017d9', 'https://s1.ljcdn.com/matrix_lianjia_pc/dist/pc/src/resource/default/780-439.png?_v=201906280941017d9', 'https://s1.ljcdn.com/matrix_lianjia_pc/dist/pc/src/resource/default/780-439.png?_v=201906280941017d9', 'https://s1.ljcdn.com/matrix_lianjia_pc/dist/pc/src/resource/default/780-439.png?_v=201906280941017d9', 'https://s1.ljcdn.com/matrix_lianjia_pc/dist/pc/src/resource/default/780-439.png?_v=201906280941017d9', 'https://s1.ljcdn.com/matrix_lianjia_pc/dist/pc/src/resource/default/780-439.png?_v=201906280941017d9']",17天前,随时入住,暂无数据,需提前预约,高楼层/22层,有,暂无数据,民水,民电,有,暂无数据,"['近地铁', '随时看房']","['5号线(环中线),7号线 - 西丽', '126m', '5号线(环中线) - 大学城', '794m', '7号线 - 茶光', '1164m']",22.587522706794,113.96383912598
https://sz.lianjia.com/apartment/5689.html,,,湾流国际青年社区 · 华天店,"
湾流国际青年社区 · 华天店

          1500元/月起

",,,,,"['https://image1.ljcdn.com/rent-user-avatar/53fac47c-ee74-4fcb-9659-1bf66ff48634.1150x.jpg', 'https://s1.ljcdn.com/matrix_lianjia_pc/dist/pc/src/resource/default/1150-450.png?_v=201906280941017d9', 'https://s1.ljcdn.com/matrix_lianjia_pc/dist/pc/src/resource/default/1150-450.png?_v=201906280941017d9', 'https://s1.ljcdn.com/matrix_lianjia_pc/dist/pc/src/resource/default/1150-450.png?_v=201906280941017d9', 'https://s1.ljcdn.com/matrix_lianjia_pc/dist/pc/src/resource/default/1150-450.png?_v=201906280941017d9', 'https://s1.ljcdn.com/matrix_lianjia_pc/dist/pc/src/resource/default/1150-450.png?_v=201906280941017d9', 'https://s1.ljcdn.com/matrix_lianjia_pc/dist/pc/src/resource/default/1150-450.png?_v=201906280941017d9', 'https://s1.ljcdn.com/matrix_lianjia_pc/dist/pc/src/resource/default/1150-450.png?_v=201906280941017d9', 'https://s1.ljcdn.com/matrix_lianjia_pc/dist/pc/src/resource/default/1150-450.png?_v=201906280941017d9', 'https://s1.ljcdn.com/matrix_lianjia_pc/dist/pc/src/resource/default/1150-450.png?_v=201906280941017d9']",,,,,,,,,,,,,[],22.575996,114.113266
https://sz.lianjia.com/apartment/4210.html,,,窝趣轻社区 · 窝趣大望轻社区,"
窝趣轻社区 · 窝趣大望轻社区

          1600元/月起

",,,,,"['https://image1.ljcdn.com/rent-house-1/93e010098a3496c0039a35ff7699957d-1555572805594/93657b425c772be20b279a6852f9d7e7.jpg.1150x.jpg', 'https://s1.ljcdn.com/matrix_lianjia_pc/dist/pc/src/resource/default/1150-450.png?_v=201906280941017d9', 'https://s1.ljcdn.com/matrix_lianjia_pc/dist/pc/src/resource/default/1150-450.png?_v=201906280941017d9', 'https://s1.ljcdn.com/matrix_lianjia_pc/dist/pc/src/resource/default/1150-450.png?_v=201906280941017d9', 'https://s1.ljcdn.com/matrix_lianjia_pc/dist/pc/src/resource/default/1150-450.png?_v=201906280941017d9', 'https://s1.ljcdn.com/matrix_lianjia_pc/dist/pc/src/resource/default/1150-450.png?_v=201906280941017d9', 'https://s1.ljcdn.com/matrix_lianjia_pc/dist/pc/src/resource/default/1150-450.png?_v=201906280941017d9', 'https://s1.ljcdn.com/matrix_lianjia_pc/dist/pc/src/resource/default/1150-450.png?_v=201906280941017d9']",,,,,,,,,,,,,[],22.6104220,114.1811770
https://sz.lianjia.com/zufang/SZ2223743366653820928.html,龙岗区,龙岗中心城,整租·长江花园 2室1厅 南,2000元/月 (月付价),整租,2室1厅1卫,60㎡,朝南,"['https://image1.ljcdn.com/440300-inspection/acb1d010-0346-4301-9f38-fb3fecaca1e2.jpg.780x439.jpg', 'https://s1.ljcdn.com/matrix_lianjia_pc/dist/pc/src/resource/default/780-439.png?_v=201906280941017d9', 'https://s1.ljcdn.com/matrix_lianjia_pc/dist/pc/src/resource/default/780-439.png?_v=201906280941017d9', 'https://s1.ljcdn.com/matrix_lianjia_pc/dist/pc/src/resource/default/780-439.png?_v=201906280941017d9', 'https://s1.ljcdn.com/matrix_lianjia_pc/dist/pc/src/resource/default/780-439.png?_v=201906280941017d9', 'https://s1.ljcdn.com/matrix_lianjia_pc/dist/pc/src/resource/default/780-439.png?_v=201906280941017d9', 'https://s1.ljcdn.com/matrix_lianjia_pc/dist/pc/src/resource/default/780-439.png?_v=201906280941017d9', 'https://s1.ljcdn.com/matrix_lianjia_pc/dist/pc/src/resource/default/780-439.png?_v=201906280941017d9', 'https://s1.ljcdn.com/matrix_lianjia_pc/dist/pc/src/resource/default/780-439.png?_v=201906280941017d9']",2个月前,随时入住,暂无数据,需提前预约,高楼层/8层,无,暂无数据,民水,民电,有,暂无数据,[],[],22.736429143097,114.24259905348
https://sz.lianjia.com/zufang/SZ2267404481140899840.html,南山区,后海,后海花园 1室0厅 南,2300元/月 ,租赁方式未知,1室0厅1卫,10㎡,朝南,"['https://image1.ljcdn.com/440300-inspection/927bed42-e325-4dee-8c55-768d848b774b.jpg.780x439.jpg', 'https://s1.ljcdn.com/matrix_lianjia_pc/dist/pc/src/resource/default/780-439.png?_v=201906280941017d9']",1个月前,随时入住,暂无数据,需提前预约,中楼层/8层,无,暂无数据,民水,民电,有,暂无数据,"['近地铁', '随时看房']","['2号线(蛇口线) - 登良', '830m']",22.518678319092,113.93758142349
https://sz.lianjia.com/zufang/SZ2284156381873848320.html,罗湖区,布心,金迪名苑 1室0厅 南/西,2500元/月 ,租赁方式未知,1室0厅1卫,26㎡,朝南 西,"['https://image1.ljcdn.com/hdic-frame/a801af06-05ba-4b0b-89c6-6653788a30ce.png.780x439.jpg', 'https://s1.ljcdn.com/matrix_lianjia_pc/dist/pc/src/resource/default/780-439.png?_v=201906280941017d9', 'https://s1.ljcdn.com/matrix_lianjia_pc/dist/pc/src/resource/default/780-439.png?_v=201906280941017d9', 'https://s1.ljcdn.com/matrix_lianjia_pc/dist/pc/src/resource/default/780-439.png?_v=201906280941017d9', 'https://s1.ljcdn.com/matrix_lianjia_pc/dist/pc/src/resource/default/780-439.png?_v=201906280941017d9', 'https://s1.ljcdn.com/matrix_lianjia_pc/dist/pc/src/resource/default/780-439.png?_v=201906280941017d9', 'https://s1.ljcdn.com/matrix_lianjia_pc/dist/pc/src/resource/default/780-439.png?_v=201906280941017d9', 'https://s1.ljcdn.com/matrix_lianjia_pc/dist/pc/src/resource/default/780-439.png?_v=201906280941017d9']",7天前,随时入住,暂无数据,需提前预约,高楼层/17层,有,暂无数据,民水,民电,有,暂无数据,['近地铁'],"['5号线(环中线),7号线 - 太安', '218m', '5号线(环中线) - 布心', '713m', '3号线(龙岗线) - 水贝', '1119m']",22.581927895905,114.14266205374
https://sz.lianjia.com/apartment/1531.html,,,中旅逸家公寓 · 海滨广场店,"
中旅逸家公寓 · 海滨广场店

          2761元/月起

",,,,,"['https://image1.ljcdn.com/rent-user-avatar/8faaa81f-69c5-4007-9037-0e6fac646fa2.1150x.jpg', 'https://s1.ljcdn.com/matrix_lianjia_pc/dist/pc/src/resource/default/1150-450.png?_v=201906280941017d9', 'https://s1.ljcdn.com/matrix_lianjia_pc/dist/pc/src/resource/default/1150-450.png?_v=201906280941017d9', 'https://s1.ljcdn.com/matrix_lianjia_pc/dist/pc/src/resource/default/1150-450.png?_v=201906280941017d9', 'https://s1.ljcdn.com/matrix_lianjia_pc/dist/pc/src/resource/default/1150-450.png?_v=201906280941017d9', 'https://s1.ljcdn.com/matrix_lianjia_pc/dist/pc/src/resource/default/1150-450.png?_v=201906280941017d9', 'https://s1.ljcdn.com/matrix_lianjia_pc/dist/pc/src/resource/default/1150-450.png?_v=201906280941017d9', 'https://s1.ljcdn.com/matrix_lianjia_pc/dist/pc/src/resource/default/1150-450.png?_v=201906280941017d9', 'https://s1.ljcdn.com/matrix_lianjia_pc/dist/pc/src/resource/default/1150-450.png?_v=201906280941017d9', 'https://s1.ljcdn.com/matrix_lianjia_pc/dist/pc/src/resource/default/1150-450.png?_v=201906280941017d9', 'https://s1.ljcdn.com/matrix_lianjia_pc/dist/pc/src/resource/default/1150-450.png?_v=201906280941017d9', 'https://s1.ljcdn.com/matrix_lianjia_pc/dist/pc/src/resource/default/1150-450.png?_v=201906280941017d9', 'https://s1.ljcdn.com/matrix_lianjia_pc/dist/pc/src/resource/default/1150-450.png?_v=201906280941017d9', 'https://s1.ljcdn.com/matrix_lianjia_pc/dist/pc/src/resource/default/1150-450.png?_v=201906280941017d9', 'https://s1.ljcdn.com/matrix_lianjia_pc/dist/pc/src/resource/default/1150-450.png?_v=201906280941017d9', 'https://s1.ljcdn.com/matrix_lianjia_pc/dist/pc/src/resource/default/1150-450.png?_v=201906280941017d9']",,,,,,,,,,,,,[],22.533916,114.073443
https://sz.lianjia.com/apartment/1313.html,,,上寓 · 东门店,"
上寓 · 东门店

          2300元/月起

",,,,,"['https://image1.ljcdn.com/rent-user-avatar/61d74050-05b2-416e-ba5e-97ac5250ac87.1150x.jpg', 'https://s1.ljcdn.com/matrix_lianjia_pc/dist/pc/src/resource/default/1150-450.png?_v=201906280941017d9', 'https://s1.ljcdn.com/matrix_lianjia_pc/dist/pc/src/resource/default/1150-450.png?_v=201906280941017d9', 'https://s1.ljcdn.com/matrix_lianjia_pc/dist/pc/src/resource/default/1150-450.png?_v=201906280941017d9', 'https://s1.ljcdn.com/matrix_lianjia_pc/dist/pc/src/resource/default/1150-450.png?_v=201906280941017d9', 'https://s1.ljcdn.com/matrix_lianjia_pc/dist/pc/src/resource/default/1150-450.png?_v=201906280941017d9', 'https://s1.ljcdn.com/matrix_lianjia_pc/dist/pc/src/resource/default/1150-450.png?_v=201906280941017d9', 'https://s1.ljcdn.com/matrix_lianjia_pc/dist/pc/src/resource/default/1150-450.png?_v=201906280941017d9', 'https://s1.ljcdn.com/matrix_lianjia_pc/dist/pc/src/resource/default/1150-450.png?_v=201906280941017d9', 'https://s1.ljcdn.com/matrix_lianjia_pc/dist/pc/src/resource/default/1150-450.png?_v=201906280941017d9', 'https://s1.ljcdn.com/matrix_lianjia_pc/dist/pc/src/resource/default/1150-450.png?_v=201906280941017d9', 'https://s1.ljcdn.com/matrix_lianjia_pc/dist/pc/src/resource/default/1150-450.png?_v=201906280941017d9', 'https://s1.ljcdn.com/matrix_lianjia_pc/dist/pc/src/resource/default/1150-450.png?_v=201906280941017d9', 'https://s1.ljcdn.com/matrix_lianjia_pc/dist/pc/src/resource/default/1150-450.png?_v=201906280941017d9']",,,,,,,,,,,,,[],22.560553,114.134389
https://sz.lianjia.com/zufang/SZ2263467488782327808.html,龙岗区,龙岗中心城,城市花园 2室2厅 南,2000元/月 ,租赁方式未知,2室2厅1卫,74㎡,朝南,"['https://image1.ljcdn.com/440300-inspection/648398d2-c5ed-44b2-9106-4622b6a5ebd1.jpg.780x439.jpg', 'https://s1.ljcdn.com/matrix_lianjia_pc/dist/pc/src/resource/default/780-439.png?_v=201906280941017d9', 'https://s1.ljcdn.com/matrix_lianjia_pc/dist/pc/src/resource/default/780-439.png?_v=201906280941017d9', 'https://s1.ljcdn.com/matrix_lianjia_pc/dist/pc/src/resource/default/780-439.png?_v=201906280941017d9', 'https://s1.ljcdn.com/matrix_lianjia_pc/dist/pc/src/resource/default/780-439.png?_v=201906280941017d9', 'https://s1.ljcdn.com/matrix_lianjia_pc/dist/pc/src/resource/default/780-439.png?_v=201906280941017d9', 'https://s1.ljcdn.com/matrix_lianjia_pc/dist/pc/src/resource/default/780-439.png?_v=201906280941017d9']",1个月前,随时入住,暂无数据,需提前预约,高楼层/8层,无,暂无数据,民水,民电,有,暂无数据,[],[],22.733050100463,114.24672896495
https://sz.lianjia.com/zufang/SZ2283323315496165376.html,罗湖区,布心,布心公寓 1室1厅 南,2900元/月 ,租赁方式未知,1室1厅1卫,39㎡,朝南,"['https://image1.ljcdn.com/440300-inspection/7b9b28d7-5540-4936-9611-a64bdca1b15e.jpg.780x439.jpg', 'https://s1.ljcdn.com/matrix_lianjia_pc/dist/pc/src/resource/default/780-439.png?_v=201906280941017d9', 'https://s1.ljcdn.com/matrix_lianjia_pc/dist/pc/src/resource/default/780-439.png?_v=201906280941017d9', 'https://s1.ljcdn.com/matrix_lianjia_pc/dist/pc/src/resource/default/780-439.png?_v=201906280941017d9', 'https://s1.ljcdn.com/matrix_lianjia_pc/dist/pc/src/resource/default/780-439.png?_v=201906280941017d9', 'https://s1.ljcdn.com/matrix_lianjia_pc/dist/pc/src/resource/default/780-439.png?_v=201906280941017d9']",8天前,随时入住,暂无数据,需提前预约,中楼层/7层,无,暂无数据,民水,民电,有,暂无数据,"['近地铁', '随时看房']","['5号线(环中线) - 布心', '268m', '5号线(环中线),7号线 - 太安', '365m']",22.583858,114.143774
https://sz.lianjia.com/zufang/SZ2246114912185090048.html,南山区,大学城,南国丽城 1室0厅 南,2700元/月 ,租赁方式未知,1室0厅1卫,15㎡,朝南,"['https://image1.ljcdn.com/hdic-frame/ec15c482-bf45-40d7-9104-94f2ec80de59.png.780x439.jpg', 'https://s1.ljcdn.com/matrix_lianjia_pc/dist/pc/src/resource/default/780-439.png?_v=201906280941017d9', 'https://s1.ljcdn.com/matrix_lianjia_pc/dist/pc/src/resource/default/780-439.png?_v=201906280941017d9']",2个月前,随时入住,暂无数据,需提前预约,低楼层/18层,有,暂无数据,民水,民电,有,暂无数据,['近地铁'],"['5号线(环中线),7号线 - 西丽', '126m', '5号线(环中线) - 大学城', '794m', '7号线 - 茶光', '1164m']",22.587522706794,113.96383912598
https://sz.lianjia.com/apartment/16869.html,,,泰鑫商务公寓 · 白石龙总店,"
泰鑫商务公寓 · 白石龙总店

          1444元/月起

",,,,,['https://image1.ljcdn.com/rent-user-avatar/1dfe19e0-b303-4c1e-b6fb-f6871d1b89fa.1150x.jpg'],,,,,,,,,,,,,[],22.610977,114.043659
https://sz.lianjia.com/apartment/2784.html,,,人才公寓 · 南山店A栋,"
人才公寓 · 南山店A栋

          1500元/月起

",,,,,"['https://image1.ljcdn.com/rent-user-avatar/6dddb2bf-aac7-4821-822f-d1a9c1daa733.1150x.jpg', 'https://s1.ljcdn.com/matrix_lianjia_pc/dist/pc/src/resource/default/1150-450.png?_v=201906280941017d9', 'https://s1.ljcdn.com/matrix_lianjia_pc/dist/pc/src/resource/default/1150-450.png?_v=201906280941017d9', 'https://s1.ljcdn.com/matrix_lianjia_pc/dist/pc/src/resource/default/1150-450.png?_v=201906280941017d9', 'https://s1.ljcdn.com/matrix_lianjia_pc/dist/pc/src/resource/default/1150-450.png?_v=201906280941017d9', 'https://s1.ljcdn.com/matrix_lianjia_pc/dist/pc/src/resource/default/1150-450.png?_v=201906280941017d9']",,,,,,,,,,,,,[],22.593163,113.937747
https://sz.lianjia.com/zufang/SZ2263105600433438720.html,宝安区,宝安中心,合租·深业新岸线三期 2居室 南卧,2500元/月 (月付价),合租,2室1厅1卫,84㎡,朝南,"['https://image1.ljcdn.com/440300-inspection/6f6e9856-9c1d-4099-ab69-43241f5e3636.jpg.780x439.jpg', 'https://s1.ljcdn.com/matrix_lianjia_pc/dist/pc/src/resource/default/780-439.png?_v=201906280941017d9', 'https://s1.ljcdn.com/matrix_lianjia_pc/dist/pc/src/resource/default/780-439.png?_v=201906280941017d9', 'https://s1.ljcdn.com/matrix_lianjia_pc/dist/pc/src/resource/default/780-439.png?_v=201906280941017d9', 'https://s1.ljcdn.com/matrix_lianjia_pc/dist/pc/src/resource/default/780-439.png?_v=201906280941017d9']",1个月前,随时入住,暂无数据,暂无数据,低楼层/25层,有,暂无数据,民水,民电,有,暂无数据,"['近地铁', '精装']","['11号线 - 宝安', '866m', '1号线(罗宝线) - 宝体', '1112m']",22.565182,113.879114
https://sz.lianjia.com/zufang/SZ2232525315786686464.html,南山区,南山中心,南海城中心 1室0厅 南,2200元/月 ,租赁方式未知,1室0厅2卫,11㎡,朝南,"['https://image1.ljcdn.com/440300-inspection/322f897c-2693-4ff0-a0c3-718943d32559.jpg.780x439.jpg', 'https://s1.ljcdn.com/matrix_lianjia_pc/dist/pc/src/resource/default/780-439.png?_v=201906280941017d9', 'https://s1.ljcdn.com/matrix_lianjia_pc/dist/pc/src/resource/default/780-439.png?_v=201906280941017d9']",2个月前,随时入住,暂无数据,需提前预约,高楼层/11层,有,暂无数据,民水,民电,有,暂无数据,"['近地铁', '随时看房']","['11号线 - 南山', '638m']",22.523956778538,113.92928547568
https://sz.lianjia.com/zufang/SZ2273808224455237632.html,宝安区,西乡,海乐花园 1室1厅 南,2900元/月 ,租赁方式未知,1室1厅1卫,32㎡,朝南,"['https://image1.ljcdn.com/440300-inspection/2db8d09f-d34f-4a5b-a788-d52977c67bf0.jpg.780x439.jpg', 'https://s1.ljcdn.com/matrix_lianjia_pc/dist/pc/src/resource/default/780-439.png?_v=201906280941017d9', 'https://s1.ljcdn.com/matrix_lianjia_pc/dist/pc/src/resource/default/780-439.png?_v=201906280941017d9', 'https://s1.ljcdn.com/matrix_lianjia_pc/dist/pc/src/resource/default/780-439.png?_v=201906280941017d9']",20天前,随时入住,暂无数据,需提前预约,高楼层/5层,无,暂无数据,民水,民电,有,暂无数据,['近地铁'],"['1号线(罗宝线) - 西乡', '354m', '11号线 - 碧海湾', '615m']",22.584691118339,113.86772015024
https://sz.lianjia.com/zufang/SZ2260147768025169920.html,宝安区,碧海,整租·泰华阳光海小区 1室1厅 南,2900元/月 (月付价),整租,1室1厅1卫,40㎡,朝南,"['https://image1.ljcdn.com/440300-inspection/b4babcc4-330a-41ac-9987-c0b46eec8278.jpg.780x439.jpg', 'https://s1.ljcdn.com/matrix_lianjia_pc/dist/pc/src/resource/default/780-439.png?_v=201906280941017d9', 'https://s1.ljcdn.com/matrix_lianjia_pc/dist/pc/src/resource/default/780-439.png?_v=201906280941017d9']",21天前,随时入住,1~2年,需提前预约,中楼层/4层,无,暂无数据,民水,民电,有,暂无数据,"['近地铁', '精装']","['11号线 - 碧海湾', '62m', '1号线(罗宝线) - 西乡', '650m']",22.578379,113.863006
