房源地址,行政区,位置,标题,租金,租赁方式,户型,面积,朝向,图片列表,发布时间,入住时间,租期,看房时间,楼层,电梯,车位,用水,用电,燃气,采暖,标签,station,latitude,longtitude
https://sz.lianjia.com/apartment/3305.html,,,家+公寓 · 家+创客公寓创客小镇店,"
家+公寓 · 家+创客公寓创客小镇店

          2280元/月起

",,,,,"['https://image1.ljcdn.com/rent-user-avatar/e77b613d-a9a8-4e72-a9ae-eeda3408a6f3.1150x.jpg', 'https://s1.ljcdn.com/matrix_lianjia_pc/dist/pc/src/resource/default/1150-450.png?_v=201906280941017d9', 'https://s1.ljcdn.com/matrix_lianjia_pc/dist/pc/src/resource/default/1150-450.png?_v=201906280941017d9', 'https://s1.ljcdn.com/matrix_lianjia_pc/dist/pc/src/resource/default/1150-450.png?_v=201906280941017d9', 'https://s1.ljcdn.com/matrix_lianjia_pc/dist/pc/src/resource/default/1150-450.png?_v=201906280941017d9']",,,,,,,,,,,,,[],22.586499,113.968487
https://sz.lianjia.com/zufang/SZ2277590432299098112.html,龙岗区,龙岗双龙,劲嘉龙园印象 2室2厅 南,2800元/月 ,租赁方式未知,2室2厅1卫,47㎡,朝南,"['https://image1.ljcdn.com/440300-inspection/376f862d-a54d-4348-9738-8a463583abe8.jpg.780x439.jpg', 'https://s1.ljcdn.com/matrix_lianjia_pc/dist/pc/src/resource/default/780-439.png?_v=201906280941017d9', 'https://s1.ljcdn.com/matrix_lianjia_pc/dist/pc/src/resource/default/780-439.png?_v=201906280941017d9', 'https://s1.ljcdn.com/matrix_lianjia_pc/dist/pc/src/resource/default/780-439.png?_v=201906280941017d9', 'https://s1.ljcdn.com/matrix_lianjia_pc/dist/pc/src/resource/default/780-439.png?_v=201906280941017d9', 'https://s1.ljcdn.com/matrix_lianjia_pc/dist/pc/src/resource/default/780-439.png?_v=201906280941017d9', 'https://s1.ljcdn.com/matrix_lianjia_pc/dist/pc/src/resource/default/780-439.png?_v=201906280941017d9']",17天前,随时入住,暂无数据,需提前预约,中楼层/15层,有,暂无数据,民水,民电,有,暂无数据,[],[],22.739795069467,114.26835434158
https://sz.lianjia.com/zufang/SZ2274700719296610304.html,盐田区,梅沙,泊岸雅苑 1室0厅 南/北,2600元/月 ,租赁方式未知,1室0厅1卫,42㎡,朝南 北,"['https://image1.ljcdn.com/hdic-frame/prod-954aab84-b4ec-46e9-ba88-6c1b1a973586.png.780x439.jpg', 'https://s1.ljcdn.com/matrix_lianjia_pc/dist/pc/src/resource/default/780-439.png?_v=201906280941017d9', 'https://s1.ljcdn.com/matrix_lianjia_pc/dist/pc/src/resource/default/780-439.png?_v=201906280941017d9', 'https://s1.ljcdn.com/matrix_lianjia_pc/dist/pc/src/resource/default/780-439.png?_v=201906280941017d9', 'https://s1.ljcdn.com/matrix_lianjia_pc/dist/pc/src/resource/default/780-439.png?_v=201906280941017d9']",21天前,随时入住,暂无数据,需提前预约,中楼层/9层,有,暂无数据,民水,民电,有,暂无数据,[],[],22.606495,114.316555
https://sz.lianjia.com/zufang/SZ2207711497608765440.html,盐田区,梅沙,鸿威海怡轩 1室0厅 南/北,2800元/月 ,租赁方式未知,1室0厅1卫,49㎡,朝南 北,"['https://image1.ljcdn.com/hdic-frame/167d45c1-1163-4c32-8928-c695acb5c9bc.png.780x439.jpg', 'https://s1.ljcdn.com/matrix_lianjia_pc/dist/pc/src/resource/default/780-439.png?_v=201906280941017d9', 'https://s1.ljcdn.com/matrix_lianjia_pc/dist/pc/src/resource/default/780-439.png?_v=201906280941017d9', 'https://s1.ljcdn.com/matrix_lianjia_pc/dist/pc/src/resource/default/780-439.png?_v=201906280941017d9', 'https://s1.ljcdn.com/matrix_lianjia_pc/dist/pc/src/resource/default/780-439.png?_v=201906280941017d9', 'https://s1.ljcdn.com/matrix_lianjia_pc/dist/pc/src/resource/default/780-439.png?_v=201906280941017d9', 'https://s1.ljcdn.com/matrix_lianjia_pc/dist/pc/src/resource/default/780-439.png?_v=201906280941017d9', 'https://s1.ljcdn.com/matrix_lianjia_pc/dist/pc/src/resource/default/780-439.png?_v=201906280941017d9', 'https://s1.ljcdn.com/matrix_lianjia_pc/dist/pc/src/resource/default/780-439.png?_v=201906280941017d9', 'https://s1.ljcdn.com/matrix_lianjia_pc/dist/pc/src/resource/default/780-439.png?_v=201906280941017d9']",3个月前,随时入住,暂无数据,需提前预约,中楼层/8层,有,暂无数据,民水,民电,有,暂无数据,[],[],22.601156,114.310794
https://sz.lianjia.com/apartment/6802.html,,,魔方公寓 · 深圳万众城店,"
魔方公寓 · 深圳万众城店

          2300元/月起

",,,,,"['https://image1.ljcdn.com/rent-house-1/068cab695e5a3b3b6e6c4ee2ff47271f-1552383343272/8d7145fa9636cf5008a2451df657d5e6.jpg.1150x.jpg', 'https://s1.ljcdn.com/matrix_lianjia_pc/dist/pc/src/resource/default/1150-450.png?_v=201906280941017d9', 'https://s1.ljcdn.com/matrix_lianjia_pc/dist/pc/src/resource/default/1150-450.png?_v=201906280941017d9', 'https://s1.ljcdn.com/matrix_lianjia_pc/dist/pc/src/resource/default/1150-450.png?_v=201906280941017d9', 'https://s1.ljcdn.com/matrix_lianjia_pc/dist/pc/src/resource/default/1150-450.png?_v=201906280941017d9', 'https://s1.ljcdn.com/matrix_lianjia_pc/dist/pc/src/resource/default/1150-450.png?_v=201906280941017d9', 'https://s1.ljcdn.com/matrix_lianjia_pc/dist/pc/src/resource/default/1150-450.png?_v=201906280941017d9', 'https://s1.ljcdn.com/matrix_lianjia_pc/dist/pc/src/resource/default/1150-450.png?_v=201906280941017d9']",,,,,,,,,,,,,[],22.639959,114.038099
https://sz.lianjia.com/zufang/SZ2287546991192326144.html,福田区,景田,合租·景田南小区 5居室 南卧,2300元/月 (月付价),合租,5室1厅1卫,12㎡,朝南,"['https://image1.ljcdn.com/rent-user-avatar/0778202a-f139-4539-b5b5-140a9467244a.780x439.jpg', 'https://s1.ljcdn.com/matrix_lianjia_pc/dist/pc/src/resource/default/780-439.png?_v=201906280941017d9', 'https://s1.ljcdn.com/matrix_lianjia_pc/dist/pc/src/resource/default/780-439.png?_v=201906280941017d9', 'https://s1.ljcdn.com/matrix_lianjia_pc/dist/pc/src/resource/default/780-439.png?_v=201906280941017d9', 'https://s1.ljcdn.com/matrix_lianjia_pc/dist/pc/src/resource/default/780-439.png?_v=201906280941017d9', 'https://s1.ljcdn.com/matrix_lianjia_pc/dist/pc/src/resource/default/780-439.png?_v=201906280941017d9', 'https://s1.ljcdn.com/matrix_lianjia_pc/dist/pc/src/resource/default/780-439.png?_v=201906280941017d9', 'https://s1.ljcdn.com/matrix_lianjia_pc/dist/pc/src/resource/default/780-439.png?_v=201906280941017d9', 'https://s1.ljcdn.com/matrix_lianjia_pc/dist/pc/src/resource/default/780-439.png?_v=201906280941017d9']",3天前,随时入住,1年,随时可看,7/8层,暂无数据,暂无数据,暂无数据,暂无数据,暂无数据,暂无数据,"['公寓', '近地铁', '精装', '押一付一', '新上', '随时看房']","['2号线(蛇口线),9号线 - 景田', '501m', '9号线 - 梅景', '1135m']",22.561533,114.053016
https://sz.lianjia.com/zufang/SZ2216479444401930240.html,龙岗区,龙岗中心城,名居广场 1室0厅 南/北,2500元/月 ,租赁方式未知,1室0厅1卫,32㎡,朝南 北,"['https://image1.ljcdn.com/440300-inspection/bc8945e7-6f55-4047-889b-9c0ecd0f56b6.jpg.780x439.jpg', 'https://s1.ljcdn.com/matrix_lianjia_pc/dist/pc/src/resource/default/780-439.png?_v=201906280941017d9', 'https://s1.ljcdn.com/matrix_lianjia_pc/dist/pc/src/resource/default/780-439.png?_v=201906280941017d9', 'https://s1.ljcdn.com/matrix_lianjia_pc/dist/pc/src/resource/default/780-439.png?_v=201906280941017d9']",3个月前,随时入住,暂无数据,需提前预约,低楼层/30层,有,暂无数据,民水,民电,有,暂无数据,[],[],22.704719,114.240139
https://sz.lianjia.com/zufang/SZ2245698859072225280.html,龙岗区,龙岗双龙,佳兆业水岸新都 2室1厅 南,2900元/月 ,租赁方式未知,2室1厅2卫,77㎡,朝南,"['http://vrlab-image.ljcdn.com/release/vradmin/1000000023100629/images/3b90e9df-6a45-4f36-ae39-ea3e4765496a.png.q_70.jpg', 'https://s1.ljcdn.com/matrix_lianjia_pc/dist/pc/src/resource/default/780-439.png?_v=201906280941017d9', 'https://s1.ljcdn.com/matrix_lianjia_pc/dist/pc/src/resource/default/780-439.png?_v=201906280941017d9', 'https://s1.ljcdn.com/matrix_lianjia_pc/dist/pc/src/resource/default/780-439.png?_v=201906280941017d9', 'https://s1.ljcdn.com/matrix_lianjia_pc/dist/pc/src/resource/default/780-439.png?_v=201906280941017d9']",2个月前,随时入住,暂无数据,需提前预约,低楼层/28层,有,暂无数据,民水,民电,有,暂无数据,['随时看房'],[],22.754512,114.284242
https://sz.lianjia.com/zufang/SZ2257727252618297344.html,龙岗区,龙岗双龙,佳兆业水岸新都 2室1厅 南,3000元/月 ,租赁方式未知,2室1厅1卫,78㎡,朝南,"['http://vrlab-image.ljcdn.com/release/vradmin/1000000023114035/images/2b835595-0ac9-4f84-bccb-6275920b069e.png.q_70.jpg', 'https://s1.ljcdn.com/matrix_lianjia_pc/dist/pc/src/resource/default/780-439.png?_v=201906280941017d9', 'https://s1.ljcdn.com/matrix_lianjia_pc/dist/pc/src/resource/default/780-439.png?_v=201906280941017d9', 'https://s1.ljcdn.com/matrix_lianjia_pc/dist/pc/src/resource/default/780-439.png?_v=201906280941017d9', 'https://s1.ljcdn.com/matrix_lianjia_pc/dist/pc/src/resource/default/780-439.png?_v=201906280941017d9']",1个月前,随时入住,暂无数据,需提前预约,中楼层/28层,有,暂无数据,民水,民电,有,暂无数据,['随时看房'],[],22.754512,114.284242
https://sz.lianjia.com/apartment/18696.html,,,平台认证机构 · 龙塘北区9号,"
平台认证机构 · 龙塘北区9号

          1780元/月起

",,,,,['https://image1.ljcdn.com/rent-user-avatar/6bb1524f-3286-480f-a14f-c86e9582c343.1150x.jpg'],,,,,,,,,,,,,[],22.640322,114.01965
https://sz.lianjia.com/apartment/4222.html,,,窝趣轻社区 · 窝趣白石龙公寓,"
窝趣轻社区 · 窝趣白石龙公寓

          2080元/月起

",,,,,"['https://image1.ljcdn.com/rent-house-1/93e010098a3496c0039a35ff7699957d-1555572810833/76f4dbe6a4f979ffd5a0c381e744ee06.jpg.1150x.jpg', 'https://s1.ljcdn.com/matrix_lianjia_pc/dist/pc/src/resource/default/1150-450.png?_v=201906280941017d9', 'https://s1.ljcdn.com/matrix_lianjia_pc/dist/pc/src/resource/default/1150-450.png?_v=201906280941017d9', 'https://s1.ljcdn.com/matrix_lianjia_pc/dist/pc/src/resource/default/1150-450.png?_v=201906280941017d9', 'https://s1.ljcdn.com/matrix_lianjia_pc/dist/pc/src/resource/default/1150-450.png?_v=201906280941017d9']",,,,,,,,,,,,,[],22.6143090,114.0492770
https://sz.lianjia.com/zufang/SZ2282595925220401152.html,龙岗区,龙岗中心城,龙福一村 3室2厅 南,3000元/月 ,租赁方式未知,3室2厅1卫,90㎡,朝南,"['https://image1.ljcdn.com/440300-inspection/d52c06c6-0d6b-493d-871e-1dee5f1608e5.jpg.780x439.jpg', 'https://s1.ljcdn.com/matrix_lianjia_pc/dist/pc/src/resource/default/780-439.png?_v=201906280941017d9', 'https://s1.ljcdn.com/matrix_lianjia_pc/dist/pc/src/resource/default/780-439.png?_v=201906280941017d9', 'https://s1.ljcdn.com/matrix_lianjia_pc/dist/pc/src/resource/default/780-439.png?_v=201906280941017d9', 'https://s1.ljcdn.com/matrix_lianjia_pc/dist/pc/src/resource/default/780-439.png?_v=201906280941017d9', 'https://s1.ljcdn.com/matrix_lianjia_pc/dist/pc/src/resource/default/780-439.png?_v=201906280941017d9', 'https://s1.ljcdn.com/matrix_lianjia_pc/dist/pc/src/resource/default/780-439.png?_v=201906280941017d9', 'https://s1.ljcdn.com/matrix_lianjia_pc/dist/pc/src/resource/default/780-439.png?_v=201906280941017d9']",10天前,随时入住,暂无数据,需提前预约,中楼层/7层,无,暂无数据,民水,民电,有,暂无数据,['随时看房'],[],22.730426646991,114.25203815833
https://sz.lianjia.com/zufang/SZ2265851421948133376.html,龙岗区,龙岗中心城,金地龙城中央一期 1室1厅 南,2600元/月 ,租赁方式未知,1室1厅1卫,43㎡,朝南,"['https://image1.ljcdn.com/440300-inspection/7bce335f-47d6-4b6a-9d17-d5360f963197.jpg.780x439.jpg', 'https://s1.ljcdn.com/matrix_lianjia_pc/dist/pc/src/resource/default/780-439.png?_v=201906280941017d9', 'https://s1.ljcdn.com/matrix_lianjia_pc/dist/pc/src/resource/default/780-439.png?_v=201906280941017d9', 'https://s1.ljcdn.com/matrix_lianjia_pc/dist/pc/src/resource/default/780-439.png?_v=201906280941017d9', 'https://s1.ljcdn.com/matrix_lianjia_pc/dist/pc/src/resource/default/780-439.png?_v=201906280941017d9']",1个月前,随时入住,暂无数据,暂无数据,中楼层/34层,有,暂无数据,民水,民电,有,暂无数据,"['近地铁', '随时看房']","['3号线(龙岗线) - 龙城广场', '562m', '3号线(龙岗线) - 吉祥', '935m']",22.717829,114.257212
https://sz.lianjia.com/zufang/SZ2246329874610929664.html,盐田区,梅沙,泊岸雅苑 1室0厅 南,2800元/月 ,租赁方式未知,1室0厅1卫,42㎡,朝南,"['https://image1.ljcdn.com/440300-inspection/0ca41e52-d850-41ad-a684-96008aec6ba5.jpg.780x439.jpg', 'https://s1.ljcdn.com/matrix_lianjia_pc/dist/pc/src/resource/default/780-439.png?_v=201906280941017d9', 'https://s1.ljcdn.com/matrix_lianjia_pc/dist/pc/src/resource/default/780-439.png?_v=201906280941017d9', 'https://s1.ljcdn.com/matrix_lianjia_pc/dist/pc/src/resource/default/780-439.png?_v=201906280941017d9']",2个月前,随时入住,暂无数据,需提前预约,中楼层/9层,有,暂无数据,民水,民电,有,暂无数据,[],[],22.606495,114.316555
https://sz.lianjia.com/apartment/18928.html,,,H公寓 · 西乡九围店,"
H公寓 · 西乡九围店

          950元/月起

",,,,,['https://image1.ljcdn.com/rent-user-avatar/f9b05953-7b8b-44b2-816c-09b2fb1549f3.1150x.jpg'],,,,,,,,,,,,,[],22.652938,113.869876
https://sz.lianjia.com/apartment/17172.html,,,乐乎城市青年社区 · 麻布店,"
乐乎城市青年社区 · 麻布店

          1850元/月起

",,,,,"['https://image1.ljcdn.com/rent-user-avatar/6dbe09d2-cf40-415c-842a-4df64aa1f0bd.1150x.jpg', 'https://s1.ljcdn.com/matrix_lianjia_pc/dist/pc/src/resource/default/1150-450.png?_v=201906280941017d9']",,,,,,,,,,,,,[],22.575546,113.880839
https://sz.lianjia.com/zufang/SZ2162126152360001536.html,盐田区,梅沙,八十步海寓 1室0厅 南,3000元/月 ,租赁方式未知,1室0厅1卫,74㎡,朝南,"['https://image1.ljcdn.com/440300-inspection/3fd3f331-6271-4294-8ddb-74c06ac46009.jpg.780x439.jpg', 'https://s1.ljcdn.com/matrix_lianjia_pc/dist/pc/src/resource/default/780-439.png?_v=201906280941017d9', 'https://s1.ljcdn.com/matrix_lianjia_pc/dist/pc/src/resource/default/780-439.png?_v=201906280941017d9', 'https://s1.ljcdn.com/matrix_lianjia_pc/dist/pc/src/resource/default/780-439.png?_v=201906280941017d9', 'https://s1.ljcdn.com/matrix_lianjia_pc/dist/pc/src/resource/default/780-439.png?_v=201906280941017d9']",18天前,随时入住,暂无数据,需提前预约,中楼层/5层,有,暂无数据,暂无数据,暂无数据,有,暂无数据,[],[],22.604955,114.315386
https://sz.lianjia.com/zufang/SZ2254263132174155776.html,龙岗区,坂田,杨美金竹小区 1室0厅 南,2080元/月 ,租赁方式未知,1室0厅1卫,30㎡,朝南,"['https://image1.ljcdn.com/440300-inspection/4b3a5d57-5462-4b5f-8e93-10762498a941.jpg.780x439.jpg', 'https://s1.ljcdn.com/matrix_lianjia_pc/dist/pc/src/resource/default/780-439.png?_v=201906280941017d9', 'https://s1.ljcdn.com/matrix_lianjia_pc/dist/pc/src/resource/default/780-439.png?_v=201906280941017d9', 'https://s1.ljcdn.com/matrix_lianjia_pc/dist/pc/src/resource/default/780-439.png?_v=201906280941017d9']",1个月前,随时入住,暂无数据,需提前预约,中楼层/4层,暂无数据,暂无数据,暂无数据,暂无数据,无,暂无数据,['随时看房'],[],22.634470992928,114.08465892846
https://sz.lianjia.com/zufang/SZ2273085735852572672.html,龙岗区,龙岗中心城,名居广场 1室0厅 南,2350元/月 ,租赁方式未知,1室0厅1卫,33㎡,朝南,"['http://vrlab-image.ljcdn.com/release/auto3dhd/d61db86049bf3f845063fdeb5ddbdf97/screenshot/1557647686_0/pc0_WohzZDMfr.jpg.q_70.jpg', 'https://s1.ljcdn.com/matrix_lianjia_pc/dist/pc/src/resource/default/780-439.png?_v=201906280941017d9', 'https://s1.ljcdn.com/matrix_lianjia_pc/dist/pc/src/resource/default/780-439.png?_v=201906280941017d9']",23天前,随时入住,暂无数据,需提前预约,高楼层/30层,有,暂无数据,商水,商电,有,暂无数据,['随时看房'],[],22.704719,114.240139
https://sz.lianjia.com/zufang/SZ2177422621736706048.html,南山区,蛇口,合租·海虹苑 4居室 南卧,2300元/月 (月付价),合租,4室1厅1卫,10㎡,朝南,"['https://image1.ljcdn.com/rent-user-avatar/3746e575-0db4-434a-a78c-1db642fffc38.780x439.jpg', 'https://s1.ljcdn.com/matrix_lianjia_pc/dist/pc/src/resource/default/780-439.png?_v=201906280941017d9', 'https://s1.ljcdn.com/matrix_lianjia_pc/dist/pc/src/resource/default/780-439.png?_v=201906280941017d9', 'https://s1.ljcdn.com/matrix_lianjia_pc/dist/pc/src/resource/default/780-439.png?_v=201906280941017d9', 'https://s1.ljcdn.com/matrix_lianjia_pc/dist/pc/src/resource/default/780-439.png?_v=201906280941017d9', 'https://s1.ljcdn.com/matrix_lianjia_pc/dist/pc/src/resource/default/780-439.png?_v=201906280941017d9', 'https://s1.ljcdn.com/matrix_lianjia_pc/dist/pc/src/resource/default/780-439.png?_v=201906280941017d9', 'https://s1.ljcdn.com/matrix_lianjia_pc/dist/pc/src/resource/default/780-439.png?_v=201906280941017d9', 'https://s1.ljcdn.com/matrix_lianjia_pc/dist/pc/src/resource/default/780-439.png?_v=201906280941017d9', 'https://s1.ljcdn.com/matrix_lianjia_pc/dist/pc/src/resource/default/780-439.png?_v=201906280941017d9', 'https://s1.ljcdn.com/matrix_lianjia_pc/dist/pc/src/resource/default/780-439.png?_v=201906280941017d9', 'https://s1.ljcdn.com/matrix_lianjia_pc/dist/pc/src/resource/default/780-439.png?_v=201906280941017d9', 'https://s1.ljcdn.com/matrix_lianjia_pc/dist/pc/src/resource/default/780-439.png?_v=201906280941017d9']",5个月前,随时入住,1年,随时可看,4/7层,无,暂无数据,民水,民电,有,暂无数据,"['公寓', '近地铁', '精装', '押一付一', '随时看房']","['2号线(蛇口线) - 东角头', '592m', '2号线(蛇口线) - 水湾', '623m', '2号线(蛇口线) - 海上世界', '1162m']",22.492359095715,113.93171455686
https://sz.lianjia.com/apartment/15296.html,,,小七洋房 · 金牛座,"
小七洋房 · 金牛座

          1750元/月起

",,,,,"['https://image1.ljcdn.com/rent-user-avatar/e96cd4df-b42e-422a-8bf1-bf67432ad96c.1150x.jpg', 'https://s1.ljcdn.com/matrix_lianjia_pc/dist/pc/src/resource/default/1150-450.png?_v=201906280941017d9', 'https://s1.ljcdn.com/matrix_lianjia_pc/dist/pc/src/resource/default/1150-450.png?_v=201906280941017d9', 'https://s1.ljcdn.com/matrix_lianjia_pc/dist/pc/src/resource/default/1150-450.png?_v=201906280941017d9', 'https://s1.ljcdn.com/matrix_lianjia_pc/dist/pc/src/resource/default/1150-450.png?_v=201906280941017d9', 'https://s1.ljcdn.com/matrix_lianjia_pc/dist/pc/src/resource/default/1150-450.png?_v=201906280941017d9', 'https://s1.ljcdn.com/matrix_lianjia_pc/dist/pc/src/resource/default/1150-450.png?_v=201906280941017d9', 'https://s1.ljcdn.com/matrix_lianjia_pc/dist/pc/src/resource/default/1150-450.png?_v=201906280941017d9', 'https://s1.ljcdn.com/matrix_lianjia_pc/dist/pc/src/resource/default/1150-450.png?_v=201906280941017d9', 'https://s1.ljcdn.com/matrix_lianjia_pc/dist/pc/src/resource/default/1150-450.png?_v=201906280941017d9', 'https://s1.ljcdn.com/matrix_lianjia_pc/dist/pc/src/resource/default/1150-450.png?_v=201906280941017d9', 'https://s1.ljcdn.com/matrix_lianjia_pc/dist/pc/src/resource/default/1150-450.png?_v=201906280941017d9', 'https://s1.ljcdn.com/matrix_lianjia_pc/dist/pc/src/resource/default/1150-450.png?_v=201906280941017d9', 'https://s1.ljcdn.com/matrix_lianjia_pc/dist/pc/src/resource/default/1150-450.png?_v=201906280941017d9', 'https://s1.ljcdn.com/matrix_lianjia_pc/dist/pc/src/resource/default/1150-450.png?_v=201906280941017d9', 'https://s1.ljcdn.com/matrix_lianjia_pc/dist/pc/src/resource/default/1150-450.png?_v=201906280941017d9', 'https://s1.ljcdn.com/matrix_lianjia_pc/dist/pc/src/resource/default/1150-450.png?_v=201906280941017d9', 'https://s1.ljcdn.com/matrix_lianjia_pc/dist/pc/src/resource/default/1150-450.png?_v=201906280941017d9', 'https://s1.ljcdn.com/matrix_lianjia_pc/dist/pc/src/resource/default/1150-450.png?_v=201906280941017d9']",,,,,,,,,,,,,[],22.578286,113.874882
https://sz.lianjia.com/zufang/SZ2203633142953418752.html,龙岗区,龙岗中心城,非凡空间 1室1厅 南,3000元/月 ,租赁方式未知,1室1厅1卫,56㎡,朝南,"['https://image1.ljcdn.com/440300-inspection/bba66813-0420-4314-a318-d08e5bb69c51.jpg.780x439.jpg', 'https://s1.ljcdn.com/matrix_lianjia_pc/dist/pc/src/resource/default/780-439.png?_v=201906280941017d9', 'https://s1.ljcdn.com/matrix_lianjia_pc/dist/pc/src/resource/default/780-439.png?_v=201906280941017d9', 'https://s1.ljcdn.com/matrix_lianjia_pc/dist/pc/src/resource/default/780-439.png?_v=201906280941017d9', 'https://s1.ljcdn.com/matrix_lianjia_pc/dist/pc/src/resource/default/780-439.png?_v=201906280941017d9']",25天前,随时入住,暂无数据,需提前预约,中楼层/24层,有,暂无数据,民水,民电,有,暂无数据,['随时看房'],[],22.737071715258,114.25771571966
https://sz.lianjia.com/zufang/SZ2167811355120238592.html,盐田区,梅沙,泊岸雅苑 1室0厅 南,2500元/月 ,租赁方式未知,1室0厅1卫,42㎡,朝南,"['https://image1.ljcdn.com/440300-inspection/0c4015ab-e21a-49bf-8b99-5acf5d7cce20.jpg.780x439.jpg', 'https://s1.ljcdn.com/matrix_lianjia_pc/dist/pc/src/resource/default/780-439.png?_v=201906280941017d9', 'https://s1.ljcdn.com/matrix_lianjia_pc/dist/pc/src/resource/default/780-439.png?_v=201906280941017d9', 'https://s1.ljcdn.com/matrix_lianjia_pc/dist/pc/src/resource/default/780-439.png?_v=201906280941017d9', 'https://s1.ljcdn.com/matrix_lianjia_pc/dist/pc/src/resource/default/780-439.png?_v=201906280941017d9', 'https://s1.ljcdn.com/matrix_lianjia_pc/dist/pc/src/resource/default/780-439.png?_v=201906280941017d9']",5个月前,随时入住,暂无数据,需提前预约,中楼层/9层,有,暂无数据,民水,民电,有,暂无数据,[],[],22.606495,114.316555
https://sz.lianjia.com/zufang/SZ2216479443437240320.html,龙岗区,龙岗中心城,名居广场 1室0厅 南/北,2500元/月 ,租赁方式未知,1室0厅1卫,32㎡,朝南 北,"['https://image1.ljcdn.com/440300-inspection/b23f7a64-1244-464f-8993-bab60c2cd22c.jpg.780x439.jpg', 'https://s1.ljcdn.com/matrix_lianjia_pc/dist/pc/src/resource/default/780-439.png?_v=201906280941017d9', 'https://s1.ljcdn.com/matrix_lianjia_pc/dist/pc/src/resource/default/780-439.png?_v=201906280941017d9', 'https://s1.ljcdn.com/matrix_lianjia_pc/dist/pc/src/resource/default/780-439.png?_v=201906280941017d9']",3个月前,随时入住,暂无数据,需提前预约,低楼层/30层,有,暂无数据,民水,民电,有,暂无数据,[],[],22.704719,114.240139
https://sz.lianjia.com/zufang/SZ2252734033027416064.html,南山区,南山中心,合租·天马综合楼 4居室 南卧,2250元/月 (月付价),合租,4室1厅1卫,15㎡,朝南,"['https://image1.ljcdn.com/rent-user-avatar/8cb31242-6bb9-4b7d-a61d-60f673f5e252.780x439.jpg', 'https://s1.ljcdn.com/matrix_lianjia_pc/dist/pc/src/resource/default/780-439.png?_v=201906280941017d9', 'https://s1.ljcdn.com/matrix_lianjia_pc/dist/pc/src/resource/default/780-439.png?_v=201906280941017d9', 'https://s1.ljcdn.com/matrix_lianjia_pc/dist/pc/src/resource/default/780-439.png?_v=201906280941017d9', 'https://s1.ljcdn.com/matrix_lianjia_pc/dist/pc/src/resource/default/780-439.png?_v=201906280941017d9', 'https://s1.ljcdn.com/matrix_lianjia_pc/dist/pc/src/resource/default/780-439.png?_v=201906280941017d9', 'https://s1.ljcdn.com/matrix_lianjia_pc/dist/pc/src/resource/default/780-439.png?_v=201906280941017d9']",1个月前,随时入住,1~12个月,随时可看,3/9层,无,暂无数据,暂无数据,暂无数据,暂无数据,暂无数据,"['公寓', '月租', '近地铁', '精装', '随时看房']","['11号线 - 南山', '1158m']",22.522686,113.924058
https://sz.lianjia.com/apartment/8386.html,,,庭苑公寓 · 町寓5期,"
庭苑公寓 · 町寓5期

          1600元/月起

",,,,,"['https://image1.ljcdn.com/rent-user-avatar/0b79dd3b-6efd-4ab3-ad64-7669f56e7865.1150x.jpg', 'https://s1.ljcdn.com/matrix_lianjia_pc/dist/pc/src/resource/default/1150-450.png?_v=201906280941017d9', 'https://s1.ljcdn.com/matrix_lianjia_pc/dist/pc/src/resource/default/1150-450.png?_v=201906280941017d9', 'https://s1.ljcdn.com/matrix_lianjia_pc/dist/pc/src/resource/default/1150-450.png?_v=201906280941017d9', 'https://s1.ljcdn.com/matrix_lianjia_pc/dist/pc/src/resource/default/1150-450.png?_v=201906280941017d9', 'https://s1.ljcdn.com/matrix_lianjia_pc/dist/pc/src/resource/default/1150-450.png?_v=201906280941017d9']",,,,,,,,,,,,,[],22.580212,113.908732
https://sz.lianjia.com/zufang/SZ2278019007665668096.html,罗湖区,百仕达,整租·旭飞华达园 1室0厅 南,2500元/月 ,整租,1室0厅1卫,20㎡,朝南,"['https://image1.ljcdn.com/hdic-frame/62f5f44c-cb64-46b1-a0c9-7bd9c674afe1.png.780x439.jpg', 'https://s1.ljcdn.com/matrix_lianjia_pc/dist/pc/src/resource/default/780-439.png?_v=201906280941017d9', 'https://s1.ljcdn.com/matrix_lianjia_pc/dist/pc/src/resource/default/780-439.png?_v=201906280941017d9', 'https://s1.ljcdn.com/matrix_lianjia_pc/dist/pc/src/resource/default/780-439.png?_v=201906280941017d9', 'https://s1.ljcdn.com/matrix_lianjia_pc/dist/pc/src/resource/default/780-439.png?_v=201906280941017d9']",16天前,2019-07-10,1年以内,一般下班后可看,高楼层/24层,有,暂无数据,民水,民电,有,暂无数据,['近地铁'],"['3号线(龙岗线),7号线 - 田贝', '376m', '3号线(龙岗线) - 水贝', '756m', '5号线(环中线),7号线 - 太安', '926m', '7号线 - 洪湖', '1024m']",22.577684,114.136063
https://sz.lianjia.com/zufang/SZ2286913730887827456.html,坪山区,坪山,整租·深业御园 3室2厅 南,2300元/月 ,整租,3室2厅1卫,76㎡,朝南,['https://image1.ljcdn.com/rent-front-image/1efeae8459c48eeb3fef0bc54884fd1d.png.780x439.jpg'],3天前,随时入住,1年以内,需提前预约,中楼层/33层,有,租用车位,民水,民电,有,暂无数据,"['精装', '新上']",[],22.747108,114.404629
https://sz.lianjia.com/zufang/SZ2287745427723780096.html,龙岗区,布吉街,又一村花园 2室1厅 南,2600元/月 ,租赁方式未知,2室1厅1卫,43㎡,朝南,['https://image1.ljcdn.com/rent-front-image/1efeae8459c48eeb3fef0bc54884fd1d.png.780x439.jpg'],3天前,随时入住,暂无数据,需提前预约,中楼层/8层,无,暂无数据,民水,民电,有,暂无数据,"['近地铁', '新上', '随时看房']","['5号线(环中线) - 长龙', '571m']",22.614635,114.114743
https://sz.lianjia.com/zufang/SZ2284798826805985280.html,罗湖区,翠竹,愉天小区 1室0厅 南,2700元/月 ,租赁方式未知,1室0厅1卫,29㎡,朝南,['https://image1.ljcdn.com/rent-front-image/1efeae8459c48eeb3fef0bc54884fd1d.png.780x439.jpg'],7天前,随时入住,暂无数据,需提前预约,高楼层/7层,无,暂无数据,民水,民电,有,暂无数据,"['近地铁', '随时看房']","['3号线(龙岗线),7号线 - 田贝', '83m', '7号线 - 洪湖', '464m', '3号线(龙岗线) - 翠竹', '1109m']",22.572486320202,114.13438510895
