房源地址,行政区,位置,标题,租金,租赁方式,户型,面积,朝向,图片列表,发布时间,入住时间,租期,看房时间,楼层,电梯,车位,用水,用电,燃气,采暖,标签,station,latitude,longtitude
https://sz.lianjia.com/zufang/SZ2283248402919858176.html,福田区,福田中心,合租·彩虹新都 4居室 跃层 南卧,2490元/月 (月付价),合租,4室1厅1卫,12㎡,朝南,"['https://image1.ljcdn.com/rent-user-avatar/4fc229cb-7055-4ee5-93cd-801695f5c764.780x439.jpg', 'https://s1.ljcdn.com/matrix_lianjia_pc/dist/pc/src/resource/default/780-439.png?_v=201906280941017d9', 'https://s1.ljcdn.com/matrix_lianjia_pc/dist/pc/src/resource/default/780-439.png?_v=201906280941017d9', 'https://s1.ljcdn.com/matrix_lianjia_pc/dist/pc/src/resource/default/780-439.png?_v=201906280941017d9', 'https://s1.ljcdn.com/matrix_lianjia_pc/dist/pc/src/resource/default/780-439.png?_v=201906280941017d9', 'https://s1.ljcdn.com/matrix_lianjia_pc/dist/pc/src/resource/default/780-439.png?_v=201906280941017d9', 'https://s1.ljcdn.com/matrix_lianjia_pc/dist/pc/src/resource/default/780-439.png?_v=201906280941017d9', 'https://s1.ljcdn.com/matrix_lianjia_pc/dist/pc/src/resource/default/780-439.png?_v=201906280941017d9']",9天前,随时入住,1年,随时可看,33/33层,有,暂无数据,民水,民电,有,暂无数据,"['公寓', '近地铁', '精装', '押一付一', '随时看房']","['1号线(罗宝线) - 岗厦', '199m', '1号线(罗宝线),4号线(龙华线) - 会展中心', '851m', '2号线(蛇口线) - 岗厦北', '875m']",22.542033,114.075007
https://sz.lianjia.com/apartment/949.html,,,源寓 · 主题公寓店,"
源寓 · 主题公寓店

          2480元/月起

",,,,,"['https://image1.ljcdn.com/rent-user-avatar/7e9387a9-5004-4526-812b-ab70f6926d4a.1150x.jpg', 'https://s1.ljcdn.com/matrix_lianjia_pc/dist/pc/src/resource/default/1150-450.png?_v=201906280941017d9', 'https://s1.ljcdn.com/matrix_lianjia_pc/dist/pc/src/resource/default/1150-450.png?_v=201906280941017d9', 'https://s1.ljcdn.com/matrix_lianjia_pc/dist/pc/src/resource/default/1150-450.png?_v=201906280941017d9', 'https://s1.ljcdn.com/matrix_lianjia_pc/dist/pc/src/resource/default/1150-450.png?_v=201906280941017d9']",,,,,,,,,,,,,[],22.65128,114.034719
https://sz.lianjia.com/zufang/SZ2260897774465712128.html,福田区,福田中心,合租·岗厦变电综合楼 4居室 南卧,2660元/月 (月付价),合租,4室1厅1卫,8㎡,朝南,"['https://image1.ljcdn.com/rent-user-avatar/17871d25-15d4-44d7-b092-2d0139bb12e7.780x439.jpg', 'https://s1.ljcdn.com/matrix_lianjia_pc/dist/pc/src/resource/default/780-439.png?_v=201906280941017d9', 'https://s1.ljcdn.com/matrix_lianjia_pc/dist/pc/src/resource/default/780-439.png?_v=201906280941017d9', 'https://s1.ljcdn.com/matrix_lianjia_pc/dist/pc/src/resource/default/780-439.png?_v=201906280941017d9', 'https://s1.ljcdn.com/matrix_lianjia_pc/dist/pc/src/resource/default/780-439.png?_v=201906280941017d9', 'https://s1.ljcdn.com/matrix_lianjia_pc/dist/pc/src/resource/default/780-439.png?_v=201906280941017d9', 'https://s1.ljcdn.com/matrix_lianjia_pc/dist/pc/src/resource/default/780-439.png?_v=201906280941017d9']",1个月前,随时入住,1~12个月,随时可看,16/23层,有,暂无数据,民水,民电,有,暂无数据,"['月租', '近地铁', '精装', '押一付一', '随时看房']","['1号线(罗宝线) - 岗厦', '889m']",22.535589361675,114.07779849009
https://sz.lianjia.com/zufang/SZ2257882173396746240.html,福田区,福田中心,合租·福华新村 4居室 南卧,2330元/月 (月付价),合租,4室1厅1卫,14㎡,朝南,"['https://image1.ljcdn.com/rent-user-avatar/10d25574-4a84-476f-a3df-eaa4b75d62db.780x439.jpg', 'https://s1.ljcdn.com/matrix_lianjia_pc/dist/pc/src/resource/default/780-439.png?_v=201906280941017d9', 'https://s1.ljcdn.com/matrix_lianjia_pc/dist/pc/src/resource/default/780-439.png?_v=201906280941017d9', 'https://s1.ljcdn.com/matrix_lianjia_pc/dist/pc/src/resource/default/780-439.png?_v=201906280941017d9', 'https://s1.ljcdn.com/matrix_lianjia_pc/dist/pc/src/resource/default/780-439.png?_v=201906280941017d9', 'https://s1.ljcdn.com/matrix_lianjia_pc/dist/pc/src/resource/default/780-439.png?_v=201906280941017d9', 'https://s1.ljcdn.com/matrix_lianjia_pc/dist/pc/src/resource/default/780-439.png?_v=201906280941017d9', 'https://s1.ljcdn.com/matrix_lianjia_pc/dist/pc/src/resource/default/780-439.png?_v=201906280941017d9', 'https://s1.ljcdn.com/matrix_lianjia_pc/dist/pc/src/resource/default/780-439.png?_v=201906280941017d9', 'https://s1.ljcdn.com/matrix_lianjia_pc/dist/pc/src/resource/default/780-439.png?_v=201906280941017d9', 'https://s1.ljcdn.com/matrix_lianjia_pc/dist/pc/src/resource/default/780-439.png?_v=201906280941017d9']",1个月前,随时入住,1~2年,随时可看,3/7层,无,暂无数据,民水,民电,有,暂无数据,"['近地铁', '精装', '押一付一', '随时看房']","['1号线(罗宝线) - 岗厦', '120m', '1号线(罗宝线),4号线(龙华线) - 会展中心', '727m', '2号线(蛇口线) - 岗厦北', '1070m']",22.539250989129,114.07790658568
https://sz.lianjia.com/zufang/SZ2266551189242396672.html,福田区,莲花,合租·莲花一村 4居室 南卧,2250元/月 (月付价),合租,4室1厅1卫,9㎡,朝南,"['https://image1.ljcdn.com/rent-user-avatar/9aabd269-8646-455e-903f-7332a6191cd8.780x439.jpg', 'https://s1.ljcdn.com/matrix_lianjia_pc/dist/pc/src/resource/default/780-439.png?_v=201906280941017d9', 'https://s1.ljcdn.com/matrix_lianjia_pc/dist/pc/src/resource/default/780-439.png?_v=201906280941017d9', 'https://s1.ljcdn.com/matrix_lianjia_pc/dist/pc/src/resource/default/780-439.png?_v=201906280941017d9', 'https://s1.ljcdn.com/matrix_lianjia_pc/dist/pc/src/resource/default/780-439.png?_v=201906280941017d9', 'https://s1.ljcdn.com/matrix_lianjia_pc/dist/pc/src/resource/default/780-439.png?_v=201906280941017d9', 'https://s1.ljcdn.com/matrix_lianjia_pc/dist/pc/src/resource/default/780-439.png?_v=201906280941017d9']",1个月前,随时入住,1年,随时可看,19/21层,有,暂无数据,民水,民电,有,暂无数据,"['公寓', '近地铁', '精装', '押一付一', '随时看房']","['3号线(龙岗线) - 莲花村', '424m', '3号线(龙岗线),4号线(龙华线) - 少年宫', '1114m']",22.558649089469,114.07679900381
https://sz.lianjia.com/zufang/SZ2260897760725712896.html,福田区,福田中心,合租·岗厦变电综合楼 4居室 南卧,2690元/月 (月付价),合租,4室1厅1卫,14㎡,朝南,"['https://image1.ljcdn.com/rent-user-avatar/0502ede5-de5c-42cb-9655-92f058da5a77.780x439.jpg', 'https://s1.ljcdn.com/matrix_lianjia_pc/dist/pc/src/resource/default/780-439.png?_v=201906280941017d9', 'https://s1.ljcdn.com/matrix_lianjia_pc/dist/pc/src/resource/default/780-439.png?_v=201906280941017d9', 'https://s1.ljcdn.com/matrix_lianjia_pc/dist/pc/src/resource/default/780-439.png?_v=201906280941017d9', 'https://s1.ljcdn.com/matrix_lianjia_pc/dist/pc/src/resource/default/780-439.png?_v=201906280941017d9', 'https://s1.ljcdn.com/matrix_lianjia_pc/dist/pc/src/resource/default/780-439.png?_v=201906280941017d9', 'https://s1.ljcdn.com/matrix_lianjia_pc/dist/pc/src/resource/default/780-439.png?_v=201906280941017d9']",1个月前,随时入住,1~12个月,随时可看,12/23层,有,暂无数据,民水,民电,有,暂无数据,"['月租', '近地铁', '精装', '押一付一', '随时看房']","['1号线(罗宝线) - 岗厦', '889m']",22.535589361675,114.07779849009
https://sz.lianjia.com/zufang/SZ2260897735886503936.html,福田区,福田中心,合租·岗厦变电综合楼 4居室 南卧,2690元/月 (月付价),合租,4室1厅1卫,12㎡,朝南,"['https://image1.ljcdn.com/rent-user-avatar/389b80cc-8c17-4786-a25d-94035cc6a9a6.780x439.jpg', 'https://s1.ljcdn.com/matrix_lianjia_pc/dist/pc/src/resource/default/780-439.png?_v=201906280941017d9', 'https://s1.ljcdn.com/matrix_lianjia_pc/dist/pc/src/resource/default/780-439.png?_v=201906280941017d9', 'https://s1.ljcdn.com/matrix_lianjia_pc/dist/pc/src/resource/default/780-439.png?_v=201906280941017d9', 'https://s1.ljcdn.com/matrix_lianjia_pc/dist/pc/src/resource/default/780-439.png?_v=201906280941017d9', 'https://s1.ljcdn.com/matrix_lianjia_pc/dist/pc/src/resource/default/780-439.png?_v=201906280941017d9', 'https://s1.ljcdn.com/matrix_lianjia_pc/dist/pc/src/resource/default/780-439.png?_v=201906280941017d9', 'https://s1.ljcdn.com/matrix_lianjia_pc/dist/pc/src/resource/default/780-439.png?_v=201906280941017d9', 'https://s1.ljcdn.com/matrix_lianjia_pc/dist/pc/src/resource/default/780-439.png?_v=201906280941017d9']",1个月前,随时入住,1~12个月,随时可看,5/23层,有,暂无数据,民水,民电,有,暂无数据,"['月租', '近地铁', '精装', '押一付一', '随时看房']","['1号线(罗宝线) - 岗厦', '889m']",22.535589361675,114.07779849009
https://sz.lianjia.com/apartment/18026.html,,,陆居公寓 · 坂田店,"
陆居公寓 · 坂田店

          1500元/月起

",,,,,"['https://image1.ljcdn.com/rent-user-avatar/b28949aa-0059-47a6-821b-7e706fdf7258.1150x.jpg', 'https://s1.ljcdn.com/matrix_lianjia_pc/dist/pc/src/resource/default/1150-450.png?_v=201906280941017d9']",,,,,,,,,,,,,[],22.632369,114.077374
https://sz.lianjia.com/zufang/SZ2259360601442885632.html,南山区,蛇口,合租·兰园商住楼 5居室 南卧,2190元/月 (月付价),合租,5室1厅2卫,16㎡,朝南,"['https://image1.ljcdn.com/rent-user-avatar/a9e30ea3-e1ae-4552-afe8-85274ccf2998.780x439.jpg', 'https://s1.ljcdn.com/matrix_lianjia_pc/dist/pc/src/resource/default/780-439.png?_v=201906280941017d9', 'https://s1.ljcdn.com/matrix_lianjia_pc/dist/pc/src/resource/default/780-439.png?_v=201906280941017d9', 'https://s1.ljcdn.com/matrix_lianjia_pc/dist/pc/src/resource/default/780-439.png?_v=201906280941017d9', 'https://s1.ljcdn.com/matrix_lianjia_pc/dist/pc/src/resource/default/780-439.png?_v=201906280941017d9', 'https://s1.ljcdn.com/matrix_lianjia_pc/dist/pc/src/resource/default/780-439.png?_v=201906280941017d9']",1个月前,随时入住,1年,随时可看,5/9层,有,暂无数据,民水,民电,有,暂无数据,"['公寓', '精装', '押一付一', '随时看房']",[],22.507645988666,113.93376043353
https://sz.lianjia.com/zufang/SZ2257882165293350912.html,福田区,福田中心,合租·福华新村 4居室 南卧,2460元/月 (月付价),合租,4室1厅1卫,14㎡,朝南,"['https://image1.ljcdn.com/rent-user-avatar/48c77b5d-378a-446a-b9cd-548d57f9d867.780x439.jpg', 'https://s1.ljcdn.com/matrix_lianjia_pc/dist/pc/src/resource/default/780-439.png?_v=201906280941017d9', 'https://s1.ljcdn.com/matrix_lianjia_pc/dist/pc/src/resource/default/780-439.png?_v=201906280941017d9', 'https://s1.ljcdn.com/matrix_lianjia_pc/dist/pc/src/resource/default/780-439.png?_v=201906280941017d9', 'https://s1.ljcdn.com/matrix_lianjia_pc/dist/pc/src/resource/default/780-439.png?_v=201906280941017d9', 'https://s1.ljcdn.com/matrix_lianjia_pc/dist/pc/src/resource/default/780-439.png?_v=201906280941017d9', 'https://s1.ljcdn.com/matrix_lianjia_pc/dist/pc/src/resource/default/780-439.png?_v=201906280941017d9', 'https://s1.ljcdn.com/matrix_lianjia_pc/dist/pc/src/resource/default/780-439.png?_v=201906280941017d9', 'https://s1.ljcdn.com/matrix_lianjia_pc/dist/pc/src/resource/default/780-439.png?_v=201906280941017d9', 'https://s1.ljcdn.com/matrix_lianjia_pc/dist/pc/src/resource/default/780-439.png?_v=201906280941017d9', 'https://s1.ljcdn.com/matrix_lianjia_pc/dist/pc/src/resource/default/780-439.png?_v=201906280941017d9']",1个月前,随时入住,1~2年,随时可看,3/7层,无,暂无数据,民水,民电,有,暂无数据,"['近地铁', '精装', '押一付一', '随时看房']","['1号线(罗宝线) - 岗厦', '120m', '1号线(罗宝线),4号线(龙华线) - 会展中心', '727m', '2号线(蛇口线) - 岗厦北', '1070m']",22.539250989129,114.07790658568
https://sz.lianjia.com/zufang/SZ2267350023203733504.html,南山区,蛇口,合租·龙电花园A区 4居室 南卧,2300元/月 (月付价),合租,4室1厅2卫,14㎡,朝南,"['https://image1.ljcdn.com/rent-user-avatar/172aa2c7-9278-41dd-b35f-243fdc52f3ee.780x439.jpg', 'https://s1.ljcdn.com/matrix_lianjia_pc/dist/pc/src/resource/default/780-439.png?_v=201906280941017d9', 'https://s1.ljcdn.com/matrix_lianjia_pc/dist/pc/src/resource/default/780-439.png?_v=201906280941017d9', 'https://s1.ljcdn.com/matrix_lianjia_pc/dist/pc/src/resource/default/780-439.png?_v=201906280941017d9', 'https://s1.ljcdn.com/matrix_lianjia_pc/dist/pc/src/resource/default/780-439.png?_v=201906280941017d9', 'https://s1.ljcdn.com/matrix_lianjia_pc/dist/pc/src/resource/default/780-439.png?_v=201906280941017d9', 'https://s1.ljcdn.com/matrix_lianjia_pc/dist/pc/src/resource/default/780-439.png?_v=201906280941017d9', 'https://s1.ljcdn.com/matrix_lianjia_pc/dist/pc/src/resource/default/780-439.png?_v=201906280941017d9', 'https://s1.ljcdn.com/matrix_lianjia_pc/dist/pc/src/resource/default/780-439.png?_v=201906280941017d9']",1个月前,随时入住,1年,随时可看,2/7层,暂无数据,暂无数据,民水,民电,有,暂无数据,"['公寓', '精装', '押一付一', '随时看房']",[],22.509853,113.925842
https://sz.lianjia.com/zufang/SZ2259361989975343104.html,南山区,蛇口,合租·兰园商住楼 5居室 南卧,2190元/月 (月付价),合租,5室1厅1卫,12㎡,朝南,"['https://image1.ljcdn.com/rent-user-avatar/c3b1fe34-d9cb-483e-9549-0408318383df.780x439.jpg', 'https://s1.ljcdn.com/matrix_lianjia_pc/dist/pc/src/resource/default/780-439.png?_v=201906280941017d9', 'https://s1.ljcdn.com/matrix_lianjia_pc/dist/pc/src/resource/default/780-439.png?_v=201906280941017d9', 'https://s1.ljcdn.com/matrix_lianjia_pc/dist/pc/src/resource/default/780-439.png?_v=201906280941017d9', 'https://s1.ljcdn.com/matrix_lianjia_pc/dist/pc/src/resource/default/780-439.png?_v=201906280941017d9', 'https://s1.ljcdn.com/matrix_lianjia_pc/dist/pc/src/resource/default/780-439.png?_v=201906280941017d9', 'https://s1.ljcdn.com/matrix_lianjia_pc/dist/pc/src/resource/default/780-439.png?_v=201906280941017d9']",1个月前,随时入住,1年,随时可看,5/9层,有,暂无数据,民水,民电,有,暂无数据,"['公寓', '精装', '押一付一', '随时看房']",[],22.507645988666,113.93376043353
https://sz.lianjia.com/zufang/SZ2251403354834214912.html,南山区,蛇口,合租·华丰苑 4居室 南卧,2390元/月 (月付价),合租,4室1厅1卫,16㎡,朝南,"['https://image1.ljcdn.com/rent-user-avatar/8ca6e767-dde1-4a0a-a2d8-e050c07aeed7.780x439.jpg', 'https://s1.ljcdn.com/matrix_lianjia_pc/dist/pc/src/resource/default/780-439.png?_v=201906280941017d9', 'https://s1.ljcdn.com/matrix_lianjia_pc/dist/pc/src/resource/default/780-439.png?_v=201906280941017d9', 'https://s1.ljcdn.com/matrix_lianjia_pc/dist/pc/src/resource/default/780-439.png?_v=201906280941017d9', 'https://s1.ljcdn.com/matrix_lianjia_pc/dist/pc/src/resource/default/780-439.png?_v=201906280941017d9', 'https://s1.ljcdn.com/matrix_lianjia_pc/dist/pc/src/resource/default/780-439.png?_v=201906280941017d9', 'https://s1.ljcdn.com/matrix_lianjia_pc/dist/pc/src/resource/default/780-439.png?_v=201906280941017d9', 'https://s1.ljcdn.com/matrix_lianjia_pc/dist/pc/src/resource/default/780-439.png?_v=201906280941017d9']",1个月前,随时入住,1年,随时可看,1/7层,暂无数据,暂无数据,民水,民电,有,暂无数据,"['公寓', '精装', '押一付一', '随时看房']",[],22.504246813005,113.93309972971
https://sz.lianjia.com/apartment/17896.html,,,职业房东 · 大发埔店,"
职业房东 · 大发埔店

          1100元/月起

",,,,,"['https://image1.ljcdn.com/rent-user-avatar/73c09fa3-ce67-49fa-ab97-7d2c0f4a32b4.1150x.jpg', 'https://s1.ljcdn.com/matrix_lianjia_pc/dist/pc/src/resource/default/1150-450.png?_v=201906280941017d9', 'https://s1.ljcdn.com/matrix_lianjia_pc/dist/pc/src/resource/default/1150-450.png?_v=201906280941017d9']",,,,,,,,,,,,,[],22.634902,114.063809
https://sz.lianjia.com/zufang/SZ2284034032054575104.html,南山区,蛇口,合租·龙电花园A区 4居室 南卧,2190元/月 (月付价),合租,4室1厅1卫,10㎡,朝南,"['https://image1.ljcdn.com/rent-user-avatar/2d7cf736-9bd5-4399-af71-6c426c467125.780x439.jpg', 'https://s1.ljcdn.com/matrix_lianjia_pc/dist/pc/src/resource/default/780-439.png?_v=201906280941017d9', 'https://s1.ljcdn.com/matrix_lianjia_pc/dist/pc/src/resource/default/780-439.png?_v=201906280941017d9', 'https://s1.ljcdn.com/matrix_lianjia_pc/dist/pc/src/resource/default/780-439.png?_v=201906280941017d9', 'https://s1.ljcdn.com/matrix_lianjia_pc/dist/pc/src/resource/default/780-439.png?_v=201906280941017d9', 'https://s1.ljcdn.com/matrix_lianjia_pc/dist/pc/src/resource/default/780-439.png?_v=201906280941017d9', 'https://s1.ljcdn.com/matrix_lianjia_pc/dist/pc/src/resource/default/780-439.png?_v=201906280941017d9', 'https://s1.ljcdn.com/matrix_lianjia_pc/dist/pc/src/resource/default/780-439.png?_v=201906280941017d9']",8天前,随时入住,1年,随时可看,1/7层,暂无数据,暂无数据,暂无数据,暂无数据,暂无数据,暂无数据,"['公寓', '精装', '押一付一', '随时看房']",[],22.509603,113.925999
https://sz.lianjia.com/zufang/SZ2284034048739786752.html,南山区,蛇口,合租·龙电花园A区 4居室 南卧,2250元/月 (月付价),合租,4室1厅1卫,13㎡,朝南,"['https://image1.ljcdn.com/rent-user-avatar/38efa31d-1081-4cfa-85b7-1df5b09a3def.780x439.jpg', 'https://s1.ljcdn.com/matrix_lianjia_pc/dist/pc/src/resource/default/780-439.png?_v=201906280941017d9', 'https://s1.ljcdn.com/matrix_lianjia_pc/dist/pc/src/resource/default/780-439.png?_v=201906280941017d9', 'https://s1.ljcdn.com/matrix_lianjia_pc/dist/pc/src/resource/default/780-439.png?_v=201906280941017d9', 'https://s1.ljcdn.com/matrix_lianjia_pc/dist/pc/src/resource/default/780-439.png?_v=201906280941017d9', 'https://s1.ljcdn.com/matrix_lianjia_pc/dist/pc/src/resource/default/780-439.png?_v=201906280941017d9', 'https://s1.ljcdn.com/matrix_lianjia_pc/dist/pc/src/resource/default/780-439.png?_v=201906280941017d9', 'https://s1.ljcdn.com/matrix_lianjia_pc/dist/pc/src/resource/default/780-439.png?_v=201906280941017d9']",8天前,随时入住,1年,随时可看,1/7层,暂无数据,暂无数据,暂无数据,暂无数据,暂无数据,暂无数据,"['公寓', '精装', '押一付一', '随时看房']",[],22.509603,113.925999
https://sz.lianjia.com/zufang/SZ2256399184674693120.html,福田区,景田,合租·景田南小区 4居室 南卧,2490元/月 (月付价),合租,4室1厅1卫,9㎡,朝南,"['https://image1.ljcdn.com/rent-user-avatar/29e7882e-5457-4540-a88c-adf1f4fffb40.780x439.jpg', 'https://s1.ljcdn.com/matrix_lianjia_pc/dist/pc/src/resource/default/780-439.png?_v=201906280941017d9', 'https://s1.ljcdn.com/matrix_lianjia_pc/dist/pc/src/resource/default/780-439.png?_v=201906280941017d9', 'https://s1.ljcdn.com/matrix_lianjia_pc/dist/pc/src/resource/default/780-439.png?_v=201906280941017d9', 'https://s1.ljcdn.com/matrix_lianjia_pc/dist/pc/src/resource/default/780-439.png?_v=201906280941017d9', 'https://s1.ljcdn.com/matrix_lianjia_pc/dist/pc/src/resource/default/780-439.png?_v=201906280941017d9', 'https://s1.ljcdn.com/matrix_lianjia_pc/dist/pc/src/resource/default/780-439.png?_v=201906280941017d9', 'https://s1.ljcdn.com/matrix_lianjia_pc/dist/pc/src/resource/default/780-439.png?_v=201906280941017d9', 'https://s1.ljcdn.com/matrix_lianjia_pc/dist/pc/src/resource/default/780-439.png?_v=201906280941017d9']",1个月前,随时入住,1~2年,随时可看,4/8层,无,暂无数据,民水,民电,有,暂无数据,"['近地铁', '精装', '押一付一', '随时看房']","['2号线(蛇口线),9号线 - 景田', '246m', '9号线 - 梅景', '978m', '2号线(蛇口线) - 莲花西', '1106m']",22.561407,114.052664
https://sz.lianjia.com/apartment/18199.html,,,职业房东 · 杨美店,"
职业房东 · 杨美店

          1580元/月起

",,,,,"['https://image1.ljcdn.com/rent-user-avatar/14a2a465-54b7-4296-8006-a79ddfe61667.1150x.jpg', 'https://s1.ljcdn.com/matrix_lianjia_pc/dist/pc/src/resource/default/1150-450.png?_v=201906280941017d9', 'https://s1.ljcdn.com/matrix_lianjia_pc/dist/pc/src/resource/default/1150-450.png?_v=201906280941017d9', 'https://s1.ljcdn.com/matrix_lianjia_pc/dist/pc/src/resource/default/1150-450.png?_v=201906280941017d9', 'https://s1.ljcdn.com/matrix_lianjia_pc/dist/pc/src/resource/default/1150-450.png?_v=201906280941017d9', 'https://s1.ljcdn.com/matrix_lianjia_pc/dist/pc/src/resource/default/1150-450.png?_v=201906280941017d9', 'https://s1.ljcdn.com/matrix_lianjia_pc/dist/pc/src/resource/default/1150-450.png?_v=201906280941017d9']",,,,,,,,,,,,,[],22.630431,114.083302
https://sz.lianjia.com/apartment/18199.html,,,职业房东 · 杨美店,"
职业房东 · 杨美店

          1580元/月起

",,,,,"['https://image1.ljcdn.com/rent-user-avatar/14a2a465-54b7-4296-8006-a79ddfe61667.1150x.jpg', 'https://s1.ljcdn.com/matrix_lianjia_pc/dist/pc/src/resource/default/1150-450.png?_v=201906280941017d9', 'https://s1.ljcdn.com/matrix_lianjia_pc/dist/pc/src/resource/default/1150-450.png?_v=201906280941017d9', 'https://s1.ljcdn.com/matrix_lianjia_pc/dist/pc/src/resource/default/1150-450.png?_v=201906280941017d9', 'https://s1.ljcdn.com/matrix_lianjia_pc/dist/pc/src/resource/default/1150-450.png?_v=201906280941017d9', 'https://s1.ljcdn.com/matrix_lianjia_pc/dist/pc/src/resource/default/1150-450.png?_v=201906280941017d9', 'https://s1.ljcdn.com/matrix_lianjia_pc/dist/pc/src/resource/default/1150-450.png?_v=201906280941017d9']",,,,,,,,,,,,,[],22.630431,114.083302
https://sz.lianjia.com/apartment/18199.html,,,职业房东 · 杨美店,"
职业房东 · 杨美店

          1580元/月起

",,,,,"['https://image1.ljcdn.com/rent-user-avatar/14a2a465-54b7-4296-8006-a79ddfe61667.1150x.jpg', 'https://s1.ljcdn.com/matrix_lianjia_pc/dist/pc/src/resource/default/1150-450.png?_v=201906280941017d9', 'https://s1.ljcdn.com/matrix_lianjia_pc/dist/pc/src/resource/default/1150-450.png?_v=201906280941017d9', 'https://s1.ljcdn.com/matrix_lianjia_pc/dist/pc/src/resource/default/1150-450.png?_v=201906280941017d9', 'https://s1.ljcdn.com/matrix_lianjia_pc/dist/pc/src/resource/default/1150-450.png?_v=201906280941017d9', 'https://s1.ljcdn.com/matrix_lianjia_pc/dist/pc/src/resource/default/1150-450.png?_v=201906280941017d9', 'https://s1.ljcdn.com/matrix_lianjia_pc/dist/pc/src/resource/default/1150-450.png?_v=201906280941017d9']",,,,,,,,,,,,,[],22.630431,114.083302
https://sz.lianjia.com/apartment/18149.html,,,陆居公寓 · 民治店,"
陆居公寓 · 民治店

          1680元/月起

",,,,,"['https://image1.ljcdn.com/rent-user-avatar/24a3379f-9e00-4b45-bff1-46f6f05b4bec.1150x.jpg', 'https://s1.ljcdn.com/matrix_lianjia_pc/dist/pc/src/resource/default/1150-450.png?_v=201906280941017d9']",,,,,,,,,,,,,[],22.624768,114.047626
https://sz.lianjia.com/apartment/18026.html,,,陆居公寓 · 坂田店,"
陆居公寓 · 坂田店

          1500元/月起

",,,,,"['https://image1.ljcdn.com/rent-user-avatar/b28949aa-0059-47a6-821b-7e706fdf7258.1150x.jpg', 'https://s1.ljcdn.com/matrix_lianjia_pc/dist/pc/src/resource/default/1150-450.png?_v=201906280941017d9']",,,,,,,,,,,,,[],22.632369,114.077374
https://sz.lianjia.com/apartment/18149.html,,,陆居公寓 · 民治店,"
陆居公寓 · 民治店

          1680元/月起

",,,,,"['https://image1.ljcdn.com/rent-user-avatar/24a3379f-9e00-4b45-bff1-46f6f05b4bec.1150x.jpg', 'https://s1.ljcdn.com/matrix_lianjia_pc/dist/pc/src/resource/default/1150-450.png?_v=201906280941017d9']",,,,,,,,,,,,,[],22.624768,114.047626
https://sz.lianjia.com/zufang/SZ2289061802979360768.html,龙华区,龙华新区,整租·荔苑大厦 1室0厅 南,2100元/月 (月付价),整租,1室0厅1卫,28㎡,朝南,"['https://image1.ljcdn.com/rent-user-avatar/10542e72-0126-4f29-80ae-0c0d2184ce5e.780x439.jpg', 'https://s1.ljcdn.com/matrix_lianjia_pc/dist/pc/src/resource/default/780-439.png?_v=201906280941017d9', 'https://s1.ljcdn.com/matrix_lianjia_pc/dist/pc/src/resource/default/780-439.png?_v=201906280941017d9', 'https://s1.ljcdn.com/matrix_lianjia_pc/dist/pc/src/resource/default/780-439.png?_v=201906280941017d9', 'https://s1.ljcdn.com/matrix_lianjia_pc/dist/pc/src/resource/default/780-439.png?_v=201906280941017d9', 'https://s1.ljcdn.com/matrix_lianjia_pc/dist/pc/src/resource/default/780-439.png?_v=201906280941017d9', 'https://s1.ljcdn.com/matrix_lianjia_pc/dist/pc/src/resource/default/780-439.png?_v=201906280941017d9']",1天前,随时入住,6~12个月,随时可看,8/15层,暂无数据,暂无数据,暂无数据,暂无数据,暂无数据,暂无数据,"['公寓', '月租', '精装', '新上', '随时看房']",[],22.636574,114.051848
https://sz.lianjia.com/zufang/SZ2289058487231594496.html,龙华区,龙华新区,整租·荔苑大厦 1室1厅 南,2200元/月 (月付价),整租,1室1厅1卫,40㎡,朝南,"['https://image1.ljcdn.com/rent-user-avatar/18fabaa2-655e-4cf2-9fd1-575a1bfe2b77.780x439.jpg', 'https://s1.ljcdn.com/matrix_lianjia_pc/dist/pc/src/resource/default/780-439.png?_v=201906280941017d9', 'https://s1.ljcdn.com/matrix_lianjia_pc/dist/pc/src/resource/default/780-439.png?_v=201906280941017d9', 'https://s1.ljcdn.com/matrix_lianjia_pc/dist/pc/src/resource/default/780-439.png?_v=201906280941017d9', 'https://s1.ljcdn.com/matrix_lianjia_pc/dist/pc/src/resource/default/780-439.png?_v=201906280941017d9', 'https://s1.ljcdn.com/matrix_lianjia_pc/dist/pc/src/resource/default/780-439.png?_v=201906280941017d9', 'https://s1.ljcdn.com/matrix_lianjia_pc/dist/pc/src/resource/default/780-439.png?_v=201906280941017d9', 'https://s1.ljcdn.com/matrix_lianjia_pc/dist/pc/src/resource/default/780-439.png?_v=201906280941017d9', 'https://s1.ljcdn.com/matrix_lianjia_pc/dist/pc/src/resource/default/780-439.png?_v=201906280941017d9', 'https://s1.ljcdn.com/matrix_lianjia_pc/dist/pc/src/resource/default/780-439.png?_v=201906280941017d9']",1天前,随时入住,6~12个月,随时可看,13/15层,暂无数据,暂无数据,暂无数据,暂无数据,暂无数据,暂无数据,"['公寓', '月租', '精装', '新上', '随时看房']",[],22.636574,114.051848
https://sz.lianjia.com/zufang/SZ2289056520950267904.html,龙华区,龙华中心,整租·富联新村 1室1厅 南,2180元/月 (月付价),整租,1室1厅1卫,38㎡,朝南,"['https://image1.ljcdn.com/rent-user-avatar/23f409bc-e76a-4490-a1d0-b0bfd130104d.780x439.jpg', 'https://s1.ljcdn.com/matrix_lianjia_pc/dist/pc/src/resource/default/780-439.png?_v=201906280941017d9', 'https://s1.ljcdn.com/matrix_lianjia_pc/dist/pc/src/resource/default/780-439.png?_v=201906280941017d9', 'https://s1.ljcdn.com/matrix_lianjia_pc/dist/pc/src/resource/default/780-439.png?_v=201906280941017d9', 'https://s1.ljcdn.com/matrix_lianjia_pc/dist/pc/src/resource/default/780-439.png?_v=201906280941017d9']",1天前,随时入住,6~12个月,随时可看,2/15层,暂无数据,暂无数据,暂无数据,暂无数据,暂无数据,暂无数据,"['公寓', '月租', '精装', '新上', '随时看房']",[],22.678197,114.04278
https://sz.lianjia.com/zufang/SZ2289060241071153152.html,龙华区,龙华中心,整租·弓村新村 1室1厅 南,2320元/月 (月付价),整租,1室1厅1卫,35㎡,朝南,"['https://image1.ljcdn.com/rent-user-avatar/297fc960-b270-4460-99aa-27872135c0f5.780x439.jpg', 'https://s1.ljcdn.com/matrix_lianjia_pc/dist/pc/src/resource/default/780-439.png?_v=201906280941017d9', 'https://s1.ljcdn.com/matrix_lianjia_pc/dist/pc/src/resource/default/780-439.png?_v=201906280941017d9', 'https://s1.ljcdn.com/matrix_lianjia_pc/dist/pc/src/resource/default/780-439.png?_v=201906280941017d9', 'https://s1.ljcdn.com/matrix_lianjia_pc/dist/pc/src/resource/default/780-439.png?_v=201906280941017d9']",1天前,随时入住,6~12个月,随时可看,5/15层,暂无数据,暂无数据,暂无数据,暂无数据,暂无数据,暂无数据,"['公寓', '月租', '精装', '新上', '随时看房']",[],22.667831,114.033233
https://sz.lianjia.com/zufang/SZ2289064101970198528.html,福田区,石厦,整租·石厦村 1室0厅 南,2980元/月 (月付价),整租,1室0厅1卫,30㎡,朝南,"['https://image1.ljcdn.com/rent-user-avatar/2371651c-b7b4-486d-9ed7-dce671393b0f.780x439.jpg', 'https://s1.ljcdn.com/matrix_lianjia_pc/dist/pc/src/resource/default/780-439.png?_v=201906280941017d9', 'https://s1.ljcdn.com/matrix_lianjia_pc/dist/pc/src/resource/default/780-439.png?_v=201906280941017d9', 'https://s1.ljcdn.com/matrix_lianjia_pc/dist/pc/src/resource/default/780-439.png?_v=201906280941017d9', 'https://s1.ljcdn.com/matrix_lianjia_pc/dist/pc/src/resource/default/780-439.png?_v=201906280941017d9', 'https://s1.ljcdn.com/matrix_lianjia_pc/dist/pc/src/resource/default/780-439.png?_v=201906280941017d9', 'https://s1.ljcdn.com/matrix_lianjia_pc/dist/pc/src/resource/default/780-439.png?_v=201906280941017d9', 'https://s1.ljcdn.com/matrix_lianjia_pc/dist/pc/src/resource/default/780-439.png?_v=201906280941017d9', 'https://s1.ljcdn.com/matrix_lianjia_pc/dist/pc/src/resource/default/780-439.png?_v=201906280941017d9', 'https://s1.ljcdn.com/matrix_lianjia_pc/dist/pc/src/resource/default/780-439.png?_v=201906280941017d9']",1天前,随时入住,6~12个月,随时可看,3/8层,暂无数据,暂无数据,暂无数据,暂无数据,暂无数据,暂无数据,"['公寓', '月租', '精装', '新上', '随时看房']",[],22.527451,114.056288
https://sz.lianjia.com/zufang/SZ2288888451329957888.html,龙华区,民治,整租·潜龙鑫茂花园C区 1室0厅 南,2200元/月 (月付价),整租,1室0厅1卫,30㎡,朝 南,"['https://image1.ljcdn.com/rent-user-avatar/05e74f26-b25b-423c-9215-e2b9ebd78456.780x439.jpg', 'https://s1.ljcdn.com/matrix_lianjia_pc/dist/pc/src/resource/default/780-439.png?_v=201906280941017d9', 'https://s1.ljcdn.com/matrix_lianjia_pc/dist/pc/src/resource/default/780-439.png?_v=201906280941017d9', 'https://s1.ljcdn.com/matrix_lianjia_pc/dist/pc/src/resource/default/780-439.png?_v=201906280941017d9']",1天前,随时入住,1年,随时可看,4/13层,有,暂无数据,民水,民电,有,暂无数据,"['公寓', '近地铁', '精装', '新上', '随时看房']","['5号线(环中线) - 民治', '1016m', '4号线(龙华线) - 白石龙', '1020m']",22.615069,114.048254
https://sz.lianjia.com/zufang/SZ2288895916855533568.html,龙岗区,布吉街,整租·德福花园 2室1厅 南,2600元/月 (月付价),整租,2室1厅1卫,50㎡,朝南,"['https://image1.ljcdn.com/rent-user-avatar/27229b72-c072-454a-97e5-a56f3a04deb1.780x439.jpg', 'https://s1.ljcdn.com/matrix_lianjia_pc/dist/pc/src/resource/default/780-439.png?_v=201906280941017d9', 'https://s1.ljcdn.com/matrix_lianjia_pc/dist/pc/src/resource/default/780-439.png?_v=201906280941017d9']",1天前,随时入住,6~24个月,随时可看,3/8层,无,暂无数据,民水,民电,有,暂无数据,"['公寓', '月租', '精装', '新上', '随时看房']",[],22.60101,114.113972
