房源地址,行政区,位置,标题,租金,租赁方式,户型,面积,朝向,图片列表,发布时间,入住时间,租期,看房时间,楼层,电梯,车位,用水,用电,燃气,采暖,标签,station,latitude,longtitude
https://sz.lianjia.com/zufang/SZ2288217383821131776.html,龙华区,民治,合租·春华四季园二期 5居室 南卧,2390元/月 (月付价),合租,5室1厅2卫,20㎡,朝南,"['https://image1.ljcdn.com/rent-user-avatar/2b85ed2e-84a5-43f1-a807-8283a403e219.780x439.jpg', 'https://s1.ljcdn.com/matrix_lianjia_pc/dist/pc/src/resource/default/780-439.png?_v=201906280941017d9', 'https://s1.ljcdn.com/matrix_lianjia_pc/dist/pc/src/resource/default/780-439.png?_v=201906280941017d9', 'https://s1.ljcdn.com/matrix_lianjia_pc/dist/pc/src/resource/default/780-439.png?_v=201906280941017d9', 'https://s1.ljcdn.com/matrix_lianjia_pc/dist/pc/src/resource/default/780-439.png?_v=201906280941017d9', 'https://s1.ljcdn.com/matrix_lianjia_pc/dist/pc/src/resource/default/780-439.png?_v=201906280941017d9', 'https://s1.ljcdn.com/matrix_lianjia_pc/dist/pc/src/resource/default/780-439.png?_v=201906280941017d9']",2天前,随时入住,6~12个月,随时可看,3/16层,有,暂无数据,民水,民电,有,暂无数据,"['独立卫生间', '月租', '精装', '押一付一', '新上', '随时看房']",[],22.625894198754,114.06014918591
https://sz.lianjia.com/zufang/SZ2286130018784919552.html,福田区,景田,合租·景田南小区 4居室 南卧,2300元/月 (月付价),合租,4室1厅1卫,15㎡,朝南,"['https://image1.ljcdn.com/rent-user-avatar/57d1a1ca-84e3-4a45-97c2-a1ce73d0d9fc.780x439.jpg', 'https://s1.ljcdn.com/matrix_lianjia_pc/dist/pc/src/resource/default/780-439.png?_v=201906280941017d9', 'https://s1.ljcdn.com/matrix_lianjia_pc/dist/pc/src/resource/default/780-439.png?_v=201906280941017d9', 'https://s1.ljcdn.com/matrix_lianjia_pc/dist/pc/src/resource/default/780-439.png?_v=201906280941017d9']",5天前,随时入住,1年,随时可看,5/8层,无,暂无数据,民水,民电,有,暂无数据,"['近地铁', '精装', '新上', '随时看房']","['2号线(蛇口线),9号线 - 景田', '456m', '2号线(蛇口线) - 莲花西', '1152m']",22.561145,114.053304
https://sz.lianjia.com/apartment/3502.html,,,庭苑公寓 · 枫香,"
庭苑公寓 · 枫香

          1800元/月起

",,,,,"['https://image1.ljcdn.com/rent-user-avatar/37fc5740-558d-41d9-90eb-e4cf2f98f8d5.1150x.jpg', 'https://s1.ljcdn.com/matrix_lianjia_pc/dist/pc/src/resource/default/1150-450.png?_v=201906280941017d9', 'https://s1.ljcdn.com/matrix_lianjia_pc/dist/pc/src/resource/default/1150-450.png?_v=201906280941017d9', 'https://s1.ljcdn.com/matrix_lianjia_pc/dist/pc/src/resource/default/1150-450.png?_v=201906280941017d9', 'https://s1.ljcdn.com/matrix_lianjia_pc/dist/pc/src/resource/default/1150-450.png?_v=201906280941017d9', 'https://s1.ljcdn.com/matrix_lianjia_pc/dist/pc/src/resource/default/1150-450.png?_v=201906280941017d9', 'https://s1.ljcdn.com/matrix_lianjia_pc/dist/pc/src/resource/default/1150-450.png?_v=201906280941017d9']",,,,,,,,,,,,,[],22.587732,113.907637
https://sz.lianjia.com/apartment/17893.html,,,乐乎城市青年社区 · 坪洲二期店,"
乐乎城市青年社区 · 坪洲二期店

          1700元/月起

",,,,,"['https://image1.ljcdn.com/rent-user-avatar/18c2501c-ef8d-4308-96b4-9f9abbe782a5.1150x.jpg', 'https://s1.ljcdn.com/matrix_lianjia_pc/dist/pc/src/resource/default/1150-450.png?_v=201906280941017d9', 'https://s1.ljcdn.com/matrix_lianjia_pc/dist/pc/src/resource/default/1150-450.png?_v=201906280941017d9', 'https://s1.ljcdn.com/matrix_lianjia_pc/dist/pc/src/resource/default/1150-450.png?_v=201906280941017d9', 'https://s1.ljcdn.com/matrix_lianjia_pc/dist/pc/src/resource/default/1150-450.png?_v=201906280941017d9', 'https://s1.ljcdn.com/matrix_lianjia_pc/dist/pc/src/resource/default/1150-450.png?_v=201906280941017d9', 'https://s1.ljcdn.com/matrix_lianjia_pc/dist/pc/src/resource/default/1150-450.png?_v=201906280941017d9']",,,,,,,,,,,,,[],22.573502,113.878998
https://sz.lianjia.com/apartment/4797.html,,,碧家国际社区 · 大芬店,"
碧家国际社区 · 大芬店

          2060元/月起

",,,,,"['https://image1.ljcdn.com/rent-user-avatar/ca8b5139-31ea-4efd-83ee-57dd1dab0f95.1150x.jpg', 'https://s1.ljcdn.com/matrix_lianjia_pc/dist/pc/src/resource/default/1150-450.png?_v=201906280941017d9', 'https://s1.ljcdn.com/matrix_lianjia_pc/dist/pc/src/resource/default/1150-450.png?_v=201906280941017d9', 'https://s1.ljcdn.com/matrix_lianjia_pc/dist/pc/src/resource/default/1150-450.png?_v=201906280941017d9']",,,,,,,,,,,,,[],22.610627,114.163393
https://sz.lianjia.com/zufang/SZ2288374201767436288.html,福田区,石厦,合租·蓝色海云居 5居室 南卧,2200元/月 (月付价),合租,5室1厅1卫,12㎡,朝南,"['https://image1.ljcdn.com/rent-user-avatar/2583126d-fd85-478e-b266-534f9bda9721.780x439.jpg', 'https://s1.ljcdn.com/matrix_lianjia_pc/dist/pc/src/resource/default/780-439.png?_v=201906280941017d9', 'https://s1.ljcdn.com/matrix_lianjia_pc/dist/pc/src/resource/default/780-439.png?_v=201906280941017d9', 'https://s1.ljcdn.com/matrix_lianjia_pc/dist/pc/src/resource/default/780-439.png?_v=201906280941017d9']",2天前,随时入住,1年,需提前预约,26/30层,有,租用车位,民水,民电,有,暂无数据,"['公寓', '近地铁', '精装', '新上']","['3号线(龙岗线),7号线 - 石厦', '670m']",22.532980722397,114.05813622643
https://sz.lianjia.com/zufang/SZ2288403139822624768.html,龙华区,龙华中心,合租·港铁天颂 1居室 复式 南卧,2880元/月 (月付价),合租,1室1厅1卫,32㎡,朝南,"['https://image1.ljcdn.com/rent-user-avatar/237e17ca-faf5-45d5-9fc2-8b97b0064ddf.780x439.jpg', 'https://s1.ljcdn.com/matrix_lianjia_pc/dist/pc/src/resource/default/780-439.png?_v=201906280941017d9', 'https://s1.ljcdn.com/matrix_lianjia_pc/dist/pc/src/resource/default/780-439.png?_v=201906280941017d9', 'https://s1.ljcdn.com/matrix_lianjia_pc/dist/pc/src/resource/default/780-439.png?_v=201906280941017d9', 'https://s1.ljcdn.com/matrix_lianjia_pc/dist/pc/src/resource/default/780-439.png?_v=201906280941017d9', 'https://s1.ljcdn.com/matrix_lianjia_pc/dist/pc/src/resource/default/780-439.png?_v=201906280941017d9', 'https://s1.ljcdn.com/matrix_lianjia_pc/dist/pc/src/resource/default/780-439.png?_v=201906280941017d9', 'https://s1.ljcdn.com/matrix_lianjia_pc/dist/pc/src/resource/default/780-439.png?_v=201906280941017d9']",2天前,随时入住,1年以上,需提前预约,6/15层,暂无数据,暂无数据,民水,民电,有,暂无数据,"['公寓', '独立卫生间', '近地铁', '精装', '新上']","['4号线(龙华线) - 龙胜', '579m', '4号线(龙华线) - 上塘', '1012m']",22.649603,114.018902
https://sz.lianjia.com/zufang/SZ2288404513759444992.html,龙华区,龙华中心,合租·港铁天颂 1居室 复式 南卧,2880元/月 (月付价),合租,1室1厅1卫,28㎡,朝南,"['https://image1.ljcdn.com/rent-user-avatar/1707228c-813c-4e6b-b129-cd87d9bc70b5.780x439.jpg', 'https://s1.ljcdn.com/matrix_lianjia_pc/dist/pc/src/resource/default/780-439.png?_v=201906280941017d9', 'https://s1.ljcdn.com/matrix_lianjia_pc/dist/pc/src/resource/default/780-439.png?_v=201906280941017d9', 'https://s1.ljcdn.com/matrix_lianjia_pc/dist/pc/src/resource/default/780-439.png?_v=201906280941017d9', 'https://s1.ljcdn.com/matrix_lianjia_pc/dist/pc/src/resource/default/780-439.png?_v=201906280941017d9', 'https://s1.ljcdn.com/matrix_lianjia_pc/dist/pc/src/resource/default/780-439.png?_v=201906280941017d9', 'https://s1.ljcdn.com/matrix_lianjia_pc/dist/pc/src/resource/default/780-439.png?_v=201906280941017d9', 'https://s1.ljcdn.com/matrix_lianjia_pc/dist/pc/src/resource/default/780-439.png?_v=201906280941017d9', 'https://s1.ljcdn.com/matrix_lianjia_pc/dist/pc/src/resource/default/780-439.png?_v=201906280941017d9']",2天前,随时入住,1年以上,需提前预约,10/15层,暂无数据,暂无数据,暂无数据,暂无数据,有,暂无数据,"['公寓', '独立卫生间', '近地铁', '精装', '新上']","['4号线(龙华线) - 龙胜', '193m', '4号线(龙华线) - 上塘', '746m']",22.649136,114.017967
https://sz.lianjia.com/zufang/SZ2288392822648209408.html,龙华区,红山,合租·金地上塘道一期 4居室 南卧,2160元/月 (季付价),合租,4室1厅2卫,10㎡,朝南,"['https://image1.ljcdn.com/rent-house-1/636f69b83827f24f7723a443c68fdbb3-1561569578440/2d104ab20f57343efbcd3fbf44ea8328.jpg.780x439.jpg', 'https://s1.ljcdn.com/matrix_lianjia_pc/dist/pc/src/resource/default/780-439.png?_v=201906280941017d9', 'https://s1.ljcdn.com/matrix_lianjia_pc/dist/pc/src/resource/default/780-439.png?_v=201906280941017d9', 'https://s1.ljcdn.com/matrix_lianjia_pc/dist/pc/src/resource/default/780-439.png?_v=201906280941017d9', 'https://s1.ljcdn.com/matrix_lianjia_pc/dist/pc/src/resource/default/780-439.png?_v=201906280941017d9', 'https://s1.ljcdn.com/matrix_lianjia_pc/dist/pc/src/resource/default/780-439.png?_v=201906280941017d9', 'https://s1.ljcdn.com/matrix_lianjia_pc/dist/pc/src/resource/default/780-439.png?_v=201906280941017d9', 'https://s1.ljcdn.com/matrix_lianjia_pc/dist/pc/src/resource/default/780-439.png?_v=201906280941017d9']",2天前,随时入住,3~12个月,随时可看,25/25层,暂无数据,暂无数据,暂无数据,暂无数据,暂无数据,暂无数据,"['公寓', '独立卫生间', '月租', '新上', '随时看房']",[],22.640041917875,114.02876119432
https://sz.lianjia.com/zufang/SZ2288221560844599296.html,龙岗区,坂田,整租·大发埔东村 1室1厅 南,2680元/月 (月付价),整租,1室1厅1卫,40㎡,朝 南,"['https://image1.ljcdn.com/rent-user-avatar/054266ce-87ca-44e1-b8b6-a6a71d0dd53d.780x439.jpg', 'https://s1.ljcdn.com/matrix_lianjia_pc/dist/pc/src/resource/default/780-439.png?_v=201906280941017d9', 'https://s1.ljcdn.com/matrix_lianjia_pc/dist/pc/src/resource/default/780-439.png?_v=201906280941017d9', 'https://s1.ljcdn.com/matrix_lianjia_pc/dist/pc/src/resource/default/780-439.png?_v=201906280941017d9', 'https://s1.ljcdn.com/matrix_lianjia_pc/dist/pc/src/resource/default/780-439.png?_v=201906280941017d9', 'https://s1.ljcdn.com/matrix_lianjia_pc/dist/pc/src/resource/default/780-439.png?_v=201906280941017d9', 'https://s1.ljcdn.com/matrix_lianjia_pc/dist/pc/src/resource/default/780-439.png?_v=201906280941017d9', 'https://s1.ljcdn.com/matrix_lianjia_pc/dist/pc/src/resource/default/780-439.png?_v=201906280941017d9', 'https://s1.ljcdn.com/matrix_lianjia_pc/dist/pc/src/resource/default/780-439.png?_v=201906280941017d9']",2天前,随时入住,1年,随时可看,3/10层,暂无数据,暂无数据,暂无数据,暂无数据,暂无数据,暂无数据,"['公寓', '新上', '随时看房']",[],22.635018,114.063308
https://sz.lianjia.com/zufang/SZ2288272232851980288.html,龙岗区,坂田,整租·大发埔东村 1室1厅 南,2180元/月 (月付价),整租,1室1厅1卫,28㎡,朝 南,"['https://image1.ljcdn.com/rent-user-avatar/06738400-1fe2-4f95-a754-f815acf6d66b.780x439.jpg', 'https://s1.ljcdn.com/matrix_lianjia_pc/dist/pc/src/resource/default/780-439.png?_v=201906280941017d9', 'https://s1.ljcdn.com/matrix_lianjia_pc/dist/pc/src/resource/default/780-439.png?_v=201906280941017d9', 'https://s1.ljcdn.com/matrix_lianjia_pc/dist/pc/src/resource/default/780-439.png?_v=201906280941017d9', 'https://s1.ljcdn.com/matrix_lianjia_pc/dist/pc/src/resource/default/780-439.png?_v=201906280941017d9', 'https://s1.ljcdn.com/matrix_lianjia_pc/dist/pc/src/resource/default/780-439.png?_v=201906280941017d9', 'https://s1.ljcdn.com/matrix_lianjia_pc/dist/pc/src/resource/default/780-439.png?_v=201906280941017d9', 'https://s1.ljcdn.com/matrix_lianjia_pc/dist/pc/src/resource/default/780-439.png?_v=201906280941017d9']",2天前,随时入住,1年,随时可看,3/10层,暂无数据,暂无数据,暂无数据,暂无数据,暂无数据,暂无数据,"['公寓', '新上', '随时看房']",[],22.635018,114.063308
https://sz.lianjia.com/zufang/SZ2288336897996488704.html,福田区,景田,合租·香蜜湖住宅区 4居室 南卧,2400元/月 (月付价),合租,4室1厅1卫,11㎡,朝南,"['https://image1.ljcdn.com/rent-user-avatar/0f73b2cc-f934-4e34-9842-15bfa2dab7b0.780x439.jpg', 'https://s1.ljcdn.com/matrix_lianjia_pc/dist/pc/src/resource/default/780-439.png?_v=201906280941017d9', 'https://s1.ljcdn.com/matrix_lianjia_pc/dist/pc/src/resource/default/780-439.png?_v=201906280941017d9', 'https://s1.ljcdn.com/matrix_lianjia_pc/dist/pc/src/resource/default/780-439.png?_v=201906280941017d9', 'https://s1.ljcdn.com/matrix_lianjia_pc/dist/pc/src/resource/default/780-439.png?_v=201906280941017d9', 'https://s1.ljcdn.com/matrix_lianjia_pc/dist/pc/src/resource/default/780-439.png?_v=201906280941017d9', 'https://s1.ljcdn.com/matrix_lianjia_pc/dist/pc/src/resource/default/780-439.png?_v=201906280941017d9', 'https://s1.ljcdn.com/matrix_lianjia_pc/dist/pc/src/resource/default/780-439.png?_v=201906280941017d9', 'https://s1.ljcdn.com/matrix_lianjia_pc/dist/pc/src/resource/default/780-439.png?_v=201906280941017d9', 'https://s1.ljcdn.com/matrix_lianjia_pc/dist/pc/src/resource/default/780-439.png?_v=201906280941017d9']",2天前,随时入住,1年,随时可看,2/7层,暂无数据,暂无数据,暂无数据,暂无数据,有,暂无数据,"['公寓', '近地铁', '精装', '押一付一', '新上', '随时看房']","['9号线 - 香梅', '691m', '2号线(蛇口线),9号线 - 景田', '711m', '2号线(蛇口线) - 香梅北', '957m']",22.555254942801,114.04644405514
https://sz.lianjia.com/zufang/SZ2288347954316050432.html,南山区,蛇口,合租·龙电花园A区 4居室 南卧,2190元/月 (月付价),合租,4室1厅1卫,15㎡,朝南,"['https://image1.ljcdn.com/rent-user-avatar/15db72e2-24ba-4918-a072-92cf0977ae14.780x439.jpg', 'https://s1.ljcdn.com/matrix_lianjia_pc/dist/pc/src/resource/default/780-439.png?_v=201906280941017d9', 'https://s1.ljcdn.com/matrix_lianjia_pc/dist/pc/src/resource/default/780-439.png?_v=201906280941017d9', 'https://s1.ljcdn.com/matrix_lianjia_pc/dist/pc/src/resource/default/780-439.png?_v=201906280941017d9', 'https://s1.ljcdn.com/matrix_lianjia_pc/dist/pc/src/resource/default/780-439.png?_v=201906280941017d9', 'https://s1.ljcdn.com/matrix_lianjia_pc/dist/pc/src/resource/default/780-439.png?_v=201906280941017d9', 'https://s1.ljcdn.com/matrix_lianjia_pc/dist/pc/src/resource/default/780-439.png?_v=201906280941017d9', 'https://s1.ljcdn.com/matrix_lianjia_pc/dist/pc/src/resource/default/780-439.png?_v=201906280941017d9']",2天前,随时入住,1年,随时可看,5/7层,暂无数据,暂无数据,民水,民电,有,暂无数据,"['限女生', '精装', '押一付一', '新上', '随时看房']",[],22.509916,113.9282
https://sz.lianjia.com/apartment/2602.html,,,H公寓 · 优品（清湖店）,"
H公寓 · 优品（清湖店）

          1580元/月起

",,,,,"['https://image1.ljcdn.com/rent-user-avatar/4b972593-91b3-4ef8-9d9b-468867e32c4c.1150x.jpg', 'https://s1.ljcdn.com/matrix_lianjia_pc/dist/pc/src/resource/default/1150-450.png?_v=201906280941017d9', 'https://s1.ljcdn.com/matrix_lianjia_pc/dist/pc/src/resource/default/1150-450.png?_v=201906280941017d9', 'https://s1.ljcdn.com/matrix_lianjia_pc/dist/pc/src/resource/default/1150-450.png?_v=201906280941017d9', 'https://s1.ljcdn.com/matrix_lianjia_pc/dist/pc/src/resource/default/1150-450.png?_v=201906280941017d9', 'https://s1.ljcdn.com/matrix_lianjia_pc/dist/pc/src/resource/default/1150-450.png?_v=201906280941017d9', 'https://s1.ljcdn.com/matrix_lianjia_pc/dist/pc/src/resource/default/1150-450.png?_v=201906280941017d9', 'https://s1.ljcdn.com/matrix_lianjia_pc/dist/pc/src/resource/default/1150-450.png?_v=201906280941017d9']",,,,,,,,,,,,,[],22.671717,114.042557
https://sz.lianjia.com/zufang/SZ2285383631558426624.html,福田区,梅林,合租·艺丰花园D区 4居室 南卧,2184元/月 (月付价),合租,4室1厅1卫,12㎡,朝南,"['https://image1.ljcdn.com/rent-user-avatar/a676bb39-6f31-4b1e-b0bf-bad4eea2d30c.780x439.jpg', 'https://s1.ljcdn.com/matrix_lianjia_pc/dist/pc/src/resource/default/780-439.png?_v=201906280941017d9', 'https://s1.ljcdn.com/matrix_lianjia_pc/dist/pc/src/resource/default/780-439.png?_v=201906280941017d9', 'https://s1.ljcdn.com/matrix_lianjia_pc/dist/pc/src/resource/default/780-439.png?_v=201906280941017d9', 'https://s1.ljcdn.com/matrix_lianjia_pc/dist/pc/src/resource/default/780-439.png?_v=201906280941017d9', 'https://s1.ljcdn.com/matrix_lianjia_pc/dist/pc/src/resource/default/780-439.png?_v=201906280941017d9', 'https://s1.ljcdn.com/matrix_lianjia_pc/dist/pc/src/resource/default/780-439.png?_v=201906280941017d9']",6天前,随时入住,6~12个月,随时可看,1/7层,无,暂无数据,民水,民电,有,暂无数据,"['公寓', '月租', '近地铁', '押一付一', '新上', '随时看房']","['9号线 - 孖岭', '147m']",22.57509,114.076094
https://sz.lianjia.com/zufang/SZ2283220682311737344.html,福田区,园岭,合租·园岭新村 4居室 南卧,2090元/月 (季付价),合租,4室1厅1卫,15㎡,朝南,"['https://image1.ljcdn.com/rent-house-1/636f69b83827f24f7723a443c68fdbb3-1561050043685/6bc6caf729cd78df14b4f03b7cbdd899.jpg.780x439.jpg', 'https://s1.ljcdn.com/matrix_lianjia_pc/dist/pc/src/resource/default/780-439.png?_v=201906280941017d9', 'https://s1.ljcdn.com/matrix_lianjia_pc/dist/pc/src/resource/default/780-439.png?_v=201906280941017d9', 'https://s1.ljcdn.com/matrix_lianjia_pc/dist/pc/src/resource/default/780-439.png?_v=201906280941017d9', 'https://s1.ljcdn.com/matrix_lianjia_pc/dist/pc/src/resource/default/780-439.png?_v=201906280941017d9', 'https://s1.ljcdn.com/matrix_lianjia_pc/dist/pc/src/resource/default/780-439.png?_v=201906280941017d9', 'https://s1.ljcdn.com/matrix_lianjia_pc/dist/pc/src/resource/default/780-439.png?_v=201906280941017d9', 'https://s1.ljcdn.com/matrix_lianjia_pc/dist/pc/src/resource/default/780-439.png?_v=201906280941017d9']",9天前,随时入住,3~12个月,随时可看,6/7层,暂无数据,暂无数据,暂无数据,暂无数据,暂无数据,暂无数据,"['公寓', '月租', '近地铁', '随时看房']","['3号线(龙岗线),9号线 - 红岭', '3m', '3号线(龙岗线) - 通新岭', '18m', '9号线 - 园岭', '222m', '7号线,9号线 - 红岭北', '891m', '7号线 - 八卦岭', '906m', '2号线(蛇口线) - 燕南', '918m', '3号线(龙岗线),7号线 - 华新', '1007m', '1号线(罗宝线) - 科学馆', '1098m', '9号线 - 红岭南', '1115m', '1号线(罗宝线),2号线(蛇口线) - 大剧院', '1186m']",22.559617,114.107419
https://sz.lianjia.com/zufang/SZ2196834207508987904.html,龙华区,龙华中心,合租·鸿荣源·壹成中心第六区 3居室 南卧,2260元/月 (季付价),合租,3室1厅1卫,9㎡,朝南,"['https://image1.ljcdn.com/rent-house-1/636f69b83827f24f7723a443c68fdbb3-1560827524664/51e1b6ff804c09114f9e823a9f56680a.jpg.780x439.jpg', 'https://s1.ljcdn.com/matrix_lianjia_pc/dist/pc/src/resource/default/780-439.png?_v=201906280941017d9', 'https://s1.ljcdn.com/matrix_lianjia_pc/dist/pc/src/resource/default/780-439.png?_v=201906280941017d9', 'https://s1.ljcdn.com/matrix_lianjia_pc/dist/pc/src/resource/default/780-439.png?_v=201906280941017d9', 'https://s1.ljcdn.com/matrix_lianjia_pc/dist/pc/src/resource/default/780-439.png?_v=201906280941017d9', 'https://s1.ljcdn.com/matrix_lianjia_pc/dist/pc/src/resource/default/780-439.png?_v=201906280941017d9']",4个月前,随时入住,3~12个月,随时可看,33/49层,暂无数据,暂无数据,暂无数据,暂无数据,暂无数据,暂无数据,"['公寓', '月租', '近地铁', '随时看房']","['4号线(龙华线) - 龙华', '962m']",22.654116,114.039009
https://sz.lianjia.com/apartment/7236.html,,,四海公寓 · 固戍,"
四海公寓 · 固戍

          1380元/月起

",,,,,['https://image1.ljcdn.com/rent-user-avatar/ee6dbb38-f1f1-4006-99a3-f2fd1d2e7b76.1150x.jpg'],,,,,,,,,,,,,[],22.603899,113.852305
https://sz.lianjia.com/apartment/10406.html,,,捷成公寓 · 宝安店,"
捷成公寓 · 宝安店

          2180元/月起

",,,,,"['https://image1.ljcdn.com/rent-user-avatar/7b2770b2-c683-4785-9b20-4eb395885322.1150x.jpg', 'https://s1.ljcdn.com/matrix_lianjia_pc/dist/pc/src/resource/default/1150-450.png?_v=201906280941017d9', 'https://s1.ljcdn.com/matrix_lianjia_pc/dist/pc/src/resource/default/1150-450.png?_v=201906280941017d9']",,,,,,,,,,,,,[],22.581675,113.919753
https://sz.lianjia.com/apartment/4972.html,,,庭苑公寓 · 四叶草,"
庭苑公寓 · 四叶草

          2450元/月起

",,,,,"['https://image1.ljcdn.com/rent-user-avatar/11f02096-0409-430d-b234-b0dd48a16b69.1150x.jpg', 'https://s1.ljcdn.com/matrix_lianjia_pc/dist/pc/src/resource/default/1150-450.png?_v=201906280941017d9', 'https://s1.ljcdn.com/matrix_lianjia_pc/dist/pc/src/resource/default/1150-450.png?_v=201906280941017d9', 'https://s1.ljcdn.com/matrix_lianjia_pc/dist/pc/src/resource/default/1150-450.png?_v=201906280941017d9', 'https://s1.ljcdn.com/matrix_lianjia_pc/dist/pc/src/resource/default/1150-450.png?_v=201906280941017d9', 'https://s1.ljcdn.com/matrix_lianjia_pc/dist/pc/src/resource/default/1150-450.png?_v=201906280941017d9']",,,,,,,,,,,,,[],22.580593,113.905907
https://sz.lianjia.com/zufang/SZ2133880962437103616.html,福田区,车公庙,合租·新光活力小区 5居室 南卧,2400元/月 (月付价),合租,5室1厅1卫,14㎡,朝南,"['https://image1.ljcdn.com/rent-user-avatar/0ffa6749-89a1-4ce3-bdc0-21e31f44d5ee.780x439.jpg', 'https://s1.ljcdn.com/matrix_lianjia_pc/dist/pc/src/resource/default/780-439.png?_v=201906280941017d9', 'https://s1.ljcdn.com/matrix_lianjia_pc/dist/pc/src/resource/default/780-439.png?_v=201906280941017d9', 'https://s1.ljcdn.com/matrix_lianjia_pc/dist/pc/src/resource/default/780-439.png?_v=201906280941017d9', 'https://s1.ljcdn.com/matrix_lianjia_pc/dist/pc/src/resource/default/780-439.png?_v=201906280941017d9', 'https://s1.ljcdn.com/matrix_lianjia_pc/dist/pc/src/resource/default/780-439.png?_v=201906280941017d9', 'https://s1.ljcdn.com/matrix_lianjia_pc/dist/pc/src/resource/default/780-439.png?_v=201906280941017d9', 'https://s1.ljcdn.com/matrix_lianjia_pc/dist/pc/src/resource/default/780-439.png?_v=201906280941017d9', 'https://s1.ljcdn.com/matrix_lianjia_pc/dist/pc/src/resource/default/780-439.png?_v=201906280941017d9', 'https://s1.ljcdn.com/matrix_lianjia_pc/dist/pc/src/resource/default/780-439.png?_v=201906280941017d9', 'https://s1.ljcdn.com/matrix_lianjia_pc/dist/pc/src/resource/default/780-439.png?_v=201906280941017d9', 'https://s1.ljcdn.com/matrix_lianjia_pc/dist/pc/src/resource/default/780-439.png?_v=201906280941017d9']",7个月前,随时入住,1年,随时可看,4/8层,无,暂无数据,民水,民电,有,暂无数据,"['公寓', '近地铁', '精装', '独立阳台', '押一付一', '随时看房']","['1号线(罗宝线),3号线(龙岗线) - 购物公园', '1089m']",22.537161351043,114.05152197377
https://sz.lianjia.com/apartment/18562.html,,,冠寓 · 深圳后瑞店,"
冠寓 · 深圳后瑞店

          2326元/月起

",,,,,"['https://image1.ljcdn.com/rent-house-1/e067d74ca3cefe515bb47a92f8ce9933-1561484560553/603caa79f070a60c113579c4299feeb0.jpg.1150x.jpg', 'https://s1.ljcdn.com/matrix_lianjia_pc/dist/pc/src/resource/default/1150-450.png?_v=201906280941017d9', 'https://s1.ljcdn.com/matrix_lianjia_pc/dist/pc/src/resource/default/1150-450.png?_v=201906280941017d9', 'https://s1.ljcdn.com/matrix_lianjia_pc/dist/pc/src/resource/default/1150-450.png?_v=201906280941017d9', 'https://s1.ljcdn.com/matrix_lianjia_pc/dist/pc/src/resource/default/1150-450.png?_v=201906280941017d9', 'https://s1.ljcdn.com/matrix_lianjia_pc/dist/pc/src/resource/default/1150-450.png?_v=201906280941017d9', 'https://s1.ljcdn.com/matrix_lianjia_pc/dist/pc/src/resource/default/1150-450.png?_v=201906280941017d9', 'https://s1.ljcdn.com/matrix_lianjia_pc/dist/pc/src/resource/default/1150-450.png?_v=201906280941017d9', 'https://s1.ljcdn.com/matrix_lianjia_pc/dist/pc/src/resource/default/1150-450.png?_v=201906280941017d9', 'https://s1.ljcdn.com/matrix_lianjia_pc/dist/pc/src/resource/default/1150-450.png?_v=201906280941017d9', 'https://s1.ljcdn.com/matrix_lianjia_pc/dist/pc/src/resource/default/1150-450.png?_v=201906280941017d9', 'https://s1.ljcdn.com/matrix_lianjia_pc/dist/pc/src/resource/default/1150-450.png?_v=201906280941017d9', 'https://s1.ljcdn.com/matrix_lianjia_pc/dist/pc/src/resource/default/1150-450.png?_v=201906280941017d9', 'https://s1.ljcdn.com/matrix_lianjia_pc/dist/pc/src/resource/default/1150-450.png?_v=201906280941017d9', 'https://s1.ljcdn.com/matrix_lianjia_pc/dist/pc/src/resource/default/1150-450.png?_v=201906280941017d9']",,,,,,,,,,,,,[],22.64071614943542,113.84681824057235
https://sz.lianjia.com/apartment/15650.html,,,庭苑公寓 · 棕榈树,"
庭苑公寓 · 棕榈树

          2200元/月起

",,,,,"['https://image1.ljcdn.com/rent-user-avatar/25d378fc-7adf-4ef8-a1dc-789a651f5bcc.1150x.jpg', 'https://s1.ljcdn.com/matrix_lianjia_pc/dist/pc/src/resource/default/1150-450.png?_v=201906280941017d9', 'https://s1.ljcdn.com/matrix_lianjia_pc/dist/pc/src/resource/default/1150-450.png?_v=201906280941017d9', 'https://s1.ljcdn.com/matrix_lianjia_pc/dist/pc/src/resource/default/1150-450.png?_v=201906280941017d9', 'https://s1.ljcdn.com/matrix_lianjia_pc/dist/pc/src/resource/default/1150-450.png?_v=201906280941017d9', 'https://s1.ljcdn.com/matrix_lianjia_pc/dist/pc/src/resource/default/1150-450.png?_v=201906280941017d9', 'https://s1.ljcdn.com/matrix_lianjia_pc/dist/pc/src/resource/default/1150-450.png?_v=201906280941017d9', 'https://s1.ljcdn.com/matrix_lianjia_pc/dist/pc/src/resource/default/1150-450.png?_v=201906280941017d9', 'https://s1.ljcdn.com/matrix_lianjia_pc/dist/pc/src/resource/default/1150-450.png?_v=201906280941017d9']",,,,,,,,,,,,,[],22.589322,113.902549
https://sz.lianjia.com/zufang/SZ2286421731613097984.html,龙岗区,大运新城,整租·中粮祥云 1室1厅 南,2900元/月 (月付价),整租,1室1厅1卫,50㎡,朝 南,"['https://image1.ljcdn.com/rent-user-avatar/2e59c2d7-e1d9-472a-8393-8767b921e84c.780x439.jpg', 'https://s1.ljcdn.com/matrix_lianjia_pc/dist/pc/src/resource/default/780-439.png?_v=201906280941017d9', 'https://s1.ljcdn.com/matrix_lianjia_pc/dist/pc/src/resource/default/780-439.png?_v=201906280941017d9', 'https://s1.ljcdn.com/matrix_lianjia_pc/dist/pc/src/resource/default/780-439.png?_v=201906280941017d9', 'https://s1.ljcdn.com/matrix_lianjia_pc/dist/pc/src/resource/default/780-439.png?_v=201906280941017d9', 'https://s1.ljcdn.com/matrix_lianjia_pc/dist/pc/src/resource/default/780-439.png?_v=201906280941017d9', 'https://s1.ljcdn.com/matrix_lianjia_pc/dist/pc/src/resource/default/780-439.png?_v=201906280941017d9']",4天前,随时入住,6~12个月,随时可看,20/35层,有,暂无数据,民水,民电,有,暂无数据,"['公寓', '月租', '近地铁', '精装', '新上', '随时看房']","['3号线(龙岗线) - 爱联', '148m']",22.703369,114.239423
https://sz.lianjia.com/zufang/SZ2268988608230989824.html,龙华区,龙华中心,合租·港铁天颂 3居室 南卧,2100元/月 (月付价),合租,3室1厅2卫,20㎡,朝南,"['https://image1.ljcdn.com/rent-user-avatar/4666cc08-e238-4fa3-a00d-6d3de62ac3e4.780x439.jpg', 'https://s1.ljcdn.com/matrix_lianjia_pc/dist/pc/src/resource/default/780-439.png?_v=201906280941017d9', 'https://s1.ljcdn.com/matrix_lianjia_pc/dist/pc/src/resource/default/780-439.png?_v=201906280941017d9', 'https://s1.ljcdn.com/matrix_lianjia_pc/dist/pc/src/resource/default/780-439.png?_v=201906280941017d9', 'https://s1.ljcdn.com/matrix_lianjia_pc/dist/pc/src/resource/default/780-439.png?_v=201906280941017d9', 'https://s1.ljcdn.com/matrix_lianjia_pc/dist/pc/src/resource/default/780-439.png?_v=201906280941017d9', 'https://s1.ljcdn.com/matrix_lianjia_pc/dist/pc/src/resource/default/780-439.png?_v=201906280941017d9']",29天前,随时入住,6~12个月,随时可看,29/30层,暂无数据,暂无数据,暂无数据,暂无数据,有,暂无数据,"['独立卫生间', '月租', '近地铁', '精装', '押一付一', '随时看房']","['4号线(龙华线) - 龙胜', '464m']",22.6516,114.017936
https://sz.lianjia.com/zufang/SZ2286461576939061248.html,福田区,福田中心,合租·福华新村 3居室 南卧,2530元/月 (季付价),合租,3室1厅1卫,10㎡,朝南,"['https://image1.ljcdn.com/rent-house-1/636f69b83827f24f7723a443c68fdbb3-1560828214781/e407d190e8f1431809268c74434d401f.jpg.780x439.jpg', 'https://s1.ljcdn.com/matrix_lianjia_pc/dist/pc/src/resource/default/780-439.png?_v=201906280941017d9', 'https://s1.ljcdn.com/matrix_lianjia_pc/dist/pc/src/resource/default/780-439.png?_v=201906280941017d9', 'https://s1.ljcdn.com/matrix_lianjia_pc/dist/pc/src/resource/default/780-439.png?_v=201906280941017d9', 'https://s1.ljcdn.com/matrix_lianjia_pc/dist/pc/src/resource/default/780-439.png?_v=201906280941017d9', 'https://s1.ljcdn.com/matrix_lianjia_pc/dist/pc/src/resource/default/780-439.png?_v=201906280941017d9']",4天前,随时入住,3~12个月,随时可看,1/7层,暂无数据,暂无数据,暂无数据,暂无数据,暂无数据,暂无数据,"['公寓', '月租', '近地铁', '新上', '随时看房']","['1号线(罗宝线) - 岗厦', '120m', '1号线(罗宝线),4号线(龙华线) - 会展中心', '727m', '2号线(蛇口线) - 岗厦北', '1070m']",22.539250989129,114.07790658568
https://sz.lianjia.com/zufang/SZ2286168339506544640.html,南山区,蛇口,合租·税务小区 4居室 南卧,2800元/月 (月付价),合租,4室1厅1卫,15㎡,朝南,"['https://image1.ljcdn.com/rent-user-avatar/13976df8-e65b-432f-800d-9a02250ac729.780x439.jpg', 'https://s1.ljcdn.com/matrix_lianjia_pc/dist/pc/src/resource/default/780-439.png?_v=201906280941017d9', 'https://s1.ljcdn.com/matrix_lianjia_pc/dist/pc/src/resource/default/780-439.png?_v=201906280941017d9', 'https://s1.ljcdn.com/matrix_lianjia_pc/dist/pc/src/resource/default/780-439.png?_v=201906280941017d9', 'https://s1.ljcdn.com/matrix_lianjia_pc/dist/pc/src/resource/default/780-439.png?_v=201906280941017d9', 'https://s1.ljcdn.com/matrix_lianjia_pc/dist/pc/src/resource/default/780-439.png?_v=201906280941017d9', 'https://s1.ljcdn.com/matrix_lianjia_pc/dist/pc/src/resource/default/780-439.png?_v=201906280941017d9', 'https://s1.ljcdn.com/matrix_lianjia_pc/dist/pc/src/resource/default/780-439.png?_v=201906280941017d9', 'https://s1.ljcdn.com/matrix_lianjia_pc/dist/pc/src/resource/default/780-439.png?_v=201906280941017d9', 'https://s1.ljcdn.com/matrix_lianjia_pc/dist/pc/src/resource/default/780-439.png?_v=201906280941017d9', 'https://s1.ljcdn.com/matrix_lianjia_pc/dist/pc/src/resource/default/780-439.png?_v=201906280941017d9', 'https://s1.ljcdn.com/matrix_lianjia_pc/dist/pc/src/resource/default/780-439.png?_v=201906280941017d9']",5天前,随时入住,1年,随时可看,4/7层,暂无数据,暂无数据,暂无数据,暂无数据,暂无数据,暂无数据,"['公寓', '独立卫生间', '近地铁', '精装', '新上', '随时看房']","['2号线(蛇口线) - 东角头', '1182m']",22.49957,113.934564
https://sz.lianjia.com/zufang/SZ2267239348053483520.html,南山区,前海,合租·阳光棕榈园一期 5居室 复式 南卧,3000元/月 (月付价),合租,5室2厅2卫,14㎡,朝南,"['https://image1.ljcdn.com/rent-user-avatar/09349e83-3d9a-4266-afe5-27d5433f1920.780x439.jpg', 'https://s1.ljcdn.com/matrix_lianjia_pc/dist/pc/src/resource/default/780-439.png?_v=201906280941017d9', 'https://s1.ljcdn.com/matrix_lianjia_pc/dist/pc/src/resource/default/780-439.png?_v=201906280941017d9', 'https://s1.ljcdn.com/matrix_lianjia_pc/dist/pc/src/resource/default/780-439.png?_v=201906280941017d9', 'https://s1.ljcdn.com/matrix_lianjia_pc/dist/pc/src/resource/default/780-439.png?_v=201906280941017d9', 'https://s1.ljcdn.com/matrix_lianjia_pc/dist/pc/src/resource/default/780-439.png?_v=201906280941017d9', 'https://s1.ljcdn.com/matrix_lianjia_pc/dist/pc/src/resource/default/780-439.png?_v=201906280941017d9', 'https://s1.ljcdn.com/matrix_lianjia_pc/dist/pc/src/resource/default/780-439.png?_v=201906280941017d9', 'https://s1.ljcdn.com/matrix_lianjia_pc/dist/pc/src/resource/default/780-439.png?_v=201906280941017d9', 'https://s1.ljcdn.com/matrix_lianjia_pc/dist/pc/src/resource/default/780-439.png?_v=201906280941017d9', 'https://s1.ljcdn.com/matrix_lianjia_pc/dist/pc/src/resource/default/780-439.png?_v=201906280941017d9']",1个月前,随时入住,1~2年,随时可看,6/6层,无,暂无数据,民水,民电,有,暂无数据,"['公寓', '近地铁', '精装', '独立阳台', '随时看房']","['1号线(罗宝线) - 大新', '678m', '11号线 - 南山', '1044m']",22.531635219906,113.91965036652
https://sz.lianjia.com/zufang/SZ2113748740660797440.html,福田区,莲花,合租·莲花一村 4居室 南卧,2660元/月 (季付价),合租,4室1厅2卫,11㎡,朝南,"['https://image1.ljcdn.com/rent-house-1/636f69b83827f24f7723a443c68fdbb3-1561304098796/f8714051a4694880a7aa1e502473aa57.jpg.780x439.jpg', 'https://s1.ljcdn.com/matrix_lianjia_pc/dist/pc/src/resource/default/780-439.png?_v=201906280941017d9', 'https://s1.ljcdn.com/matrix_lianjia_pc/dist/pc/src/resource/default/780-439.png?_v=201906280941017d9', 'https://s1.ljcdn.com/matrix_lianjia_pc/dist/pc/src/resource/default/780-439.png?_v=201906280941017d9', 'https://s1.ljcdn.com/matrix_lianjia_pc/dist/pc/src/resource/default/780-439.png?_v=201906280941017d9', 'https://s1.ljcdn.com/matrix_lianjia_pc/dist/pc/src/resource/default/780-439.png?_v=201906280941017d9', 'https://s1.ljcdn.com/matrix_lianjia_pc/dist/pc/src/resource/default/780-439.png?_v=201906280941017d9', 'https://s1.ljcdn.com/matrix_lianjia_pc/dist/pc/src/resource/default/780-439.png?_v=201906280941017d9']",8个月前,随时入住,3~12个月,随时可看,7/7层,暂无数据,暂无数据,暂无数据,暂无数据,暂无数据,暂无数据,"['公寓', '独立卫生间', '月租', '近地铁', '随时看房']","['3号线(龙岗线) - 莲花村', '424m', '3号线(龙岗线),4号线(龙华线) - 少年宫', '1114m']",22.558649089469,114.07679900381
https://sz.lianjia.com/zufang/SZ2284484410059530240.html,南山区,华侨城,合租·荔园新村(杜鹃山西街) 5居室 南卧,2980元/月 (月付价),合租,5室1厅2卫,15㎡,朝南,"['https://image1.ljcdn.com/rent-user-avatar/02403be4-5dfd-4fc2-8e82-b40c51d70212.780x439.jpg', 'https://s1.ljcdn.com/matrix_lianjia_pc/dist/pc/src/resource/default/780-439.png?_v=201906280941017d9', 'https://s1.ljcdn.com/matrix_lianjia_pc/dist/pc/src/resource/default/780-439.png?_v=201906280941017d9', 'https://s1.ljcdn.com/matrix_lianjia_pc/dist/pc/src/resource/default/780-439.png?_v=201906280941017d9', 'https://s1.ljcdn.com/matrix_lianjia_pc/dist/pc/src/resource/default/780-439.png?_v=201906280941017d9', 'https://s1.ljcdn.com/matrix_lianjia_pc/dist/pc/src/resource/default/780-439.png?_v=201906280941017d9', 'https://s1.ljcdn.com/matrix_lianjia_pc/dist/pc/src/resource/default/780-439.png?_v=201906280941017d9']",7天前,随时入住,1年,随时可看,3/8层,无,暂无数据,民水,民电,有,暂无数据,"['公寓', '独立卫生间', '近地铁', '精装', '独立阳台', '押一付一', '随时看房']","['1号线(罗宝线),2号线(蛇口线) - 世界之窗', '408m', '1号线(罗宝线) - 白石洲', '828m']",22.546622061102,113.9808448339
