房源地址,行政区,位置,标题,租金,租赁方式,户型,面积,朝向,图片列表,发布时间,入住时间,租期,看房时间,楼层,电梯,车位,用水,用电,燃气,采暖,标签,station,latitude,longtitude
https://sz.lianjia.com/apartment/6807.html,,,魔方公寓 · 深圳坂田杨美店,"
魔方公寓 · 深圳坂田杨美店

          2000元/月起

",,,,,"['https://image1.ljcdn.com/rent-house-1/068cab695e5a3b3b6e6c4ee2ff47271f-1552383373010/5c167ae17bc6dd32a69caf4cb3d02fcb.jpg.1150x.jpg', 'https://s1.ljcdn.com/matrix_lianjia_pc/dist/pc/src/resource/default/1150-450.png?_v=201906280941017d9', 'https://s1.ljcdn.com/matrix_lianjia_pc/dist/pc/src/resource/default/1150-450.png?_v=201906280941017d9', 'https://s1.ljcdn.com/matrix_lianjia_pc/dist/pc/src/resource/default/1150-450.png?_v=201906280941017d9', 'https://s1.ljcdn.com/matrix_lianjia_pc/dist/pc/src/resource/default/1150-450.png?_v=201906280941017d9', 'https://s1.ljcdn.com/matrix_lianjia_pc/dist/pc/src/resource/default/1150-450.png?_v=201906280941017d9']",,,,,,,,,,,,,[],22.625808,114.083041
https://sz.lianjia.com/zufang/SZ2190430806852239360.html,龙华区,红山,合租·中航天逸 5居室 南卧,2390元/月 (月付价),合租,5室2厅2卫,29㎡,朝南,"['https://image1.ljcdn.com/rent-user-avatar/edc79a32-cf0c-423c-a4ed-65968b19bff0.780x439.jpg', 'https://s1.ljcdn.com/matrix_lianjia_pc/dist/pc/src/resource/default/780-439.png?_v=201906280941017d9', 'https://s1.ljcdn.com/matrix_lianjia_pc/dist/pc/src/resource/default/780-439.png?_v=201906280941017d9', 'https://s1.ljcdn.com/matrix_lianjia_pc/dist/pc/src/resource/default/780-439.png?_v=201906280941017d9', 'https://s1.ljcdn.com/matrix_lianjia_pc/dist/pc/src/resource/default/780-439.png?_v=201906280941017d9', 'https://s1.ljcdn.com/matrix_lianjia_pc/dist/pc/src/resource/default/780-439.png?_v=201906280941017d9']",4个月前,随时入住,6~12个月,随时可看,8/36层,有,租用车位,民水,民电,有,自采暖,"['公寓', '独立卫生间', '月租', '近地铁', '精装', '独立阳台', '随时看房']","['4号线(龙华线) - 红山', '469m']",22.633667,114.028421
https://sz.lianjia.com/apartment/16960.html,,,职业房东 · 青奢公寓-碧海湾店,"
职业房东 · 青奢公寓-碧海湾店

          1700元/月起

",,,,,['https://image1.ljcdn.com/rent-user-avatar/c50c4eca-72b9-472e-abba-88c3d47936af.1150x.jpg'],,,,,,,,,,,,,[],22.585391,113.866568
https://sz.lianjia.com/zufang/SZ2286445566022402048.html,福田区,上下沙,合租·金地花园 4居室 南卧,2060元/月 (季付价),合租,4室1厅1卫,12㎡,朝南,"['https://image1.ljcdn.com/rent-house-1/636f69b83827f24f7723a443c68fdbb3-1561111554374/a8bba5312d6c37a0a98c36c11c6d1d8e.jpg.780x439.jpg', 'https://s1.ljcdn.com/matrix_lianjia_pc/dist/pc/src/resource/default/780-439.png?_v=201906280941017d9', 'https://s1.ljcdn.com/matrix_lianjia_pc/dist/pc/src/resource/default/780-439.png?_v=201906280941017d9', 'https://s1.ljcdn.com/matrix_lianjia_pc/dist/pc/src/resource/default/780-439.png?_v=201906280941017d9', 'https://s1.ljcdn.com/matrix_lianjia_pc/dist/pc/src/resource/default/780-439.png?_v=201906280941017d9', 'https://s1.ljcdn.com/matrix_lianjia_pc/dist/pc/src/resource/default/780-439.png?_v=201906280941017d9', 'https://s1.ljcdn.com/matrix_lianjia_pc/dist/pc/src/resource/default/780-439.png?_v=201906280941017d9', 'https://s1.ljcdn.com/matrix_lianjia_pc/dist/pc/src/resource/default/780-439.png?_v=201906280941017d9']",4天前,随时入住,3~12个月,随时可看,7/8层,暂无数据,暂无数据,暂无数据,暂无数据,暂无数据,暂无数据,"['公寓', '月租', '近地铁', '新上', '随时看房']","['7号线 - 上沙', '382m', '7号线 - 沙尾', '776m']",22.526509705071,114.04168963811
https://sz.lianjia.com/apartment/15084.html,,,抱家公寓 · 美生慧谷店,"
抱家公寓 · 美生慧谷店

          3000元/月起

",,,,,"['https://image1.ljcdn.com/rent-user-avatar/8fe4b8ab-d876-4231-a541-5898cb229c75.1150x.jpg', 'https://s1.ljcdn.com/matrix_lianjia_pc/dist/pc/src/resource/default/1150-450.png?_v=201906280941017d9', 'https://s1.ljcdn.com/matrix_lianjia_pc/dist/pc/src/resource/default/1150-450.png?_v=201906280941017d9', 'https://s1.ljcdn.com/matrix_lianjia_pc/dist/pc/src/resource/default/1150-450.png?_v=201906280941017d9', 'https://s1.ljcdn.com/matrix_lianjia_pc/dist/pc/src/resource/default/1150-450.png?_v=201906280941017d9', 'https://s1.ljcdn.com/matrix_lianjia_pc/dist/pc/src/resource/default/1150-450.png?_v=201906280941017d9', 'https://s1.ljcdn.com/matrix_lianjia_pc/dist/pc/src/resource/default/1150-450.png?_v=201906280941017d9']",,,,,,,,,,,,,[],22.587005,113.916052
https://sz.lianjia.com/apartment/15111.html,,,庭苑公寓 · 凤凰木,"
庭苑公寓 · 凤凰木

          2600元/月起

",,,,,"['https://image1.ljcdn.com/rent-user-avatar/219959da-da5d-46d2-b72e-c87b51603e7c.1150x.jpg', 'https://s1.ljcdn.com/matrix_lianjia_pc/dist/pc/src/resource/default/1150-450.png?_v=201906280941017d9', 'https://s1.ljcdn.com/matrix_lianjia_pc/dist/pc/src/resource/default/1150-450.png?_v=201906280941017d9', 'https://s1.ljcdn.com/matrix_lianjia_pc/dist/pc/src/resource/default/1150-450.png?_v=201906280941017d9', 'https://s1.ljcdn.com/matrix_lianjia_pc/dist/pc/src/resource/default/1150-450.png?_v=201906280941017d9', 'https://s1.ljcdn.com/matrix_lianjia_pc/dist/pc/src/resource/default/1150-450.png?_v=201906280941017d9']",,,,,,,,,,,,,[],22.580754,113.906624
https://sz.lianjia.com/zufang/SZ2286039647212027904.html,福田区,莲花,合租·深圳市勘察研究院 5居室 南卧,2370元/月 (月付价),合租,5室1厅1卫,10㎡,朝南,"['https://image1.ljcdn.com/rent-user-avatar/add81dec-7bde-4f59-9d4e-c06f5275595b.780x439.jpg', 'https://s1.ljcdn.com/matrix_lianjia_pc/dist/pc/src/resource/default/780-439.png?_v=201906280941017d9', 'https://s1.ljcdn.com/matrix_lianjia_pc/dist/pc/src/resource/default/780-439.png?_v=201906280941017d9', 'https://s1.ljcdn.com/matrix_lianjia_pc/dist/pc/src/resource/default/780-439.png?_v=201906280941017d9', 'https://s1.ljcdn.com/matrix_lianjia_pc/dist/pc/src/resource/default/780-439.png?_v=201906280941017d9', 'https://s1.ljcdn.com/matrix_lianjia_pc/dist/pc/src/resource/default/780-439.png?_v=201906280941017d9']",5天前,随时入住,6~12个月,随时可看,5/7层,无,暂无数据,民水,民电,有,暂无数据,"['公寓', '月租', '近地铁', '独立阳台', '押一付一', '新上', '随时看房']","['2号线(蛇口线) - 岗厦北', '639m', '3号线(龙岗线) - 莲花村', '669m']",22.54969092891,114.07685348297
https://sz.lianjia.com/zufang/SZ2286059964269338624.html,福田区,景田,合租·龙塘小区 4居室 南卧,2180元/月 (月付价),合租,4室1厅1卫,12㎡,朝南,"['https://image1.ljcdn.com/rent-user-avatar/79be328f-a9ca-4a94-a784-2a464454094c.780x439.jpg', 'https://s1.ljcdn.com/matrix_lianjia_pc/dist/pc/src/resource/default/780-439.png?_v=201906280941017d9', 'https://s1.ljcdn.com/matrix_lianjia_pc/dist/pc/src/resource/default/780-439.png?_v=201906280941017d9', 'https://s1.ljcdn.com/matrix_lianjia_pc/dist/pc/src/resource/default/780-439.png?_v=201906280941017d9', 'https://s1.ljcdn.com/matrix_lianjia_pc/dist/pc/src/resource/default/780-439.png?_v=201906280941017d9', 'https://s1.ljcdn.com/matrix_lianjia_pc/dist/pc/src/resource/default/780-439.png?_v=201906280941017d9', 'https://s1.ljcdn.com/matrix_lianjia_pc/dist/pc/src/resource/default/780-439.png?_v=201906280941017d9']",5天前,随时入住,6~12个月,随时可看,3/7层,暂无数据,暂无数据,暂无数据,暂无数据,暂无数据,暂无数据,"['公寓', '月租', '近地铁', '押一付一', '新上', '随时看房']","['9号线 - 香梅', '440m', '2号线(蛇口线),9号线 - 景田', '924m', '2号线(蛇口线) - 香梅北', '1022m', '1号线(罗宝线) - 香蜜湖', '1182m']",22.554943,114.045894
https://sz.lianjia.com/zufang/SZ2283263837564583936.html,福田区,景田,合租·景龙大厦 5居室 南卧,2000元/月 (月付价),合租,5室1厅1卫,11㎡,朝南,"['https://image1.ljcdn.com/rent-user-avatar/4db3fcc1-0bd1-48c3-8ed8-d22fd57c7af6.780x439.jpg', 'https://s1.ljcdn.com/matrix_lianjia_pc/dist/pc/src/resource/default/780-439.png?_v=201906280941017d9', 'https://s1.ljcdn.com/matrix_lianjia_pc/dist/pc/src/resource/default/780-439.png?_v=201906280941017d9', 'https://s1.ljcdn.com/matrix_lianjia_pc/dist/pc/src/resource/default/780-439.png?_v=201906280941017d9', 'https://s1.ljcdn.com/matrix_lianjia_pc/dist/pc/src/resource/default/780-439.png?_v=201906280941017d9', 'https://s1.ljcdn.com/matrix_lianjia_pc/dist/pc/src/resource/default/780-439.png?_v=201906280941017d9', 'https://s1.ljcdn.com/matrix_lianjia_pc/dist/pc/src/resource/default/780-439.png?_v=201906280941017d9']",9天前,随时入住,1年,随时可看,23/29层,有,暂无数据,民水,民电,有,暂无数据,"['公寓', '近地铁', '精装', '押一付一', '随时看房']","['2号线(蛇口线),9号线 - 景田', '622m', '9号线 - 梅景', '830m']",22.564081,114.05208
https://sz.lianjia.com/zufang/SZ2133931212723724288.html,福田区,梅林,合租·深圳市路桥建设集团公司福田分公司 5居室 南卧,2050元/月 (月付价),合租,5室1厅1卫,12㎡,朝南,"['https://image1.ljcdn.com/rent-user-avatar/0bbf65e5-0d69-4220-9820-b391e0f2d109.780x439.jpg', 'https://s1.ljcdn.com/matrix_lianjia_pc/dist/pc/src/resource/default/780-439.png?_v=201906280941017d9', 'https://s1.ljcdn.com/matrix_lianjia_pc/dist/pc/src/resource/default/780-439.png?_v=201906280941017d9', 'https://s1.ljcdn.com/matrix_lianjia_pc/dist/pc/src/resource/default/780-439.png?_v=201906280941017d9', 'https://s1.ljcdn.com/matrix_lianjia_pc/dist/pc/src/resource/default/780-439.png?_v=201906280941017d9', 'https://s1.ljcdn.com/matrix_lianjia_pc/dist/pc/src/resource/default/780-439.png?_v=201906280941017d9', 'https://s1.ljcdn.com/matrix_lianjia_pc/dist/pc/src/resource/default/780-439.png?_v=201906280941017d9', 'https://s1.ljcdn.com/matrix_lianjia_pc/dist/pc/src/resource/default/780-439.png?_v=201906280941017d9', 'https://s1.ljcdn.com/matrix_lianjia_pc/dist/pc/src/resource/default/780-439.png?_v=201906280941017d9']",7个月前,随时入住,1年,随时可看,5/7层,暂无数据,暂无数据,暂无数据,暂无数据,暂无数据,暂无数据,"['公寓', '近地铁', '精装', '押一付一', '随时看房']","['9号线 - 梅景', '585m', '9号线 - 下梅林', '1047m']",22.566237,114.039731
https://sz.lianjia.com/zufang/SZ2203378049192837120.html,南山区,南头,合租·马家龙方卉园 4居室 南卧,2200元/月 (月付价),合租,4室1厅1卫,15㎡,朝南,"['https://image1.ljcdn.com/rent-user-avatar/29092c6f-ce65-412c-b361-d772544e0b7b.780x439.jpg', 'https://s1.ljcdn.com/matrix_lianjia_pc/dist/pc/src/resource/default/780-439.png?_v=201906280941017d9', 'https://s1.ljcdn.com/matrix_lianjia_pc/dist/pc/src/resource/default/780-439.png?_v=201906280941017d9', 'https://s1.ljcdn.com/matrix_lianjia_pc/dist/pc/src/resource/default/780-439.png?_v=201906280941017d9', 'https://s1.ljcdn.com/matrix_lianjia_pc/dist/pc/src/resource/default/780-439.png?_v=201906280941017d9', 'https://s1.ljcdn.com/matrix_lianjia_pc/dist/pc/src/resource/default/780-439.png?_v=201906280941017d9', 'https://s1.ljcdn.com/matrix_lianjia_pc/dist/pc/src/resource/default/780-439.png?_v=201906280941017d9', 'https://s1.ljcdn.com/matrix_lianjia_pc/dist/pc/src/resource/default/780-439.png?_v=201906280941017d9', 'https://s1.ljcdn.com/matrix_lianjia_pc/dist/pc/src/resource/default/780-439.png?_v=201906280941017d9', 'https://s1.ljcdn.com/matrix_lianjia_pc/dist/pc/src/resource/default/780-439.png?_v=201906280941017d9']",3个月前,随时入住,1年,随时可看,6/7层,无,暂无数据,民水,民电,有,暂无数据,"['公寓', '精装', '押一付一', '随时看房']",[],22.553017,113.932889
https://sz.lianjia.com/apartment/16810.html,,,金地草莓社区 · 横岭5店,"
金地草莓社区 · 横岭5店

          1600元/月起

",,,,,"['https://image1.ljcdn.com/rent-user-avatar/db265088-066a-4fe2-a647-ba387719dad8.1150x.jpg', 'https://s1.ljcdn.com/matrix_lianjia_pc/dist/pc/src/resource/default/1150-450.png?_v=201906280941017d9']",,,,,,,,,,,,,[],22.613821,114.052526
https://sz.lianjia.com/apartment/16809.html,,,金地草莓社区 · 横岭2店,"
金地草莓社区 · 横岭2店

          1750元/月起

",,,,,"['https://image1.ljcdn.com/rent-user-avatar/053656de-9ed8-4ebb-aeda-b2adcf6538b8.1150x.jpg', 'https://s1.ljcdn.com/matrix_lianjia_pc/dist/pc/src/resource/default/1150-450.png?_v=201906280941017d9']",,,,,,,,,,,,,[],22.613249,114.05276
https://sz.lianjia.com/zufang/SZ2286520893876207616.html,福田区,莲花,合租·福莲花园 4居室 南卧,2560元/月 (季付价),合租,4室1厅1卫,13㎡,朝南,"['https://image1.ljcdn.com/rent-house-1/636f69b83827f24f7723a443c68fdbb3-1561375779389/a7e6320a69efdaddff584715d5e8cc3b.jpg.780x439.jpg', 'https://s1.ljcdn.com/matrix_lianjia_pc/dist/pc/src/resource/default/780-439.png?_v=201906280941017d9', 'https://s1.ljcdn.com/matrix_lianjia_pc/dist/pc/src/resource/default/780-439.png?_v=201906280941017d9', 'https://s1.ljcdn.com/matrix_lianjia_pc/dist/pc/src/resource/default/780-439.png?_v=201906280941017d9', 'https://s1.ljcdn.com/matrix_lianjia_pc/dist/pc/src/resource/default/780-439.png?_v=201906280941017d9', 'https://s1.ljcdn.com/matrix_lianjia_pc/dist/pc/src/resource/default/780-439.png?_v=201906280941017d9', 'https://s1.ljcdn.com/matrix_lianjia_pc/dist/pc/src/resource/default/780-439.png?_v=201906280941017d9', 'https://s1.ljcdn.com/matrix_lianjia_pc/dist/pc/src/resource/default/780-439.png?_v=201906280941017d9', 'https://s1.ljcdn.com/matrix_lianjia_pc/dist/pc/src/resource/default/780-439.png?_v=201906280941017d9', 'https://s1.ljcdn.com/matrix_lianjia_pc/dist/pc/src/resource/default/780-439.png?_v=201906280941017d9', 'https://s1.ljcdn.com/matrix_lianjia_pc/dist/pc/src/resource/default/780-439.png?_v=201906280941017d9']",4天前,随时入住,1年,随时可看,5/9层,暂无数据,暂无数据,暂无数据,暂无数据,暂无数据,暂无数据,"['公寓', '近地铁', '独立阳台', '新上', '随时看房']","['3号线(龙岗线) - 莲花村', '53m', '2号线(蛇口线) - 岗厦北', '602m', '3号线(龙岗线),4号线(龙华线) - 少年宫', '883m', '2号线(蛇口线),4号线(龙华线) - 市民中心', '982m']",22.551611765459,114.07560811981
https://sz.lianjia.com/zufang/SZ2156474023717117952.html,南山区,前海,合租·月亮湾花园 4居室 南卧,2230元/月 (月付价),合租,4室1厅1卫,13㎡,朝南,"['https://image1.ljcdn.com/rent-user-avatar/09ac2e93-5721-4ad3-99b4-00124f657bc4.780x439.jpg', 'https://s1.ljcdn.com/matrix_lianjia_pc/dist/pc/src/resource/default/780-439.png?_v=201906280941017d9', 'https://s1.ljcdn.com/matrix_lianjia_pc/dist/pc/src/resource/default/780-439.png?_v=201906280941017d9', 'https://s1.ljcdn.com/matrix_lianjia_pc/dist/pc/src/resource/default/780-439.png?_v=201906280941017d9', 'https://s1.ljcdn.com/matrix_lianjia_pc/dist/pc/src/resource/default/780-439.png?_v=201906280941017d9', 'https://s1.ljcdn.com/matrix_lianjia_pc/dist/pc/src/resource/default/780-439.png?_v=201906280941017d9', 'https://s1.ljcdn.com/matrix_lianjia_pc/dist/pc/src/resource/default/780-439.png?_v=201906280941017d9', 'https://s1.ljcdn.com/matrix_lianjia_pc/dist/pc/src/resource/default/780-439.png?_v=201906280941017d9', 'https://s1.ljcdn.com/matrix_lianjia_pc/dist/pc/src/resource/default/780-439.png?_v=201906280941017d9']",6个月前,随时入住,1年,随时可看,3/7层,无,租用车位,民水,民电,无,暂无数据,"['公寓', '独立卫生间', '精装', '押一付一', '随时看房']",[],22.498896,113.897205
https://sz.lianjia.com/zufang/SZ2230125085510082560.html,福田区,石厦,整租·石厦村 1室0厅 南,2830元/月 (月付价),整租,1室0厅1卫,15㎡,朝南,"['https://image1.ljcdn.com/rent-user-avatar/0d077939-f5a1-413d-b0f9-b7fd95b284b3.780x439.jpg', 'https://s1.ljcdn.com/matrix_lianjia_pc/dist/pc/src/resource/default/780-439.png?_v=201906280941017d9', 'https://s1.ljcdn.com/matrix_lianjia_pc/dist/pc/src/resource/default/780-439.png?_v=201906280941017d9', 'https://s1.ljcdn.com/matrix_lianjia_pc/dist/pc/src/resource/default/780-439.png?_v=201906280941017d9']",2个月前,随时入住,1年,需提前预约,3/6层,暂无数据,暂无数据,暂无数据,暂无数据,暂无数据,暂无数据,"['公寓', '精装']",[],22.527451,114.056288
https://sz.lianjia.com/apartment/706.html,,,集悦城@塘朗总店 · B33栋,"
集悦城@塘朗总店 · B33栋

          2280元/月起

",,,,,"['https://image1.ljcdn.com/rent-user-avatar/216a1b17-a68d-4e87-bae2-19ef9ec4a9b7.1150x.jpg', 'https://s1.ljcdn.com/matrix_lianjia_pc/dist/pc/src/resource/default/1150-450.png?_v=201906280941017d9', 'https://s1.ljcdn.com/matrix_lianjia_pc/dist/pc/src/resource/default/1150-450.png?_v=201906280941017d9', 'https://s1.ljcdn.com/matrix_lianjia_pc/dist/pc/src/resource/default/1150-450.png?_v=201906280941017d9', 'https://s1.ljcdn.com/matrix_lianjia_pc/dist/pc/src/resource/default/1150-450.png?_v=201906280941017d9', 'https://s1.ljcdn.com/matrix_lianjia_pc/dist/pc/src/resource/default/1150-450.png?_v=201906280941017d9', 'https://s1.ljcdn.com/matrix_lianjia_pc/dist/pc/src/resource/default/1150-450.png?_v=201906280941017d9', 'https://s1.ljcdn.com/matrix_lianjia_pc/dist/pc/src/resource/default/1150-450.png?_v=201906280941017d9', 'https://s1.ljcdn.com/matrix_lianjia_pc/dist/pc/src/resource/default/1150-450.png?_v=201906280941017d9', 'https://s1.ljcdn.com/matrix_lianjia_pc/dist/pc/src/resource/default/1150-450.png?_v=201906280941017d9', 'https://s1.ljcdn.com/matrix_lianjia_pc/dist/pc/src/resource/default/1150-450.png?_v=201906280941017d9', 'https://s1.ljcdn.com/matrix_lianjia_pc/dist/pc/src/resource/default/1150-450.png?_v=201906280941017d9', 'https://s1.ljcdn.com/matrix_lianjia_pc/dist/pc/src/resource/default/1150-450.png?_v=201906280941017d9', 'https://s1.ljcdn.com/matrix_lianjia_pc/dist/pc/src/resource/default/1150-450.png?_v=201906280941017d9', 'https://s1.ljcdn.com/matrix_lianjia_pc/dist/pc/src/resource/default/1150-450.png?_v=201906280941017d9', 'https://s1.ljcdn.com/matrix_lianjia_pc/dist/pc/src/resource/default/1150-450.png?_v=201906280941017d9', 'https://s1.ljcdn.com/matrix_lianjia_pc/dist/pc/src/resource/default/1150-450.png?_v=201906280941017d9', 'https://s1.ljcdn.com/matrix_lianjia_pc/dist/pc/src/resource/default/1150-450.png?_v=201906280941017d9', 'https://s1.ljcdn.com/matrix_lianjia_pc/dist/pc/src/resource/default/1150-450.png?_v=201906280941017d9', 'https://s1.ljcdn.com/matrix_lianjia_pc/dist/pc/src/resource/default/1150-450.png?_v=201906280941017d9', 'https://s1.ljcdn.com/matrix_lianjia_pc/dist/pc/src/resource/default/1150-450.png?_v=201906280941017d9', 'https://s1.ljcdn.com/matrix_lianjia_pc/dist/pc/src/resource/default/1150-450.png?_v=201906280941017d9']",,,,,,,,,,,,,[],22.592188,113.994712
https://sz.lianjia.com/zufang/SZ2279462541233504256.html,福田区,皇岗,整租·集华花园 1室0厅 南,2400元/月 (月付价),整租,1室0厅1卫,22㎡,朝南,"['https://image1.ljcdn.com/rent-user-avatar/c2f5c14a-63c4-4e20-8b9a-e43f1e863af9.780x439.jpg', 'https://s1.ljcdn.com/matrix_lianjia_pc/dist/pc/src/resource/default/780-439.png?_v=201906280941017d9', 'https://s1.ljcdn.com/matrix_lianjia_pc/dist/pc/src/resource/default/780-439.png?_v=201906280941017d9']",14天前,随时入住,1年,随时可看,5/20层,有,暂无数据,民水,民电,有,暂无数据,"['近地铁', '随时看房']","['4号线(龙华线),7号线 - 福民', '402m', '7号线 - 皇岗村', '1049m']",22.531975,114.071186
https://sz.lianjia.com/apartment/1369.html,,,星窝青年创业公寓 · 宝安宝体,"
星窝青年创业公寓 · 宝安宝体

          1780元/月起

",,,,,"['https://image1.ljcdn.com/rent-user-avatar/36246a1a-1df6-4f1e-8f1b-566da4ba15f9.1150x.jpg', 'https://s1.ljcdn.com/matrix_lianjia_pc/dist/pc/src/resource/default/1150-450.png?_v=201906280941017d9', 'https://s1.ljcdn.com/matrix_lianjia_pc/dist/pc/src/resource/default/1150-450.png?_v=201906280941017d9', 'https://s1.ljcdn.com/matrix_lianjia_pc/dist/pc/src/resource/default/1150-450.png?_v=201906280941017d9', 'https://s1.ljcdn.com/matrix_lianjia_pc/dist/pc/src/resource/default/1150-450.png?_v=201906280941017d9', 'https://s1.ljcdn.com/matrix_lianjia_pc/dist/pc/src/resource/default/1150-450.png?_v=201906280941017d9', 'https://s1.ljcdn.com/matrix_lianjia_pc/dist/pc/src/resource/default/1150-450.png?_v=201906280941017d9', 'https://s1.ljcdn.com/matrix_lianjia_pc/dist/pc/src/resource/default/1150-450.png?_v=201906280941017d9', 'https://s1.ljcdn.com/matrix_lianjia_pc/dist/pc/src/resource/default/1150-450.png?_v=201906280941017d9', 'https://s1.ljcdn.com/matrix_lianjia_pc/dist/pc/src/resource/default/1150-450.png?_v=201906280941017d9']",,,,,,,,,,,,,[],22.576876,113.893156
https://sz.lianjia.com/apartment/14608.html,,,职业房东 · 锦欣家园 畔山枫林店,"
职业房东 · 锦欣家园 畔山枫林店

          2380元/月起

",,,,,"['https://image1.ljcdn.com/rent-user-avatar/7d4a61e1-1bbc-46c5-a5e0-edc2b177940f.1150x.jpg', 'https://s1.ljcdn.com/matrix_lianjia_pc/dist/pc/src/resource/default/1150-450.png?_v=201906280941017d9', 'https://s1.ljcdn.com/matrix_lianjia_pc/dist/pc/src/resource/default/1150-450.png?_v=201906280941017d9', 'https://s1.ljcdn.com/matrix_lianjia_pc/dist/pc/src/resource/default/1150-450.png?_v=201906280941017d9', 'https://s1.ljcdn.com/matrix_lianjia_pc/dist/pc/src/resource/default/1150-450.png?_v=201906280941017d9', 'https://s1.ljcdn.com/matrix_lianjia_pc/dist/pc/src/resource/default/1150-450.png?_v=201906280941017d9', 'https://s1.ljcdn.com/matrix_lianjia_pc/dist/pc/src/resource/default/1150-450.png?_v=201906280941017d9']",,,,,,,,,,,,,[],22.605915,113.859204
https://sz.lianjia.com/zufang/SZ2283342491761778688.html,南山区,后海,合租·南油A区 3居室 南卧,2030元/月 (季付价),合租,3室1厅1卫,11㎡,朝南,"['https://image1.ljcdn.com/rent-house-1/636f69b83827f24f7723a443c68fdbb3-1561390831442/3050bdc4639179659c6223e41c47aa60.jpg.780x439.jpg', 'https://s1.ljcdn.com/matrix_lianjia_pc/dist/pc/src/resource/default/780-439.png?_v=201906280941017d9', 'https://s1.ljcdn.com/matrix_lianjia_pc/dist/pc/src/resource/default/780-439.png?_v=201906280941017d9', 'https://s1.ljcdn.com/matrix_lianjia_pc/dist/pc/src/resource/default/780-439.png?_v=201906280941017d9', 'https://s1.ljcdn.com/matrix_lianjia_pc/dist/pc/src/resource/default/780-439.png?_v=201906280941017d9', 'https://s1.ljcdn.com/matrix_lianjia_pc/dist/pc/src/resource/default/780-439.png?_v=201906280941017d9']",9天前,随时入住,1年,随时可看,1/6层,暂无数据,暂无数据,暂无数据,暂无数据,暂无数据,暂无数据,"['公寓', '近地铁', '随时看房']","['2号线(蛇口线) - 登良', '941m']",22.515043387419,113.93417404777
https://sz.lianjia.com/zufang/SZ2109505029966151680.html,龙岗区,坂田,合租·万科城二期 4居室 南卧,2160元/月 (季付价),合租,4室1厅2卫,12㎡,朝南,"['https://image1.ljcdn.com/rent-house-1/636f69b83827f24f7723a443c68fdbb3-1561189200671/967d50e320bd1230285f9e8db1faa856.jpg.780x439.jpg', 'https://s1.ljcdn.com/matrix_lianjia_pc/dist/pc/src/resource/default/780-439.png?_v=201906280941017d9', 'https://s1.ljcdn.com/matrix_lianjia_pc/dist/pc/src/resource/default/780-439.png?_v=201906280941017d9', 'https://s1.ljcdn.com/matrix_lianjia_pc/dist/pc/src/resource/default/780-439.png?_v=201906280941017d9', 'https://s1.ljcdn.com/matrix_lianjia_pc/dist/pc/src/resource/default/780-439.png?_v=201906280941017d9', 'https://s1.ljcdn.com/matrix_lianjia_pc/dist/pc/src/resource/default/780-439.png?_v=201906280941017d9', 'https://s1.ljcdn.com/matrix_lianjia_pc/dist/pc/src/resource/default/780-439.png?_v=201906280941017d9']",8个月前,随时入住,3~12个月,随时可看,5/6层,暂无数据,暂无数据,暂无数据,暂无数据,暂无数据,暂无数据,"['公寓', '独立卫生间', '月租', '随时看房']",[],22.652657,114.076178
https://sz.lianjia.com/apartment/19128.html,,,平台认证机构 · 赤岭头新一村,"
平台认证机构 · 赤岭头新一村

          1400元/月起

",,,,,['https://image1.ljcdn.com/rent-user-avatar/b1ae638f-0875-492a-a89a-9ab737aac68e.1150x.jpg'],,,,,,,,,,,,,[],22.658662,114.017173
https://sz.lianjia.com/apartment/17149.html,,,乐乎城市青年社区 · 乐乎有朋·亿家人,"
乐乎城市青年社区 · 乐乎有朋·亿家人

          1080元/月起

",,,,,"['https://image1.ljcdn.com/rent-house-1/492de982d6f30ec08c539e6056309399-1556008551820/b1429a55093652c225ba879d87456928.jpg.1150x.jpg', 'https://s1.ljcdn.com/matrix_lianjia_pc/dist/pc/src/resource/default/1150-450.png?_v=201906280941017d9']",,,,,,,,,,,,,[],22.66765,113.83054
https://sz.lianjia.com/zufang/SZ2249866737984217088.html,罗湖区,笋岗,合租·金丽花园 4居室 南卧,2030元/月 (季付价),合租,4室1厅1卫,11㎡,朝南,"['https://image1.ljcdn.com/rent-house-1/636f69b83827f24f7723a443c68fdbb3-1558698233928/20ecdf4d190bb582addb055a0fc9439d.jpg.780x439.jpg', 'https://s1.ljcdn.com/matrix_lianjia_pc/dist/pc/src/resource/default/780-439.png?_v=201906280941017d9', 'https://s1.ljcdn.com/matrix_lianjia_pc/dist/pc/src/resource/default/780-439.png?_v=201906280941017d9', 'https://s1.ljcdn.com/matrix_lianjia_pc/dist/pc/src/resource/default/780-439.png?_v=201906280941017d9', 'https://s1.ljcdn.com/matrix_lianjia_pc/dist/pc/src/resource/default/780-439.png?_v=201906280941017d9', 'https://s1.ljcdn.com/matrix_lianjia_pc/dist/pc/src/resource/default/780-439.png?_v=201906280941017d9', 'https://s1.ljcdn.com/matrix_lianjia_pc/dist/pc/src/resource/default/780-439.png?_v=201906280941017d9', 'https://s1.ljcdn.com/matrix_lianjia_pc/dist/pc/src/resource/default/780-439.png?_v=201906280941017d9']",1个月前,随时入住,1年,随时可看,7/7层,暂无数据,暂无数据,暂无数据,暂无数据,暂无数据,暂无数据,"['公寓', '近地铁', '押一付一', '随时看房']","['7号线 - 笋岗', '363m', '7号线 - 洪湖', '1028m', '7号线,9号线 - 红岭北', '1041m']",22.56914300497,114.12043997052
https://sz.lianjia.com/zufang/SZ2286059976936136704.html,福田区,景田,合租·龙塘小区 4居室 南卧,2470元/月 (月付价),合租,4室1厅1卫,15㎡,朝南,"['https://image1.ljcdn.com/rent-user-avatar/2d876a36-ae4f-4d97-b5fa-2f4f22cef629.780x439.jpg', 'https://s1.ljcdn.com/matrix_lianjia_pc/dist/pc/src/resource/default/780-439.png?_v=201906280941017d9', 'https://s1.ljcdn.com/matrix_lianjia_pc/dist/pc/src/resource/default/780-439.png?_v=201906280941017d9', 'https://s1.ljcdn.com/matrix_lianjia_pc/dist/pc/src/resource/default/780-439.png?_v=201906280941017d9', 'https://s1.ljcdn.com/matrix_lianjia_pc/dist/pc/src/resource/default/780-439.png?_v=201906280941017d9', 'https://s1.ljcdn.com/matrix_lianjia_pc/dist/pc/src/resource/default/780-439.png?_v=201906280941017d9', 'https://s1.ljcdn.com/matrix_lianjia_pc/dist/pc/src/resource/default/780-439.png?_v=201906280941017d9']",5天前,随时入住,6~12个月,随时可看,3/7层,暂无数据,暂无数据,暂无数据,暂无数据,暂无数据,暂无数据,"['公寓', '月租', '近地铁', '独立阳台', '押一付一', '新上', '随时看房']","['9号线 - 香梅', '440m', '2号线(蛇口线),9号线 - 景田', '924m', '2号线(蛇口线) - 香梅北', '1022m', '1号线(罗宝线) - 香蜜湖', '1182m']",22.554943,114.045894
https://sz.lianjia.com/zufang/SZ2251436932091346944.html,福田区,新洲,合租·椰树花园 5居室 南卧,2000元/月 (月付价),合租,5室1厅1卫,10㎡,朝南,"['https://image1.ljcdn.com/rent-user-avatar/6dc09362-cc80-49fb-9141-f6a027aa936e.780x439.jpg', 'https://s1.ljcdn.com/matrix_lianjia_pc/dist/pc/src/resource/default/780-439.png?_v=201906280941017d9', 'https://s1.ljcdn.com/matrix_lianjia_pc/dist/pc/src/resource/default/780-439.png?_v=201906280941017d9', 'https://s1.ljcdn.com/matrix_lianjia_pc/dist/pc/src/resource/default/780-439.png?_v=201906280941017d9', 'https://s1.ljcdn.com/matrix_lianjia_pc/dist/pc/src/resource/default/780-439.png?_v=201906280941017d9', 'https://s1.ljcdn.com/matrix_lianjia_pc/dist/pc/src/resource/default/780-439.png?_v=201906280941017d9', 'https://s1.ljcdn.com/matrix_lianjia_pc/dist/pc/src/resource/default/780-439.png?_v=201906280941017d9']",1个月前,随时入住,1~2年,随时可看,5/8层,无,租用车位,民水,民电,有,暂无数据,"['近地铁', '精装', '独立阳台', '随时看房']","['7号线 - 上沙', '194m', '7号线 - 沙尾', '674m']",22.530649263414,114.04403282031
https://sz.lianjia.com/zufang/SZ2118659981069778944.html,福田区,华强南,合租·华强花园 4居室 南卧,2390元/月 (季付价),合租,4室1厅1卫,10㎡,朝南,"['https://image1.ljcdn.com/rent-house-1/636f69b83827f24f7723a443c68fdbb3-1560778465693/d8d6f3a768c0375aa419adaab3a2ee7b.jpg.780x439.jpg', 'https://s1.ljcdn.com/matrix_lianjia_pc/dist/pc/src/resource/default/780-439.png?_v=201906280941017d9', 'https://s1.ljcdn.com/matrix_lianjia_pc/dist/pc/src/resource/default/780-439.png?_v=201906280941017d9', 'https://s1.ljcdn.com/matrix_lianjia_pc/dist/pc/src/resource/default/780-439.png?_v=201906280941017d9', 'https://s1.ljcdn.com/matrix_lianjia_pc/dist/pc/src/resource/default/780-439.png?_v=201906280941017d9']",7个月前,随时入住,1年,随时可看,5/6层,暂无数据,暂无数据,暂无数据,暂无数据,暂无数据,暂无数据,"['公寓', '近地铁', '随时看房']","['1号线(罗宝线) - 华强路', '111m', '7号线 - 华强南', '118m', '2号线(蛇口线),7号线 - 华强北', '509m', '1号线(罗宝线) - 科学馆', '921m', '7号线 - 赤尾', '931m', '3号线(龙岗线),7号线 - 华新', '1070m', '2号线(蛇口线) - 燕南', '1170m']",22.544996374746,114.09222265983
https://sz.lianjia.com/zufang/SZ2276801814622117888.html,福田区,皇岗,合租·福民新村 4居室 南卧,2200元/月 (月付价),合租,4室1厅1卫,20㎡,朝南,"['https://image1.ljcdn.com/rent-user-avatar/17d1d914-def7-40c5-a5c2-a10812b926d6.780x439.jpg', 'https://s1.ljcdn.com/matrix_lianjia_pc/dist/pc/src/resource/default/780-439.png?_v=201906280941017d9', 'https://s1.ljcdn.com/matrix_lianjia_pc/dist/pc/src/resource/default/780-439.png?_v=201906280941017d9', 'https://s1.ljcdn.com/matrix_lianjia_pc/dist/pc/src/resource/default/780-439.png?_v=201906280941017d9', 'https://s1.ljcdn.com/matrix_lianjia_pc/dist/pc/src/resource/default/780-439.png?_v=201906280941017d9', 'https://s1.ljcdn.com/matrix_lianjia_pc/dist/pc/src/resource/default/780-439.png?_v=201906280941017d9', 'https://s1.ljcdn.com/matrix_lianjia_pc/dist/pc/src/resource/default/780-439.png?_v=201906280941017d9', 'https://s1.ljcdn.com/matrix_lianjia_pc/dist/pc/src/resource/default/780-439.png?_v=201906280941017d9', 'https://s1.ljcdn.com/matrix_lianjia_pc/dist/pc/src/resource/default/780-439.png?_v=201906280941017d9']",18天前,随时入住,1年,随时可看,7/7层,无,暂无数据,民水,民电,有,暂无数据,"['公寓', '近地铁', '精装', '随时看房']","['4号线(龙华线) - 福田口岸', '690m', '4号线(龙华线),7号线 - 福民', '712m']",22.529073836961,114.07618153086
https://sz.lianjia.com/zufang/SZ2283256714478764032.html,南山区,蛇口,合租·南水小区 4居室 南卧,2290元/月 (季付价),合租,4室1厅1卫,10㎡,朝南,"['https://image1.ljcdn.com/rent-house-1/636f69b83827f24f7723a443c68fdbb3-1561151348479/7a576c8a66276afaa266be1412ef1991.jpg.780x439.jpg', 'https://s1.ljcdn.com/matrix_lianjia_pc/dist/pc/src/resource/default/780-439.png?_v=201906280941017d9', 'https://s1.ljcdn.com/matrix_lianjia_pc/dist/pc/src/resource/default/780-439.png?_v=201906280941017d9', 'https://s1.ljcdn.com/matrix_lianjia_pc/dist/pc/src/resource/default/780-439.png?_v=201906280941017d9', 'https://s1.ljcdn.com/matrix_lianjia_pc/dist/pc/src/resource/default/780-439.png?_v=201906280941017d9', 'https://s1.ljcdn.com/matrix_lianjia_pc/dist/pc/src/resource/default/780-439.png?_v=201906280941017d9', 'https://s1.ljcdn.com/matrix_lianjia_pc/dist/pc/src/resource/default/780-439.png?_v=201906280941017d9', 'https://s1.ljcdn.com/matrix_lianjia_pc/dist/pc/src/resource/default/780-439.png?_v=201906280941017d9']",9天前,随时入住,1年,随时可看,2/8层,暂无数据,暂无数据,暂无数据,暂无数据,暂无数据,暂无数据,"['公寓', '近地铁', '独立阳台', '随时看房']","['2号线(蛇口线) - 水湾', '195m', '2号线(蛇口线) - 东角头', '712m', '2号线(蛇口线) - 海上世界', '804m']",22.493424432213,113.92959938717
