房源地址,行政区,位置,标题,租金,租赁方式,户型,面积,朝向,图片列表,发布时间,入住时间,租期,看房时间,楼层,电梯,车位,用水,用电,燃气,采暖,标签,station,latitude,longtitude
https://sz.lianjia.com/zufang/SZ2288871881019244544.html,龙华区,红山,合租·中航天逸 1居室 南卧,2500元/月 (月付价),合租,1室1厅1卫,20㎡,朝南,"['https://image1.ljcdn.com/rent-user-avatar/1f971326-a837-4358-9380-cabf1555521e.780x439.jpg', 'https://s1.ljcdn.com/matrix_lianjia_pc/dist/pc/src/resource/default/780-439.png?_v=201906280941017d9', 'https://s1.ljcdn.com/matrix_lianjia_pc/dist/pc/src/resource/default/780-439.png?_v=201906280941017d9', 'https://s1.ljcdn.com/matrix_lianjia_pc/dist/pc/src/resource/default/780-439.png?_v=201906280941017d9', 'https://s1.ljcdn.com/matrix_lianjia_pc/dist/pc/src/resource/default/780-439.png?_v=201906280941017d9']",1天前,随时入住,1年以上,需提前预约,34/34层,有,暂无数据,民水,民电,有,暂无数据,"['公寓', '独立卫生间', '近地铁', '精装', '独立阳台', '新上']","['4号线(龙华线) - 红山', '784m']",22.633934,114.027541
https://sz.lianjia.com/zufang/SZ2272511387098161152.html,龙华区,上塘,合租·特发和平里二期 5居室 南卧,2690元/月 (季付价),合租,5室1厅2卫,15㎡,朝南,"['https://image1.ljcdn.com/rent-house-1/636f69b83827f24f7723a443c68fdbb3-1561401133799/d6185e8f6a5c4f1671323aa6ec9d8c21.jpg.780x439.jpg', 'https://s1.ljcdn.com/matrix_lianjia_pc/dist/pc/src/resource/default/780-439.png?_v=201906280941017d9', 'https://s1.ljcdn.com/matrix_lianjia_pc/dist/pc/src/resource/default/780-439.png?_v=201906280941017d9', 'https://s1.ljcdn.com/matrix_lianjia_pc/dist/pc/src/resource/default/780-439.png?_v=201906280941017d9', 'https://s1.ljcdn.com/matrix_lianjia_pc/dist/pc/src/resource/default/780-439.png?_v=201906280941017d9', 'https://s1.ljcdn.com/matrix_lianjia_pc/dist/pc/src/resource/default/780-439.png?_v=201906280941017d9', 'https://s1.ljcdn.com/matrix_lianjia_pc/dist/pc/src/resource/default/780-439.png?_v=201906280941017d9']",24天前,随时入住,1年,随时可看,24/49层,暂无数据,暂无数据,暂无数据,暂无数据,暂无数据,暂无数据,"['公寓', '独立卫生间', '近地铁', '随时看房']","['4号线(龙华线) - 龙胜', '63m', '4号线(龙华线) - 上塘', '519m']",22.648238,114.01749
https://sz.lianjia.com/zufang/SZ2289720727382786048.html,龙岗区,坂田,整租·大发埔东村 1室1厅 南,2200元/月 (月付价),整租,1室1厅1卫,26㎡,朝南,"['https://image1.ljcdn.com/rent-user-avatar/02e71308-7382-4eb9-8a6a-15db67e36f0f.780x439.jpg', 'https://s1.ljcdn.com/matrix_lianjia_pc/dist/pc/src/resource/default/780-439.png?_v=201906280941017d9', 'https://s1.ljcdn.com/matrix_lianjia_pc/dist/pc/src/resource/default/780-439.png?_v=201906280941017d9', 'https://s1.ljcdn.com/matrix_lianjia_pc/dist/pc/src/resource/default/780-439.png?_v=201906280941017d9', 'https://s1.ljcdn.com/matrix_lianjia_pc/dist/pc/src/resource/default/780-439.png?_v=201906280941017d9', 'https://s1.ljcdn.com/matrix_lianjia_pc/dist/pc/src/resource/default/780-439.png?_v=201906280941017d9', 'https://s1.ljcdn.com/matrix_lianjia_pc/dist/pc/src/resource/default/780-439.png?_v=201906280941017d9', 'https://s1.ljcdn.com/matrix_lianjia_pc/dist/pc/src/resource/default/780-439.png?_v=201906280941017d9', 'https://s1.ljcdn.com/matrix_lianjia_pc/dist/pc/src/resource/default/780-439.png?_v=201906280941017d9']",今天,随时入住,1年,随时可看,4/14层,暂无数据,暂无数据,暂无数据,暂无数据,暂无数据,暂无数据,"['公寓', '精装', '新上', '随时看房']",[],22.635018,114.063308
https://sz.lianjia.com/zufang/SZ2289776269329973248.html,南山区,华侨城,合租·中新街芳华苑 5居室 南卧,2780元/月 (月付价),合租,5室1厅2卫,20㎡,朝南,"['https://image1.ljcdn.com/rent-user-avatar/01828ea1-ccb5-4bd5-b6a4-30fe2f979662.780x439.jpg', 'https://s1.ljcdn.com/matrix_lianjia_pc/dist/pc/src/resource/default/780-439.png?_v=201906280941017d9', 'https://s1.ljcdn.com/matrix_lianjia_pc/dist/pc/src/resource/default/780-439.png?_v=201906280941017d9', 'https://s1.ljcdn.com/matrix_lianjia_pc/dist/pc/src/resource/default/780-439.png?_v=201906280941017d9', 'https://s1.ljcdn.com/matrix_lianjia_pc/dist/pc/src/resource/default/780-439.png?_v=201906280941017d9', 'https://s1.ljcdn.com/matrix_lianjia_pc/dist/pc/src/resource/default/780-439.png?_v=201906280941017d9', 'https://s1.ljcdn.com/matrix_lianjia_pc/dist/pc/src/resource/default/780-439.png?_v=201906280941017d9', 'https://s1.ljcdn.com/matrix_lianjia_pc/dist/pc/src/resource/default/780-439.png?_v=201906280941017d9', 'https://s1.ljcdn.com/matrix_lianjia_pc/dist/pc/src/resource/default/780-439.png?_v=201906280941017d9', 'https://s1.ljcdn.com/matrix_lianjia_pc/dist/pc/src/resource/default/780-439.png?_v=201906280941017d9', 'https://s1.ljcdn.com/matrix_lianjia_pc/dist/pc/src/resource/default/780-439.png?_v=201906280941017d9', 'https://s1.ljcdn.com/matrix_lianjia_pc/dist/pc/src/resource/default/780-439.png?_v=201906280941017d9', 'https://s1.ljcdn.com/matrix_lianjia_pc/dist/pc/src/resource/default/780-439.png?_v=201906280941017d9', 'https://s1.ljcdn.com/matrix_lianjia_pc/dist/pc/src/resource/default/780-439.png?_v=201906280941017d9']",今天,随时入住,6~12个月,需提前预约,2/8层,无,暂无数据,民水,民电,有,暂无数据,"['公寓', '月租', '近地铁', '精装', '新上']","['1号线(罗宝线) - 华侨城', '464m', '1号线(罗宝线),2号线(蛇口线) - 世界之窗', '588m']",22.541089,113.987209
https://sz.lianjia.com/zufang/SZ2289783448459542528.html,福田区,景田,合租·香蜜二村 5居室 南卧,2400元/月 (月付价),合租,5室0厅5卫,18㎡,朝南,"['https://image1.ljcdn.com/rent-house-1/47cc0257a291c5d2417bf2b9bd762d6e-1561798430632/374faf1ec768fa3a5b2eeb57ce4f7170.jpg.780x439.jpg', 'https://s1.ljcdn.com/matrix_lianjia_pc/dist/pc/src/resource/default/780-439.png?_v=201906280941017d9', 'https://s1.ljcdn.com/matrix_lianjia_pc/dist/pc/src/resource/default/780-439.png?_v=201906280941017d9', 'https://s1.ljcdn.com/matrix_lianjia_pc/dist/pc/src/resource/default/780-439.png?_v=201906280941017d9', 'https://s1.ljcdn.com/matrix_lianjia_pc/dist/pc/src/resource/default/780-439.png?_v=201906280941017d9', 'https://s1.ljcdn.com/matrix_lianjia_pc/dist/pc/src/resource/default/780-439.png?_v=201906280941017d9', 'https://s1.ljcdn.com/matrix_lianjia_pc/dist/pc/src/resource/default/780-439.png?_v=201906280941017d9', 'https://s1.ljcdn.com/matrix_lianjia_pc/dist/pc/src/resource/default/780-439.png?_v=201906280941017d9']",今天,随时入住,1年,随时可看,3/8层,暂无数据,暂无数据,暂无数据,暂无数据,暂无数据,暂无数据,"['公寓', '独立卫生间', '近地铁', '精装', '新上', '随时看房']","['9号线 - 香梅', '174m', '1号线(罗宝线) - 香蜜湖', '527m', '2号线(蛇口线) - 莲花西', '1051m']",22.549727318471,114.04823816508
https://sz.lianjia.com/zufang/SZ2289783427505070080.html,福田区,景田,合租·香蜜二村 5居室 南卧,2200元/月 (月付价),合租,5室0厅5卫,16㎡,朝南,"['https://image1.ljcdn.com/rent-house-1/47cc0257a291c5d2417bf2b9bd762d6e-1561798429419/85a7e4e50e51324db6605812ec4b6117.jpg.780x439.jpg', 'https://s1.ljcdn.com/matrix_lianjia_pc/dist/pc/src/resource/default/780-439.png?_v=201906280941017d9', 'https://s1.ljcdn.com/matrix_lianjia_pc/dist/pc/src/resource/default/780-439.png?_v=201906280941017d9', 'https://s1.ljcdn.com/matrix_lianjia_pc/dist/pc/src/resource/default/780-439.png?_v=201906280941017d9', 'https://s1.ljcdn.com/matrix_lianjia_pc/dist/pc/src/resource/default/780-439.png?_v=201906280941017d9', 'https://s1.ljcdn.com/matrix_lianjia_pc/dist/pc/src/resource/default/780-439.png?_v=201906280941017d9', 'https://s1.ljcdn.com/matrix_lianjia_pc/dist/pc/src/resource/default/780-439.png?_v=201906280941017d9']",今天,随时入住,1年,随时可看,3/8层,暂无数据,暂无数据,暂无数据,暂无数据,暂无数据,暂无数据,"['公寓', '独立卫生间', '近地铁', '精装', '新上', '随时看房']","['9号线 - 香梅', '174m', '1号线(罗宝线) - 香蜜湖', '527m', '2号线(蛇口线) - 莲花西', '1051m']",22.549727318471,114.04823816508
https://sz.lianjia.com/zufang/SZ2283144883546374144.html,南山区,华侨城,合租·荔园新村(杜鹃山西街) 4居室 南卧,2190元/月 (季付价),合租,4室1厅1卫,8㎡,朝南,"['https://image1.ljcdn.com/rent-house-1/636f69b83827f24f7723a443c68fdbb3-1561443426606/44f61dbd38fbe485a89486eada82dc5e.jpg.780x439.jpg', 'https://s1.ljcdn.com/matrix_lianjia_pc/dist/pc/src/resource/default/780-439.png?_v=201906280941017d9', 'https://s1.ljcdn.com/matrix_lianjia_pc/dist/pc/src/resource/default/780-439.png?_v=201906280941017d9', 'https://s1.ljcdn.com/matrix_lianjia_pc/dist/pc/src/resource/default/780-439.png?_v=201906280941017d9', 'https://s1.ljcdn.com/matrix_lianjia_pc/dist/pc/src/resource/default/780-439.png?_v=201906280941017d9']",9天前,随时入住,1年,随时可看,2/8层,暂无数据,暂无数据,暂无数据,暂无数据,暂无数据,暂无数据,"['公寓', '近地铁', '随时看房']","['1号线(罗宝线),2号线(蛇口线) - 世界之窗', '364m', '1号线(罗宝线) - 白石洲', '784m']",22.546670552314,113.98231307014
https://sz.lianjia.com/zufang/SZ2289800522624417792.html,福田区,景田,合租·景西大厦 4居室 南卧,2550元/月 (月付价),合租,4室1厅1卫,11㎡,朝南,"['https://image1.ljcdn.com/rent-user-avatar/5adb962e-66fe-4894-9c3a-de9b79260e0d.780x439.jpg', 'https://s1.ljcdn.com/matrix_lianjia_pc/dist/pc/src/resource/default/780-439.png?_v=201906280941017d9', 'https://s1.ljcdn.com/matrix_lianjia_pc/dist/pc/src/resource/default/780-439.png?_v=201906280941017d9', 'https://s1.ljcdn.com/matrix_lianjia_pc/dist/pc/src/resource/default/780-439.png?_v=201906280941017d9', 'https://s1.ljcdn.com/matrix_lianjia_pc/dist/pc/src/resource/default/780-439.png?_v=201906280941017d9', 'https://s1.ljcdn.com/matrix_lianjia_pc/dist/pc/src/resource/default/780-439.png?_v=201906280941017d9', 'https://s1.ljcdn.com/matrix_lianjia_pc/dist/pc/src/resource/default/780-439.png?_v=201906280941017d9', 'https://s1.ljcdn.com/matrix_lianjia_pc/dist/pc/src/resource/default/780-439.png?_v=201906280941017d9', 'https://s1.ljcdn.com/matrix_lianjia_pc/dist/pc/src/resource/default/780-439.png?_v=201906280941017d9']",今天,随时入住,1年,随时可看,17/30层,有,暂无数据,民水,民电,有,暂无数据,"['公寓', '近地铁', '精装', '押一付一', '新上', '随时看房']","['9号线 - 梅景', '257m', '2号线(蛇口线),9号线 - 景田', '608m', '2号线(蛇口线) - 香梅北', '1040m']",22.563778,114.046604
https://sz.lianjia.com/zufang/SZ2289598356676689920.html,龙岗区,坂田,合租·佳华领汇广场 4居室 南卧,2190元/月 (月付价),合租,4室1厅2卫,17㎡,朝南,"['https://image1.ljcdn.com/rent-user-avatar/23015216-38cd-49e2-9ba1-74f844e5646f.780x439.jpg', 'https://s1.ljcdn.com/matrix_lianjia_pc/dist/pc/src/resource/default/780-439.png?_v=201906280941017d9', 'https://s1.ljcdn.com/matrix_lianjia_pc/dist/pc/src/resource/default/780-439.png?_v=201906280941017d9', 'https://s1.ljcdn.com/matrix_lianjia_pc/dist/pc/src/resource/default/780-439.png?_v=201906280941017d9', 'https://s1.ljcdn.com/matrix_lianjia_pc/dist/pc/src/resource/default/780-439.png?_v=201906280941017d9', 'https://s1.ljcdn.com/matrix_lianjia_pc/dist/pc/src/resource/default/780-439.png?_v=201906280941017d9', 'https://s1.ljcdn.com/matrix_lianjia_pc/dist/pc/src/resource/default/780-439.png?_v=201906280941017d9', 'https://s1.ljcdn.com/matrix_lianjia_pc/dist/pc/src/resource/default/780-439.png?_v=201906280941017d9', 'https://s1.ljcdn.com/matrix_lianjia_pc/dist/pc/src/resource/default/780-439.png?_v=201906280941017d9', 'https://s1.ljcdn.com/matrix_lianjia_pc/dist/pc/src/resource/default/780-439.png?_v=201906280941017d9', 'https://s1.ljcdn.com/matrix_lianjia_pc/dist/pc/src/resource/default/780-439.png?_v=201906280941017d9', 'https://s1.ljcdn.com/matrix_lianjia_pc/dist/pc/src/resource/default/780-439.png?_v=201906280941017d9', 'https://s1.ljcdn.com/matrix_lianjia_pc/dist/pc/src/resource/default/780-439.png?_v=201906280941017d9']",今天,随时入住,6~12个月,随时可看,29/33层,暂无数据,暂无数据,民水,民电,无,暂无数据,"['独立卫生间', '月租', '近地铁', '精装', '押一付一', '新上', '随时看房']","['5号线(环中线) - 五和', '676m']",22.638602,114.066399
https://sz.lianjia.com/zufang/SZ2289598392202444800.html,龙岗区,坂田,合租·佳华领汇广场 4居室 南卧,2390元/月 (月付价),合租,4室1厅2卫,17㎡,朝南,"['https://image1.ljcdn.com/rent-user-avatar/23015216-38cd-49e2-9ba1-74f844e5646f.780x439.jpg', 'https://s1.ljcdn.com/matrix_lianjia_pc/dist/pc/src/resource/default/780-439.png?_v=201906280941017d9', 'https://s1.ljcdn.com/matrix_lianjia_pc/dist/pc/src/resource/default/780-439.png?_v=201906280941017d9', 'https://s1.ljcdn.com/matrix_lianjia_pc/dist/pc/src/resource/default/780-439.png?_v=201906280941017d9', 'https://s1.ljcdn.com/matrix_lianjia_pc/dist/pc/src/resource/default/780-439.png?_v=201906280941017d9', 'https://s1.ljcdn.com/matrix_lianjia_pc/dist/pc/src/resource/default/780-439.png?_v=201906280941017d9', 'https://s1.ljcdn.com/matrix_lianjia_pc/dist/pc/src/resource/default/780-439.png?_v=201906280941017d9', 'https://s1.ljcdn.com/matrix_lianjia_pc/dist/pc/src/resource/default/780-439.png?_v=201906280941017d9', 'https://s1.ljcdn.com/matrix_lianjia_pc/dist/pc/src/resource/default/780-439.png?_v=201906280941017d9', 'https://s1.ljcdn.com/matrix_lianjia_pc/dist/pc/src/resource/default/780-439.png?_v=201906280941017d9', 'https://s1.ljcdn.com/matrix_lianjia_pc/dist/pc/src/resource/default/780-439.png?_v=201906280941017d9', 'https://s1.ljcdn.com/matrix_lianjia_pc/dist/pc/src/resource/default/780-439.png?_v=201906280941017d9', 'https://s1.ljcdn.com/matrix_lianjia_pc/dist/pc/src/resource/default/780-439.png?_v=201906280941017d9']",今天,随时入住,6~12个月,随时可看,29/33层,暂无数据,暂无数据,民水,民电,无,暂无数据,"['独立卫生间', '月租', '近地铁', '精装', '押一付一', '新上', '随时看房']","['5号线(环中线) - 五和', '676m']",22.638602,114.066399
https://sz.lianjia.com/zufang/SZ2289600424560836608.html,龙岗区,坂田,合租·信义嘉御山5期 5居室 南卧,2190元/月 (月付价),合租,5室1厅2卫,18㎡,朝南,"['https://image1.ljcdn.com/rent-user-avatar/484cae8d-0dc8-425b-9b3c-f60e12b87fcd.780x439.jpg', 'https://s1.ljcdn.com/matrix_lianjia_pc/dist/pc/src/resource/default/780-439.png?_v=201906280941017d9', 'https://s1.ljcdn.com/matrix_lianjia_pc/dist/pc/src/resource/default/780-439.png?_v=201906280941017d9', 'https://s1.ljcdn.com/matrix_lianjia_pc/dist/pc/src/resource/default/780-439.png?_v=201906280941017d9', 'https://s1.ljcdn.com/matrix_lianjia_pc/dist/pc/src/resource/default/780-439.png?_v=201906280941017d9', 'https://s1.ljcdn.com/matrix_lianjia_pc/dist/pc/src/resource/default/780-439.png?_v=201906280941017d9']",今天,随时入住,6~12个月,随时可看,27/39层,有,暂无数据,民水,民电,有,暂无数据,"['独立卫生间', '月租', '精装', '押一付一', '新上', '随时看房']",[],22.643262,114.0632
https://sz.lianjia.com/zufang/SZ2289600610989260800.html,龙华区,红山,合租·华业玫瑰四季馨园一期 4居室 南卧,2690元/月 (月付价),合租,4室1厅2卫,22㎡,朝南,"['https://image1.ljcdn.com/rent-user-avatar/264246e3-516f-4885-93cf-f278bf666d55.780x439.jpg', 'https://s1.ljcdn.com/matrix_lianjia_pc/dist/pc/src/resource/default/780-439.png?_v=201906280941017d9', 'https://s1.ljcdn.com/matrix_lianjia_pc/dist/pc/src/resource/default/780-439.png?_v=201906280941017d9', 'https://s1.ljcdn.com/matrix_lianjia_pc/dist/pc/src/resource/default/780-439.png?_v=201906280941017d9', 'https://s1.ljcdn.com/matrix_lianjia_pc/dist/pc/src/resource/default/780-439.png?_v=201906280941017d9', 'https://s1.ljcdn.com/matrix_lianjia_pc/dist/pc/src/resource/default/780-439.png?_v=201906280941017d9', 'https://s1.ljcdn.com/matrix_lianjia_pc/dist/pc/src/resource/default/780-439.png?_v=201906280941017d9', 'https://s1.ljcdn.com/matrix_lianjia_pc/dist/pc/src/resource/default/780-439.png?_v=201906280941017d9', 'https://s1.ljcdn.com/matrix_lianjia_pc/dist/pc/src/resource/default/780-439.png?_v=201906280941017d9', 'https://s1.ljcdn.com/matrix_lianjia_pc/dist/pc/src/resource/default/780-439.png?_v=201906280941017d9']",今天,随时入住,6~12个月,随时可看,18/32层,有,暂无数据,民水,民电,有,暂无数据,"['独立卫生间', '月租', '近地铁', '精装', '押一付一', '新上', '随时看房']","['4号线(龙华线) - 红山', '992m']",22.631541,114.02451
https://sz.lianjia.com/zufang/SZ2289682987472142336.html,龙岗区,坂田,整租·杨美金竹小区 1室1厅 南,2400元/月 (月付价),整租,1室1厅1卫,30㎡,朝南,"['https://image1.ljcdn.com/rent-user-avatar/0e5e4aff-a370-4bac-a765-519a24b27e42.780x439.jpg', 'https://s1.ljcdn.com/matrix_lianjia_pc/dist/pc/src/resource/default/780-439.png?_v=201906280941017d9', 'https://s1.ljcdn.com/matrix_lianjia_pc/dist/pc/src/resource/default/780-439.png?_v=201906280941017d9', 'https://s1.ljcdn.com/matrix_lianjia_pc/dist/pc/src/resource/default/780-439.png?_v=201906280941017d9', 'https://s1.ljcdn.com/matrix_lianjia_pc/dist/pc/src/resource/default/780-439.png?_v=201906280941017d9', 'https://s1.ljcdn.com/matrix_lianjia_pc/dist/pc/src/resource/default/780-439.png?_v=201906280941017d9', 'https://s1.ljcdn.com/matrix_lianjia_pc/dist/pc/src/resource/default/780-439.png?_v=201906280941017d9', 'https://s1.ljcdn.com/matrix_lianjia_pc/dist/pc/src/resource/default/780-439.png?_v=201906280941017d9', 'https://s1.ljcdn.com/matrix_lianjia_pc/dist/pc/src/resource/default/780-439.png?_v=201906280941017d9']",今天,随时入住,1年,随时可看,3/4层,暂无数据,暂无数据,暂无数据,暂无数据,暂无数据,暂无数据,"['公寓', '精装', '押一付一', '新上', '随时看房']",[],22.634470992928,114.08465892846
https://sz.lianjia.com/zufang/SZ2289709809190584320.html,龙岗区,坂田,整租·杨美金竹小区 1室0厅 南,2188元/月 (月付价),整租,1室0厅1卫,21㎡,朝南,"['https://image1.ljcdn.com/rent-user-avatar/1d00764f-d794-49a2-a55b-d1f16178773d.780x439.jpg', 'https://s1.ljcdn.com/matrix_lianjia_pc/dist/pc/src/resource/default/780-439.png?_v=201906280941017d9', 'https://s1.ljcdn.com/matrix_lianjia_pc/dist/pc/src/resource/default/780-439.png?_v=201906280941017d9', 'https://s1.ljcdn.com/matrix_lianjia_pc/dist/pc/src/resource/default/780-439.png?_v=201906280941017d9', 'https://s1.ljcdn.com/matrix_lianjia_pc/dist/pc/src/resource/default/780-439.png?_v=201906280941017d9', 'https://s1.ljcdn.com/matrix_lianjia_pc/dist/pc/src/resource/default/780-439.png?_v=201906280941017d9', 'https://s1.ljcdn.com/matrix_lianjia_pc/dist/pc/src/resource/default/780-439.png?_v=201906280941017d9']",今天,随时入住,1年,随时可看,4/5层,暂无数据,暂无数据,暂无数据,暂无数据,暂无数据,暂无数据,"['公寓', '精装', '新上', '随时看房']",[],22.634470992928,114.08465892846
https://sz.lianjia.com/zufang/SZ2289708566426157056.html,龙岗区,坂田,整租·杨美金竹小区 1室0厅 东/南,2338元/月 (月付价),整租,1室0厅1卫,26㎡,朝东 南,"['https://image1.ljcdn.com/rent-user-avatar/4ce6f392-a4e9-4b5c-92fd-c5da30128dd2.780x439.jpg', 'https://s1.ljcdn.com/matrix_lianjia_pc/dist/pc/src/resource/default/780-439.png?_v=201906280941017d9', 'https://s1.ljcdn.com/matrix_lianjia_pc/dist/pc/src/resource/default/780-439.png?_v=201906280941017d9', 'https://s1.ljcdn.com/matrix_lianjia_pc/dist/pc/src/resource/default/780-439.png?_v=201906280941017d9', 'https://s1.ljcdn.com/matrix_lianjia_pc/dist/pc/src/resource/default/780-439.png?_v=201906280941017d9', 'https://s1.ljcdn.com/matrix_lianjia_pc/dist/pc/src/resource/default/780-439.png?_v=201906280941017d9', 'https://s1.ljcdn.com/matrix_lianjia_pc/dist/pc/src/resource/default/780-439.png?_v=201906280941017d9']",今天,随时入住,1年,随时可看,4/5层,暂无数据,暂无数据,暂无数据,暂无数据,暂无数据,暂无数据,"['公寓', '精装', '新上', '随时看房']",[],22.634470992928,114.08465892846
https://sz.lianjia.com/zufang/SZ2289747961930063872.html,龙华区,龙华中心,合租·港铁天颂 4居室 南卧,2330元/月 (月付价),合租,4室1厅2卫,20㎡,朝南,"['https://image1.ljcdn.com/rent-user-avatar/8384d2b8-293d-4a42-8031-49c3f9513f7f.780x439.jpg', 'https://s1.ljcdn.com/matrix_lianjia_pc/dist/pc/src/resource/default/780-439.png?_v=201906280941017d9', 'https://s1.ljcdn.com/matrix_lianjia_pc/dist/pc/src/resource/default/780-439.png?_v=201906280941017d9', 'https://s1.ljcdn.com/matrix_lianjia_pc/dist/pc/src/resource/default/780-439.png?_v=201906280941017d9', 'https://s1.ljcdn.com/matrix_lianjia_pc/dist/pc/src/resource/default/780-439.png?_v=201906280941017d9', 'https://s1.ljcdn.com/matrix_lianjia_pc/dist/pc/src/resource/default/780-439.png?_v=201906280941017d9', 'https://s1.ljcdn.com/matrix_lianjia_pc/dist/pc/src/resource/default/780-439.png?_v=201906280941017d9']",今天,随时入住,6~12个月,随时可看,24/37层,有,暂无数据,民水,民电,有,暂无数据,"['独立卫生间', '月租', '近地铁', '精装', '押一付一', '新上', '随时看房']","['4号线(龙华线) - 龙胜', '457m']",22.651754,114.017851
https://sz.lianjia.com/zufang/SZ2289746106143211520.html,龙华区,龙华中心,合租·保利悦都 4居室 南卧,2200元/月 (月付价),合租,4室1厅2卫,19㎡,朝南,"['https://image1.ljcdn.com/rent-user-avatar/0a17a7ac-8ed9-4395-bb81-6afbd3027484.780x439.jpg', 'https://s1.ljcdn.com/matrix_lianjia_pc/dist/pc/src/resource/default/780-439.png?_v=201906280941017d9', 'https://s1.ljcdn.com/matrix_lianjia_pc/dist/pc/src/resource/default/780-439.png?_v=201906280941017d9', 'https://s1.ljcdn.com/matrix_lianjia_pc/dist/pc/src/resource/default/780-439.png?_v=201906280941017d9', 'https://s1.ljcdn.com/matrix_lianjia_pc/dist/pc/src/resource/default/780-439.png?_v=201906280941017d9', 'https://s1.ljcdn.com/matrix_lianjia_pc/dist/pc/src/resource/default/780-439.png?_v=201906280941017d9', 'https://s1.ljcdn.com/matrix_lianjia_pc/dist/pc/src/resource/default/780-439.png?_v=201906280941017d9', 'https://s1.ljcdn.com/matrix_lianjia_pc/dist/pc/src/resource/default/780-439.png?_v=201906280941017d9', 'https://s1.ljcdn.com/matrix_lianjia_pc/dist/pc/src/resource/default/780-439.png?_v=201906280941017d9', 'https://s1.ljcdn.com/matrix_lianjia_pc/dist/pc/src/resource/default/780-439.png?_v=201906280941017d9']",今天,随时入住,6~12个月,随时可看,22/27层,有,暂无数据,民水,民电,无,暂无数据,"['独立卫生间', '月租', '近地铁', '精装', '押一付一', '新上', '随时看房']","['4号线(龙华线) - 清湖', '807m']",22.674993,114.039235
https://sz.lianjia.com/zufang/SZ2289748733438730240.html,龙华区,上塘,合租·鸿荣源·尚峻 4居室 南卧,2100元/月 (月付价),合租,4室1厅2卫,25㎡,朝南,"['https://image1.ljcdn.com/rent-user-avatar/165b58a9-2e4f-4900-b149-1eea6964bd60.780x439.jpg', 'https://s1.ljcdn.com/matrix_lianjia_pc/dist/pc/src/resource/default/780-439.png?_v=201906280941017d9', 'https://s1.ljcdn.com/matrix_lianjia_pc/dist/pc/src/resource/default/780-439.png?_v=201906280941017d9', 'https://s1.ljcdn.com/matrix_lianjia_pc/dist/pc/src/resource/default/780-439.png?_v=201906280941017d9', 'https://s1.ljcdn.com/matrix_lianjia_pc/dist/pc/src/resource/default/780-439.png?_v=201906280941017d9', 'https://s1.ljcdn.com/matrix_lianjia_pc/dist/pc/src/resource/default/780-439.png?_v=201906280941017d9', 'https://s1.ljcdn.com/matrix_lianjia_pc/dist/pc/src/resource/default/780-439.png?_v=201906280941017d9', 'https://s1.ljcdn.com/matrix_lianjia_pc/dist/pc/src/resource/default/780-439.png?_v=201906280941017d9', 'https://s1.ljcdn.com/matrix_lianjia_pc/dist/pc/src/resource/default/780-439.png?_v=201906280941017d9']",今天,随时入住,6~12个月,随时可看,14/47层,有,暂无数据,民水,民电,有,暂无数据,"['独立卫生间', '月租', '近地铁', '精装', '押一付一', '新上', '随时看房']","['4号线(龙华线) - 上塘', '497m']",22.646787,114.019394
https://sz.lianjia.com/zufang/SZ2289750939508686848.html,龙华区,龙华中心,合租·龙华花半里花园 4居室 南卧,2150元/月 (月付价),合租,4室1厅2卫,23㎡,朝南,"['https://image1.ljcdn.com/rent-user-avatar/03066e44-e75d-4d0b-8c1e-68e6417190ba.780x439.jpg', 'https://s1.ljcdn.com/matrix_lianjia_pc/dist/pc/src/resource/default/780-439.png?_v=201906280941017d9', 'https://s1.ljcdn.com/matrix_lianjia_pc/dist/pc/src/resource/default/780-439.png?_v=201906280941017d9', 'https://s1.ljcdn.com/matrix_lianjia_pc/dist/pc/src/resource/default/780-439.png?_v=201906280941017d9', 'https://s1.ljcdn.com/matrix_lianjia_pc/dist/pc/src/resource/default/780-439.png?_v=201906280941017d9', 'https://s1.ljcdn.com/matrix_lianjia_pc/dist/pc/src/resource/default/780-439.png?_v=201906280941017d9', 'https://s1.ljcdn.com/matrix_lianjia_pc/dist/pc/src/resource/default/780-439.png?_v=201906280941017d9']",今天,随时入住,6~12个月,随时可看,16/31层,有,租用车位,民水,民电,有,暂无数据,"['独立卫生间', '月租', '精装', '押一付一', '新上', '随时看房']",[],22.680451,114.055022
https://sz.lianjia.com/zufang/SZ2289752294436651008.html,龙华区,龙华中心,合租·幸福城二期 4居室 南卧,2390元/月 (月付价),合租,4室1厅2卫,19㎡,朝南,"['https://image1.ljcdn.com/rent-user-avatar/2857a482-5443-4b22-8565-f08561fc189d.780x439.jpg', 'https://s1.ljcdn.com/matrix_lianjia_pc/dist/pc/src/resource/default/780-439.png?_v=201906280941017d9', 'https://s1.ljcdn.com/matrix_lianjia_pc/dist/pc/src/resource/default/780-439.png?_v=201906280941017d9', 'https://s1.ljcdn.com/matrix_lianjia_pc/dist/pc/src/resource/default/780-439.png?_v=201906280941017d9', 'https://s1.ljcdn.com/matrix_lianjia_pc/dist/pc/src/resource/default/780-439.png?_v=201906280941017d9', 'https://s1.ljcdn.com/matrix_lianjia_pc/dist/pc/src/resource/default/780-439.png?_v=201906280941017d9', 'https://s1.ljcdn.com/matrix_lianjia_pc/dist/pc/src/resource/default/780-439.png?_v=201906280941017d9', 'https://s1.ljcdn.com/matrix_lianjia_pc/dist/pc/src/resource/default/780-439.png?_v=201906280941017d9', 'https://s1.ljcdn.com/matrix_lianjia_pc/dist/pc/src/resource/default/780-439.png?_v=201906280941017d9']",今天,随时入住,6~12个月,随时可看,25/30层,暂无数据,暂无数据,民水,民电,有,暂无数据,"['独立卫生间', '月租', '近地铁', '精装', '押一付一', '新上', '随时看房']","['4号线(龙华线) - 清湖', '380m']",22.666298,114.044633
https://sz.lianjia.com/apartment/19377.html,,,鲤鱼公寓 · 民治2号店,"
鲤鱼公寓 · 民治2号店

          1900元/月起

",,,,,"['https://image1.ljcdn.com/rent-user-avatar/43086583-ce2a-49e9-a41a-9326d8b93014.1150x.jpg', 'https://s1.ljcdn.com/matrix_lianjia_pc/dist/pc/src/resource/default/1150-450.png?_v=201906280941017d9']",,,,,,,,,,,,,[],22.614177,114.051434
https://sz.lianjia.com/apartment/6858.html,,,华润置地·有巢公寓 · 留仙洞店,"
华润置地·有巢公寓 · 留仙洞店

          2411元/月起

",,,,,"['https://image1.ljcdn.com/rent-house-1/1be809900a531bfe6448865b876bb024-1553799612397/dda56653daedb55a43db3322f9d71998.jpg.1150x.jpg', 'https://s1.ljcdn.com/matrix_lianjia_pc/dist/pc/src/resource/default/1150-450.png?_v=201906280941017d9', 'https://s1.ljcdn.com/matrix_lianjia_pc/dist/pc/src/resource/default/1150-450.png?_v=201906280941017d9', 'https://s1.ljcdn.com/matrix_lianjia_pc/dist/pc/src/resource/default/1150-450.png?_v=201906280941017d9', 'https://s1.ljcdn.com/matrix_lianjia_pc/dist/pc/src/resource/default/1150-450.png?_v=201906280941017d9', 'https://s1.ljcdn.com/matrix_lianjia_pc/dist/pc/src/resource/default/1150-450.png?_v=201906280941017d9', 'https://s1.ljcdn.com/matrix_lianjia_pc/dist/pc/src/resource/default/1150-450.png?_v=201906280941017d9', 'https://s1.ljcdn.com/matrix_lianjia_pc/dist/pc/src/resource/default/1150-450.png?_v=201906280941017d9', 'https://s1.ljcdn.com/matrix_lianjia_pc/dist/pc/src/resource/default/1150-450.png?_v=201906280941017d9', 'https://s1.ljcdn.com/matrix_lianjia_pc/dist/pc/src/resource/default/1150-450.png?_v=201906280941017d9', 'https://s1.ljcdn.com/matrix_lianjia_pc/dist/pc/src/resource/default/1150-450.png?_v=201906280941017d9', 'https://s1.ljcdn.com/matrix_lianjia_pc/dist/pc/src/resource/default/1150-450.png?_v=201906280941017d9', 'https://s1.ljcdn.com/matrix_lianjia_pc/dist/pc/src/resource/default/1150-450.png?_v=201906280941017d9', 'https://s1.ljcdn.com/matrix_lianjia_pc/dist/pc/src/resource/default/1150-450.png?_v=201906280941017d9']",,,,,,,,,,,,,[],22.586106,113.937389
https://sz.lianjia.com/zufang/SZ2289800176551854080.html,龙岗区,坂田,整租·佳华领汇广场 1室1厅 东/东南/南/西南/西,2400元/月 (月付价),整租,1室1厅1卫,38㎡,朝东 东南 南 西南 西,"['https://image1.ljcdn.com/rent-user-avatar/20736bec-4216-47c0-b2d1-89ebe3b6fff8.780x439.jpg', 'https://s1.ljcdn.com/matrix_lianjia_pc/dist/pc/src/resource/default/780-439.png?_v=201906280941017d9', 'https://s1.ljcdn.com/matrix_lianjia_pc/dist/pc/src/resource/default/780-439.png?_v=201906280941017d9', 'https://s1.ljcdn.com/matrix_lianjia_pc/dist/pc/src/resource/default/780-439.png?_v=201906280941017d9', 'https://s1.ljcdn.com/matrix_lianjia_pc/dist/pc/src/resource/default/780-439.png?_v=201906280941017d9', 'https://s1.ljcdn.com/matrix_lianjia_pc/dist/pc/src/resource/default/780-439.png?_v=201906280941017d9', 'https://s1.ljcdn.com/matrix_lianjia_pc/dist/pc/src/resource/default/780-439.png?_v=201906280941017d9']",今天,随时入住,1年,随时可看,4/8层,暂无数据,暂无数据,民水,民电,无,暂无数据,"['公寓', '近地铁', '精装', '新上', '随时看房']","['5号线(环中线) - 五和', '677m']",22.638598,114.066332
https://sz.lianjia.com/zufang/SZ2289879252000587776.html,福田区,莲花,合租·莲花一村 4居室 南卧,2290元/月 (季付价),合租,4室1厅1卫,13㎡,朝南,"['https://image1.ljcdn.com/rent-house-1/636f69b83827f24f7723a443c68fdbb3-1561781428030/06c459abac91d242040ca9e68f8b4808.jpg.780x439.jpg', 'https://s1.ljcdn.com/matrix_lianjia_pc/dist/pc/src/resource/default/780-439.png?_v=201906280941017d9', 'https://s1.ljcdn.com/matrix_lianjia_pc/dist/pc/src/resource/default/780-439.png?_v=201906280941017d9', 'https://s1.ljcdn.com/matrix_lianjia_pc/dist/pc/src/resource/default/780-439.png?_v=201906280941017d9', 'https://s1.ljcdn.com/matrix_lianjia_pc/dist/pc/src/resource/default/780-439.png?_v=201906280941017d9', 'https://s1.ljcdn.com/matrix_lianjia_pc/dist/pc/src/resource/default/780-439.png?_v=201906280941017d9', 'https://s1.ljcdn.com/matrix_lianjia_pc/dist/pc/src/resource/default/780-439.png?_v=201906280941017d9']",今天,随时入住,3~12个月,随时可看,6/7层,暂无数据,暂无数据,暂无数据,暂无数据,暂无数据,暂无数据,"['公寓', '月租', '近地铁', '独立阳台', '新上', '随时看房']","['3号线(龙岗线) - 莲花村', '424m', '3号线(龙岗线),4号线(龙华线) - 少年宫', '1114m']",22.558649089469,114.07679900381
https://sz.lianjia.com/zufang/SZ2289800176769957888.html,龙岗区,坂田,整租·佳华领汇广场 1室1厅 东/东南/南/西南/西,2400元/月 (月付价),整租,1室1厅1卫,38㎡,朝东 东南 南 西南 西,"['https://image1.ljcdn.com/rent-user-avatar/20736bec-4216-47c0-b2d1-89ebe3b6fff8.780x439.jpg', 'https://s1.ljcdn.com/matrix_lianjia_pc/dist/pc/src/resource/default/780-439.png?_v=201906280941017d9', 'https://s1.ljcdn.com/matrix_lianjia_pc/dist/pc/src/resource/default/780-439.png?_v=201906280941017d9', 'https://s1.ljcdn.com/matrix_lianjia_pc/dist/pc/src/resource/default/780-439.png?_v=201906280941017d9', 'https://s1.ljcdn.com/matrix_lianjia_pc/dist/pc/src/resource/default/780-439.png?_v=201906280941017d9', 'https://s1.ljcdn.com/matrix_lianjia_pc/dist/pc/src/resource/default/780-439.png?_v=201906280941017d9', 'https://s1.ljcdn.com/matrix_lianjia_pc/dist/pc/src/resource/default/780-439.png?_v=201906280941017d9']",今天,随时入住,1年,随时可看,4/8层,暂无数据,暂无数据,民水,民电,无,暂无数据,"['公寓', '近地铁', '精装', '新上', '随时看房']","['5号线(环中线) - 五和', '677m']",22.638598,114.066332
https://sz.lianjia.com/zufang/SZ2256367218382077952.html,福田区,梅林,合租·鸿达苑 4居室 南卧,2390元/月 (月付价),合租,4室1厅1卫,22㎡,朝南,"['https://image1.ljcdn.com/rent-user-avatar/06c4a219-6b9a-4f0e-8c5c-dc4abb10332a.780x439.jpg', 'https://s1.ljcdn.com/matrix_lianjia_pc/dist/pc/src/resource/default/780-439.png?_v=201906280941017d9', 'https://s1.ljcdn.com/matrix_lianjia_pc/dist/pc/src/resource/default/780-439.png?_v=201906280941017d9', 'https://s1.ljcdn.com/matrix_lianjia_pc/dist/pc/src/resource/default/780-439.png?_v=201906280941017d9', 'https://s1.ljcdn.com/matrix_lianjia_pc/dist/pc/src/resource/default/780-439.png?_v=201906280941017d9', 'https://s1.ljcdn.com/matrix_lianjia_pc/dist/pc/src/resource/default/780-439.png?_v=201906280941017d9', 'https://s1.ljcdn.com/matrix_lianjia_pc/dist/pc/src/resource/default/780-439.png?_v=201906280941017d9', 'https://s1.ljcdn.com/matrix_lianjia_pc/dist/pc/src/resource/default/780-439.png?_v=201906280941017d9', 'https://s1.ljcdn.com/matrix_lianjia_pc/dist/pc/src/resource/default/780-439.png?_v=201906280941017d9', 'https://s1.ljcdn.com/matrix_lianjia_pc/dist/pc/src/resource/default/780-439.png?_v=201906280941017d9', 'https://s1.ljcdn.com/matrix_lianjia_pc/dist/pc/src/resource/default/780-439.png?_v=201906280941017d9', 'https://s1.ljcdn.com/matrix_lianjia_pc/dist/pc/src/resource/default/780-439.png?_v=201906280941017d9', 'https://s1.ljcdn.com/matrix_lianjia_pc/dist/pc/src/resource/default/780-439.png?_v=201906280941017d9']",1个月前,随时入住,1~2年,随时可看,3/8层,暂无数据,暂无数据,暂无数据,暂无数据,暂无数据,暂无数据,"['近地铁', '精装', '独立阳台', '押一付一', '随时看房']","['9号线 - 梅景', '481m', '9号线 - 下梅林', '1079m']",22.565815583964,114.04018114589
https://sz.lianjia.com/zufang/SZ2283182552825479168.html,龙岗区,布吉关,整租·佳兆业大都汇 1室1厅 南,2800元/月 (季付价),整租,1室1厅1卫,40㎡,朝南,"['https://image1.ljcdn.com/rent-user-avatar/01c5e6e9-26a3-4185-b4a7-e1c221fb86e7.780x439.jpg', 'https://s1.ljcdn.com/matrix_lianjia_pc/dist/pc/src/resource/default/780-439.png?_v=201906280941017d9', 'https://s1.ljcdn.com/matrix_lianjia_pc/dist/pc/src/resource/default/780-439.png?_v=201906280941017d9', 'https://s1.ljcdn.com/matrix_lianjia_pc/dist/pc/src/resource/default/780-439.png?_v=201906280941017d9', 'https://s1.ljcdn.com/matrix_lianjia_pc/dist/pc/src/resource/default/780-439.png?_v=201906280941017d9', 'https://s1.ljcdn.com/matrix_lianjia_pc/dist/pc/src/resource/default/780-439.png?_v=201906280941017d9', 'https://s1.ljcdn.com/matrix_lianjia_pc/dist/pc/src/resource/default/780-439.png?_v=201906280941017d9', 'https://s1.ljcdn.com/matrix_lianjia_pc/dist/pc/src/resource/default/780-439.png?_v=201906280941017d9']",9天前,随时入住,1年,需提前预约,9/33层,有,暂无数据,民水,民电,无,暂无数据,"['近地铁', '精装']","['3号线(龙岗线),5号线(环中线) - 布吉', '16m', '3号线(龙岗线) - 木棉湾', '1029m']",22.607946,114.128902
https://sz.lianjia.com/apartment/19070.html,,,职业房东 · 坂田店,"
职业房东 · 坂田店

          2000元/月起

",,,,,"['https://image1.ljcdn.com/rent-user-avatar/b7655538-1109-4f31-9938-0fd0450263b6.1150x.jpg', 'https://s1.ljcdn.com/matrix_lianjia_pc/dist/pc/src/resource/default/1150-450.png?_v=201906280941017d9', 'https://s1.ljcdn.com/matrix_lianjia_pc/dist/pc/src/resource/default/1150-450.png?_v=201906280941017d9']",,,,,,,,,,,,,[],22.650907,114.076475
https://sz.lianjia.com/apartment/8780.html,,,玖壹公馆 · 清湖店,"
玖壹公馆 · 清湖店

          1880元/月起

",,,,,"['https://image1.ljcdn.com/rent-user-avatar/5f67084c-f882-4cd5-8f0c-f14b1efad5a3.1150x.jpg', 'https://s1.ljcdn.com/matrix_lianjia_pc/dist/pc/src/resource/default/1150-450.png?_v=201906280941017d9', 'https://s1.ljcdn.com/matrix_lianjia_pc/dist/pc/src/resource/default/1150-450.png?_v=201906280941017d9', 'https://s1.ljcdn.com/matrix_lianjia_pc/dist/pc/src/resource/default/1150-450.png?_v=201906280941017d9', 'https://s1.ljcdn.com/matrix_lianjia_pc/dist/pc/src/resource/default/1150-450.png?_v=201906280941017d9', 'https://s1.ljcdn.com/matrix_lianjia_pc/dist/pc/src/resource/default/1150-450.png?_v=201906280941017d9', 'https://s1.ljcdn.com/matrix_lianjia_pc/dist/pc/src/resource/default/1150-450.png?_v=201906280941017d9']",,,,,,,,,,,,,[],22.669882,114.042783
https://sz.lianjia.com/apartment/14029.html,,,云+新青年 · 宝田店,"
云+新青年 · 宝田店

          1250元/月起

",,,,,"['https://image1.ljcdn.com/rent-user-avatar/26a485b5-212e-4cdf-86f0-7c2c84b88ede.1150x.jpg', 'https://s1.ljcdn.com/matrix_lianjia_pc/dist/pc/src/resource/default/1150-450.png?_v=201906280941017d9', 'https://s1.ljcdn.com/matrix_lianjia_pc/dist/pc/src/resource/default/1150-450.png?_v=201906280941017d9', 'https://s1.ljcdn.com/matrix_lianjia_pc/dist/pc/src/resource/default/1150-450.png?_v=201906280941017d9', 'https://s1.ljcdn.com/matrix_lianjia_pc/dist/pc/src/resource/default/1150-450.png?_v=201906280941017d9', 'https://s1.ljcdn.com/matrix_lianjia_pc/dist/pc/src/resource/default/1150-450.png?_v=201906280941017d9', 'https://s1.ljcdn.com/matrix_lianjia_pc/dist/pc/src/resource/default/1150-450.png?_v=201906280941017d9', 'https://s1.ljcdn.com/matrix_lianjia_pc/dist/pc/src/resource/default/1150-450.png?_v=201906280941017d9', 'https://s1.ljcdn.com/matrix_lianjia_pc/dist/pc/src/resource/default/1150-450.png?_v=201906280941017d9', 'https://s1.ljcdn.com/matrix_lianjia_pc/dist/pc/src/resource/default/1150-450.png?_v=201906280941017d9', 'https://s1.ljcdn.com/matrix_lianjia_pc/dist/pc/src/resource/default/1150-450.png?_v=201906280941017d9']",,,,,,,,,,,,,[],22.607278,113.875462
