房源地址,行政区,位置,标题,租金,租赁方式,户型,面积,朝向,图片列表,发布时间,入住时间,租期,看房时间,楼层,电梯,车位,用水,用电,燃气,采暖,标签,station,latitude,longtitude
https://sz.lianjia.com/apartment/1324.html,,,艾特公寓 · 桂园店,"
艾特公寓 · 桂园店

          2500元/月起

",,,,,"['https://image1.ljcdn.com/rent-user-avatar/2767774d-17ff-4866-a5f1-3578c2c72125.1150x.jpg', 'https://s1.ljcdn.com/matrix_lianjia_pc/dist/pc/src/resource/default/1150-450.png?_v=201906280941017d9', 'https://s1.ljcdn.com/matrix_lianjia_pc/dist/pc/src/resource/default/1150-450.png?_v=201906280941017d9', 'https://s1.ljcdn.com/matrix_lianjia_pc/dist/pc/src/resource/default/1150-450.png?_v=201906280941017d9', 'https://s1.ljcdn.com/matrix_lianjia_pc/dist/pc/src/resource/default/1150-450.png?_v=201906280941017d9', 'https://s1.ljcdn.com/matrix_lianjia_pc/dist/pc/src/resource/default/1150-450.png?_v=201906280941017d9', 'https://s1.ljcdn.com/matrix_lianjia_pc/dist/pc/src/resource/default/1150-450.png?_v=201906280941017d9', 'https://s1.ljcdn.com/matrix_lianjia_pc/dist/pc/src/resource/default/1150-450.png?_v=201906280941017d9', 'https://s1.ljcdn.com/matrix_lianjia_pc/dist/pc/src/resource/default/1150-450.png?_v=201906280941017d9', 'https://s1.ljcdn.com/matrix_lianjia_pc/dist/pc/src/resource/default/1150-450.png?_v=201906280941017d9']",,,,,,,,,,,,,[],22.554874,114.119857
https://sz.lianjia.com/apartment/1496.html,,,春丰公寓 · 西湖宾馆店,"
春丰公寓 · 西湖宾馆店

          2500元/月起

",,,,,"['https://image1.ljcdn.com/rent-user-avatar/a180e0c7-b042-45b6-bf42-c7dd58b728c6.1150x.jpg', 'https://s1.ljcdn.com/matrix_lianjia_pc/dist/pc/src/resource/default/1150-450.png?_v=201906280941017d9', 'https://s1.ljcdn.com/matrix_lianjia_pc/dist/pc/src/resource/default/1150-450.png?_v=201906280941017d9', 'https://s1.ljcdn.com/matrix_lianjia_pc/dist/pc/src/resource/default/1150-450.png?_v=201906280941017d9', 'https://s1.ljcdn.com/matrix_lianjia_pc/dist/pc/src/resource/default/1150-450.png?_v=201906280941017d9', 'https://s1.ljcdn.com/matrix_lianjia_pc/dist/pc/src/resource/default/1150-450.png?_v=201906280941017d9', 'https://s1.ljcdn.com/matrix_lianjia_pc/dist/pc/src/resource/default/1150-450.png?_v=201906280941017d9', 'https://s1.ljcdn.com/matrix_lianjia_pc/dist/pc/src/resource/default/1150-450.png?_v=201906280941017d9', 'https://s1.ljcdn.com/matrix_lianjia_pc/dist/pc/src/resource/default/1150-450.png?_v=201906280941017d9']",,,,,,,,,,,,,[],22.560126,114.11642
https://sz.lianjia.com/apartment/1002.html,,,万科泊寓 · 布吉旗舰店,"
万科泊寓 · 布吉旗舰店

          1789元/月起

",,,,,"['https://image1.ljcdn.com/rent-user-avatar/f4793e1a-9824-4be1-899b-1e99aba1ae10.1150x.jpg', 'https://s1.ljcdn.com/matrix_lianjia_pc/dist/pc/src/resource/default/1150-450.png?_v=201906280941017d9', 'https://s1.ljcdn.com/matrix_lianjia_pc/dist/pc/src/resource/default/1150-450.png?_v=201906280941017d9', 'https://s1.ljcdn.com/matrix_lianjia_pc/dist/pc/src/resource/default/1150-450.png?_v=201906280941017d9']",,,,,,,,,,,,,[],22.599715,114.138218
https://sz.lianjia.com/apartment/13717.html,,,职业房东 · 巴登公寓 上步店,"
职业房东 · 巴登公寓 上步店

          1800元/月起

",,,,,"['https://image1.ljcdn.com/rent-user-avatar/13801eae-c904-42b0-aa0c-ee40195f1780.1150x.jpg', 'https://s1.ljcdn.com/matrix_lianjia_pc/dist/pc/src/resource/default/1150-450.png?_v=201906280941017d9']",,,,,,,,,,,,,[],22.544206,114.10873
https://sz.lianjia.com/zufang/SZ2272438390723190784.html,宝安区,翻身,整租·富源花园 1室0厅 东/东南/南,2580元/月 (月付价),整租,1室0厅1卫,26㎡,朝东 东南 南,"['https://image1.ljcdn.com/rent-user-avatar/053cabb4-533a-43cc-b8c4-8eaba91b1ac1.780x439.jpg', 'https://s1.ljcdn.com/matrix_lianjia_pc/dist/pc/src/resource/default/780-439.png?_v=201906280941017d9', 'https://s1.ljcdn.com/matrix_lianjia_pc/dist/pc/src/resource/default/780-439.png?_v=201906280941017d9', 'https://s1.ljcdn.com/matrix_lianjia_pc/dist/pc/src/resource/default/780-439.png?_v=201906280941017d9', 'https://s1.ljcdn.com/matrix_lianjia_pc/dist/pc/src/resource/default/780-439.png?_v=201906280941017d9', 'https://s1.ljcdn.com/matrix_lianjia_pc/dist/pc/src/resource/default/780-439.png?_v=201906280941017d9', 'https://s1.ljcdn.com/matrix_lianjia_pc/dist/pc/src/resource/default/780-439.png?_v=201906280941017d9', 'https://s1.ljcdn.com/matrix_lianjia_pc/dist/pc/src/resource/default/780-439.png?_v=201906280941017d9', 'https://s1.ljcdn.com/matrix_lianjia_pc/dist/pc/src/resource/default/780-439.png?_v=201906280941017d9']",24天前,随时入住,6~12个月,随时可看,8/10层,有,暂无数据,民水,民电,有,暂无数据,"['公寓', '月租', '近地铁', '精装', '押一付一', '随时看房']","['5号线(环中线) - 翻身', '465m']",22.564085246154,113.90303366522
https://sz.lianjia.com/apartment/17513.html,,,今•寓 · 横岗公园店,"
今•寓 · 横岗公园店

          1080元/月起

",,,,,"['https://image1.ljcdn.com/rent-user-avatar/e72049e1-1123-4f46-b2f6-2d13d21e1424.1150x.jpg', 'https://s1.ljcdn.com/matrix_lianjia_pc/dist/pc/src/resource/default/1150-450.png?_v=201906280941017d9', 'https://s1.ljcdn.com/matrix_lianjia_pc/dist/pc/src/resource/default/1150-450.png?_v=201906280941017d9', 'https://s1.ljcdn.com/matrix_lianjia_pc/dist/pc/src/resource/default/1150-450.png?_v=201906280941017d9', 'https://s1.ljcdn.com/matrix_lianjia_pc/dist/pc/src/resource/default/1150-450.png?_v=201906280941017d9', 'https://s1.ljcdn.com/matrix_lianjia_pc/dist/pc/src/resource/default/1150-450.png?_v=201906280941017d9', 'https://s1.ljcdn.com/matrix_lianjia_pc/dist/pc/src/resource/default/1150-450.png?_v=201906280941017d9', 'https://s1.ljcdn.com/matrix_lianjia_pc/dist/pc/src/resource/default/1150-450.png?_v=201906280941017d9', 'https://s1.ljcdn.com/matrix_lianjia_pc/dist/pc/src/resource/default/1150-450.png?_v=201906280941017d9', 'https://s1.ljcdn.com/matrix_lianjia_pc/dist/pc/src/resource/default/1150-450.png?_v=201906280941017d9', 'https://s1.ljcdn.com/matrix_lianjia_pc/dist/pc/src/resource/default/1150-450.png?_v=201906280941017d9', 'https://s1.ljcdn.com/matrix_lianjia_pc/dist/pc/src/resource/default/1150-450.png?_v=201906280941017d9', 'https://s1.ljcdn.com/matrix_lianjia_pc/dist/pc/src/resource/default/1150-450.png?_v=201906280941017d9', 'https://s1.ljcdn.com/matrix_lianjia_pc/dist/pc/src/resource/default/1150-450.png?_v=201906280941017d9', 'https://s1.ljcdn.com/matrix_lianjia_pc/dist/pc/src/resource/default/1150-450.png?_v=201906280941017d9']",,,,,,,,,,,,,[],22.652929,114.216756
https://sz.lianjia.com/apartment/15767.html,,,万科泊寓 · 南山云城旗舰店,"
万科泊寓 · 南山云城旗舰店

          2530元/月起

",,,,,"['https://image1.ljcdn.com/rent-user-avatar/a5e66104-23d5-486f-a72a-7f9c1bd9ce59.1150x.jpg', 'https://s1.ljcdn.com/matrix_lianjia_pc/dist/pc/src/resource/default/1150-450.png?_v=201906280941017d9', 'https://s1.ljcdn.com/matrix_lianjia_pc/dist/pc/src/resource/default/1150-450.png?_v=201906280941017d9', 'https://s1.ljcdn.com/matrix_lianjia_pc/dist/pc/src/resource/default/1150-450.png?_v=201906280941017d9', 'https://s1.ljcdn.com/matrix_lianjia_pc/dist/pc/src/resource/default/1150-450.png?_v=201906280941017d9']",,,,,,,,,,,,,[],22.578716,113.949506
https://sz.lianjia.com/apartment/8106.html,,,锦荣居 · 新安店6栋,"
锦荣居 · 新安店6栋

          2000元/月起

",,,,,"['https://image1.ljcdn.com/rent-user-avatar/0d408728-934b-43d8-b55c-2ea77d6767d6.1150x.jpg', 'https://s1.ljcdn.com/matrix_lianjia_pc/dist/pc/src/resource/default/1150-450.png?_v=201906280941017d9', 'https://s1.ljcdn.com/matrix_lianjia_pc/dist/pc/src/resource/default/1150-450.png?_v=201906280941017d9', 'https://s1.ljcdn.com/matrix_lianjia_pc/dist/pc/src/resource/default/1150-450.png?_v=201906280941017d9', 'https://s1.ljcdn.com/matrix_lianjia_pc/dist/pc/src/resource/default/1150-450.png?_v=201906280941017d9']",,,,,,,,,,,,,[],22.581426,113.908106
https://sz.lianjia.com/apartment/15653.html,,,张优公寓 · 石厦A店,"
张优公寓 · 石厦A店

          2590元/月起

",,,,,['https://image1.ljcdn.com/rent-user-avatar/7e3eea65-acfc-4880-90ab-a6d43e06149c.1150x.jpg'],,,,,,,,,,,,,[],22.526438,114.057101
https://sz.lianjia.com/apartment/6123.html,,,璞家公寓 · 坂田华为2号店,"
璞家公寓 · 坂田华为2号店

          1380元/月起

",,,,,"['https://image1.ljcdn.com/rent-user-avatar/400f3d5d-5213-469f-b672-c0ef3654d716.1150x.jpg', 'https://s1.ljcdn.com/matrix_lianjia_pc/dist/pc/src/resource/default/1150-450.png?_v=201906280941017d9', 'https://s1.ljcdn.com/matrix_lianjia_pc/dist/pc/src/resource/default/1150-450.png?_v=201906280941017d9', 'https://s1.ljcdn.com/matrix_lianjia_pc/dist/pc/src/resource/default/1150-450.png?_v=201906280941017d9', 'https://s1.ljcdn.com/matrix_lianjia_pc/dist/pc/src/resource/default/1150-450.png?_v=201906280941017d9', 'https://s1.ljcdn.com/matrix_lianjia_pc/dist/pc/src/resource/default/1150-450.png?_v=201906280941017d9', 'https://s1.ljcdn.com/matrix_lianjia_pc/dist/pc/src/resource/default/1150-450.png?_v=201906280941017d9']",,,,,,,,,,,,,[],22.659611,114.072046
https://sz.lianjia.com/apartment/4102.html,,,职业房东 · 中海信公寓,"
职业房东 · 中海信公寓

          1500元/月起

",,,,,"['https://image1.ljcdn.com/rent-user-avatar/3605e246-bb98-4e5c-9b80-4e7d6c629b18.1150x.jpg', 'https://s1.ljcdn.com/matrix_lianjia_pc/dist/pc/src/resource/default/1150-450.png?_v=201906280941017d9', 'https://s1.ljcdn.com/matrix_lianjia_pc/dist/pc/src/resource/default/1150-450.png?_v=201906280941017d9', 'https://s1.ljcdn.com/matrix_lianjia_pc/dist/pc/src/resource/default/1150-450.png?_v=201906280941017d9', 'https://s1.ljcdn.com/matrix_lianjia_pc/dist/pc/src/resource/default/1150-450.png?_v=201906280941017d9', 'https://s1.ljcdn.com/matrix_lianjia_pc/dist/pc/src/resource/default/1150-450.png?_v=201906280941017d9', 'https://s1.ljcdn.com/matrix_lianjia_pc/dist/pc/src/resource/default/1150-450.png?_v=201906280941017d9', 'https://s1.ljcdn.com/matrix_lianjia_pc/dist/pc/src/resource/default/1150-450.png?_v=201906280941017d9', 'https://s1.ljcdn.com/matrix_lianjia_pc/dist/pc/src/resource/default/1150-450.png?_v=201906280941017d9', 'https://s1.ljcdn.com/matrix_lianjia_pc/dist/pc/src/resource/default/1150-450.png?_v=201906280941017d9']",,,,,,,,,,,,,[],22.655446,114.123443
https://sz.lianjia.com/apartment/19164.html,,,职业房东 · 酷蜗公寓-永丰店,"
职业房东 · 酷蜗公寓-永丰店

          2000元/月起

",,,,,['https://image1.ljcdn.com/rent-user-avatar/d9539bd2-0d6c-49af-bad3-33fea5dc42a1.1150x.jpg'],,,,,,,,,,,,,[],22.578229,113.87527
https://sz.lianjia.com/zufang/SZ2268603171716997120.html,宝安区,西乡,整租·宏发前城 1室0厅 东/东南/南/西南/西,2580元/月 (月付价),整租,1室0厅1卫,26㎡,朝东 东南 南 西南 西,"['https://image1.ljcdn.com/rent-user-avatar/7ba72a50-01b2-4a74-bbbf-2ec5b1f74622.780x439.jpg', 'https://s1.ljcdn.com/matrix_lianjia_pc/dist/pc/src/resource/default/780-439.png?_v=201906280941017d9', 'https://s1.ljcdn.com/matrix_lianjia_pc/dist/pc/src/resource/default/780-439.png?_v=201906280941017d9', 'https://s1.ljcdn.com/matrix_lianjia_pc/dist/pc/src/resource/default/780-439.png?_v=201906280941017d9', 'https://s1.ljcdn.com/matrix_lianjia_pc/dist/pc/src/resource/default/780-439.png?_v=201906280941017d9']",29天前,随时入住,1年,随时可看,5/12层,有,暂无数据,民水,民电,有,暂无数据,"['近地铁', '精装', '随时看房']","['1号线(罗宝线) - 坪洲', '28m']",22.575972,113.878053
https://sz.lianjia.com/apartment/14300.html,,,职业房东 · 鸿鑫公寓 龙井店,"
职业房东 · 鸿鑫公寓 龙井店

          2300元/月起

",,,,,"['https://image1.ljcdn.com/rent-user-avatar/5cb2948a-7082-4d38-84e5-43bb0e235549.1150x.jpg', 'https://s1.ljcdn.com/matrix_lianjia_pc/dist/pc/src/resource/default/1150-450.png?_v=201906280941017d9', 'https://s1.ljcdn.com/matrix_lianjia_pc/dist/pc/src/resource/default/1150-450.png?_v=201906280941017d9']",,,,,,,,,,,,,[],22.566319,113.981087
https://sz.lianjia.com/apartment/1654.html,,,优客青年公寓 · 兴宇大厦店,"
优客青年公寓 · 兴宇大厦店

          1480元/月起

",,,,,['https://image1.ljcdn.com/rent-user-avatar/7ebb32de-1a37-40d3-8f4a-b4b57a5fcb7a.1150x.jpg'],,,,,,,,,,,,,[],22.630509,114.036729
https://sz.lianjia.com/zufang/SZ2279018015590711296.html,南山区,南头,合租·常兴广场 4居室 南卧,2600元/月 (月付价),合租,4室2厅2卫,21㎡,朝南,"['https://image1.ljcdn.com/rent-user-avatar/24b16808-a229-46f5-aa5b-222394661817.780x439.jpg', 'https://s1.ljcdn.com/matrix_lianjia_pc/dist/pc/src/resource/default/780-439.png?_v=201906280941017d9', 'https://s1.ljcdn.com/matrix_lianjia_pc/dist/pc/src/resource/default/780-439.png?_v=201906280941017d9', 'https://s1.ljcdn.com/matrix_lianjia_pc/dist/pc/src/resource/default/780-439.png?_v=201906280941017d9', 'https://s1.ljcdn.com/matrix_lianjia_pc/dist/pc/src/resource/default/780-439.png?_v=201906280941017d9']",15天前,随时入住,1年以上,随时可看,26/29层,有,暂无数据,民水,民电,有,暂无数据,"['独立卫生间', '近地铁', '精装', '独立阳台', '随时看房']","['1号线(罗宝线) - 桃园', '389m', '1号线(罗宝线) - 大新', '707m', '11号线 - 南山', '1117m']",22.539334,113.928187
https://sz.lianjia.com/apartment/17053.html,,,朗诗寓 · 园岭店,"
朗诗寓 · 园岭店

          2800元/月起

",,,,,"['https://image1.ljcdn.com/rent-user-avatar/729ed690-1b51-4dfc-9de1-dab295c03c99.1150x.jpg', 'https://s1.ljcdn.com/matrix_lianjia_pc/dist/pc/src/resource/default/1150-450.png?_v=201906280941017d9', 'https://s1.ljcdn.com/matrix_lianjia_pc/dist/pc/src/resource/default/1150-450.png?_v=201906280941017d9', 'https://s1.ljcdn.com/matrix_lianjia_pc/dist/pc/src/resource/default/1150-450.png?_v=201906280941017d9', 'https://s1.ljcdn.com/matrix_lianjia_pc/dist/pc/src/resource/default/1150-450.png?_v=201906280941017d9', 'https://s1.ljcdn.com/matrix_lianjia_pc/dist/pc/src/resource/default/1150-450.png?_v=201906280941017d9', 'https://s1.ljcdn.com/matrix_lianjia_pc/dist/pc/src/resource/default/1150-450.png?_v=201906280941017d9', 'https://s1.ljcdn.com/matrix_lianjia_pc/dist/pc/src/resource/default/1150-450.png?_v=201906280941017d9', 'https://s1.ljcdn.com/matrix_lianjia_pc/dist/pc/src/resource/default/1150-450.png?_v=201906280941017d9']",,,,,,,,,,,,,[],22.563832,114.10662
https://sz.lianjia.com/zufang/SZ2288558910124605440.html,南山区,南山中心,合租·青春家园 4居室 南卧,2830元/月 (月付价),合租,4室1厅1卫,18㎡,朝南,"['https://image1.ljcdn.com/rent-user-avatar/048e9ce9-d259-448e-9cf4-8625ab9d88f1.780x439.jpg', 'https://s1.ljcdn.com/matrix_lianjia_pc/dist/pc/src/resource/default/780-439.png?_v=201906280941017d9', 'https://s1.ljcdn.com/matrix_lianjia_pc/dist/pc/src/resource/default/780-439.png?_v=201906280941017d9', 'https://s1.ljcdn.com/matrix_lianjia_pc/dist/pc/src/resource/default/780-439.png?_v=201906280941017d9', 'https://s1.ljcdn.com/matrix_lianjia_pc/dist/pc/src/resource/default/780-439.png?_v=201906280941017d9', 'https://s1.ljcdn.com/matrix_lianjia_pc/dist/pc/src/resource/default/780-439.png?_v=201906280941017d9', 'https://s1.ljcdn.com/matrix_lianjia_pc/dist/pc/src/resource/default/780-439.png?_v=201906280941017d9', 'https://s1.ljcdn.com/matrix_lianjia_pc/dist/pc/src/resource/default/780-439.png?_v=201906280941017d9', 'https://s1.ljcdn.com/matrix_lianjia_pc/dist/pc/src/resource/default/780-439.png?_v=201906280941017d9', 'https://s1.ljcdn.com/matrix_lianjia_pc/dist/pc/src/resource/default/780-439.png?_v=201906280941017d9', 'https://s1.ljcdn.com/matrix_lianjia_pc/dist/pc/src/resource/default/780-439.png?_v=201906280941017d9']",2天前,随时入住,1年以上,随时可看,9/25层,有,暂无数据,民水,民电,有,暂无数据,"['公寓', '近地铁', '精装', '独立阳台', '押一付一', '新上', '随时看房']","['11号线 - 南山', '1121m']",22.523117,113.935391
https://sz.lianjia.com/apartment/7796.html,,,职业房东 · 盛峰公寓  （新洲店）,"
职业房东 · 盛峰公寓  （新洲店）

          1700元/月起

",,,,,"['https://image1.ljcdn.com/rent-user-avatar/fcde8f40-dcfc-4120-a7d7-09d37fe86618.1150x.jpg', 'https://s1.ljcdn.com/matrix_lianjia_pc/dist/pc/src/resource/default/1150-450.png?_v=201906280941017d9']",,,,,,,,,,,,,[],22.532146,114.053584
https://sz.lianjia.com/apartment/18228.html,,,职业房东 · 五和店,"
职业房东 · 五和店

          1480元/月起

",,,,,"['https://image1.ljcdn.com/rent-user-avatar/6672871a-999c-4be1-b11a-991b9313c802.1150x.jpg', 'https://s1.ljcdn.com/matrix_lianjia_pc/dist/pc/src/resource/default/1150-450.png?_v=201906280941017d9', 'https://s1.ljcdn.com/matrix_lianjia_pc/dist/pc/src/resource/default/1150-450.png?_v=201906280941017d9', 'https://s1.ljcdn.com/matrix_lianjia_pc/dist/pc/src/resource/default/1150-450.png?_v=201906280941017d9', 'https://s1.ljcdn.com/matrix_lianjia_pc/dist/pc/src/resource/default/1150-450.png?_v=201906280941017d9']",,,,,,,,,,,,,[],22.63658,114.069929
https://sz.lianjia.com/apartment/5537.html,,,职业房东 · 恒煜公寓翻身店,"
职业房东 · 恒煜公寓翻身店

          1600元/月起

",,,,,['https://image1.ljcdn.com/rent-user-avatar/b8c4e35c-c0f9-4cb5-96dc-7d0bb9191f9f.1150x.jpg'],,,,,,,,,,,,,[],22.567367,113.898888
https://sz.lianjia.com/apartment/13232.html,,,同乐公寓 · 白石洲店,"
同乐公寓 · 白石洲店

          2200元/月起

",,,,,"['https://image1.ljcdn.com/rent-user-avatar/8459c866-943b-4d7c-8057-88858c59dd3b.1150x.jpg', 'https://s1.ljcdn.com/matrix_lianjia_pc/dist/pc/src/resource/default/1150-450.png?_v=201906280941017d9', 'https://s1.ljcdn.com/matrix_lianjia_pc/dist/pc/src/resource/default/1150-450.png?_v=201906280941017d9', 'https://s1.ljcdn.com/matrix_lianjia_pc/dist/pc/src/resource/default/1150-450.png?_v=201906280941017d9', 'https://s1.ljcdn.com/matrix_lianjia_pc/dist/pc/src/resource/default/1150-450.png?_v=201906280941017d9', 'https://s1.ljcdn.com/matrix_lianjia_pc/dist/pc/src/resource/default/1150-450.png?_v=201906280941017d9']",,,,,,,,,,,,,[],22.551504,113.976388
https://sz.lianjia.com/apartment/12043.html,,,星空公寓 · 西丽店,"
星空公寓 · 西丽店

          1280元/月起

",,,,,"['https://image1.ljcdn.com/rent-user-avatar/e9be9849-a6b5-432e-a76d-b4944c7d65ae.1150x.jpg', 'https://s1.ljcdn.com/matrix_lianjia_pc/dist/pc/src/resource/default/1150-450.png?_v=201906280941017d9', 'https://s1.ljcdn.com/matrix_lianjia_pc/dist/pc/src/resource/default/1150-450.png?_v=201906280941017d9', 'https://s1.ljcdn.com/matrix_lianjia_pc/dist/pc/src/resource/default/1150-450.png?_v=201906280941017d9', 'https://s1.ljcdn.com/matrix_lianjia_pc/dist/pc/src/resource/default/1150-450.png?_v=201906280941017d9', 'https://s1.ljcdn.com/matrix_lianjia_pc/dist/pc/src/resource/default/1150-450.png?_v=201906280941017d9', 'https://s1.ljcdn.com/matrix_lianjia_pc/dist/pc/src/resource/default/1150-450.png?_v=201906280941017d9', 'https://s1.ljcdn.com/matrix_lianjia_pc/dist/pc/src/resource/default/1150-450.png?_v=201906280941017d9', 'https://s1.ljcdn.com/matrix_lianjia_pc/dist/pc/src/resource/default/1150-450.png?_v=201906280941017d9', 'https://s1.ljcdn.com/matrix_lianjia_pc/dist/pc/src/resource/default/1150-450.png?_v=201906280941017d9']",,,,,,,,,,,,,[],22.637248,113.976166
https://sz.lianjia.com/zufang/SZ2284900345530826752.html,坪山区,坪山,整租·龙光玖云著 2室2厅 复式 南,2300元/月 (月付价),整租,2室2厅1卫,37㎡,朝 南,"['https://image1.ljcdn.com/rent-user-avatar/b2b30be3-f5aa-4345-9d82-9c25110691fb.780x439.jpg', 'https://s1.ljcdn.com/matrix_lianjia_pc/dist/pc/src/resource/default/780-439.png?_v=201906280941017d9', 'https://s1.ljcdn.com/matrix_lianjia_pc/dist/pc/src/resource/default/780-439.png?_v=201906280941017d9', 'https://s1.ljcdn.com/matrix_lianjia_pc/dist/pc/src/resource/default/780-439.png?_v=201906280941017d9', 'https://s1.ljcdn.com/matrix_lianjia_pc/dist/pc/src/resource/default/780-439.png?_v=201906280941017d9']",7天前,随时入住,6个月以上,随时可看,14/22层,有,暂无数据,商水,商电,无,暂无数据,"['公寓', '月租', '精装', '随时看房']",[],22.685481,114.337427
https://sz.lianjia.com/apartment/16858.html,,,职业房东 · 华庭公寓,"
职业房东 · 华庭公寓

          1850元/月起

",,,,,['https://image1.ljcdn.com/rent-user-avatar/445c5086-eace-4f4f-bd55-21fdc9ee5001.1150x.jpg'],,,,,,,,,,,,,[],22.581761,113.907878
https://sz.lianjia.com/apartment/13264.html,,,WeWa创享域 · 沙尾一店,"
WeWa创享域 · 沙尾一店

          2024元/月起

",,,,,"['https://image1.ljcdn.com/rent-user-avatar/ccd030b0-ef01-41b1-bdfc-21cc6c79b017.1150x.jpg', 'https://s1.ljcdn.com/matrix_lianjia_pc/dist/pc/src/resource/default/1150-450.png?_v=201906280941017d9', 'https://s1.ljcdn.com/matrix_lianjia_pc/dist/pc/src/resource/default/1150-450.png?_v=201906280941017d9', 'https://s1.ljcdn.com/matrix_lianjia_pc/dist/pc/src/resource/default/1150-450.png?_v=201906280941017d9', 'https://s1.ljcdn.com/matrix_lianjia_pc/dist/pc/src/resource/default/1150-450.png?_v=201906280941017d9', 'https://s1.ljcdn.com/matrix_lianjia_pc/dist/pc/src/resource/default/1150-450.png?_v=201906280941017d9', 'https://s1.ljcdn.com/matrix_lianjia_pc/dist/pc/src/resource/default/1150-450.png?_v=201906280941017d9', 'https://s1.ljcdn.com/matrix_lianjia_pc/dist/pc/src/resource/default/1150-450.png?_v=201906280941017d9']",,,,,,,,,,,,,[],22.524823,114.049633
https://sz.lianjia.com/apartment/8794.html,,,职业房东 · 温馨2号,"
职业房东 · 温馨2号

          1980元/月起

",,,,,"['https://image1.ljcdn.com/rent-user-avatar/97324164-cfc2-4a18-b583-e8c4953cd1f9.1150x.jpg', 'https://s1.ljcdn.com/matrix_lianjia_pc/dist/pc/src/resource/default/1150-450.png?_v=201906280941017d9']",,,,,,,,,,,,,[],22.523862,114.048383
https://sz.lianjia.com/apartment/12043.html,,,星空公寓 · 西丽店,"
星空公寓 · 西丽店

          1280元/月起

",,,,,"['https://image1.ljcdn.com/rent-user-avatar/e9be9849-a6b5-432e-a76d-b4944c7d65ae.1150x.jpg', 'https://s1.ljcdn.com/matrix_lianjia_pc/dist/pc/src/resource/default/1150-450.png?_v=201906280941017d9', 'https://s1.ljcdn.com/matrix_lianjia_pc/dist/pc/src/resource/default/1150-450.png?_v=201906280941017d9', 'https://s1.ljcdn.com/matrix_lianjia_pc/dist/pc/src/resource/default/1150-450.png?_v=201906280941017d9', 'https://s1.ljcdn.com/matrix_lianjia_pc/dist/pc/src/resource/default/1150-450.png?_v=201906280941017d9', 'https://s1.ljcdn.com/matrix_lianjia_pc/dist/pc/src/resource/default/1150-450.png?_v=201906280941017d9', 'https://s1.ljcdn.com/matrix_lianjia_pc/dist/pc/src/resource/default/1150-450.png?_v=201906280941017d9', 'https://s1.ljcdn.com/matrix_lianjia_pc/dist/pc/src/resource/default/1150-450.png?_v=201906280941017d9', 'https://s1.ljcdn.com/matrix_lianjia_pc/dist/pc/src/resource/default/1150-450.png?_v=201906280941017d9', 'https://s1.ljcdn.com/matrix_lianjia_pc/dist/pc/src/resource/default/1150-450.png?_v=201906280941017d9']",,,,,,,,,,,,,[],22.637248,113.976166
https://sz.lianjia.com/apartment/5537.html,,,职业房东 · 恒煜公寓翻身店,"
职业房东 · 恒煜公寓翻身店

          1600元/月起

",,,,,['https://image1.ljcdn.com/rent-user-avatar/b8c4e35c-c0f9-4cb5-96dc-7d0bb9191f9f.1150x.jpg'],,,,,,,,,,,,,[],22.567367,113.898888
https://sz.lianjia.com/apartment/17924.html,,,平台认证机构 · 享+公寓梅林店,"
平台认证机构 · 享+公寓梅林店

          2199元/月起

",,,,,"['https://image1.ljcdn.com/rent-user-avatar/0b133170-2ef2-446c-b035-40cc3eb3b91a.1150x.jpg', 'https://s1.ljcdn.com/matrix_lianjia_pc/dist/pc/src/resource/default/1150-450.png?_v=201906280941017d9', 'https://s1.ljcdn.com/matrix_lianjia_pc/dist/pc/src/resource/default/1150-450.png?_v=201906280941017d9', 'https://s1.ljcdn.com/matrix_lianjia_pc/dist/pc/src/resource/default/1150-450.png?_v=201906280941017d9', 'https://s1.ljcdn.com/matrix_lianjia_pc/dist/pc/src/resource/default/1150-450.png?_v=201906280941017d9', 'https://s1.ljcdn.com/matrix_lianjia_pc/dist/pc/src/resource/default/1150-450.png?_v=201906280941017d9']",,,,,,,,,,,,,[],22.570387,114.046569
