房源地址,行政区,位置,标题,租金,租赁方式,户型,面积,朝向,图片列表,发布时间,入住时间,租期,看房时间,楼层,电梯,车位,用水,用电,燃气,采暖,标签,station,latitude,longtitude
https://sz.lianjia.com/apartment/17354.html,,,万科泊寓 · 福田石厦公社,"
万科泊寓 · 福田石厦公社

          2698元/月起

",,,,,"['https://image1.ljcdn.com/rent-user-avatar/fdc88cf9-519b-4adc-8da5-f320434c29f5.1150x.jpg', 'https://s1.ljcdn.com/matrix_lianjia_pc/dist/pc/src/resource/default/1150-450.png?_v=201906280941017d9', 'https://s1.ljcdn.com/matrix_lianjia_pc/dist/pc/src/resource/default/1150-450.png?_v=201906280941017d9', 'https://s1.ljcdn.com/matrix_lianjia_pc/dist/pc/src/resource/default/1150-450.png?_v=201906280941017d9']",,,,,,,,,,,,,[],22.525458,114.058277
https://sz.lianjia.com/apartment/2651.html,,,鸿都公寓 · 沙尾店,"
鸿都公寓 · 沙尾店

          2500元/月起

",,,,,"['https://image1.ljcdn.com/rent-user-avatar/cadbcaff-c466-4c6f-bc66-e2d771197718.1150x.jpg', 'https://s1.ljcdn.com/matrix_lianjia_pc/dist/pc/src/resource/default/1150-450.png?_v=201906280941017d9', 'https://s1.ljcdn.com/matrix_lianjia_pc/dist/pc/src/resource/default/1150-450.png?_v=201906280941017d9', 'https://s1.ljcdn.com/matrix_lianjia_pc/dist/pc/src/resource/default/1150-450.png?_v=201906280941017d9', 'https://s1.ljcdn.com/matrix_lianjia_pc/dist/pc/src/resource/default/1150-450.png?_v=201906280941017d9', 'https://s1.ljcdn.com/matrix_lianjia_pc/dist/pc/src/resource/default/1150-450.png?_v=201906280941017d9', 'https://s1.ljcdn.com/matrix_lianjia_pc/dist/pc/src/resource/default/1150-450.png?_v=201906280941017d9', 'https://s1.ljcdn.com/matrix_lianjia_pc/dist/pc/src/resource/default/1150-450.png?_v=201906280941017d9', 'https://s1.ljcdn.com/matrix_lianjia_pc/dist/pc/src/resource/default/1150-450.png?_v=201906280941017d9', 'https://s1.ljcdn.com/matrix_lianjia_pc/dist/pc/src/resource/default/1150-450.png?_v=201906280941017d9', 'https://s1.ljcdn.com/matrix_lianjia_pc/dist/pc/src/resource/default/1150-450.png?_v=201906280941017d9', 'https://s1.ljcdn.com/matrix_lianjia_pc/dist/pc/src/resource/default/1150-450.png?_v=201906280941017d9', 'https://s1.ljcdn.com/matrix_lianjia_pc/dist/pc/src/resource/default/1150-450.png?_v=201906280941017d9', 'https://s1.ljcdn.com/matrix_lianjia_pc/dist/pc/src/resource/default/1150-450.png?_v=201906280941017d9', 'https://s1.ljcdn.com/matrix_lianjia_pc/dist/pc/src/resource/default/1150-450.png?_v=201906280941017d9', 'https://s1.ljcdn.com/matrix_lianjia_pc/dist/pc/src/resource/default/1150-450.png?_v=201906280941017d9']",,,,,,,,,,,,,[],22.524853,114.046433
https://sz.lianjia.com/zufang/SZ2285567533392338944.html,宝安区,西乡,整租·康达尔山海上城 1室1厅 南,2780元/月 (月付价),整租,1室1厅1卫,45㎡,朝南,"['https://image1.ljcdn.com/rent-user-avatar/16d07ec3-8d35-4a99-9a46-5f7546f48277.780x439.jpg', 'https://s1.ljcdn.com/matrix_lianjia_pc/dist/pc/src/resource/default/780-439.png?_v=201906280941017d9', 'https://s1.ljcdn.com/matrix_lianjia_pc/dist/pc/src/resource/default/780-439.png?_v=201906280941017d9', 'https://s1.ljcdn.com/matrix_lianjia_pc/dist/pc/src/resource/default/780-439.png?_v=201906280941017d9', 'https://s1.ljcdn.com/matrix_lianjia_pc/dist/pc/src/resource/default/780-439.png?_v=201906280941017d9', 'https://s1.ljcdn.com/matrix_lianjia_pc/dist/pc/src/resource/default/780-439.png?_v=201906280941017d9', 'https://s1.ljcdn.com/matrix_lianjia_pc/dist/pc/src/resource/default/780-439.png?_v=201906280941017d9', 'https://s1.ljcdn.com/matrix_lianjia_pc/dist/pc/src/resource/default/780-439.png?_v=201906280941017d9', 'https://s1.ljcdn.com/matrix_lianjia_pc/dist/pc/src/resource/default/780-439.png?_v=201906280941017d9', 'https://s1.ljcdn.com/matrix_lianjia_pc/dist/pc/src/resource/default/780-439.png?_v=201906280941017d9', 'https://s1.ljcdn.com/matrix_lianjia_pc/dist/pc/src/resource/default/780-439.png?_v=201906280941017d9', 'https://s1.ljcdn.com/matrix_lianjia_pc/dist/pc/src/resource/default/780-439.png?_v=201906280941017d9']",6天前,随时入住,6~12个月,随时可看,12/15层,暂无数据,暂无数据,暂无数据,暂无数据,暂无数据,暂无数据,"['月租', '精装', '新上', '随时看房']",[],22.597146,113.860387
https://sz.lianjia.com/zufang/SZ2267389083037220864.html,宝安区,翻身,整租·常盛花园 1室0厅 东/东南/南/西南,2280元/月 (月付价),整租,1室0厅1卫,25㎡,朝东 东南 南 西南,"['https://image1.ljcdn.com/rent-user-avatar/03520f7c-48d4-4be4-97aa-a12e6d11c337.780x439.jpg', 'https://s1.ljcdn.com/matrix_lianjia_pc/dist/pc/src/resource/default/780-439.png?_v=201906280941017d9', 'https://s1.ljcdn.com/matrix_lianjia_pc/dist/pc/src/resource/default/780-439.png?_v=201906280941017d9', 'https://s1.ljcdn.com/matrix_lianjia_pc/dist/pc/src/resource/default/780-439.png?_v=201906280941017d9', 'https://s1.ljcdn.com/matrix_lianjia_pc/dist/pc/src/resource/default/780-439.png?_v=201906280941017d9', 'https://s1.ljcdn.com/matrix_lianjia_pc/dist/pc/src/resource/default/780-439.png?_v=201906280941017d9', 'https://s1.ljcdn.com/matrix_lianjia_pc/dist/pc/src/resource/default/780-439.png?_v=201906280941017d9', 'https://s1.ljcdn.com/matrix_lianjia_pc/dist/pc/src/resource/default/780-439.png?_v=201906280941017d9']",1个月前,随时入住,6~12个月,随时可看,5/8层,暂无数据,暂无数据,暂无数据,暂无数据,暂无数据,暂无数据,"['公寓', '月租', '近地铁', '精装', '随时看房']","['5号线(环中线) - 翻身', '271m', '1号线(罗宝线),5号线(环中线) - 宝安中心', '1097m', '5号线(环中线) - 灵芝', '1191m']",22.567494281088,113.90211075845
https://sz.lianjia.com/apartment/11541.html,,,云枫公寓 · 宝安店,"
云枫公寓 · 宝安店

          2000元/月起

",,,,,"['https://image1.ljcdn.com/rent-user-avatar/9d325cde-1e3e-4582-a5ce-38cec421813e.1150x.jpg', 'https://s1.ljcdn.com/matrix_lianjia_pc/dist/pc/src/resource/default/1150-450.png?_v=201906280941017d9', 'https://s1.ljcdn.com/matrix_lianjia_pc/dist/pc/src/resource/default/1150-450.png?_v=201906280941017d9', 'https://s1.ljcdn.com/matrix_lianjia_pc/dist/pc/src/resource/default/1150-450.png?_v=201906280941017d9', 'https://s1.ljcdn.com/matrix_lianjia_pc/dist/pc/src/resource/default/1150-450.png?_v=201906280941017d9', 'https://s1.ljcdn.com/matrix_lianjia_pc/dist/pc/src/resource/default/1150-450.png?_v=201906280941017d9', 'https://s1.ljcdn.com/matrix_lianjia_pc/dist/pc/src/resource/default/1150-450.png?_v=201906280941017d9', 'https://s1.ljcdn.com/matrix_lianjia_pc/dist/pc/src/resource/default/1150-450.png?_v=201906280941017d9', 'https://s1.ljcdn.com/matrix_lianjia_pc/dist/pc/src/resource/default/1150-450.png?_v=201906280941017d9', 'https://s1.ljcdn.com/matrix_lianjia_pc/dist/pc/src/resource/default/1150-450.png?_v=201906280941017d9']",,,,,,,,,,,,,[],22.573071,113.891978
https://sz.lianjia.com/apartment/19059.html,,,苹果公寓 · 八栋,"
苹果公寓 · 八栋

          1080元/月起

",,,,,['https://image1.ljcdn.com/rent-user-avatar/7088fb63-c27b-4478-94c0-011249802b6b.1150x.jpg'],,,,,,,,,,,,,[],22.596334,113.843804
https://sz.lianjia.com/apartment/18735.html,,,万科泊寓 · 南山科技园店,"
万科泊寓 · 南山科技园店

          2998元/月起

",,,,,"['https://image1.ljcdn.com/rent-user-avatar/fe011f5d-b8f2-4404-ac51-31db020f1ec9.1150x.jpg', 'https://s1.ljcdn.com/matrix_lianjia_pc/dist/pc/src/resource/default/1150-450.png?_v=201906280941017d9']",,,,,,,,,,,,,[],22.559085,113.93337
https://sz.lianjia.com/zufang/SZ2282377200185917440.html,宝安区,翻身,整租·金汇名园 1室1厅 东/东南/南,3000元/月 (月付价),整租,1室1厅0卫,40㎡,朝东 东南 南,"['https://image1.ljcdn.com/rent-user-avatar/1afc1434-7756-4eb1-a79b-d84edac53238.780x439.jpg', 'https://s1.ljcdn.com/matrix_lianjia_pc/dist/pc/src/resource/default/780-439.png?_v=201906280941017d9', 'https://s1.ljcdn.com/matrix_lianjia_pc/dist/pc/src/resource/default/780-439.png?_v=201906280941017d9', 'https://s1.ljcdn.com/matrix_lianjia_pc/dist/pc/src/resource/default/780-439.png?_v=201906280941017d9', 'https://s1.ljcdn.com/matrix_lianjia_pc/dist/pc/src/resource/default/780-439.png?_v=201906280941017d9', 'https://s1.ljcdn.com/matrix_lianjia_pc/dist/pc/src/resource/default/780-439.png?_v=201906280941017d9', 'https://s1.ljcdn.com/matrix_lianjia_pc/dist/pc/src/resource/default/780-439.png?_v=201906280941017d9', 'https://s1.ljcdn.com/matrix_lianjia_pc/dist/pc/src/resource/default/780-439.png?_v=201906280941017d9', 'https://s1.ljcdn.com/matrix_lianjia_pc/dist/pc/src/resource/default/780-439.png?_v=201906280941017d9']",10天前,随时入住,6~12个月,随时可看,2/7层,有,暂无数据,民水,民电,有,暂无数据,"['公寓', '月租', '近地铁', '精装', '随时看房']","['5号线(环中线) - 翻身', '959m']",22.562726337624,113.90686917743
https://sz.lianjia.com/zufang/SZ2283284463129731072.html,福田区,上步,整租·佳兆业中心 1室0厅 南,3000元/月 (月付价),整租,1室0厅1卫,23㎡,朝 南,"['https://image1.ljcdn.com/rent-user-avatar/068e0493-7a9c-4a7c-b41f-13ff045fd14d.780x439.jpg', 'https://s1.ljcdn.com/matrix_lianjia_pc/dist/pc/src/resource/default/780-439.png?_v=201906280941017d9', 'https://s1.ljcdn.com/matrix_lianjia_pc/dist/pc/src/resource/default/780-439.png?_v=201906280941017d9', 'https://s1.ljcdn.com/matrix_lianjia_pc/dist/pc/src/resource/default/780-439.png?_v=201906280941017d9', 'https://s1.ljcdn.com/matrix_lianjia_pc/dist/pc/src/resource/default/780-439.png?_v=201906280941017d9', 'https://s1.ljcdn.com/matrix_lianjia_pc/dist/pc/src/resource/default/780-439.png?_v=201906280941017d9']",9天前,随时入住,1年,随时可看,25/29层,有,暂无数据,民水,民电,有,暂无数据,"['公寓', '近地铁', '精装', '随时看房']","['1号线(罗宝线) - 科学馆', '352m', '2号线(蛇口线) - 燕南', '909m', '9号线 - 红岭南', '939m', '7号线 - 华强南', '1085m', '3号线(龙岗线) - 通新岭', '1161m']",22.545851,114.103355
https://sz.lianjia.com/apartment/7796.html,,,职业房东 · 盛峰公寓  （新洲店）,"
职业房东 · 盛峰公寓  （新洲店）

          1700元/月起

",,,,,"['https://image1.ljcdn.com/rent-user-avatar/fcde8f40-dcfc-4120-a7d7-09d37fe86618.1150x.jpg', 'https://s1.ljcdn.com/matrix_lianjia_pc/dist/pc/src/resource/default/1150-450.png?_v=201906280941017d9']",,,,,,,,,,,,,[],22.532146,114.053584
https://sz.lianjia.com/zufang/SZ2243510672497582080.html,龙岗区,龙岗中心城,整租·万科天誉二期 1室1厅 东/东南/南/西南/西,2400元/月 (月付价),整租,1室1厅1卫,40㎡,朝东 东南 南 西南 西,"['https://image1.ljcdn.com/rent-user-avatar/9775722e-bb9e-4e22-b28f-c9f24a5c728e.780x439.jpg', 'https://s1.ljcdn.com/matrix_lianjia_pc/dist/pc/src/resource/default/780-439.png?_v=201906280941017d9', 'https://s1.ljcdn.com/matrix_lianjia_pc/dist/pc/src/resource/default/780-439.png?_v=201906280941017d9', 'https://s1.ljcdn.com/matrix_lianjia_pc/dist/pc/src/resource/default/780-439.png?_v=201906280941017d9']",2个月前,随时入住,1年,随时可看,17/42层,有,暂无数据,民水,民电,有,暂无数据,"['公寓', '近地铁', '精装', '随时看房']","['3号线(龙岗线) - 吉祥', '537m', '3号线(龙岗线) - 龙城广场', '1124m']",22.717501,114.251789
https://sz.lianjia.com/apartment/16930.html,,,职业房东 · 坂田光雅园,"
职业房东 · 坂田光雅园

          2300元/月起

",,,,,"['https://image1.ljcdn.com/rent-user-avatar/8e34f6ff-3944-48b0-ad75-dfdc6554ca42.1150x.jpg', 'https://s1.ljcdn.com/matrix_lianjia_pc/dist/pc/src/resource/default/1150-450.png?_v=201906280941017d9', 'https://s1.ljcdn.com/matrix_lianjia_pc/dist/pc/src/resource/default/1150-450.png?_v=201906280941017d9', 'https://s1.ljcdn.com/matrix_lianjia_pc/dist/pc/src/resource/default/1150-450.png?_v=201906280941017d9']",,,,,,,,,,,,,[],22.623994,114.073564
https://sz.lianjia.com/zufang/SZ2288515688660475904.html,南山区,前海,合租·鼎太风华二期 3居室 南卧,2360元/月 (月付价),合租,3室1厅1卫,15㎡,朝南,"['https://image1.ljcdn.com/rent-user-avatar/07e7ba45-7df1-43d8-93c6-00c6ac88e899.780x439.jpg', 'https://s1.ljcdn.com/matrix_lianjia_pc/dist/pc/src/resource/default/780-439.png?_v=201906280941017d9', 'https://s1.ljcdn.com/matrix_lianjia_pc/dist/pc/src/resource/default/780-439.png?_v=201906280941017d9', 'https://s1.ljcdn.com/matrix_lianjia_pc/dist/pc/src/resource/default/780-439.png?_v=201906280941017d9', 'https://s1.ljcdn.com/matrix_lianjia_pc/dist/pc/src/resource/default/780-439.png?_v=201906280941017d9', 'https://s1.ljcdn.com/matrix_lianjia_pc/dist/pc/src/resource/default/780-439.png?_v=201906280941017d9', 'https://s1.ljcdn.com/matrix_lianjia_pc/dist/pc/src/resource/default/780-439.png?_v=201906280941017d9']",2天前,随时入住,1年,随时可看,8/12层,有,暂无数据,民水,民电,有,暂无数据,"['公寓', '押一付一', '新上', '随时看房']",[],22.526939,113.91782
https://sz.lianjia.com/apartment/2455.html,,,职业房东 · 鹏基公寓,"
职业房东 · 鹏基公寓

          2400元/月起

",,,,,"['https://image1.ljcdn.com/rent-user-avatar/0ef4da1f-eedb-4235-beb9-624ee6191064.1150x.jpg', 'https://s1.ljcdn.com/matrix_lianjia_pc/dist/pc/src/resource/default/1150-450.png?_v=201906280941017d9', 'https://s1.ljcdn.com/matrix_lianjia_pc/dist/pc/src/resource/default/1150-450.png?_v=201906280941017d9', 'https://s1.ljcdn.com/matrix_lianjia_pc/dist/pc/src/resource/default/1150-450.png?_v=201906280941017d9', 'https://s1.ljcdn.com/matrix_lianjia_pc/dist/pc/src/resource/default/1150-450.png?_v=201906280941017d9']",,,,,,,,,,,,,[],22.567363,114.108408
https://sz.lianjia.com/zufang/SZ2262145160785690624.html,宝安区,翻身,整租·怡景新村 1室0厅 东/南/西南,2080元/月 (月付价),整租,1室0厅1卫,38㎡,朝东 南 西南,"['https://image1.ljcdn.com/rent-user-avatar/307d1d05-150b-48b0-ae12-a47c9381ac80.780x439.jpg', 'https://s1.ljcdn.com/matrix_lianjia_pc/dist/pc/src/resource/default/780-439.png?_v=201906280941017d9', 'https://s1.ljcdn.com/matrix_lianjia_pc/dist/pc/src/resource/default/780-439.png?_v=201906280941017d9', 'https://s1.ljcdn.com/matrix_lianjia_pc/dist/pc/src/resource/default/780-439.png?_v=201906280941017d9', 'https://s1.ljcdn.com/matrix_lianjia_pc/dist/pc/src/resource/default/780-439.png?_v=201906280941017d9', 'https://s1.ljcdn.com/matrix_lianjia_pc/dist/pc/src/resource/default/780-439.png?_v=201906280941017d9', 'https://s1.ljcdn.com/matrix_lianjia_pc/dist/pc/src/resource/default/780-439.png?_v=201906280941017d9', 'https://s1.ljcdn.com/matrix_lianjia_pc/dist/pc/src/resource/default/780-439.png?_v=201906280941017d9', 'https://s1.ljcdn.com/matrix_lianjia_pc/dist/pc/src/resource/default/780-439.png?_v=201906280941017d9']",1个月前,随时入住,6~12个月,随时可看,4/7层,暂无数据,暂无数据,暂无数据,暂无数据,暂无数据,暂无数据,"['公寓', '月租', '精装', '随时看房']",[],22.573088,113.898718
https://sz.lianjia.com/apartment/16201.html,,,简客公寓 · 西乡店,"
简客公寓 · 西乡店

          2600元/月起

",,,,,"['https://image1.ljcdn.com/rent-user-avatar/62bc2e37-b06a-4099-9d48-049e6ba5b0f9.1150x.jpg', 'https://s1.ljcdn.com/matrix_lianjia_pc/dist/pc/src/resource/default/1150-450.png?_v=201906280941017d9']",,,,,,,,,,,,,[],22.57765,113.869418
https://sz.lianjia.com/apartment/17894.html,,,职业房东 · 君庭,"
职业房东 · 君庭

          2580元/月起

",,,,,['https://image1.ljcdn.com/rent-user-avatar/5cc5b109-994b-43b2-a62b-9b90f70ac4ca.1150x.jpg'],,,,,,,,,,,,,[],22.602834,113.853253
https://sz.lianjia.com/apartment/17354.html,,,万科泊寓 · 福田石厦公社,"
万科泊寓 · 福田石厦公社

          2698元/月起

",,,,,"['https://image1.ljcdn.com/rent-user-avatar/fdc88cf9-519b-4adc-8da5-f320434c29f5.1150x.jpg', 'https://s1.ljcdn.com/matrix_lianjia_pc/dist/pc/src/resource/default/1150-450.png?_v=201906280941017d9', 'https://s1.ljcdn.com/matrix_lianjia_pc/dist/pc/src/resource/default/1150-450.png?_v=201906280941017d9', 'https://s1.ljcdn.com/matrix_lianjia_pc/dist/pc/src/resource/default/1150-450.png?_v=201906280941017d9']",,,,,,,,,,,,,[],22.525458,114.058277
https://sz.lianjia.com/apartment/14281.html,,,职业房东 · 蓝馨公寓龙井店,"
职业房东 · 蓝馨公寓龙井店

          2200元/月起

",,,,,"['https://image1.ljcdn.com/rent-user-avatar/c1fce3ea-7b41-405c-9e52-ecd7db1fae7e.1150x.jpg', 'https://s1.ljcdn.com/matrix_lianjia_pc/dist/pc/src/resource/default/1150-450.png?_v=201906280941017d9', 'https://s1.ljcdn.com/matrix_lianjia_pc/dist/pc/src/resource/default/1150-450.png?_v=201906280941017d9', 'https://s1.ljcdn.com/matrix_lianjia_pc/dist/pc/src/resource/default/1150-450.png?_v=201906280941017d9', 'https://s1.ljcdn.com/matrix_lianjia_pc/dist/pc/src/resource/default/1150-450.png?_v=201906280941017d9', 'https://s1.ljcdn.com/matrix_lianjia_pc/dist/pc/src/resource/default/1150-450.png?_v=201906280941017d9', 'https://s1.ljcdn.com/matrix_lianjia_pc/dist/pc/src/resource/default/1150-450.png?_v=201906280941017d9', 'https://s1.ljcdn.com/matrix_lianjia_pc/dist/pc/src/resource/default/1150-450.png?_v=201906280941017d9', 'https://s1.ljcdn.com/matrix_lianjia_pc/dist/pc/src/resource/default/1150-450.png?_v=201906280941017d9', 'https://s1.ljcdn.com/matrix_lianjia_pc/dist/pc/src/resource/default/1150-450.png?_v=201906280941017d9', 'https://s1.ljcdn.com/matrix_lianjia_pc/dist/pc/src/resource/default/1150-450.png?_v=201906280941017d9', 'https://s1.ljcdn.com/matrix_lianjia_pc/dist/pc/src/resource/default/1150-450.png?_v=201906280941017d9', 'https://s1.ljcdn.com/matrix_lianjia_pc/dist/pc/src/resource/default/1150-450.png?_v=201906280941017d9', 'https://s1.ljcdn.com/matrix_lianjia_pc/dist/pc/src/resource/default/1150-450.png?_v=201906280941017d9', 'https://s1.ljcdn.com/matrix_lianjia_pc/dist/pc/src/resource/default/1150-450.png?_v=201906280941017d9', 'https://s1.ljcdn.com/matrix_lianjia_pc/dist/pc/src/resource/default/1150-450.png?_v=201906280941017d9']",,,,,,,,,,,,,[],22.566937,113.982043
https://sz.lianjia.com/apartment/18669.html,,,悦隆宾馆 · 悦丰公寓,"
悦隆宾馆 · 悦丰公寓

          1380元/月起

",,,,,"['https://image1.ljcdn.com/rent-user-avatar/26d1ebec-f0db-4c71-8f7c-9d7fd0693e3e.1150x.jpg', 'https://s1.ljcdn.com/matrix_lianjia_pc/dist/pc/src/resource/default/1150-450.png?_v=201906280941017d9', 'https://s1.ljcdn.com/matrix_lianjia_pc/dist/pc/src/resource/default/1150-450.png?_v=201906280941017d9', 'https://s1.ljcdn.com/matrix_lianjia_pc/dist/pc/src/resource/default/1150-450.png?_v=201906280941017d9', 'https://s1.ljcdn.com/matrix_lianjia_pc/dist/pc/src/resource/default/1150-450.png?_v=201906280941017d9']",,,,,,,,,,,,,[],22.677796,113.808209
https://sz.lianjia.com/apartment/7796.html,,,职业房东 · 盛峰公寓  （新洲店）,"
职业房东 · 盛峰公寓  （新洲店）

          1700元/月起

",,,,,"['https://image1.ljcdn.com/rent-user-avatar/fcde8f40-dcfc-4120-a7d7-09d37fe86618.1150x.jpg', 'https://s1.ljcdn.com/matrix_lianjia_pc/dist/pc/src/resource/default/1150-450.png?_v=201906280941017d9']",,,,,,,,,,,,,[],22.532146,114.053584
https://sz.lianjia.com/zufang/SZ2252290324929970176.html,龙岗区,龙岗中心城,整租·远洋新干线一期 1室1厅 LOFT 南,2300元/月 (月付价),整租,1室1厅1卫,32㎡,朝南,"['https://image1.ljcdn.com/rent-user-avatar/2a63a0cf-833b-40a4-9d1f-602625ab1a2b.780x439.jpg', 'https://s1.ljcdn.com/matrix_lianjia_pc/dist/pc/src/resource/default/780-439.png?_v=201906280941017d9', 'https://s1.ljcdn.com/matrix_lianjia_pc/dist/pc/src/resource/default/780-439.png?_v=201906280941017d9', 'https://s1.ljcdn.com/matrix_lianjia_pc/dist/pc/src/resource/default/780-439.png?_v=201906280941017d9']",1个月前,随时入住,1年,随时可看,17/32层,有,暂无数据,民水,民电,无,暂无数据,"['公寓', '近地铁', '随时看房']","['3号线(龙岗线) - 南联', '516m', '3号线(龙岗线) - 龙城广场', '691m']",22.724439,114.268117
https://sz.lianjia.com/apartment/9709.html,,,暖窝居 · 大芬店,"
暖窝居 · 大芬店

          1900元/月起

",,,,,"['https://image1.ljcdn.com/rent-user-avatar/e4f4824e-23ac-4a91-8d48-1feb7610a8b5.1150x.jpg', 'https://s1.ljcdn.com/matrix_lianjia_pc/dist/pc/src/resource/default/1150-450.png?_v=201906280941017d9']",,,,,,,,,,,,,[],22.617759,114.142974
https://sz.lianjia.com/zufang/SZ2263533453339262976.html,龙岗区,龙岗中心城,整租·远洋新干线一期 3室2厅 南,2600元/月 (月付价),整租,3室2厅2卫,48㎡,朝南,"['https://image1.ljcdn.com/rent-user-avatar/0e6f8efa-5079-4d1a-94d2-472c1336ae1a.780x439.jpg', 'https://s1.ljcdn.com/matrix_lianjia_pc/dist/pc/src/resource/default/780-439.png?_v=201906280941017d9', 'https://s1.ljcdn.com/matrix_lianjia_pc/dist/pc/src/resource/default/780-439.png?_v=201906280941017d9', 'https://s1.ljcdn.com/matrix_lianjia_pc/dist/pc/src/resource/default/780-439.png?_v=201906280941017d9', 'https://s1.ljcdn.com/matrix_lianjia_pc/dist/pc/src/resource/default/780-439.png?_v=201906280941017d9', 'https://s1.ljcdn.com/matrix_lianjia_pc/dist/pc/src/resource/default/780-439.png?_v=201906280941017d9']",1个月前,随时入住,6~36个月,随时可看,21/32层,有,暂无数据,民水,民电,无,暂无数据,"['公寓', '月租', '近地铁', '精装', '双卫生间', '随时看房']","['3号线(龙岗线) - 南联', '516m', '3号线(龙岗线) - 龙城广场', '691m']",22.724439,114.268117
https://sz.lianjia.com/apartment/14931.html,,,职业房东 · 信江城市公寓,"
职业房东 · 信江城市公寓

          1500元/月起

",,,,,"['https://image1.ljcdn.com/rent-user-avatar/f8836fd5-9c78-4cf3-928c-5fb753749672.1150x.jpg', 'https://s1.ljcdn.com/matrix_lianjia_pc/dist/pc/src/resource/default/1150-450.png?_v=201906280941017d9', 'https://s1.ljcdn.com/matrix_lianjia_pc/dist/pc/src/resource/default/1150-450.png?_v=201906280941017d9']",,,,,,,,,,,,,[],22.58217,113.957393
https://sz.lianjia.com/apartment/4102.html,,,职业房东 · 中海信公寓,"
职业房东 · 中海信公寓

          1500元/月起

",,,,,"['https://image1.ljcdn.com/rent-user-avatar/3605e246-bb98-4e5c-9b80-4e7d6c629b18.1150x.jpg', 'https://s1.ljcdn.com/matrix_lianjia_pc/dist/pc/src/resource/default/1150-450.png?_v=201906280941017d9', 'https://s1.ljcdn.com/matrix_lianjia_pc/dist/pc/src/resource/default/1150-450.png?_v=201906280941017d9', 'https://s1.ljcdn.com/matrix_lianjia_pc/dist/pc/src/resource/default/1150-450.png?_v=201906280941017d9', 'https://s1.ljcdn.com/matrix_lianjia_pc/dist/pc/src/resource/default/1150-450.png?_v=201906280941017d9', 'https://s1.ljcdn.com/matrix_lianjia_pc/dist/pc/src/resource/default/1150-450.png?_v=201906280941017d9', 'https://s1.ljcdn.com/matrix_lianjia_pc/dist/pc/src/resource/default/1150-450.png?_v=201906280941017d9', 'https://s1.ljcdn.com/matrix_lianjia_pc/dist/pc/src/resource/default/1150-450.png?_v=201906280941017d9', 'https://s1.ljcdn.com/matrix_lianjia_pc/dist/pc/src/resource/default/1150-450.png?_v=201906280941017d9', 'https://s1.ljcdn.com/matrix_lianjia_pc/dist/pc/src/resource/default/1150-450.png?_v=201906280941017d9']",,,,,,,,,,,,,[],22.655446,114.123443
https://sz.lianjia.com/apartment/1994.html,,,张优公寓 · 海滨广场店,"
张优公寓 · 海滨广场店

          2800元/月起

",,,,,"['https://image1.ljcdn.com/rent-user-avatar/b01a7ea1-5df9-4fa3-a87a-68ddd3f6fad4.1150x.jpg', 'https://s1.ljcdn.com/matrix_lianjia_pc/dist/pc/src/resource/default/1150-450.png?_v=201906280941017d9']",,,,,,,,,,,,,[],22.533331,114.073705
https://sz.lianjia.com/apartment/17314.html,,,青年公寓 · 南山店,"
青年公寓 · 南山店

          2999元/月起

",,,,,"['https://image1.ljcdn.com/rent-user-avatar/40666be3-e0ca-4a22-9d26-da210a0fc410.1150x.jpg', 'https://s1.ljcdn.com/matrix_lianjia_pc/dist/pc/src/resource/default/1150-450.png?_v=201906280941017d9']",,,,,,,,,,,,,[],22.49411,113.941959
https://sz.lianjia.com/zufang/SZ2268845991987773440.html,宝安区,翻身,整租·翻身路104 1室0厅 东/东南/南/西南,2100元/月 (月付价),整租,1室0厅1卫,28㎡,朝东 东南 南 西南,"['https://image1.ljcdn.com/rent-user-avatar/3bfd7d86-6b17-441f-a595-a07ce840d6ad.780x439.jpg', 'https://s1.ljcdn.com/matrix_lianjia_pc/dist/pc/src/resource/default/780-439.png?_v=201906280941017d9', 'https://s1.ljcdn.com/matrix_lianjia_pc/dist/pc/src/resource/default/780-439.png?_v=201906280941017d9', 'https://s1.ljcdn.com/matrix_lianjia_pc/dist/pc/src/resource/default/780-439.png?_v=201906280941017d9', 'https://s1.ljcdn.com/matrix_lianjia_pc/dist/pc/src/resource/default/780-439.png?_v=201906280941017d9', 'https://s1.ljcdn.com/matrix_lianjia_pc/dist/pc/src/resource/default/780-439.png?_v=201906280941017d9', 'https://s1.ljcdn.com/matrix_lianjia_pc/dist/pc/src/resource/default/780-439.png?_v=201906280941017d9', 'https://s1.ljcdn.com/matrix_lianjia_pc/dist/pc/src/resource/default/780-439.png?_v=201906280941017d9', 'https://s1.ljcdn.com/matrix_lianjia_pc/dist/pc/src/resource/default/780-439.png?_v=201906280941017d9', 'https://s1.ljcdn.com/matrix_lianjia_pc/dist/pc/src/resource/default/780-439.png?_v=201906280941017d9']",29天前,随时入住,6~12个月,随时可看,3/4层,暂无数据,暂无数据,暂无数据,暂无数据,暂无数据,暂无数据,"['公寓', '月租', '精装', '随时看房']",[],22.558114613493,113.91197566146
https://sz.lianjia.com/apartment/11541.html,,,云枫公寓 · 宝安店,"
云枫公寓 · 宝安店

          2000元/月起

",,,,,"['https://image1.ljcdn.com/rent-user-avatar/9d325cde-1e3e-4582-a5ce-38cec421813e.1150x.jpg', 'https://s1.ljcdn.com/matrix_lianjia_pc/dist/pc/src/resource/default/1150-450.png?_v=201906280941017d9', 'https://s1.ljcdn.com/matrix_lianjia_pc/dist/pc/src/resource/default/1150-450.png?_v=201906280941017d9', 'https://s1.ljcdn.com/matrix_lianjia_pc/dist/pc/src/resource/default/1150-450.png?_v=201906280941017d9', 'https://s1.ljcdn.com/matrix_lianjia_pc/dist/pc/src/resource/default/1150-450.png?_v=201906280941017d9', 'https://s1.ljcdn.com/matrix_lianjia_pc/dist/pc/src/resource/default/1150-450.png?_v=201906280941017d9', 'https://s1.ljcdn.com/matrix_lianjia_pc/dist/pc/src/resource/default/1150-450.png?_v=201906280941017d9', 'https://s1.ljcdn.com/matrix_lianjia_pc/dist/pc/src/resource/default/1150-450.png?_v=201906280941017d9', 'https://s1.ljcdn.com/matrix_lianjia_pc/dist/pc/src/resource/default/1150-450.png?_v=201906280941017d9', 'https://s1.ljcdn.com/matrix_lianjia_pc/dist/pc/src/resource/default/1150-450.png?_v=201906280941017d9']",,,,,,,,,,,,,[],22.573071,113.891978
