房源地址,行政区,位置,标题,租金,租赁方式,户型,面积,朝向,图片列表,发布时间,入住时间,租期,看房时间,楼层,电梯,车位,用水,用电,燃气,采暖,标签,station,latitude,longtitude
https://sz.lianjia.com/apartment/11794.html,,,职业房东 · 南园村店,"
职业房东 · 南园村店

          1750元/月起

",,,,,"['https://image1.ljcdn.com/rent-user-avatar/ee49efb6-00ac-4f5c-8991-9c0d8c1e2875.1150x.jpg', 'https://s1.ljcdn.com/matrix_lianjia_pc/dist/pc/src/resource/default/1150-450.png?_v=201906280941017d9', 'https://s1.ljcdn.com/matrix_lianjia_pc/dist/pc/src/resource/default/1150-450.png?_v=201906280941017d9']",,,,,,,,,,,,,[],22.52376,113.923599
https://sz.lianjia.com/zufang/SZ2279729837432111104.html,宝安区,翻身,整租·泰华锦绣城 1室0厅 东/东南/南,1680元/月 (月付价),整租,1室0厅1卫,23㎡,朝东 东南 南,"['https://image1.ljcdn.com/rent-user-avatar/b67b688d-506c-47d3-8704-01c18c37fc94.780x439.jpg', 'https://s1.ljcdn.com/matrix_lianjia_pc/dist/pc/src/resource/default/780-439.png?_v=201906280941017d9', 'https://s1.ljcdn.com/matrix_lianjia_pc/dist/pc/src/resource/default/780-439.png?_v=201906280941017d9', 'https://s1.ljcdn.com/matrix_lianjia_pc/dist/pc/src/resource/default/780-439.png?_v=201906280941017d9', 'https://s1.ljcdn.com/matrix_lianjia_pc/dist/pc/src/resource/default/780-439.png?_v=201906280941017d9', 'https://s1.ljcdn.com/matrix_lianjia_pc/dist/pc/src/resource/default/780-439.png?_v=201906280941017d9', 'https://s1.ljcdn.com/matrix_lianjia_pc/dist/pc/src/resource/default/780-439.png?_v=201906280941017d9', 'https://s1.ljcdn.com/matrix_lianjia_pc/dist/pc/src/resource/default/780-439.png?_v=201906280941017d9', 'https://s1.ljcdn.com/matrix_lianjia_pc/dist/pc/src/resource/default/780-439.png?_v=201906280941017d9']",13天前,随时入住,6~12个月,随时可看,3/7层,有,暂无数据,民水,民电,有,暂无数据,"['公寓', '月租', '精装', '随时看房']",[],22.576671612777,113.89567515791
https://sz.lianjia.com/apartment/8126.html,,,禧邻公寓 · 丹竹头店,"
禧邻公寓 · 丹竹头店

          1350元/月起

",,,,,"['https://image1.ljcdn.com/rent-user-avatar/606509ed-cd7f-46bc-8452-9b9b9c3dba63.1150x.jpg', 'https://s1.ljcdn.com/matrix_lianjia_pc/dist/pc/src/resource/default/1150-450.png?_v=201906280941017d9', 'https://s1.ljcdn.com/matrix_lianjia_pc/dist/pc/src/resource/default/1150-450.png?_v=201906280941017d9', 'https://s1.ljcdn.com/matrix_lianjia_pc/dist/pc/src/resource/default/1150-450.png?_v=201906280941017d9', 'https://s1.ljcdn.com/matrix_lianjia_pc/dist/pc/src/resource/default/1150-450.png?_v=201906280941017d9', 'https://s1.ljcdn.com/matrix_lianjia_pc/dist/pc/src/resource/default/1150-450.png?_v=201906280941017d9', 'https://s1.ljcdn.com/matrix_lianjia_pc/dist/pc/src/resource/default/1150-450.png?_v=201906280941017d9', 'https://s1.ljcdn.com/matrix_lianjia_pc/dist/pc/src/resource/default/1150-450.png?_v=201906280941017d9', 'https://s1.ljcdn.com/matrix_lianjia_pc/dist/pc/src/resource/default/1150-450.png?_v=201906280941017d9', 'https://s1.ljcdn.com/matrix_lianjia_pc/dist/pc/src/resource/default/1150-450.png?_v=201906280941017d9']",,,,,,,,,,,,,[],22.619212,114.150165
https://sz.lianjia.com/apartment/17302.html,,,职业房东 · 六约店,"
职业房东 · 六约店

          1500元/月起

",,,,,"['https://image1.ljcdn.com/rent-user-avatar/0bedc71c-6b48-4a43-8078-09fc238750e6.1150x.jpg', 'https://s1.ljcdn.com/matrix_lianjia_pc/dist/pc/src/resource/default/1150-450.png?_v=201906280941017d9']",,,,,,,,,,,,,[],22.638704,114.193002
https://sz.lianjia.com/apartment/15468.html,,,桔子青年公寓 · 大芬A栋店,"
桔子青年公寓 · 大芬A栋店

          1700元/月起

",,,,,['https://image1.ljcdn.com/rent-user-avatar/f5eddabf-250f-4317-b001-f400049ebc75.1150x.jpg'],,,,,,,,,,,,,[],22.620104,114.142837
https://sz.lianjia.com/zufang/SZ2212682588336685056.html,罗湖区,清水河,整租·红岗花园 1室0厅 东南,1900元/月 (月付价),整租,1室0厅1卫,30㎡,朝东南,['https://image1.ljcdn.com/rent-user-avatar/c2447e57-1625-434e-ab6b-4db9e95d4588.780x439.jpg'],3个月前,随时入住,1个月以上,随时可看,1/7层,无,暂无数据,民水,民电,有,暂无数据,"['月租', '押一付一', '随时看房']",[],22.578499766723,114.11617604767
https://sz.lianjia.com/apartment/3493.html,,,南巢公寓 · 永湖店,"
南巢公寓 · 永湖店

          650元/月起

",,,,,"['https://image1.ljcdn.com/rent-user-avatar/ecad9e87-5c41-4275-ad37-6cc735347609.1150x.jpg', 'https://s1.ljcdn.com/matrix_lianjia_pc/dist/pc/src/resource/default/1150-450.png?_v=201906280941017d9', 'https://s1.ljcdn.com/matrix_lianjia_pc/dist/pc/src/resource/default/1150-450.png?_v=201906280941017d9', 'https://s1.ljcdn.com/matrix_lianjia_pc/dist/pc/src/resource/default/1150-450.png?_v=201906280941017d9', 'https://s1.ljcdn.com/matrix_lianjia_pc/dist/pc/src/resource/default/1150-450.png?_v=201906280941017d9', 'https://s1.ljcdn.com/matrix_lianjia_pc/dist/pc/src/resource/default/1150-450.png?_v=201906280941017d9']",,,,,,,,,,,,,[],22.665863,114.221793
https://sz.lianjia.com/apartment/14120.html,,,职业房东 · 青年社区木棉湾店,"
职业房东 · 青年社区木棉湾店

          1880元/月起

",,,,,['https://image1.ljcdn.com/rent-user-avatar/c73a33bf-459f-42c9-a240-986a1bc03e4f.1150x.jpg'],,,,,,,,,,,,,[],22.607771,114.13815
https://sz.lianjia.com/zufang/SZ2275336808768479232.html,宝安区,翻身,整租·怡景新村 1室0厅 东/东南,1850元/月 (月付价),整租,1室0厅1卫,26㎡,朝东 东南,"['https://image1.ljcdn.com/rent-user-avatar/ec17db74-32e8-4d65-9aad-4cb7c9b5aa72.780x439.jpg', 'https://s1.ljcdn.com/matrix_lianjia_pc/dist/pc/src/resource/default/780-439.png?_v=201906280941017d9', 'https://s1.ljcdn.com/matrix_lianjia_pc/dist/pc/src/resource/default/780-439.png?_v=201906280941017d9', 'https://s1.ljcdn.com/matrix_lianjia_pc/dist/pc/src/resource/default/780-439.png?_v=201906280941017d9', 'https://s1.ljcdn.com/matrix_lianjia_pc/dist/pc/src/resource/default/780-439.png?_v=201906280941017d9', 'https://s1.ljcdn.com/matrix_lianjia_pc/dist/pc/src/resource/default/780-439.png?_v=201906280941017d9', 'https://s1.ljcdn.com/matrix_lianjia_pc/dist/pc/src/resource/default/780-439.png?_v=201906280941017d9', 'https://s1.ljcdn.com/matrix_lianjia_pc/dist/pc/src/resource/default/780-439.png?_v=201906280941017d9', 'https://s1.ljcdn.com/matrix_lianjia_pc/dist/pc/src/resource/default/780-439.png?_v=201906280941017d9']",19天前,随时入住,6~12个月,随时可看,3/7层,暂无数据,暂无数据,暂无数据,暂无数据,暂无数据,暂无数据,"['公寓', '月租', '精装', '随时看房']",[],22.573088,113.898718
https://sz.lianjia.com/apartment/13743.html,,,职业房东 · 民乐老村公寓,"
职业房东 · 民乐老村公寓

          1800元/月起

",,,,,['https://image1.ljcdn.com/rent-user-avatar/4427ef42-7ade-4c71-9907-35f334dd719a.1150x.jpg'],,,,,,,,,,,,,[],22.603756,114.056937
https://sz.lianjia.com/zufang/SZ2211665121296785408.html,福田区,福田中心,合租·彩福大厦 3居室 东南卧,1990元/月 (月付价),合租,3室1厅1卫,8㎡,朝东南,"['https://image1.ljcdn.com/rent-user-avatar/3ad06248-5a55-4019-ac78-311762e54503.780x439.jpg', 'https://s1.ljcdn.com/matrix_lianjia_pc/dist/pc/src/resource/default/780-439.png?_v=201906280941017d9', 'https://s1.ljcdn.com/matrix_lianjia_pc/dist/pc/src/resource/default/780-439.png?_v=201906280941017d9', 'https://s1.ljcdn.com/matrix_lianjia_pc/dist/pc/src/resource/default/780-439.png?_v=201906280941017d9', 'https://s1.ljcdn.com/matrix_lianjia_pc/dist/pc/src/resource/default/780-439.png?_v=201906280941017d9', 'https://s1.ljcdn.com/matrix_lianjia_pc/dist/pc/src/resource/default/780-439.png?_v=201906280941017d9', 'https://s1.ljcdn.com/matrix_lianjia_pc/dist/pc/src/resource/default/780-439.png?_v=201906280941017d9']",3个月前,随时入住,1~12个月,随时可看,29/32层,有,暂无数据,民水,民电,有,暂无数据,"['月租', '近地铁', '精装', '押一付一', '随时看房']","['1号线(罗宝线) - 岗厦', '79m', '1号线(罗宝线),4号线(龙华线) - 会展中心', '585m', '2号线(蛇口线) - 岗厦北', '981m']",22.541719175228,114.07413104222
https://sz.lianjia.com/zufang/SZ2216653850264207360.html,福田区,梅林,合租·梅兴苑 4居室 东南卧,1960元/月 (月付价),合租,4室1厅2卫,12㎡,朝东南,"['https://image1.ljcdn.com/rent-user-avatar/473f02cd-81fe-4576-9245-2029435df851.780x439.jpg', 'https://s1.ljcdn.com/matrix_lianjia_pc/dist/pc/src/resource/default/780-439.png?_v=201906280941017d9', 'https://s1.ljcdn.com/matrix_lianjia_pc/dist/pc/src/resource/default/780-439.png?_v=201906280941017d9', 'https://s1.ljcdn.com/matrix_lianjia_pc/dist/pc/src/resource/default/780-439.png?_v=201906280941017d9', 'https://s1.ljcdn.com/matrix_lianjia_pc/dist/pc/src/resource/default/780-439.png?_v=201906280941017d9', 'https://s1.ljcdn.com/matrix_lianjia_pc/dist/pc/src/resource/default/780-439.png?_v=201906280941017d9', 'https://s1.ljcdn.com/matrix_lianjia_pc/dist/pc/src/resource/default/780-439.png?_v=201906280941017d9']",3个月前,随时入住,1~12个月,随时可看,2/7层,无,暂无数据,民水,民电,无,暂无数据,"['独立卫生间', '月租', '近地铁', '精装', '押一付一', '随时看房']","['9号线 - 梅村', '197m', '9号线 - 下梅林', '758m', '4号线(龙华线),9号线 - 上梅林', '1182m']",22.572207,114.056231
https://sz.lianjia.com/apartment/17119.html,,,美居 · 一店,"
美居 · 一店

          1880元/月起

",,,,,['https://image1.ljcdn.com/rent-user-avatar/dd5b690c-2f08-4956-bdc6-1e1d4f6f8b2a.1150x.jpg'],,,,,,,,,,,,,[],22.603024,113.853627
https://sz.lianjia.com/apartment/3765.html,,,稳稳当当公寓 · 稳稳当当公寓,"
稳稳当当公寓 · 稳稳当当公寓

          1900元/月起

",,,,,"['https://image1.ljcdn.com/rent-user-avatar/062f72a0-fbe4-4d5f-b1e4-efbd1dc70fd1.1150x.jpg', 'https://s1.ljcdn.com/matrix_lianjia_pc/dist/pc/src/resource/default/1150-450.png?_v=201906280941017d9']",,,,,,,,,,,,,[],22.646073,114.192041
https://sz.lianjia.com/apartment/3146.html,,,Odin微社区 · 布吉店,"
Odin微社区 · 布吉店

          1580元/月起

",,,,,"['https://image1.ljcdn.com/rent-user-avatar/0c280bb1-e58a-45ae-8c7c-27a447a9f0a1.1150x.jpg', 'https://s1.ljcdn.com/matrix_lianjia_pc/dist/pc/src/resource/default/1150-450.png?_v=201906280941017d9', 'https://s1.ljcdn.com/matrix_lianjia_pc/dist/pc/src/resource/default/1150-450.png?_v=201906280941017d9', 'https://s1.ljcdn.com/matrix_lianjia_pc/dist/pc/src/resource/default/1150-450.png?_v=201906280941017d9', 'https://s1.ljcdn.com/matrix_lianjia_pc/dist/pc/src/resource/default/1150-450.png?_v=201906280941017d9', 'https://s1.ljcdn.com/matrix_lianjia_pc/dist/pc/src/resource/default/1150-450.png?_v=201906280941017d9', 'https://s1.ljcdn.com/matrix_lianjia_pc/dist/pc/src/resource/default/1150-450.png?_v=201906280941017d9']",,,,,,,,,,,,,[],22.62471,114.163711
https://sz.lianjia.com/apartment/11793.html,,,职业房东 · 德馨花园,"
职业房东 · 德馨花园

          2000元/月起

",,,,,"['https://image1.ljcdn.com/rent-user-avatar/c2dbda8b-3b03-4bd0-8212-fffe683aea90.1150x.jpg', 'https://s1.ljcdn.com/matrix_lianjia_pc/dist/pc/src/resource/default/1150-450.png?_v=201906280941017d9', 'https://s1.ljcdn.com/matrix_lianjia_pc/dist/pc/src/resource/default/1150-450.png?_v=201906280941017d9']",,,,,,,,,,,,,[],22.525584,113.924764
https://sz.lianjia.com/apartment/902.html,,,港寓 · 塘尾店,"
港寓 · 塘尾店

          1380元/月起

",,,,,"['https://image1.ljcdn.com/rent-user-avatar/ac11b6f8-00f2-4a0a-b294-526361c5daf7.1150x.jpg', 'https://s1.ljcdn.com/matrix_lianjia_pc/dist/pc/src/resource/default/1150-450.png?_v=201906280941017d9', 'https://s1.ljcdn.com/matrix_lianjia_pc/dist/pc/src/resource/default/1150-450.png?_v=201906280941017d9', 'https://s1.ljcdn.com/matrix_lianjia_pc/dist/pc/src/resource/default/1150-450.png?_v=201906280941017d9', 'https://s1.ljcdn.com/matrix_lianjia_pc/dist/pc/src/resource/default/1150-450.png?_v=201906280941017d9', 'https://s1.ljcdn.com/matrix_lianjia_pc/dist/pc/src/resource/default/1150-450.png?_v=201906280941017d9', 'https://s1.ljcdn.com/matrix_lianjia_pc/dist/pc/src/resource/default/1150-450.png?_v=201906280941017d9', 'https://s1.ljcdn.com/matrix_lianjia_pc/dist/pc/src/resource/default/1150-450.png?_v=201906280941017d9']",,,,,,,,,,,,,[],22.7135,113.823584
https://sz.lianjia.com/apartment/18669.html,,,悦隆宾馆 · 悦丰公寓,"
悦隆宾馆 · 悦丰公寓

          1380元/月起

",,,,,"['https://image1.ljcdn.com/rent-user-avatar/26d1ebec-f0db-4c71-8f7c-9d7fd0693e3e.1150x.jpg', 'https://s1.ljcdn.com/matrix_lianjia_pc/dist/pc/src/resource/default/1150-450.png?_v=201906280941017d9', 'https://s1.ljcdn.com/matrix_lianjia_pc/dist/pc/src/resource/default/1150-450.png?_v=201906280941017d9', 'https://s1.ljcdn.com/matrix_lianjia_pc/dist/pc/src/resource/default/1150-450.png?_v=201906280941017d9', 'https://s1.ljcdn.com/matrix_lianjia_pc/dist/pc/src/resource/default/1150-450.png?_v=201906280941017d9']",,,,,,,,,,,,,[],22.677796,113.808209
https://sz.lianjia.com/apartment/16027.html,,,职业房东 · 熊熊公寓二店,"
职业房东 · 熊熊公寓二店

          1680元/月起

",,,,,"['https://image1.ljcdn.com/rent-user-avatar/7449c371-bbeb-4f85-88a7-db5a97c11a4e.1150x.jpg', 'https://s1.ljcdn.com/matrix_lianjia_pc/dist/pc/src/resource/default/1150-450.png?_v=201906280941017d9']",,,,,,,,,,,,,[],22.600137,113.855361
https://sz.lianjia.com/apartment/11794.html,,,职业房东 · 南园村店,"
职业房东 · 南园村店

          1750元/月起

",,,,,"['https://image1.ljcdn.com/rent-user-avatar/ee49efb6-00ac-4f5c-8991-9c0d8c1e2875.1150x.jpg', 'https://s1.ljcdn.com/matrix_lianjia_pc/dist/pc/src/resource/default/1150-450.png?_v=201906280941017d9', 'https://s1.ljcdn.com/matrix_lianjia_pc/dist/pc/src/resource/default/1150-450.png?_v=201906280941017d9']",,,,,,,,,,,,,[],22.52376,113.923599
https://sz.lianjia.com/apartment/12456.html,,,深圳雅玛公寓 · B栋,"
深圳雅玛公寓 · B栋

          1580元/月起

",,,,,"['https://image1.ljcdn.com/rent-user-avatar/0b6066f7-4ec3-4809-b257-89ba88b39329.1150x.jpg', 'https://s1.ljcdn.com/matrix_lianjia_pc/dist/pc/src/resource/default/1150-450.png?_v=201906280941017d9', 'https://s1.ljcdn.com/matrix_lianjia_pc/dist/pc/src/resource/default/1150-450.png?_v=201906280941017d9', 'https://s1.ljcdn.com/matrix_lianjia_pc/dist/pc/src/resource/default/1150-450.png?_v=201906280941017d9', 'https://s1.ljcdn.com/matrix_lianjia_pc/dist/pc/src/resource/default/1150-450.png?_v=201906280941017d9', 'https://s1.ljcdn.com/matrix_lianjia_pc/dist/pc/src/resource/default/1150-450.png?_v=201906280941017d9']",,,,,,,,,,,,,[],22.760757,113.912516
https://sz.lianjia.com/apartment/17651.html,,,许愿家品牌公寓 · 双龙店,"
许愿家品牌公寓 · 双龙店

          1580元/月起

",,,,,"['https://image1.ljcdn.com/rent-user-avatar/e33d0f64-d227-43fa-b6e7-e3d2c4b06582.1150x.jpg', 'https://s1.ljcdn.com/matrix_lianjia_pc/dist/pc/src/resource/default/1150-450.png?_v=201906280941017d9', 'https://s1.ljcdn.com/matrix_lianjia_pc/dist/pc/src/resource/default/1150-450.png?_v=201906280941017d9', 'https://s1.ljcdn.com/matrix_lianjia_pc/dist/pc/src/resource/default/1150-450.png?_v=201906280941017d9']",,,,,,,,,,,,,[],22.73393,114.281486
https://sz.lianjia.com/apartment/2292.html,,,初心公寓 · 智加店,"
初心公寓 · 智加店

          1800元/月起

",,,,,"['https://image1.ljcdn.com/rent-user-avatar/56bd5528-e944-4ef2-aaa9-f3753ef95e00.1150x.jpg', 'https://s1.ljcdn.com/matrix_lianjia_pc/dist/pc/src/resource/default/1150-450.png?_v=201906280941017d9', 'https://s1.ljcdn.com/matrix_lianjia_pc/dist/pc/src/resource/default/1150-450.png?_v=201906280941017d9', 'https://s1.ljcdn.com/matrix_lianjia_pc/dist/pc/src/resource/default/1150-450.png?_v=201906280941017d9']",,,,,,,,,,,,,[],22.650627,114.027713
https://sz.lianjia.com/apartment/3661.html,,,职业房东 · 海川公寓C栋,"
职业房东 · 海川公寓C栋

          1280元/月起

",,,,,"['https://image1.ljcdn.com/rent-user-avatar/d0e39e2c-5d76-4484-b926-896365728ed7.1150x.jpg', 'https://s1.ljcdn.com/matrix_lianjia_pc/dist/pc/src/resource/default/1150-450.png?_v=201906280941017d9', 'https://s1.ljcdn.com/matrix_lianjia_pc/dist/pc/src/resource/default/1150-450.png?_v=201906280941017d9']",,,,,,,,,,,,,[],22.635,114.164552
https://sz.lianjia.com/apartment/11745.html,,,智加公寓 · 坳头新村,"
智加公寓 · 坳头新村

          1480元/月起

",,,,,['https://image1.ljcdn.com/rent-user-avatar/94f98c37-e9dd-45ff-aad2-89c07ca04186.1150x.jpg'],,,,,,,,,,,,,[],22.650351,114.02742
https://sz.lianjia.com/apartment/17140.html,,,美居 · 二店,"
美居 · 二店

          1580元/月起

",,,,,['https://image1.ljcdn.com/rent-user-avatar/684f131b-419a-47e8-87cd-1e6215d0fe75.1150x.jpg'],,,,,,,,,,,,,[],22.602919,113.853546
https://sz.lianjia.com/apartment/17142.html,,,万科泊寓 · 福永芳华公社,"
万科泊寓 · 福永芳华公社

          816元/月起

",,,,,"['https://image1.ljcdn.com/rent-user-avatar/1e238fd8-5029-4fd1-9280-29871ae08a4d.1150x.jpg', 'https://s1.ljcdn.com/matrix_lianjia_pc/dist/pc/src/resource/default/1150-450.png?_v=201906280941017d9', 'https://s1.ljcdn.com/matrix_lianjia_pc/dist/pc/src/resource/default/1150-450.png?_v=201906280941017d9']",,,,,,,,,,,,,[],22.674957,113.825288
https://sz.lianjia.com/apartment/18591.html,,,职业房东 · 逸居人,"
职业房东 · 逸居人

          1580元/月起

",,,,,"['https://image1.ljcdn.com/rent-user-avatar/fe60f3f9-5581-4f53-b3d2-0dfed8798a37.1150x.jpg', 'https://s1.ljcdn.com/matrix_lianjia_pc/dist/pc/src/resource/default/1150-450.png?_v=201906280941017d9']",,,,,,,,,,,,,[],22.58318,113.873634
https://sz.lianjia.com/apartment/3146.html,,,Odin微社区 · 布吉店,"
Odin微社区 · 布吉店

          1580元/月起

",,,,,"['https://image1.ljcdn.com/rent-user-avatar/0c280bb1-e58a-45ae-8c7c-27a447a9f0a1.1150x.jpg', 'https://s1.ljcdn.com/matrix_lianjia_pc/dist/pc/src/resource/default/1150-450.png?_v=201906280941017d9', 'https://s1.ljcdn.com/matrix_lianjia_pc/dist/pc/src/resource/default/1150-450.png?_v=201906280941017d9', 'https://s1.ljcdn.com/matrix_lianjia_pc/dist/pc/src/resource/default/1150-450.png?_v=201906280941017d9', 'https://s1.ljcdn.com/matrix_lianjia_pc/dist/pc/src/resource/default/1150-450.png?_v=201906280941017d9', 'https://s1.ljcdn.com/matrix_lianjia_pc/dist/pc/src/resource/default/1150-450.png?_v=201906280941017d9', 'https://s1.ljcdn.com/matrix_lianjia_pc/dist/pc/src/resource/default/1150-450.png?_v=201906280941017d9']",,,,,,,,,,,,,[],22.62471,114.163711
https://sz.lianjia.com/apartment/8884.html,,,瑞鑫家园青年社区 · 宝安店,"
瑞鑫家园青年社区 · 宝安店

          1300元/月起

",,,,,"['https://image1.ljcdn.com/rent-user-avatar/4766dc44-fa45-4b84-88db-2d1c04654e0c.1150x.jpg', 'https://s1.ljcdn.com/matrix_lianjia_pc/dist/pc/src/resource/default/1150-450.png?_v=201906280941017d9', 'https://s1.ljcdn.com/matrix_lianjia_pc/dist/pc/src/resource/default/1150-450.png?_v=201906280941017d9', 'https://s1.ljcdn.com/matrix_lianjia_pc/dist/pc/src/resource/default/1150-450.png?_v=201906280941017d9', 'https://s1.ljcdn.com/matrix_lianjia_pc/dist/pc/src/resource/default/1150-450.png?_v=201906280941017d9', 'https://s1.ljcdn.com/matrix_lianjia_pc/dist/pc/src/resource/default/1150-450.png?_v=201906280941017d9', 'https://s1.ljcdn.com/matrix_lianjia_pc/dist/pc/src/resource/default/1150-450.png?_v=201906280941017d9', 'https://s1.ljcdn.com/matrix_lianjia_pc/dist/pc/src/resource/default/1150-450.png?_v=201906280941017d9', 'https://s1.ljcdn.com/matrix_lianjia_pc/dist/pc/src/resource/default/1150-450.png?_v=201906280941017d9', 'https://s1.ljcdn.com/matrix_lianjia_pc/dist/pc/src/resource/default/1150-450.png?_v=201906280941017d9', 'https://s1.ljcdn.com/matrix_lianjia_pc/dist/pc/src/resource/default/1150-450.png?_v=201906280941017d9', 'https://s1.ljcdn.com/matrix_lianjia_pc/dist/pc/src/resource/default/1150-450.png?_v=201906280941017d9']",,,,,,,,,,,,,[],22.586375,113.891323
