房源地址,行政区,位置,标题,租金,租赁方式,户型,面积,朝向,图片列表,发布时间,入住时间,租期,看房时间,楼层,电梯,车位,用水,用电,燃气,采暖,标签,station,latitude,longtitude
https://sz.lianjia.com/apartment/17943.html,,,职业房东 · 南昌二队店,"
职业房东 · 南昌二队店

          1280元/月起

",,,,,['https://image1.ljcdn.com/rent-user-avatar/6e4222d5-5ce0-41a1-a570-514d8f85c8ad.1150x.jpg'],,,,,,,,,,,,,[],22.604759,113.847654
https://sz.lianjia.com/apartment/18259.html,,,职业房东 · 壹壹艺术居,"
职业房东 · 壹壹艺术居

          1780元/月起

",,,,,['https://image1.ljcdn.com/rent-user-avatar/4c036c46-ac69-4abd-b705-7fedb1453cee.1150x.jpg'],,,,,,,,,,,,,[],22.596777,113.844822
https://sz.lianjia.com/apartment/17140.html,,,美居 · 二店,"
美居 · 二店

          1580元/月起

",,,,,['https://image1.ljcdn.com/rent-user-avatar/684f131b-419a-47e8-87cd-1e6215d0fe75.1150x.jpg'],,,,,,,,,,,,,[],22.602919,113.853546
https://sz.lianjia.com/apartment/9424.html,,,扬美德公寓 · 布龙路一巷10号店,"
扬美德公寓 · 布龙路一巷10号店

          1680元/月起

",,,,,['https://image1.ljcdn.com/rent-user-avatar/6552a84c-ec1a-45af-a517-6eea4e8c35ea.1150x.jpg'],,,,,,,,,,,,,[],22.632322,114.084598
https://sz.lianjia.com/apartment/15287.html,,,职业房东 · 嘉园公馆,"
职业房东 · 嘉园公馆

          990元/月起

",,,,,"['https://image1.ljcdn.com/rent-user-avatar/6709c6dd-6b50-4f4e-ba26-32f1f385179b.1150x.jpg', 'https://s1.ljcdn.com/matrix_lianjia_pc/dist/pc/src/resource/default/1150-450.png?_v=201906280941017d9', 'https://s1.ljcdn.com/matrix_lianjia_pc/dist/pc/src/resource/default/1150-450.png?_v=201906280941017d9']",,,,,,,,,,,,,[],22.722376,113.825455
https://sz.lianjia.com/apartment/9425.html,,,有家公寓 · 龙华地铁店,"
有家公寓 · 龙华地铁店

          1500元/月起

",,,,,"['https://image1.ljcdn.com/rent-user-avatar/42b09e59-dc78-4b1f-bd55-7f9eb1b145e7.1150x.jpg', 'https://s1.ljcdn.com/matrix_lianjia_pc/dist/pc/src/resource/default/1150-450.png?_v=201906280941017d9']",,,,,,,,,,,,,[],22.667558,114.02204
https://sz.lianjia.com/apartment/14620.html,,,希林公寓 · 大浪店,"
希林公寓 · 大浪店

          1380元/月起

",,,,,"['https://image1.ljcdn.com/rent-user-avatar/e8b17436-fd5e-49c1-af0b-748c05e17066.1150x.jpg', 'https://s1.ljcdn.com/matrix_lianjia_pc/dist/pc/src/resource/default/1150-450.png?_v=201906280941017d9', 'https://s1.ljcdn.com/matrix_lianjia_pc/dist/pc/src/resource/default/1150-450.png?_v=201906280941017d9', 'https://s1.ljcdn.com/matrix_lianjia_pc/dist/pc/src/resource/default/1150-450.png?_v=201906280941017d9', 'https://s1.ljcdn.com/matrix_lianjia_pc/dist/pc/src/resource/default/1150-450.png?_v=201906280941017d9', 'https://s1.ljcdn.com/matrix_lianjia_pc/dist/pc/src/resource/default/1150-450.png?_v=201906280941017d9', 'https://s1.ljcdn.com/matrix_lianjia_pc/dist/pc/src/resource/default/1150-450.png?_v=201906280941017d9', 'https://s1.ljcdn.com/matrix_lianjia_pc/dist/pc/src/resource/default/1150-450.png?_v=201906280941017d9', 'https://s1.ljcdn.com/matrix_lianjia_pc/dist/pc/src/resource/default/1150-450.png?_v=201906280941017d9', 'https://s1.ljcdn.com/matrix_lianjia_pc/dist/pc/src/resource/default/1150-450.png?_v=201906280941017d9', 'https://s1.ljcdn.com/matrix_lianjia_pc/dist/pc/src/resource/default/1150-450.png?_v=201906280941017d9', 'https://s1.ljcdn.com/matrix_lianjia_pc/dist/pc/src/resource/default/1150-450.png?_v=201906280941017d9', 'https://s1.ljcdn.com/matrix_lianjia_pc/dist/pc/src/resource/default/1150-450.png?_v=201906280941017d9', 'https://s1.ljcdn.com/matrix_lianjia_pc/dist/pc/src/resource/default/1150-450.png?_v=201906280941017d9', 'https://s1.ljcdn.com/matrix_lianjia_pc/dist/pc/src/resource/default/1150-450.png?_v=201906280941017d9', 'https://s1.ljcdn.com/matrix_lianjia_pc/dist/pc/src/resource/default/1150-450.png?_v=201906280941017d9', 'https://s1.ljcdn.com/matrix_lianjia_pc/dist/pc/src/resource/default/1150-450.png?_v=201906280941017d9', 'https://s1.ljcdn.com/matrix_lianjia_pc/dist/pc/src/resource/default/1150-450.png?_v=201906280941017d9', 'https://s1.ljcdn.com/matrix_lianjia_pc/dist/pc/src/resource/default/1150-450.png?_v=201906280941017d9', 'https://s1.ljcdn.com/matrix_lianjia_pc/dist/pc/src/resource/default/1150-450.png?_v=201906280941017d9', 'https://s1.ljcdn.com/matrix_lianjia_pc/dist/pc/src/resource/default/1150-450.png?_v=201906280941017d9', 'https://s1.ljcdn.com/matrix_lianjia_pc/dist/pc/src/resource/default/1150-450.png?_v=201906280941017d9']",,,,,,,,,,,,,[],22.667762,114.013591
https://sz.lianjia.com/apartment/9286.html,,,职业房东 · 和平居,"
职业房东 · 和平居

          1600元/月起

",,,,,['https://image1.ljcdn.com/rent-user-avatar/ea5e1fa7-2c2c-4fe1-90e4-fd7b1fdc9ce2.1150x.jpg'],,,,,,,,,,,,,[],22.676808,114.034431
https://sz.lianjia.com/apartment/12639.html,,,平台优选商家 · 清湖店,"
平台优选商家 · 清湖店

          1600元/月起

",,,,,"['https://image1.ljcdn.com/rent-user-avatar/66aa7eb4-3992-492d-a9b0-8c80ea034c4c.1150x.jpg', 'https://s1.ljcdn.com/matrix_lianjia_pc/dist/pc/src/resource/default/1150-450.png?_v=201906280941017d9', 'https://s1.ljcdn.com/matrix_lianjia_pc/dist/pc/src/resource/default/1150-450.png?_v=201906280941017d9']",,,,,,,,,,,,,[],22.669083,114.035325
https://sz.lianjia.com/apartment/17801.html,,,职业房东 · 坂田一店,"
职业房东 · 坂田一店

          1580元/月起

",,,,,"['https://image1.ljcdn.com/rent-user-avatar/14fa725b-7ddf-4dfb-82e6-f130b4eeb4fb.1150x.jpg', 'https://s1.ljcdn.com/matrix_lianjia_pc/dist/pc/src/resource/default/1150-450.png?_v=201906280941017d9', 'https://s1.ljcdn.com/matrix_lianjia_pc/dist/pc/src/resource/default/1150-450.png?_v=201906280941017d9', 'https://s1.ljcdn.com/matrix_lianjia_pc/dist/pc/src/resource/default/1150-450.png?_v=201906280941017d9', 'https://s1.ljcdn.com/matrix_lianjia_pc/dist/pc/src/resource/default/1150-450.png?_v=201906280941017d9', 'https://s1.ljcdn.com/matrix_lianjia_pc/dist/pc/src/resource/default/1150-450.png?_v=201906280941017d9', 'https://s1.ljcdn.com/matrix_lianjia_pc/dist/pc/src/resource/default/1150-450.png?_v=201906280941017d9']",,,,,,,,,,,,,[],22.638172,114.077606
https://sz.lianjia.com/apartment/15260.html,,,映家公寓 · 前海一号店,"
映家公寓 · 前海一号店

          1880元/月起

",,,,,"['https://image1.ljcdn.com/rent-user-avatar/2b010b6a-1b18-4eec-a8ce-cbb84292767a.1150x.jpg', 'https://s1.ljcdn.com/matrix_lianjia_pc/dist/pc/src/resource/default/1150-450.png?_v=201906280941017d9', 'https://s1.ljcdn.com/matrix_lianjia_pc/dist/pc/src/resource/default/1150-450.png?_v=201906280941017d9', 'https://s1.ljcdn.com/matrix_lianjia_pc/dist/pc/src/resource/default/1150-450.png?_v=201906280941017d9']",,,,,,,,,,,,,[],22.567343,113.878063
https://sz.lianjia.com/zufang/SZ2255759044067467264.html,福田区,皇岗,合租·银庄大厦 4居室 东南卧,1900元/月 (月付价),合租,4室1厅1卫,8㎡,朝东南,"['https://image1.ljcdn.com/rent-user-avatar/255c0b6d-0cfc-4584-8e0e-4bf0d4b33101.780x439.jpg', 'https://s1.ljcdn.com/matrix_lianjia_pc/dist/pc/src/resource/default/780-439.png?_v=201906280941017d9', 'https://s1.ljcdn.com/matrix_lianjia_pc/dist/pc/src/resource/default/780-439.png?_v=201906280941017d9', 'https://s1.ljcdn.com/matrix_lianjia_pc/dist/pc/src/resource/default/780-439.png?_v=201906280941017d9', 'https://s1.ljcdn.com/matrix_lianjia_pc/dist/pc/src/resource/default/780-439.png?_v=201906280941017d9', 'https://s1.ljcdn.com/matrix_lianjia_pc/dist/pc/src/resource/default/780-439.png?_v=201906280941017d9', 'https://s1.ljcdn.com/matrix_lianjia_pc/dist/pc/src/resource/default/780-439.png?_v=201906280941017d9', 'https://s1.ljcdn.com/matrix_lianjia_pc/dist/pc/src/resource/default/780-439.png?_v=201906280941017d9', 'https://s1.ljcdn.com/matrix_lianjia_pc/dist/pc/src/resource/default/780-439.png?_v=201906280941017d9']",1个月前,随时入住,1~12个月,随时可看,15/25层,有,暂无数据,民水,民电,有,暂无数据,"['月租', '近地铁', '精装', '押一付一', '随时看房']","['4号线(龙华线),7号线 - 福民', '75m', '7号线 - 皇岗村', '711m', '4号线(龙华线) - 福田口岸', '816m', '3号线(龙岗线),7号线 - 石厦', '1178m']",22.527259278147,114.07109516128
https://sz.lianjia.com/apartment/19050.html,,,遇上公寓 · 坂田店,"
遇上公寓 · 坂田店

          1380元/月起

",,,,,['https://image1.ljcdn.com/rent-user-avatar/c39ee763-ff2e-434e-8ec2-c1f91db7b56f.1150x.jpg'],,,,,,,,,,,,,[],22.645112,114.076677
https://sz.lianjia.com/zufang/SZ2265800426257924096.html,龙岗区,丹竹头,合租·英郡年华 5居室 东南卧,1650元/月 (月付价),合租,5室1厅1卫,12㎡,朝东南,"['https://image1.ljcdn.com/rent-user-avatar/40b69fd4-a106-4a1b-85dd-63ea293eac5b.780x439.jpg', 'https://s1.ljcdn.com/matrix_lianjia_pc/dist/pc/src/resource/default/780-439.png?_v=201906280941017d9', 'https://s1.ljcdn.com/matrix_lianjia_pc/dist/pc/src/resource/default/780-439.png?_v=201906280941017d9', 'https://s1.ljcdn.com/matrix_lianjia_pc/dist/pc/src/resource/default/780-439.png?_v=201906280941017d9', 'https://s1.ljcdn.com/matrix_lianjia_pc/dist/pc/src/resource/default/780-439.png?_v=201906280941017d9', 'https://s1.ljcdn.com/matrix_lianjia_pc/dist/pc/src/resource/default/780-439.png?_v=201906280941017d9', 'https://s1.ljcdn.com/matrix_lianjia_pc/dist/pc/src/resource/default/780-439.png?_v=201906280941017d9', 'https://s1.ljcdn.com/matrix_lianjia_pc/dist/pc/src/resource/default/780-439.png?_v=201906280941017d9']",1个月前,随时入住,6~12个月,需提前预约,19/30层,有,暂无数据,民水,民电,有,暂无数据,"['公寓', '月租', '近地铁', '精装']","['3号线(龙岗线) - 丹竹头', '355m']",22.622233984324,114.15678995395
https://sz.lianjia.com/apartment/2292.html,,,初心公寓 · 智加店,"
初心公寓 · 智加店

          1800元/月起

",,,,,"['https://image1.ljcdn.com/rent-user-avatar/56bd5528-e944-4ef2-aaa9-f3753ef95e00.1150x.jpg', 'https://s1.ljcdn.com/matrix_lianjia_pc/dist/pc/src/resource/default/1150-450.png?_v=201906280941017d9', 'https://s1.ljcdn.com/matrix_lianjia_pc/dist/pc/src/resource/default/1150-450.png?_v=201906280941017d9', 'https://s1.ljcdn.com/matrix_lianjia_pc/dist/pc/src/resource/default/1150-450.png?_v=201906280941017d9']",,,,,,,,,,,,,[],22.650627,114.027713
https://sz.lianjia.com/apartment/7395.html,,,职业房东 · 德宝公寓,"
职业房东 · 德宝公寓

          799元/月起

",,,,,['https://image1.ljcdn.com/rent-user-avatar/ab7c98c3-dcc1-41e0-94d2-6199aa107d23.1150x.jpg'],,,,,,,,,,,,,[],22.599782,113.856379
https://sz.lianjia.com/zufang/SZ2273127671376920576.html,福田区,梅林,合租·华茂苑 4居室 东南卧,2000元/月 (月付价),合租,4室1厅1卫,10㎡,朝东南,"['https://image1.ljcdn.com/rent-user-avatar/4a4b8ae0-130d-414d-a40b-ab017542957d.780x439.jpg', 'https://s1.ljcdn.com/matrix_lianjia_pc/dist/pc/src/resource/default/780-439.png?_v=201906280941017d9', 'https://s1.ljcdn.com/matrix_lianjia_pc/dist/pc/src/resource/default/780-439.png?_v=201906280941017d9', 'https://s1.ljcdn.com/matrix_lianjia_pc/dist/pc/src/resource/default/780-439.png?_v=201906280941017d9', 'https://s1.ljcdn.com/matrix_lianjia_pc/dist/pc/src/resource/default/780-439.png?_v=201906280941017d9', 'https://s1.ljcdn.com/matrix_lianjia_pc/dist/pc/src/resource/default/780-439.png?_v=201906280941017d9', 'https://s1.ljcdn.com/matrix_lianjia_pc/dist/pc/src/resource/default/780-439.png?_v=201906280941017d9', 'https://s1.ljcdn.com/matrix_lianjia_pc/dist/pc/src/resource/default/780-439.png?_v=201906280941017d9', 'https://s1.ljcdn.com/matrix_lianjia_pc/dist/pc/src/resource/default/780-439.png?_v=201906280941017d9', 'https://s1.ljcdn.com/matrix_lianjia_pc/dist/pc/src/resource/default/780-439.png?_v=201906280941017d9']",22天前,随时入住,1~12个月,随时可看,3/7层,无,暂无数据,民水,民电,有,暂无数据,"['月租', '近地铁', '精装', '押一付一', '随时看房']","['4号线(龙华线) - 莲花北', '453m', '4号线(龙华线),9号线 - 上梅林', '679m', '9号线 - 梅村', '746m']",22.569349189667,114.06546755786
https://sz.lianjia.com/apartment/18409.html,,,平台认证机构 · 固戍店,"
平台认证机构 · 固戍店

          1380元/月起

",,,,,['https://image1.ljcdn.com/rent-user-avatar/c8da6387-7639-4d53-a0a7-40522158a142.1150x.jpg'],,,,,,,,,,,,,[],22.605819,113.848346
https://sz.lianjia.com/zufang/SZ2273032429503512576.html,南山区,前海,合租·诺德假日花园 3居室 东南卧,1930元/月 (月付价),合租,3室1厅1卫,10㎡,朝东南,"['https://image1.ljcdn.com/rent-user-avatar/2b122bcc-e07a-4895-9e66-02b7596cdbf0.780x439.jpg', 'https://s1.ljcdn.com/matrix_lianjia_pc/dist/pc/src/resource/default/780-439.png?_v=201906280941017d9', 'https://s1.ljcdn.com/matrix_lianjia_pc/dist/pc/src/resource/default/780-439.png?_v=201906280941017d9', 'https://s1.ljcdn.com/matrix_lianjia_pc/dist/pc/src/resource/default/780-439.png?_v=201906280941017d9', 'https://s1.ljcdn.com/matrix_lianjia_pc/dist/pc/src/resource/default/780-439.png?_v=201906280941017d9', 'https://s1.ljcdn.com/matrix_lianjia_pc/dist/pc/src/resource/default/780-439.png?_v=201906280941017d9', 'https://s1.ljcdn.com/matrix_lianjia_pc/dist/pc/src/resource/default/780-439.png?_v=201906280941017d9']",23天前,随时入住,1~2年,随时可看,6/29层,有,暂无数据,商水,民电,有,暂无数据,"['公寓', '精装', '押一付一', '随时看房']",[],22.516555,113.908637
https://sz.lianjia.com/apartment/17470.html,,,合景昕舍 · 坂田雪象店,"
合景昕舍 · 坂田雪象店

          1950元/月起

",,,,,"['https://image1.ljcdn.com/rent-user-avatar/429b8aee-fc0d-449d-a1d9-eefcc84482c4.1150x.jpg', 'https://s1.ljcdn.com/matrix_lianjia_pc/dist/pc/src/resource/default/1150-450.png?_v=201906280941017d9', 'https://s1.ljcdn.com/matrix_lianjia_pc/dist/pc/src/resource/default/1150-450.png?_v=201906280941017d9', 'https://s1.ljcdn.com/matrix_lianjia_pc/dist/pc/src/resource/default/1150-450.png?_v=201906280941017d9', 'https://s1.ljcdn.com/matrix_lianjia_pc/dist/pc/src/resource/default/1150-450.png?_v=201906280941017d9']",,,,,,,,,,,,,[],22.662022,114.086476
https://sz.lianjia.com/zufang/SZ2256437523675365376.html,福田区,石厦,合租·益田村 4居室 东南卧,1990元/月 (月付价),合租,4室1厅1卫,8㎡,朝东南,"['https://image1.ljcdn.com/rent-user-avatar/15176eb9-73dc-4f7b-8b79-2abe2578f287.780x439.jpg', 'https://s1.ljcdn.com/matrix_lianjia_pc/dist/pc/src/resource/default/780-439.png?_v=201906280941017d9', 'https://s1.ljcdn.com/matrix_lianjia_pc/dist/pc/src/resource/default/780-439.png?_v=201906280941017d9', 'https://s1.ljcdn.com/matrix_lianjia_pc/dist/pc/src/resource/default/780-439.png?_v=201906280941017d9', 'https://s1.ljcdn.com/matrix_lianjia_pc/dist/pc/src/resource/default/780-439.png?_v=201906280941017d9', 'https://s1.ljcdn.com/matrix_lianjia_pc/dist/pc/src/resource/default/780-439.png?_v=201906280941017d9', 'https://s1.ljcdn.com/matrix_lianjia_pc/dist/pc/src/resource/default/780-439.png?_v=201906280941017d9', 'https://s1.ljcdn.com/matrix_lianjia_pc/dist/pc/src/resource/default/780-439.png?_v=201906280941017d9', 'https://s1.ljcdn.com/matrix_lianjia_pc/dist/pc/src/resource/default/780-439.png?_v=201906280941017d9']",1个月前,随时入住,1~12个月,随时可看,11/24层,有,暂无数据,民水,民电,有,暂无数据,"['月租', '近地铁', '精装', '押一付一', '随时看房']","['3号线(龙岗线) - 益田', '136m', '7号线 - 沙尾', '719m', '3号线(龙岗线),7号线 - 石厦', '1059m']",22.51913522867,114.05675205091
https://sz.lianjia.com/zufang/SZ2270136977813159936.html,龙华区,红山,合租·星河传奇 1居室 东南卧,1600元/月 (月付价),合租,1室0厅1卫,15㎡,朝东南,"['https://image1.ljcdn.com/rent-user-avatar/1f3cf954-2c99-4830-b794-7d777791c905.780x439.jpg', 'https://s1.ljcdn.com/matrix_lianjia_pc/dist/pc/src/resource/default/780-439.png?_v=201906280941017d9', 'https://s1.ljcdn.com/matrix_lianjia_pc/dist/pc/src/resource/default/780-439.png?_v=201906280941017d9', 'https://s1.ljcdn.com/matrix_lianjia_pc/dist/pc/src/resource/default/780-439.png?_v=201906280941017d9', 'https://s1.ljcdn.com/matrix_lianjia_pc/dist/pc/src/resource/default/780-439.png?_v=201906280941017d9', 'https://s1.ljcdn.com/matrix_lianjia_pc/dist/pc/src/resource/default/780-439.png?_v=201906280941017d9', 'https://s1.ljcdn.com/matrix_lianjia_pc/dist/pc/src/resource/default/780-439.png?_v=201906280941017d9', 'https://s1.ljcdn.com/matrix_lianjia_pc/dist/pc/src/resource/default/780-439.png?_v=201906280941017d9', 'https://s1.ljcdn.com/matrix_lianjia_pc/dist/pc/src/resource/default/780-439.png?_v=201906280941017d9', 'https://s1.ljcdn.com/matrix_lianjia_pc/dist/pc/src/resource/default/780-439.png?_v=201906280941017d9']",27天前,随时入住,1~2年,随时可看,31/35层,有,租用车位,民水,民电,有,集中供暖,"['近地铁', '精装', '独立阳台', '随时看房']","['4号线(龙华线) - 上塘', '970m']",22.638846,114.026625
https://sz.lianjia.com/apartment/4098.html,,,遇见公寓 · 油松店,"
遇见公寓 · 油松店

          1380元/月起

",,,,,"['https://image1.ljcdn.com/rent-user-avatar/ad2d3d9d-e813-4a2e-8fa9-336140c569c8.1150x.jpg', 'https://s1.ljcdn.com/matrix_lianjia_pc/dist/pc/src/resource/default/1150-450.png?_v=201906280941017d9', 'https://s1.ljcdn.com/matrix_lianjia_pc/dist/pc/src/resource/default/1150-450.png?_v=201906280941017d9', 'https://s1.ljcdn.com/matrix_lianjia_pc/dist/pc/src/resource/default/1150-450.png?_v=201906280941017d9']",,,,,,,,,,,,,[],22.651713,114.046051
https://sz.lianjia.com/apartment/7395.html,,,职业房东 · 德宝公寓,"
职业房东 · 德宝公寓

          799元/月起

",,,,,['https://image1.ljcdn.com/rent-user-avatar/ab7c98c3-dcc1-41e0-94d2-6199aa107d23.1150x.jpg'],,,,,,,,,,,,,[],22.599782,113.856379
https://sz.lianjia.com/apartment/3075.html,,,忆空间 · 大浪三合店,"
忆空间 · 大浪三合店

          1300元/月起

",,,,,"['https://image1.ljcdn.com/rent-user-avatar/9b7a702f-8b4b-4507-ab31-7fa6046b5dfa.1150x.jpg', 'https://s1.ljcdn.com/matrix_lianjia_pc/dist/pc/src/resource/default/1150-450.png?_v=201906280941017d9', 'https://s1.ljcdn.com/matrix_lianjia_pc/dist/pc/src/resource/default/1150-450.png?_v=201906280941017d9', 'https://s1.ljcdn.com/matrix_lianjia_pc/dist/pc/src/resource/default/1150-450.png?_v=201906280941017d9', 'https://s1.ljcdn.com/matrix_lianjia_pc/dist/pc/src/resource/default/1150-450.png?_v=201906280941017d9', 'https://s1.ljcdn.com/matrix_lianjia_pc/dist/pc/src/resource/default/1150-450.png?_v=201906280941017d9', 'https://s1.ljcdn.com/matrix_lianjia_pc/dist/pc/src/resource/default/1150-450.png?_v=201906280941017d9', 'https://s1.ljcdn.com/matrix_lianjia_pc/dist/pc/src/resource/default/1150-450.png?_v=201906280941017d9']",,,,,,,,,,,,,[],22.67254,114.007815
https://sz.lianjia.com/zufang/SZ2255751589925232640.html,福田区,福田中心,合租·高科利花园 4居室 东南卧,1990元/月 (月付价),合租,4室1厅1卫,8㎡,朝东南,"['https://image1.ljcdn.com/rent-user-avatar/4f8d9199-1d44-4536-970f-f75a72e34e8b.780x439.jpg', 'https://s1.ljcdn.com/matrix_lianjia_pc/dist/pc/src/resource/default/780-439.png?_v=201906280941017d9', 'https://s1.ljcdn.com/matrix_lianjia_pc/dist/pc/src/resource/default/780-439.png?_v=201906280941017d9', 'https://s1.ljcdn.com/matrix_lianjia_pc/dist/pc/src/resource/default/780-439.png?_v=201906280941017d9', 'https://s1.ljcdn.com/matrix_lianjia_pc/dist/pc/src/resource/default/780-439.png?_v=201906280941017d9', 'https://s1.ljcdn.com/matrix_lianjia_pc/dist/pc/src/resource/default/780-439.png?_v=201906280941017d9', 'https://s1.ljcdn.com/matrix_lianjia_pc/dist/pc/src/resource/default/780-439.png?_v=201906280941017d9', 'https://s1.ljcdn.com/matrix_lianjia_pc/dist/pc/src/resource/default/780-439.png?_v=201906280941017d9', 'https://s1.ljcdn.com/matrix_lianjia_pc/dist/pc/src/resource/default/780-439.png?_v=201906280941017d9', 'https://s1.ljcdn.com/matrix_lianjia_pc/dist/pc/src/resource/default/780-439.png?_v=201906280941017d9']",1个月前,随时入住,1~12个月,随时可看,18/33层,有,暂无数据,民水,民电,有,暂无数据,"['月租', '近地铁', '精装', '押一付一', '随时看房']","['1号线(罗宝线) - 岗厦', '359m', '2号线(蛇口线) - 岗厦北', '976m', '1号线(罗宝线),4号线(龙华线) - 会展中心', '1011m']",22.542220482922,114.07887327142
https://sz.lianjia.com/apartment/2165.html,,,初心公寓 · 龙华中心店,"
初心公寓 · 龙华中心店

          1380元/月起

",,,,,"['https://image1.ljcdn.com/rent-user-avatar/2003cde4-57a2-47c3-b3d9-1133544489bf.1150x.jpg', 'https://s1.ljcdn.com/matrix_lianjia_pc/dist/pc/src/resource/default/1150-450.png?_v=201906280941017d9', 'https://s1.ljcdn.com/matrix_lianjia_pc/dist/pc/src/resource/default/1150-450.png?_v=201906280941017d9', 'https://s1.ljcdn.com/matrix_lianjia_pc/dist/pc/src/resource/default/1150-450.png?_v=201906280941017d9', 'https://s1.ljcdn.com/matrix_lianjia_pc/dist/pc/src/resource/default/1150-450.png?_v=201906280941017d9', 'https://s1.ljcdn.com/matrix_lianjia_pc/dist/pc/src/resource/default/1150-450.png?_v=201906280941017d9', 'https://s1.ljcdn.com/matrix_lianjia_pc/dist/pc/src/resource/default/1150-450.png?_v=201906280941017d9', 'https://s1.ljcdn.com/matrix_lianjia_pc/dist/pc/src/resource/default/1150-450.png?_v=201906280941017d9', 'https://s1.ljcdn.com/matrix_lianjia_pc/dist/pc/src/resource/default/1150-450.png?_v=201906280941017d9', 'https://s1.ljcdn.com/matrix_lianjia_pc/dist/pc/src/resource/default/1150-450.png?_v=201906280941017d9', 'https://s1.ljcdn.com/matrix_lianjia_pc/dist/pc/src/resource/default/1150-450.png?_v=201906280941017d9', 'https://s1.ljcdn.com/matrix_lianjia_pc/dist/pc/src/resource/default/1150-450.png?_v=201906280941017d9', 'https://s1.ljcdn.com/matrix_lianjia_pc/dist/pc/src/resource/default/1150-450.png?_v=201906280941017d9', 'https://s1.ljcdn.com/matrix_lianjia_pc/dist/pc/src/resource/default/1150-450.png?_v=201906280941017d9']",,,,,,,,,,,,,[],22.655426,114.030807
https://sz.lianjia.com/apartment/15542.html,,,职业房东 · 苏鹿店,"
职业房东 · 苏鹿店

          1500元/月起

",,,,,"['https://image1.ljcdn.com/rent-user-avatar/b29da972-5571-4109-865a-c6bda9863db7.1150x.jpg', 'https://s1.ljcdn.com/matrix_lianjia_pc/dist/pc/src/resource/default/1150-450.png?_v=201906280941017d9']",,,,,,,,,,,,,[],22.734827,114.281895
https://sz.lianjia.com/zufang/SZ2280205970955042816.html,宝安区,西乡,整租·军裕公寓 1室0厅 东南,1530元/月 (月付价),整租,1室0厅1卫,18㎡,朝 东南,"['https://image1.ljcdn.com/rent-user-avatar/2c8639d8-e5c2-471f-92ae-09e34069afbb.780x439.jpg', 'https://s1.ljcdn.com/matrix_lianjia_pc/dist/pc/src/resource/default/780-439.png?_v=201906280941017d9', 'https://s1.ljcdn.com/matrix_lianjia_pc/dist/pc/src/resource/default/780-439.png?_v=201906280941017d9', 'https://s1.ljcdn.com/matrix_lianjia_pc/dist/pc/src/resource/default/780-439.png?_v=201906280941017d9', 'https://s1.ljcdn.com/matrix_lianjia_pc/dist/pc/src/resource/default/780-439.png?_v=201906280941017d9']",13天前,随时入住,6~12个月,随时可看,8/15层,暂无数据,暂无数据,暂无数据,暂无数据,暂无数据,暂无数据,"['月租', '近地铁', '精装', '随时看房']","['1号线(罗宝线) - 固戍', '540m']",22.601841,113.855125
https://sz.lianjia.com/zufang/SZ2280327229298704384.html,龙华区,上塘,合租·御龙华庭 5居室 东南卧,1680元/月 (月付价),合租,5室1厅2卫,19㎡,朝东南,"['https://image1.ljcdn.com/rent-user-avatar/3a22d523-5c06-4edf-b881-09917c1c35cc.780x439.jpg', 'https://s1.ljcdn.com/matrix_lianjia_pc/dist/pc/src/resource/default/780-439.png?_v=201906280941017d9', 'https://s1.ljcdn.com/matrix_lianjia_pc/dist/pc/src/resource/default/780-439.png?_v=201906280941017d9', 'https://s1.ljcdn.com/matrix_lianjia_pc/dist/pc/src/resource/default/780-439.png?_v=201906280941017d9', 'https://s1.ljcdn.com/matrix_lianjia_pc/dist/pc/src/resource/default/780-439.png?_v=201906280941017d9', 'https://s1.ljcdn.com/matrix_lianjia_pc/dist/pc/src/resource/default/780-439.png?_v=201906280941017d9', 'https://s1.ljcdn.com/matrix_lianjia_pc/dist/pc/src/resource/default/780-439.png?_v=201906280941017d9', 'https://s1.ljcdn.com/matrix_lianjia_pc/dist/pc/src/resource/default/780-439.png?_v=201906280941017d9', 'https://s1.ljcdn.com/matrix_lianjia_pc/dist/pc/src/resource/default/780-439.png?_v=201906280941017d9']",12天前,2019-07-01,6~24个月,需提前预约,8/11层,暂无数据,暂无数据,暂无数据,暂无数据,暂无数据,暂无数据,"['月租', '近地铁', '精装']","['4号线(龙华线) - 上塘', '555m', '4号线(龙华线) - 龙胜', '974m']",22.644096,114.023219
