房源地址,行政区,位置,标题,租金,租赁方式,户型,面积,朝向,图片列表,发布时间,入住时间,租期,看房时间,楼层,电梯,车位,用水,用电,燃气,采暖,标签,station,latitude,longtitude
https://sz.lianjia.com/zufang/SZ2278216641257152512.html,福田区,新洲,合租·新洲大厦 3居室 东南卧,1690元/月 (月付价),合租,3室1厅1卫,8㎡,朝东南,"['https://image1.ljcdn.com/rent-user-avatar/0b92f087-8a11-4bfd-a050-dbe23d62c6b9.780x439.jpg', 'https://s1.ljcdn.com/matrix_lianjia_pc/dist/pc/src/resource/default/780-439.png?_v=201906280941017d9', 'https://s1.ljcdn.com/matrix_lianjia_pc/dist/pc/src/resource/default/780-439.png?_v=201906280941017d9', 'https://s1.ljcdn.com/matrix_lianjia_pc/dist/pc/src/resource/default/780-439.png?_v=201906280941017d9', 'https://s1.ljcdn.com/matrix_lianjia_pc/dist/pc/src/resource/default/780-439.png?_v=201906280941017d9', 'https://s1.ljcdn.com/matrix_lianjia_pc/dist/pc/src/resource/default/780-439.png?_v=201906280941017d9', 'https://s1.ljcdn.com/matrix_lianjia_pc/dist/pc/src/resource/default/780-439.png?_v=201906280941017d9', 'https://s1.ljcdn.com/matrix_lianjia_pc/dist/pc/src/resource/default/780-439.png?_v=201906280941017d9']",15天前,随时入住,1年,随时可看,32/33层,有,暂无数据,民水,民电,有,暂无数据,"['公寓', '近地铁', '精装', '独立阳台', '押一付一', '随时看房']","['3号线(龙岗线),7号线 - 石厦', '798m']",22.532594709263,114.0555194875
https://sz.lianjia.com/zufang/SZ2288559163594514432.html,宝安区,西乡,整租·一方天地互联网产业园 1室0厅 东南,1550元/月 (月付价),整租,1室0厅1卫,20㎡,朝 东南,"['https://image1.ljcdn.com/rent-user-avatar/49a28720-0ca1-42be-8439-8c70f5cac9ce.780x439.jpg', 'https://s1.ljcdn.com/matrix_lianjia_pc/dist/pc/src/resource/default/780-439.png?_v=201906280941017d9', 'https://s1.ljcdn.com/matrix_lianjia_pc/dist/pc/src/resource/default/780-439.png?_v=201906280941017d9', 'https://s1.ljcdn.com/matrix_lianjia_pc/dist/pc/src/resource/default/780-439.png?_v=201906280941017d9', 'https://s1.ljcdn.com/matrix_lianjia_pc/dist/pc/src/resource/default/780-439.png?_v=201906280941017d9', 'https://s1.ljcdn.com/matrix_lianjia_pc/dist/pc/src/resource/default/780-439.png?_v=201906280941017d9', 'https://s1.ljcdn.com/matrix_lianjia_pc/dist/pc/src/resource/default/780-439.png?_v=201906280941017d9']",1天前,随时入住,1年,随时可看,3/7层,暂无数据,暂无数据,暂无数据,暂无数据,暂无数据,暂无数据,"['精装', '新上', '随时看房']",[],22.605217,113.85099
https://sz.lianjia.com/zufang/SZ2280917625804423168.html,宝安区,福永,整租·同泰时代中心 1室1厅 东南,1599元/月 (月付价),整租,1室1厅1卫,28㎡,朝东南,"['https://image1.ljcdn.com/rent-user-avatar/26bc8de5-5d27-4b4b-b6c7-7a737bca8d3b.780x439.jpg', 'https://s1.ljcdn.com/matrix_lianjia_pc/dist/pc/src/resource/default/780-439.png?_v=201906280941017d9', 'https://s1.ljcdn.com/matrix_lianjia_pc/dist/pc/src/resource/default/780-439.png?_v=201906280941017d9', 'https://s1.ljcdn.com/matrix_lianjia_pc/dist/pc/src/resource/default/780-439.png?_v=201906280941017d9', 'https://s1.ljcdn.com/matrix_lianjia_pc/dist/pc/src/resource/default/780-439.png?_v=201906280941017d9', 'https://s1.ljcdn.com/matrix_lianjia_pc/dist/pc/src/resource/default/780-439.png?_v=201906280941017d9', 'https://s1.ljcdn.com/matrix_lianjia_pc/dist/pc/src/resource/default/780-439.png?_v=201906280941017d9', 'https://s1.ljcdn.com/matrix_lianjia_pc/dist/pc/src/resource/default/780-439.png?_v=201906280941017d9', 'https://s1.ljcdn.com/matrix_lianjia_pc/dist/pc/src/resource/default/780-439.png?_v=201906280941017d9', 'https://s1.ljcdn.com/matrix_lianjia_pc/dist/pc/src/resource/default/780-439.png?_v=201906280941017d9', 'https://s1.ljcdn.com/matrix_lianjia_pc/dist/pc/src/resource/default/780-439.png?_v=201906280941017d9']",12天前,随时入住,1年,随时可看,10/15层,暂无数据,暂无数据,商水,商电,无,暂无数据,"['公寓', '近地铁', '精装', '随时看房']","['11号线 - 福永', '665m', '11号线 - 桥头', '937m']",22.685825,113.813135
https://sz.lianjia.com/apartment/16580.html,,,万科泊寓 · 坂田五和大发埔公社,"
万科泊寓 · 坂田五和大发埔公社

          1526元/月起

",,,,,['https://image1.ljcdn.com/rent-user-avatar/144f5354-d6b0-48f1-b564-753d856f53e4.1150x.jpg'],,,,,,,,,,,,,[],22.634577,114.061947
https://sz.lianjia.com/zufang/SZ2212684250765852672.html,罗湖区,清水河,整租·红岗花园 1室0厅 东南,1900元/月 (月付价),整租,1室0厅1卫,30㎡,朝东南,['https://image1.ljcdn.com/rent-user-avatar/600ccb2c-9bbd-4f34-b2ab-3ea7d5ee7349.780x439.jpg'],3个月前,随时入住,1个月以上,随时可看,5/7层,无,暂无数据,民水,民电,有,暂无数据,"['月租', '押一付一', '随时看房']",[],22.578499766723,114.11617604767
https://sz.lianjia.com/apartment/7796.html,,,职业房东 · 盛峰公寓  （新洲店）,"
职业房东 · 盛峰公寓  （新洲店）

          1700元/月起

",,,,,"['https://image1.ljcdn.com/rent-user-avatar/fcde8f40-dcfc-4120-a7d7-09d37fe86618.1150x.jpg', 'https://s1.ljcdn.com/matrix_lianjia_pc/dist/pc/src/resource/default/1150-450.png?_v=201906280941017d9']",,,,,,,,,,,,,[],22.532146,114.053584
https://sz.lianjia.com/zufang/SZ2275341014934241280.html,宝安区,翻身,整租·怡景新村 1室0厅 东/东南/南/东北,1680元/月 (月付价),整租,1室0厅1卫,20㎡,朝东 东南 南 东北,"['https://image1.ljcdn.com/rent-user-avatar/1799a95c-bb9f-4897-b61d-8826c199eb6b.780x439.jpg', 'https://s1.ljcdn.com/matrix_lianjia_pc/dist/pc/src/resource/default/780-439.png?_v=201906280941017d9', 'https://s1.ljcdn.com/matrix_lianjia_pc/dist/pc/src/resource/default/780-439.png?_v=201906280941017d9', 'https://s1.ljcdn.com/matrix_lianjia_pc/dist/pc/src/resource/default/780-439.png?_v=201906280941017d9', 'https://s1.ljcdn.com/matrix_lianjia_pc/dist/pc/src/resource/default/780-439.png?_v=201906280941017d9', 'https://s1.ljcdn.com/matrix_lianjia_pc/dist/pc/src/resource/default/780-439.png?_v=201906280941017d9', 'https://s1.ljcdn.com/matrix_lianjia_pc/dist/pc/src/resource/default/780-439.png?_v=201906280941017d9', 'https://s1.ljcdn.com/matrix_lianjia_pc/dist/pc/src/resource/default/780-439.png?_v=201906280941017d9']",19天前,随时入住,6~12个月,随时可看,3/7层,暂无数据,暂无数据,暂无数据,暂无数据,暂无数据,暂无数据,"['公寓', '月租', '精装', '随时看房']",[],22.573088,113.898718
https://sz.lianjia.com/apartment/7808.html,,,栖牛公寓 · 灵芝店,"
栖牛公寓 · 灵芝店

          1700元/月起

",,,,,"['https://image1.ljcdn.com/rent-user-avatar/412bed6f-c034-4f75-8f74-8b8bf587a14d.1150x.jpg', 'https://s1.ljcdn.com/matrix_lianjia_pc/dist/pc/src/resource/default/1150-450.png?_v=201906280941017d9', 'https://s1.ljcdn.com/matrix_lianjia_pc/dist/pc/src/resource/default/1150-450.png?_v=201906280941017d9', 'https://s1.ljcdn.com/matrix_lianjia_pc/dist/pc/src/resource/default/1150-450.png?_v=201906280941017d9', 'https://s1.ljcdn.com/matrix_lianjia_pc/dist/pc/src/resource/default/1150-450.png?_v=201906280941017d9', 'https://s1.ljcdn.com/matrix_lianjia_pc/dist/pc/src/resource/default/1150-450.png?_v=201906280941017d9', 'https://s1.ljcdn.com/matrix_lianjia_pc/dist/pc/src/resource/default/1150-450.png?_v=201906280941017d9', 'https://s1.ljcdn.com/matrix_lianjia_pc/dist/pc/src/resource/default/1150-450.png?_v=201906280941017d9']",,,,,,,,,,,,,[],22.582106,113.907295
https://sz.lianjia.com/apartment/13071.html,,,职业房东 · 新合公寓,"
职业房东 · 新合公寓

          1580元/月起

",,,,,['https://image1.ljcdn.com/rent-user-avatar/cbd5e33d-0d5f-4b36-a975-e6672a39df3e.1150x.jpg'],,,,,,,,,,,,,[],22.604252,113.848518
https://sz.lianjia.com/apartment/8794.html,,,职业房东 · 温馨2号,"
职业房东 · 温馨2号

          1980元/月起

",,,,,"['https://image1.ljcdn.com/rent-user-avatar/97324164-cfc2-4a18-b583-e8c4953cd1f9.1150x.jpg', 'https://s1.ljcdn.com/matrix_lianjia_pc/dist/pc/src/resource/default/1150-450.png?_v=201906280941017d9']",,,,,,,,,,,,,[],22.523862,114.048383
https://sz.lianjia.com/apartment/19044.html,,,松寓 · 固戍店,"
松寓 · 固戍店

          2000元/月起

",,,,,['https://image1.ljcdn.com/rent-user-avatar/c493fbce-47ba-46f5-aca8-b0a0fdba3a1e.1150x.jpg'],,,,,,,,,,,,,[],22.605971,113.854567
https://sz.lianjia.com/apartment/2610.html,,,伴山家园 · 固戍C店,"
伴山家园 · 固戍C店

          1300元/月起

",,,,,"['https://image1.ljcdn.com/rent-user-avatar/ba63f195-bf69-44e6-b42d-98edb5582940.1150x.jpg', 'https://s1.ljcdn.com/matrix_lianjia_pc/dist/pc/src/resource/default/1150-450.png?_v=201906280941017d9', 'https://s1.ljcdn.com/matrix_lianjia_pc/dist/pc/src/resource/default/1150-450.png?_v=201906280941017d9', 'https://s1.ljcdn.com/matrix_lianjia_pc/dist/pc/src/resource/default/1150-450.png?_v=201906280941017d9', 'https://s1.ljcdn.com/matrix_lianjia_pc/dist/pc/src/resource/default/1150-450.png?_v=201906280941017d9', 'https://s1.ljcdn.com/matrix_lianjia_pc/dist/pc/src/resource/default/1150-450.png?_v=201906280941017d9', 'https://s1.ljcdn.com/matrix_lianjia_pc/dist/pc/src/resource/default/1150-450.png?_v=201906280941017d9', 'https://s1.ljcdn.com/matrix_lianjia_pc/dist/pc/src/resource/default/1150-450.png?_v=201906280941017d9', 'https://s1.ljcdn.com/matrix_lianjia_pc/dist/pc/src/resource/default/1150-450.png?_v=201906280941017d9', 'https://s1.ljcdn.com/matrix_lianjia_pc/dist/pc/src/resource/default/1150-450.png?_v=201906280941017d9', 'https://s1.ljcdn.com/matrix_lianjia_pc/dist/pc/src/resource/default/1150-450.png?_v=201906280941017d9', 'https://s1.ljcdn.com/matrix_lianjia_pc/dist/pc/src/resource/default/1150-450.png?_v=201906280941017d9']",,,,,,,,,,,,,[],22.605587,113.859027
https://sz.lianjia.com/zufang/SZ2250573379633954816.html,龙华区,观澜,整租·华盛观荟 1室1厅 东南,1900元/月 (月付价),整租,1室1厅1卫,45㎡,朝东南,"['https://image1.ljcdn.com/rent-user-avatar/303f068d-7d32-46d8-b975-3153b5d3c02e.780x439.jpg', 'https://s1.ljcdn.com/matrix_lianjia_pc/dist/pc/src/resource/default/780-439.png?_v=201906280941017d9', 'https://s1.ljcdn.com/matrix_lianjia_pc/dist/pc/src/resource/default/780-439.png?_v=201906280941017d9', 'https://s1.ljcdn.com/matrix_lianjia_pc/dist/pc/src/resource/default/780-439.png?_v=201906280941017d9', 'https://s1.ljcdn.com/matrix_lianjia_pc/dist/pc/src/resource/default/780-439.png?_v=201906280941017d9', 'https://s1.ljcdn.com/matrix_lianjia_pc/dist/pc/src/resource/default/780-439.png?_v=201906280941017d9']",1个月前,随时入住,1年,随时可看,4/36层,有,暂无数据,民水,民电,有,暂无数据,"['公寓', '精装', '随时看房']",[],22.717521,114.047962
https://sz.lianjia.com/apartment/11797.html,,,职业房东 · 喜家公寓（上塘店）,"
职业房东 · 喜家公寓（上塘店）

          1500元/月起

",,,,,"['https://image1.ljcdn.com/rent-user-avatar/4bc04bf0-eb1d-4f8d-acf1-9b3419fa3846.1150x.jpg', 'https://s1.ljcdn.com/matrix_lianjia_pc/dist/pc/src/resource/default/1150-450.png?_v=201906280941017d9', 'https://s1.ljcdn.com/matrix_lianjia_pc/dist/pc/src/resource/default/1150-450.png?_v=201906280941017d9']",,,,,,,,,,,,,[],22.64108,114.024205
https://sz.lianjia.com/apartment/8884.html,,,瑞鑫家园青年社区 · 宝安店,"
瑞鑫家园青年社区 · 宝安店

          1300元/月起

",,,,,"['https://image1.ljcdn.com/rent-user-avatar/4766dc44-fa45-4b84-88db-2d1c04654e0c.1150x.jpg', 'https://s1.ljcdn.com/matrix_lianjia_pc/dist/pc/src/resource/default/1150-450.png?_v=201906280941017d9', 'https://s1.ljcdn.com/matrix_lianjia_pc/dist/pc/src/resource/default/1150-450.png?_v=201906280941017d9', 'https://s1.ljcdn.com/matrix_lianjia_pc/dist/pc/src/resource/default/1150-450.png?_v=201906280941017d9', 'https://s1.ljcdn.com/matrix_lianjia_pc/dist/pc/src/resource/default/1150-450.png?_v=201906280941017d9', 'https://s1.ljcdn.com/matrix_lianjia_pc/dist/pc/src/resource/default/1150-450.png?_v=201906280941017d9', 'https://s1.ljcdn.com/matrix_lianjia_pc/dist/pc/src/resource/default/1150-450.png?_v=201906280941017d9', 'https://s1.ljcdn.com/matrix_lianjia_pc/dist/pc/src/resource/default/1150-450.png?_v=201906280941017d9', 'https://s1.ljcdn.com/matrix_lianjia_pc/dist/pc/src/resource/default/1150-450.png?_v=201906280941017d9', 'https://s1.ljcdn.com/matrix_lianjia_pc/dist/pc/src/resource/default/1150-450.png?_v=201906280941017d9', 'https://s1.ljcdn.com/matrix_lianjia_pc/dist/pc/src/resource/default/1150-450.png?_v=201906280941017d9', 'https://s1.ljcdn.com/matrix_lianjia_pc/dist/pc/src/resource/default/1150-450.png?_v=201906280941017d9']",,,,,,,,,,,,,[],22.586375,113.891323
https://sz.lianjia.com/apartment/16461.html,,,平台优选商家 · 德安公寓（洪浪北店）,"
平台优选商家 · 德安公寓（洪浪北店）

          1680元/月起

",,,,,['https://image1.ljcdn.com/rent-user-avatar/1e9513f1-c95e-46c6-bbe5-2874b7c7e74d.1150x.jpg'],,,,,,,,,,,,,[],22.584939,113.913241
https://sz.lianjia.com/apartment/3205.html,,,职业房东 · HELLO公寓,"
职业房东 · HELLO公寓

          1000元/月起

",,,,,"['https://image1.ljcdn.com/rent-user-avatar/62dc8dde-e79c-4867-8a4a-492c4861f3f2.1150x.jpg', 'https://s1.ljcdn.com/matrix_lianjia_pc/dist/pc/src/resource/default/1150-450.png?_v=201906280941017d9', 'https://s1.ljcdn.com/matrix_lianjia_pc/dist/pc/src/resource/default/1150-450.png?_v=201906280941017d9', 'https://s1.ljcdn.com/matrix_lianjia_pc/dist/pc/src/resource/default/1150-450.png?_v=201906280941017d9', 'https://s1.ljcdn.com/matrix_lianjia_pc/dist/pc/src/resource/default/1150-450.png?_v=201906280941017d9', 'https://s1.ljcdn.com/matrix_lianjia_pc/dist/pc/src/resource/default/1150-450.png?_v=201906280941017d9', 'https://s1.ljcdn.com/matrix_lianjia_pc/dist/pc/src/resource/default/1150-450.png?_v=201906280941017d9', 'https://s1.ljcdn.com/matrix_lianjia_pc/dist/pc/src/resource/default/1150-450.png?_v=201906280941017d9', 'https://s1.ljcdn.com/matrix_lianjia_pc/dist/pc/src/resource/default/1150-450.png?_v=201906280941017d9', 'https://s1.ljcdn.com/matrix_lianjia_pc/dist/pc/src/resource/default/1150-450.png?_v=201906280941017d9', 'https://s1.ljcdn.com/matrix_lianjia_pc/dist/pc/src/resource/default/1150-450.png?_v=201906280941017d9', 'https://s1.ljcdn.com/matrix_lianjia_pc/dist/pc/src/resource/default/1150-450.png?_v=201906280941017d9', 'https://s1.ljcdn.com/matrix_lianjia_pc/dist/pc/src/resource/default/1150-450.png?_v=201906280941017d9', 'https://s1.ljcdn.com/matrix_lianjia_pc/dist/pc/src/resource/default/1150-450.png?_v=201906280941017d9', 'https://s1.ljcdn.com/matrix_lianjia_pc/dist/pc/src/resource/default/1150-450.png?_v=201906280941017d9', 'https://s1.ljcdn.com/matrix_lianjia_pc/dist/pc/src/resource/default/1150-450.png?_v=201906280941017d9', 'https://s1.ljcdn.com/matrix_lianjia_pc/dist/pc/src/resource/default/1150-450.png?_v=201906280941017d9', 'https://s1.ljcdn.com/matrix_lianjia_pc/dist/pc/src/resource/default/1150-450.png?_v=201906280941017d9']",,,,,,,,,,,,,[],22.725652,113.90414
https://sz.lianjia.com/zufang/SZ2278279940141498368.html,坪山区,坪山,整租·龙光玖云著 1室0厅 东南,2000元/月 (月付价),整租,1室0厅1卫,31㎡,朝 东南,"['https://image1.ljcdn.com/rent-user-avatar/12471b29-5af2-48d7-9ac4-df5b45d0b776.780x439.jpg', 'https://s1.ljcdn.com/matrix_lianjia_pc/dist/pc/src/resource/default/780-439.png?_v=201906280941017d9', 'https://s1.ljcdn.com/matrix_lianjia_pc/dist/pc/src/resource/default/780-439.png?_v=201906280941017d9', 'https://s1.ljcdn.com/matrix_lianjia_pc/dist/pc/src/resource/default/780-439.png?_v=201906280941017d9', 'https://s1.ljcdn.com/matrix_lianjia_pc/dist/pc/src/resource/default/780-439.png?_v=201906280941017d9']",15天前,随时入住,3~12个月,随时可看,7/10层,有,暂无数据,暂无数据,暂无数据,无,暂无数据,"['公寓', '月租', '精装', '随时看房']",[],22.685514,114.337256
https://sz.lianjia.com/apartment/15887.html,,,万科泊寓 · 坂田岗头公社,"
万科泊寓 · 坂田岗头公社

          1350元/月起

",,,,,"['https://image1.ljcdn.com/rent-user-avatar/3f37d475-8e22-4c23-9023-f1c0f3a54bc2.1150x.jpg', 'https://s1.ljcdn.com/matrix_lianjia_pc/dist/pc/src/resource/default/1150-450.png?_v=201906280941017d9', 'https://s1.ljcdn.com/matrix_lianjia_pc/dist/pc/src/resource/default/1150-450.png?_v=201906280941017d9']",,,,,,,,,,,,,[],22.66084,114.077466
https://sz.lianjia.com/apartment/16312.html,,,职业房东 · 碧海湾店,"
职业房东 · 碧海湾店

          1180元/月起

",,,,,['https://image1.ljcdn.com/rent-user-avatar/76459c1b-2f0b-4a47-96d7-b1f3d2c75fa0.1150x.jpg'],,,,,,,,,,,,,[],22.591806,113.849312
https://sz.lianjia.com/apartment/17168.html,,,卓寓 · 润达圆庭C栋,"
卓寓 · 润达圆庭C栋

          1755元/月起

",,,,,"['https://image1.ljcdn.com/rent-user-avatar/b44c0f1c-e290-41a8-b290-f2793f3a0959.1150x.jpg', 'https://s1.ljcdn.com/matrix_lianjia_pc/dist/pc/src/resource/default/1150-450.png?_v=201906280941017d9', 'https://s1.ljcdn.com/matrix_lianjia_pc/dist/pc/src/resource/default/1150-450.png?_v=201906280941017d9', 'https://s1.ljcdn.com/matrix_lianjia_pc/dist/pc/src/resource/default/1150-450.png?_v=201906280941017d9']",,,,,,,,,,,,,[],22.631407,114.027892
https://sz.lianjia.com/apartment/13164.html,,,平台优选商家 · 深居龙华店,"
平台优选商家 · 深居龙华店

          1550元/月起

",,,,,"['https://image1.ljcdn.com/rent-user-avatar/17195d90-7528-4b56-a46e-75251f8c23e0.1150x.jpg', 'https://s1.ljcdn.com/matrix_lianjia_pc/dist/pc/src/resource/default/1150-450.png?_v=201906280941017d9', 'https://s1.ljcdn.com/matrix_lianjia_pc/dist/pc/src/resource/default/1150-450.png?_v=201906280941017d9']",,,,,,,,,,,,,[],22.661778,114.031098
https://sz.lianjia.com/apartment/9180.html,,,亚丁公寓 · 龙华旗舰店,"
亚丁公寓 · 龙华旗舰店

          1380元/月起

",,,,,"['https://image1.ljcdn.com/rent-user-avatar/2f5a323f-b67e-4d6b-9cc9-ad333d6b1231.1150x.jpg', 'https://s1.ljcdn.com/matrix_lianjia_pc/dist/pc/src/resource/default/1150-450.png?_v=201906280941017d9', 'https://s1.ljcdn.com/matrix_lianjia_pc/dist/pc/src/resource/default/1150-450.png?_v=201906280941017d9']",,,,,,,,,,,,,[],22.657639,114.033573
https://sz.lianjia.com/apartment/16270.html,,,万科泊寓 · 布吉水径公社,"
万科泊寓 · 布吉水径公社

          1399元/月起

",,,,,"['https://image1.ljcdn.com/rent-user-avatar/0e6908fb-e052-49ec-8ef2-816db4d5a6ed.1150x.jpg', 'https://s1.ljcdn.com/matrix_lianjia_pc/dist/pc/src/resource/default/1150-450.png?_v=201906280941017d9', 'https://s1.ljcdn.com/matrix_lianjia_pc/dist/pc/src/resource/default/1150-450.png?_v=201906280941017d9', 'https://s1.ljcdn.com/matrix_lianjia_pc/dist/pc/src/resource/default/1150-450.png?_v=201906280941017d9', 'https://s1.ljcdn.com/matrix_lianjia_pc/dist/pc/src/resource/default/1150-450.png?_v=201906280941017d9', 'https://s1.ljcdn.com/matrix_lianjia_pc/dist/pc/src/resource/default/1150-450.png?_v=201906280941017d9']",,,,,,,,,,,,,[],22.626804,114.117759
https://sz.lianjia.com/apartment/16023.html,,,职业房东 · 熊熊公寓一店,"
职业房东 · 熊熊公寓一店

          1780元/月起

",,,,,"['https://image1.ljcdn.com/rent-user-avatar/9df2045d-5e70-4259-9236-832e8adf59c3.1150x.jpg', 'https://s1.ljcdn.com/matrix_lianjia_pc/dist/pc/src/resource/default/1150-450.png?_v=201906280941017d9', 'https://s1.ljcdn.com/matrix_lianjia_pc/dist/pc/src/resource/default/1150-450.png?_v=201906280941017d9', 'https://s1.ljcdn.com/matrix_lianjia_pc/dist/pc/src/resource/default/1150-450.png?_v=201906280941017d9']",,,,,,,,,,,,,[],22.603365,113.852854
https://sz.lianjia.com/apartment/15129.html,,,职业房东 · 南坑1店,"
职业房东 · 南坑1店

          1000元/月起

",,,,,"['https://image1.ljcdn.com/rent-user-avatar/96d96b26-734a-475d-96ed-94115bb1695c.1150x.jpg', 'https://s1.ljcdn.com/matrix_lianjia_pc/dist/pc/src/resource/default/1150-450.png?_v=201906280941017d9', 'https://s1.ljcdn.com/matrix_lianjia_pc/dist/pc/src/resource/default/1150-450.png?_v=201906280941017d9']",,,,,,,,,,,,,[],22.620186,114.069264
https://sz.lianjia.com/apartment/18197.html,,,万科泊寓 · 福永聚福园公社,"
万科泊寓 · 福永聚福园公社

          1875元/月起

",,,,,"['https://image1.ljcdn.com/rent-user-avatar/7fa1d2a7-f14d-4699-b16f-a7b92c2eb593.1150x.jpg', 'https://s1.ljcdn.com/matrix_lianjia_pc/dist/pc/src/resource/default/1150-450.png?_v=201906280941017d9', 'https://s1.ljcdn.com/matrix_lianjia_pc/dist/pc/src/resource/default/1150-450.png?_v=201906280941017d9', 'https://s1.ljcdn.com/matrix_lianjia_pc/dist/pc/src/resource/default/1150-450.png?_v=201906280941017d9']",,,,,,,,,,,,,[],22.675398,113.821393
https://sz.lianjia.com/zufang/SZ2281754120362655744.html,坪山区,坪山,整租·龙光玖云著 2室1厅 复式 东南,2000元/月 (月付价),整租,2室1厅1卫,37㎡,朝 东南,"['https://image1.ljcdn.com/rent-user-avatar/2d1b2222-93e8-40e1-a979-7257a2e17d02.780x439.jpg', 'https://s1.ljcdn.com/matrix_lianjia_pc/dist/pc/src/resource/default/780-439.png?_v=201906280941017d9']",11天前,随时入住,6~12个月,随时可看,7/22层,有,暂无数据,商水,商电,无,暂无数据,"['公寓', '月租', '精装', '随时看房']",[],22.685514,114.337256
https://sz.lianjia.com/apartment/1545.html,,,荟萃酒店式公寓 · 横岗店,"
荟萃酒店式公寓 · 横岗店

          1900元/月起

",,,,,"['https://image1.ljcdn.com/rent-user-avatar/4f80e094-4809-4dc0-85ce-aeee40669f03.1150x.jpg', 'https://s1.ljcdn.com/matrix_lianjia_pc/dist/pc/src/resource/default/1150-450.png?_v=201906280941017d9', 'https://s1.ljcdn.com/matrix_lianjia_pc/dist/pc/src/resource/default/1150-450.png?_v=201906280941017d9', 'https://s1.ljcdn.com/matrix_lianjia_pc/dist/pc/src/resource/default/1150-450.png?_v=201906280941017d9', 'https://s1.ljcdn.com/matrix_lianjia_pc/dist/pc/src/resource/default/1150-450.png?_v=201906280941017d9', 'https://s1.ljcdn.com/matrix_lianjia_pc/dist/pc/src/resource/default/1150-450.png?_v=201906280941017d9', 'https://s1.ljcdn.com/matrix_lianjia_pc/dist/pc/src/resource/default/1150-450.png?_v=201906280941017d9', 'https://s1.ljcdn.com/matrix_lianjia_pc/dist/pc/src/resource/default/1150-450.png?_v=201906280941017d9', 'https://s1.ljcdn.com/matrix_lianjia_pc/dist/pc/src/resource/default/1150-450.png?_v=201906280941017d9', 'https://s1.ljcdn.com/matrix_lianjia_pc/dist/pc/src/resource/default/1150-450.png?_v=201906280941017d9', 'https://s1.ljcdn.com/matrix_lianjia_pc/dist/pc/src/resource/default/1150-450.png?_v=201906280941017d9', 'https://s1.ljcdn.com/matrix_lianjia_pc/dist/pc/src/resource/default/1150-450.png?_v=201906280941017d9']",,,,,,,,,,,,,[],22.668794,114.225474
https://sz.lianjia.com/apartment/9703.html,,,职业房东 · 丹平新洲东八巷,"
职业房东 · 丹平新洲东八巷

          2000元/月起

",,,,,['https://image1.ljcdn.com/rent-user-avatar/4766ba1d-578f-4916-a16a-2fe4adf8c89f.1150x.jpg'],,,,,,,,,,,,,[],22.63033,114.161392
