房源地址,行政区,位置,标题,租金,租赁方式,户型,面积,朝向,图片列表,发布时间,入住时间,租期,看房时间,楼层,电梯,车位,用水,用电,燃气,采暖,标签,station,latitude,longtitude
https://sz.lianjia.com/zufang/SZ2255751604186136576.html,福田区,福田中心,合租·高科利花园 4居室 东南卧,1990元/月 (月付价),合租,4室1厅1卫,8㎡,朝东南,"['https://image1.ljcdn.com/rent-user-avatar/163ad25f-5618-42d9-bc13-19b2d79dec61.780x439.jpg', 'https://s1.ljcdn.com/matrix_lianjia_pc/dist/pc/src/resource/default/780-439.png?_v=201906280941017d9', 'https://s1.ljcdn.com/matrix_lianjia_pc/dist/pc/src/resource/default/780-439.png?_v=201906280941017d9', 'https://s1.ljcdn.com/matrix_lianjia_pc/dist/pc/src/resource/default/780-439.png?_v=201906280941017d9', 'https://s1.ljcdn.com/matrix_lianjia_pc/dist/pc/src/resource/default/780-439.png?_v=201906280941017d9', 'https://s1.ljcdn.com/matrix_lianjia_pc/dist/pc/src/resource/default/780-439.png?_v=201906280941017d9', 'https://s1.ljcdn.com/matrix_lianjia_pc/dist/pc/src/resource/default/780-439.png?_v=201906280941017d9']",1个月前,随时入住,1~12个月,随时可看,12/33层,有,暂无数据,民水,民电,有,暂无数据,"['月租', '近地铁', '精装', '押一付一', '随时看房']","['1号线(罗宝线) - 岗厦', '359m', '2号线(蛇口线) - 岗厦北', '976m', '1号线(罗宝线),4号线(龙华线) - 会展中心', '1011m']",22.542220482922,114.07887327142
https://sz.lianjia.com/apartment/2611.html,,,伴山家园 · 固戍B店,"
伴山家园 · 固戍B店

          1530元/月起

",,,,,"['https://image1.ljcdn.com/rent-user-avatar/f1a852c4-01e0-4af0-b0ed-c636dc4da7f0.1150x.jpg', 'https://s1.ljcdn.com/matrix_lianjia_pc/dist/pc/src/resource/default/1150-450.png?_v=201906280941017d9', 'https://s1.ljcdn.com/matrix_lianjia_pc/dist/pc/src/resource/default/1150-450.png?_v=201906280941017d9', 'https://s1.ljcdn.com/matrix_lianjia_pc/dist/pc/src/resource/default/1150-450.png?_v=201906280941017d9', 'https://s1.ljcdn.com/matrix_lianjia_pc/dist/pc/src/resource/default/1150-450.png?_v=201906280941017d9', 'https://s1.ljcdn.com/matrix_lianjia_pc/dist/pc/src/resource/default/1150-450.png?_v=201906280941017d9', 'https://s1.ljcdn.com/matrix_lianjia_pc/dist/pc/src/resource/default/1150-450.png?_v=201906280941017d9', 'https://s1.ljcdn.com/matrix_lianjia_pc/dist/pc/src/resource/default/1150-450.png?_v=201906280941017d9', 'https://s1.ljcdn.com/matrix_lianjia_pc/dist/pc/src/resource/default/1150-450.png?_v=201906280941017d9', 'https://s1.ljcdn.com/matrix_lianjia_pc/dist/pc/src/resource/default/1150-450.png?_v=201906280941017d9', 'https://s1.ljcdn.com/matrix_lianjia_pc/dist/pc/src/resource/default/1150-450.png?_v=201906280941017d9']",,,,,,,,,,,,,[],22.605837,113.859234
https://sz.lianjia.com/apartment/8481.html,,,职业房东 · 雅美居A店,"
职业房东 · 雅美居A店

          1360元/月起

",,,,,"['https://image1.ljcdn.com/rent-user-avatar/cd6fe438-ff7f-49e8-8931-331dc712521c.1150x.jpg', 'https://s1.ljcdn.com/matrix_lianjia_pc/dist/pc/src/resource/default/1150-450.png?_v=201906280941017d9', 'https://s1.ljcdn.com/matrix_lianjia_pc/dist/pc/src/resource/default/1150-450.png?_v=201906280941017d9', 'https://s1.ljcdn.com/matrix_lianjia_pc/dist/pc/src/resource/default/1150-450.png?_v=201906280941017d9']",,,,,,,,,,,,,[],22.598251,113.845711
https://sz.lianjia.com/apartment/11756.html,,,职业房东 · 阳光公寓固戍地铁口二店,"
职业房东 · 阳光公寓固戍地铁口二店

          1680元/月起

",,,,,"['https://image1.ljcdn.com/rent-user-avatar/2d168cdf-4088-475d-aab3-bd647cc51a06.1150x.jpg', 'https://s1.ljcdn.com/matrix_lianjia_pc/dist/pc/src/resource/default/1150-450.png?_v=201906280941017d9', 'https://s1.ljcdn.com/matrix_lianjia_pc/dist/pc/src/resource/default/1150-450.png?_v=201906280941017d9']",,,,,,,,,,,,,[],22.604537,113.853214
https://sz.lianjia.com/apartment/3902.html,,,朗诗寓 · 雪象店,"
朗诗寓 · 雪象店

          1680元/月起

",,,,,"['https://image1.ljcdn.com/rent-user-avatar/e6dbb3c7-252a-440d-b763-6ad2e9d33927.1150x.jpg', 'https://s1.ljcdn.com/matrix_lianjia_pc/dist/pc/src/resource/default/1150-450.png?_v=201906280941017d9', 'https://s1.ljcdn.com/matrix_lianjia_pc/dist/pc/src/resource/default/1150-450.png?_v=201906280941017d9', 'https://s1.ljcdn.com/matrix_lianjia_pc/dist/pc/src/resource/default/1150-450.png?_v=201906280941017d9', 'https://s1.ljcdn.com/matrix_lianjia_pc/dist/pc/src/resource/default/1150-450.png?_v=201906280941017d9', 'https://s1.ljcdn.com/matrix_lianjia_pc/dist/pc/src/resource/default/1150-450.png?_v=201906280941017d9', 'https://s1.ljcdn.com/matrix_lianjia_pc/dist/pc/src/resource/default/1150-450.png?_v=201906280941017d9', 'https://s1.ljcdn.com/matrix_lianjia_pc/dist/pc/src/resource/default/1150-450.png?_v=201906280941017d9', 'https://s1.ljcdn.com/matrix_lianjia_pc/dist/pc/src/resource/default/1150-450.png?_v=201906280941017d9', 'https://s1.ljcdn.com/matrix_lianjia_pc/dist/pc/src/resource/default/1150-450.png?_v=201906280941017d9', 'https://s1.ljcdn.com/matrix_lianjia_pc/dist/pc/src/resource/default/1150-450.png?_v=201906280941017d9']",,,,,,,,,,,,,[],22.660974,114.08603
https://sz.lianjia.com/apartment/9410.html,,,祥寓 · 新光店,"
祥寓 · 新光店

          1499元/月起

",,,,,['https://image1.ljcdn.com/rent-user-avatar/f845f4ce-ca87-4b9d-97ef-c65bb683d2d5.1150x.jpg'],,,,,,,,,,,,,[],22.651018,114.213222
https://sz.lianjia.com/apartment/9410.html,,,祥寓 · 新光店,"
祥寓 · 新光店

          1499元/月起

",,,,,['https://image1.ljcdn.com/rent-user-avatar/f845f4ce-ca87-4b9d-97ef-c65bb683d2d5.1150x.jpg'],,,,,,,,,,,,,[],22.651018,114.213222
https://sz.lianjia.com/apartment/5095.html,,,祥寓 · 六约深坑店,"
祥寓 · 六约深坑店

          1000元/月起

",,,,,"['https://image1.ljcdn.com/rent-user-avatar/f7aa5d47-1547-46a6-893b-f803f92e1930.1150x.jpg', 'https://s1.ljcdn.com/matrix_lianjia_pc/dist/pc/src/resource/default/1150-450.png?_v=201906280941017d9']",,,,,,,,,,,,,[],22.639893,114.17984
https://sz.lianjia.com/apartment/15662.html,,,万科泊寓 · 龙华上油松公社,"
万科泊寓 · 龙华上油松公社

          1398元/月起

",,,,,['https://image1.ljcdn.com/rent-user-avatar/eba71e9e-e86c-4c17-b8c4-16289354c35f.1150x.jpg'],,,,,,,,,,,,,[],22.643077,114.049794
https://sz.lianjia.com/apartment/2822.html,,,9号公寓 · 富茂1店,"
9号公寓 · 富茂1店

          1899元/月起

",,,,,"['https://image1.ljcdn.com/rent-user-avatar/97f85d29-e03b-461a-8124-717f086fb04a.1150x.jpg', 'https://s1.ljcdn.com/matrix_lianjia_pc/dist/pc/src/resource/default/1150-450.png?_v=201906280941017d9', 'https://s1.ljcdn.com/matrix_lianjia_pc/dist/pc/src/resource/default/1150-450.png?_v=201906280941017d9', 'https://s1.ljcdn.com/matrix_lianjia_pc/dist/pc/src/resource/default/1150-450.png?_v=201906280941017d9', 'https://s1.ljcdn.com/matrix_lianjia_pc/dist/pc/src/resource/default/1150-450.png?_v=201906280941017d9', 'https://s1.ljcdn.com/matrix_lianjia_pc/dist/pc/src/resource/default/1150-450.png?_v=201906280941017d9', 'https://s1.ljcdn.com/matrix_lianjia_pc/dist/pc/src/resource/default/1150-450.png?_v=201906280941017d9', 'https://s1.ljcdn.com/matrix_lianjia_pc/dist/pc/src/resource/default/1150-450.png?_v=201906280941017d9', 'https://s1.ljcdn.com/matrix_lianjia_pc/dist/pc/src/resource/default/1150-450.png?_v=201906280941017d9', 'https://s1.ljcdn.com/matrix_lianjia_pc/dist/pc/src/resource/default/1150-450.png?_v=201906280941017d9']",,,,,,,,,,,,,[],22.668306,114.040822
https://sz.lianjia.com/apartment/12038.html,,,美雅 · 福永白石夏店,"
美雅 · 福永白石夏店

          1500元/月起

",,,,,['https://image1.ljcdn.com/rent-user-avatar/0fc09d71-ebd5-49c2-b5d4-e15a2d5e9c51.1150x.jpg'],,,,,,,,,,,,,[],22.681462,113.839332
https://sz.lianjia.com/apartment/17997.html,,,映家公寓 · 西乡2店,"
映家公寓 · 西乡2店

          1984元/月起

",,,,,"['https://image1.ljcdn.com/rent-user-avatar/72611402-bce7-4f47-b860-c828831847b2.1150x.jpg', 'https://s1.ljcdn.com/matrix_lianjia_pc/dist/pc/src/resource/default/1150-450.png?_v=201906280941017d9', 'https://s1.ljcdn.com/matrix_lianjia_pc/dist/pc/src/resource/default/1150-450.png?_v=201906280941017d9', 'https://s1.ljcdn.com/matrix_lianjia_pc/dist/pc/src/resource/default/1150-450.png?_v=201906280941017d9', 'https://s1.ljcdn.com/matrix_lianjia_pc/dist/pc/src/resource/default/1150-450.png?_v=201906280941017d9', 'https://s1.ljcdn.com/matrix_lianjia_pc/dist/pc/src/resource/default/1150-450.png?_v=201906280941017d9', 'https://s1.ljcdn.com/matrix_lianjia_pc/dist/pc/src/resource/default/1150-450.png?_v=201906280941017d9', 'https://s1.ljcdn.com/matrix_lianjia_pc/dist/pc/src/resource/default/1150-450.png?_v=201906280941017d9', 'https://s1.ljcdn.com/matrix_lianjia_pc/dist/pc/src/resource/default/1150-450.png?_v=201906280941017d9', 'https://s1.ljcdn.com/matrix_lianjia_pc/dist/pc/src/resource/default/1150-450.png?_v=201906280941017d9', 'https://s1.ljcdn.com/matrix_lianjia_pc/dist/pc/src/resource/default/1150-450.png?_v=201906280941017d9', 'https://s1.ljcdn.com/matrix_lianjia_pc/dist/pc/src/resource/default/1150-450.png?_v=201906280941017d9', 'https://s1.ljcdn.com/matrix_lianjia_pc/dist/pc/src/resource/default/1150-450.png?_v=201906280941017d9', 'https://s1.ljcdn.com/matrix_lianjia_pc/dist/pc/src/resource/default/1150-450.png?_v=201906280941017d9']",,,,,,,,,,,,,[],22.586204,113.876931
https://sz.lianjia.com/apartment/15250.html,,,昆季公寓 · 茜坑店,"
昆季公寓 · 茜坑店

          1080元/月起

",,,,,"['https://image1.ljcdn.com/rent-user-avatar/af57b5db-c04c-418c-a70a-91ab60d067cd.1150x.jpg', 'https://s1.ljcdn.com/matrix_lianjia_pc/dist/pc/src/resource/default/1150-450.png?_v=201906280941017d9']",,,,,,,,,,,,,[],22.706057,114.042743
https://sz.lianjia.com/zufang/SZ2218588832604102656.html,宝安区,宝安中心,合租·泰华君逸世家 5居室 东南卧,1980元/月 (月付价),合租,5室1厅2卫,12㎡,朝东南,"['https://image1.ljcdn.com/rent-user-avatar/731a52c1-ff9b-4286-8493-70e1417161d9.780x439.jpg', 'https://s1.ljcdn.com/matrix_lianjia_pc/dist/pc/src/resource/default/780-439.png?_v=201906280941017d9', 'https://s1.ljcdn.com/matrix_lianjia_pc/dist/pc/src/resource/default/780-439.png?_v=201906280941017d9', 'https://s1.ljcdn.com/matrix_lianjia_pc/dist/pc/src/resource/default/780-439.png?_v=201906280941017d9', 'https://s1.ljcdn.com/matrix_lianjia_pc/dist/pc/src/resource/default/780-439.png?_v=201906280941017d9', 'https://s1.ljcdn.com/matrix_lianjia_pc/dist/pc/src/resource/default/780-439.png?_v=201906280941017d9', 'https://s1.ljcdn.com/matrix_lianjia_pc/dist/pc/src/resource/default/780-439.png?_v=201906280941017d9']",3个月前,随时入住,3~12个月,随时可看,3/29层,有,租用车位,民水,民电,有,集中供暖,"['月租', '近地铁', '精装', '随时看房']","['1号线(罗宝线) - 宝体', '315m', '11号线 - 宝安', '1134m', '1号线(罗宝线),5号线(环中线) - 宝安中心', '1144m']",22.568505,113.887599
https://sz.lianjia.com/apartment/18976.html,,,悦隆宾馆 · 悦盛公寓,"
悦隆宾馆 · 悦盛公寓

          1450元/月起

",,,,,['https://image1.ljcdn.com/rent-user-avatar/e81b712f-1080-49d0-a79d-7819aeae6ce2.1150x.jpg'],,,,,,,,,,,,,[],22.678329,113.816213
https://sz.lianjia.com/apartment/17489.html,,,广弘公寓 · 坂田店,"
广弘公寓 · 坂田店

          1480元/月起

",,,,,['https://image1.ljcdn.com/rent-user-avatar/de83312f-a5e3-4769-81b5-55f73c7d00d2.1150x.jpg'],,,,,,,,,,,,,[],22.633285,114.078691
https://sz.lianjia.com/apartment/1191.html,,,18Plus公寓 · 桥头店,"
18Plus公寓 · 桥头店

          1450元/月起

",,,,,"['https://image1.ljcdn.com/rent-user-avatar/fb00c00f-0d0c-4c48-b2d4-be50a736439d.1150x.jpg', 'https://s1.ljcdn.com/matrix_lianjia_pc/dist/pc/src/resource/default/1150-450.png?_v=201906280941017d9', 'https://s1.ljcdn.com/matrix_lianjia_pc/dist/pc/src/resource/default/1150-450.png?_v=201906280941017d9', 'https://s1.ljcdn.com/matrix_lianjia_pc/dist/pc/src/resource/default/1150-450.png?_v=201906280941017d9', 'https://s1.ljcdn.com/matrix_lianjia_pc/dist/pc/src/resource/default/1150-450.png?_v=201906280941017d9', 'https://s1.ljcdn.com/matrix_lianjia_pc/dist/pc/src/resource/default/1150-450.png?_v=201906280941017d9', 'https://s1.ljcdn.com/matrix_lianjia_pc/dist/pc/src/resource/default/1150-450.png?_v=201906280941017d9', 'https://s1.ljcdn.com/matrix_lianjia_pc/dist/pc/src/resource/default/1150-450.png?_v=201906280941017d9', 'https://s1.ljcdn.com/matrix_lianjia_pc/dist/pc/src/resource/default/1150-450.png?_v=201906280941017d9', 'https://s1.ljcdn.com/matrix_lianjia_pc/dist/pc/src/resource/default/1150-450.png?_v=201906280941017d9']",,,,,,,,,,,,,[],22.692369,113.812132
https://sz.lianjia.com/apartment/14417.html,,,甜蜜的家 · 沙井店,"
甜蜜的家 · 沙井店

          1880元/月起

",,,,,['https://image1.ljcdn.com/rent-user-avatar/52ac4a35-ea6d-4c6f-94f5-adb0b28b86d8.1150x.jpg'],,,,,,,,,,,,,[],22.731938,113.830386
https://sz.lianjia.com/zufang/SZ2260921030086500352.html,福田区,景田,合租·景田南小区 4居室 东南卧,1960元/月 (月付价),合租,4室1厅1卫,12㎡,朝东南,"['https://image1.ljcdn.com/rent-user-avatar/2057f8eb-6ad6-4371-abbe-2ed47bc4adcd.780x439.jpg', 'https://s1.ljcdn.com/matrix_lianjia_pc/dist/pc/src/resource/default/780-439.png?_v=201906280941017d9', 'https://s1.ljcdn.com/matrix_lianjia_pc/dist/pc/src/resource/default/780-439.png?_v=201906280941017d9', 'https://s1.ljcdn.com/matrix_lianjia_pc/dist/pc/src/resource/default/780-439.png?_v=201906280941017d9', 'https://s1.ljcdn.com/matrix_lianjia_pc/dist/pc/src/resource/default/780-439.png?_v=201906280941017d9', 'https://s1.ljcdn.com/matrix_lianjia_pc/dist/pc/src/resource/default/780-439.png?_v=201906280941017d9', 'https://s1.ljcdn.com/matrix_lianjia_pc/dist/pc/src/resource/default/780-439.png?_v=201906280941017d9', 'https://s1.ljcdn.com/matrix_lianjia_pc/dist/pc/src/resource/default/780-439.png?_v=201906280941017d9']",1个月前,随时入住,1~12个月,随时可看,3/8层,无,暂无数据,民水,民电,有,暂无数据,"['月租', '近地铁', '精装', '押一付一', '随时看房']","['2号线(蛇口线),9号线 - 景田', '246m', '9号线 - 梅景', '978m', '2号线(蛇口线) - 莲花西', '1106m']",22.561407,114.052664
https://sz.lianjia.com/zufang/SZ2260906512224354304.html,福田区,沙尾,合租·全海花园 4居室 东南卧,1960元/月 (月付价),合租,4室1厅1卫,8㎡,朝东南,"['https://image1.ljcdn.com/rent-user-avatar/611fe0bf-901a-4ffa-a34c-544396369993.780x439.jpg', 'https://s1.ljcdn.com/matrix_lianjia_pc/dist/pc/src/resource/default/780-439.png?_v=201906280941017d9', 'https://s1.ljcdn.com/matrix_lianjia_pc/dist/pc/src/resource/default/780-439.png?_v=201906280941017d9', 'https://s1.ljcdn.com/matrix_lianjia_pc/dist/pc/src/resource/default/780-439.png?_v=201906280941017d9', 'https://s1.ljcdn.com/matrix_lianjia_pc/dist/pc/src/resource/default/780-439.png?_v=201906280941017d9', 'https://s1.ljcdn.com/matrix_lianjia_pc/dist/pc/src/resource/default/780-439.png?_v=201906280941017d9', 'https://s1.ljcdn.com/matrix_lianjia_pc/dist/pc/src/resource/default/780-439.png?_v=201906280941017d9', 'https://s1.ljcdn.com/matrix_lianjia_pc/dist/pc/src/resource/default/780-439.png?_v=201906280941017d9']",1个月前,随时入住,1~12个月,随时可看,20/27层,有,暂无数据,民水,民电,有,暂无数据,"['月租', '近地铁', '精装', '押一付一', '随时看房']","['7号线 - 沙尾', '816m', '3号线(龙岗线) - 益田', '828m']",22.522099908587,114.05056286568
https://sz.lianjia.com/apartment/14417.html,,,甜蜜的家 · 沙井店,"
甜蜜的家 · 沙井店

          1880元/月起

",,,,,['https://image1.ljcdn.com/rent-user-avatar/52ac4a35-ea6d-4c6f-94f5-adb0b28b86d8.1150x.jpg'],,,,,,,,,,,,,[],22.731938,113.830386
https://sz.lianjia.com/apartment/15826.html,,,万科泊寓 · 龙华郭吓公社,"
万科泊寓 · 龙华郭吓公社

          1088元/月起

",,,,,['https://image1.ljcdn.com/rent-user-avatar/0f1efe2b-9b14-4e05-9cec-fadd5fcd7760.1150x.jpg'],,,,,,,,,,,,,[],22.669321,114.024789
https://sz.lianjia.com/zufang/SZ2277298387743416320.html,福田区,皇岗,合租·南光名仕苑 4居室 东南卧,1980元/月 (月付价),合租,4室1厅2卫,12㎡,朝东南,"['https://image1.ljcdn.com/rent-user-avatar/2f225a0a-5705-433c-8b3f-0181102c9981.780x439.jpg', 'https://s1.ljcdn.com/matrix_lianjia_pc/dist/pc/src/resource/default/780-439.png?_v=201906280941017d9', 'https://s1.ljcdn.com/matrix_lianjia_pc/dist/pc/src/resource/default/780-439.png?_v=201906280941017d9', 'https://s1.ljcdn.com/matrix_lianjia_pc/dist/pc/src/resource/default/780-439.png?_v=201906280941017d9', 'https://s1.ljcdn.com/matrix_lianjia_pc/dist/pc/src/resource/default/780-439.png?_v=201906280941017d9', 'https://s1.ljcdn.com/matrix_lianjia_pc/dist/pc/src/resource/default/780-439.png?_v=201906280941017d9', 'https://s1.ljcdn.com/matrix_lianjia_pc/dist/pc/src/resource/default/780-439.png?_v=201906280941017d9', 'https://s1.ljcdn.com/matrix_lianjia_pc/dist/pc/src/resource/default/780-439.png?_v=201906280941017d9', 'https://s1.ljcdn.com/matrix_lianjia_pc/dist/pc/src/resource/default/780-439.png?_v=201906280941017d9']",17天前,2019-06-30,6~12个月,需提前预约,6/10层,有,暂无数据,民水,民电,有,暂无数据,"['公寓', '月租', '近地铁', '精装']","['4号线(龙华线) - 福田口岸', '461m', '4号线(龙华线),7号线 - 福民', '755m']",22.521955893137,114.07143474128
https://sz.lianjia.com/zufang/SZ2272586719583289344.html,宝安区,宝安中心,合租·金成时代家园 5居室 东南卧,1980元/月 (月付价),合租,5室2厅2卫,18㎡,朝东南,"['https://image1.ljcdn.com/rent-user-avatar/9dd66f91-b827-4fc1-babe-f770754104c1.780x439.jpg', 'https://s1.ljcdn.com/matrix_lianjia_pc/dist/pc/src/resource/default/780-439.png?_v=201906280941017d9', 'https://s1.ljcdn.com/matrix_lianjia_pc/dist/pc/src/resource/default/780-439.png?_v=201906280941017d9', 'https://s1.ljcdn.com/matrix_lianjia_pc/dist/pc/src/resource/default/780-439.png?_v=201906280941017d9', 'https://s1.ljcdn.com/matrix_lianjia_pc/dist/pc/src/resource/default/780-439.png?_v=201906280941017d9', 'https://s1.ljcdn.com/matrix_lianjia_pc/dist/pc/src/resource/default/780-439.png?_v=201906280941017d9', 'https://s1.ljcdn.com/matrix_lianjia_pc/dist/pc/src/resource/default/780-439.png?_v=201906280941017d9', 'https://s1.ljcdn.com/matrix_lianjia_pc/dist/pc/src/resource/default/780-439.png?_v=201906280941017d9', 'https://s1.ljcdn.com/matrix_lianjia_pc/dist/pc/src/resource/default/780-439.png?_v=201906280941017d9', 'https://s1.ljcdn.com/matrix_lianjia_pc/dist/pc/src/resource/default/780-439.png?_v=201906280941017d9']",23天前,随时入住,1年,随时可看,27/29层,有,租用车位,民水,民电,有,自采暖,"['近地铁', '精装', '随时看房']","['1号线(罗宝线) - 宝体', '378m']",22.569011,113.889464
https://sz.lianjia.com/apartment/3674.html,,,三合苑 · 水口花园西四巷4号B,"
三合苑 · 水口花园西四巷4号B

          2000元/月起

",,,,,"['https://image1.ljcdn.com/rent-user-avatar/ae2326a8-522c-4418-bc88-d6b39d225981.1150x.jpg', 'https://s1.ljcdn.com/matrix_lianjia_pc/dist/pc/src/resource/default/1150-450.png?_v=201906280941017d9', 'https://s1.ljcdn.com/matrix_lianjia_pc/dist/pc/src/resource/default/1150-450.png?_v=201906280941017d9', 'https://s1.ljcdn.com/matrix_lianjia_pc/dist/pc/src/resource/default/1150-450.png?_v=201906280941017d9']",,,,,,,,,,,,,[],22.580967,113.906074
https://sz.lianjia.com/apartment/14762.html,,,职业房东 · 佳逸里公寓,"
职业房东 · 佳逸里公寓

          1580元/月起

",,,,,"['https://image1.ljcdn.com/rent-user-avatar/14a9624b-a3c6-47dd-bcec-5233b655c64b.1150x.jpg', 'https://s1.ljcdn.com/matrix_lianjia_pc/dist/pc/src/resource/default/1150-450.png?_v=201906280941017d9', 'https://s1.ljcdn.com/matrix_lianjia_pc/dist/pc/src/resource/default/1150-450.png?_v=201906280941017d9', 'https://s1.ljcdn.com/matrix_lianjia_pc/dist/pc/src/resource/default/1150-450.png?_v=201906280941017d9']",,,,,,,,,,,,,[],22.728261,113.815317
https://sz.lianjia.com/apartment/9217.html,,,锦荣居 · 上合店106号A栋,"
锦荣居 · 上合店106号A栋

          1800元/月起

",,,,,"['https://image1.ljcdn.com/rent-user-avatar/8ba3e40b-61ac-49ae-b96f-1f6a33a07deb.1150x.jpg', 'https://s1.ljcdn.com/matrix_lianjia_pc/dist/pc/src/resource/default/1150-450.png?_v=201906280941017d9']",,,,,,,,,,,,,[],22.582632,113.907303
https://sz.lianjia.com/apartment/4606.html,,,平台认证机构 · 和鹏青年社区,"
平台认证机构 · 和鹏青年社区

          1700元/月起

",,,,,['https://image1.ljcdn.com/rent-user-avatar/0d7de42c-12a9-46d8-8155-6ee9df110b85.1150x.jpg'],,,,,,,,,,,,,[],22.648681,114.054775
https://sz.lianjia.com/zufang/SZ2269437675758944256.html,福田区,莲花,合租·富莲大厦 4居室 东南卧,2000元/月 (月付价),合租,4室1厅1卫,19㎡,朝东南,"['https://image1.ljcdn.com/rent-user-avatar/4ad24df1-ef1c-4c2a-820f-e1b073199ed9.780x439.jpg', 'https://s1.ljcdn.com/matrix_lianjia_pc/dist/pc/src/resource/default/780-439.png?_v=201906280941017d9', 'https://s1.ljcdn.com/matrix_lianjia_pc/dist/pc/src/resource/default/780-439.png?_v=201906280941017d9', 'https://s1.ljcdn.com/matrix_lianjia_pc/dist/pc/src/resource/default/780-439.png?_v=201906280941017d9', 'https://s1.ljcdn.com/matrix_lianjia_pc/dist/pc/src/resource/default/780-439.png?_v=201906280941017d9', 'https://s1.ljcdn.com/matrix_lianjia_pc/dist/pc/src/resource/default/780-439.png?_v=201906280941017d9']",28天前,随时入住,1~12个月,随时可看,11/25层,暂无数据,暂无数据,暂无数据,暂无数据,暂无数据,暂无数据,"['月租', '精装', '押一付一', '随时看房']",[],22.565727,114.060641
https://sz.lianjia.com/zufang/SZ2273068244313587712.html,福田区,皇岗,合租·银庄大厦 4居室 东南卧,1990元/月 (月付价),合租,4室1厅1卫,10㎡,朝东南,"['https://image1.ljcdn.com/rent-user-avatar/243cf88b-f6a6-4e6e-abb3-d137c5c739a7.780x439.jpg', 'https://s1.ljcdn.com/matrix_lianjia_pc/dist/pc/src/resource/default/780-439.png?_v=201906280941017d9', 'https://s1.ljcdn.com/matrix_lianjia_pc/dist/pc/src/resource/default/780-439.png?_v=201906280941017d9', 'https://s1.ljcdn.com/matrix_lianjia_pc/dist/pc/src/resource/default/780-439.png?_v=201906280941017d9', 'https://s1.ljcdn.com/matrix_lianjia_pc/dist/pc/src/resource/default/780-439.png?_v=201906280941017d9', 'https://s1.ljcdn.com/matrix_lianjia_pc/dist/pc/src/resource/default/780-439.png?_v=201906280941017d9', 'https://s1.ljcdn.com/matrix_lianjia_pc/dist/pc/src/resource/default/780-439.png?_v=201906280941017d9']",23天前,随时入住,1~12个月,随时可看,9/25层,有,暂无数据,民水,民电,有,暂无数据,"['月租', '近地铁', '精装', '押一付一', '随时看房']","['4号线(龙华线),7号线 - 福民', '75m', '7号线 - 皇岗村', '711m', '4号线(龙华线) - 福田口岸', '816m', '3号线(龙岗线),7号线 - 石厦', '1178m']",22.527259278147,114.07109516128
