房源地址,行政区,位置,标题,租金,租赁方式,户型,面积,朝向,图片列表,发布时间,入住时间,租期,看房时间,楼层,电梯,车位,用水,用电,燃气,采暖,标签,station,latitude,longtitude
https://sz.lianjia.com/apartment/16640.html,,,职业房东 · 壹宸公寓 坂田五和光雅园店,"
职业房东 · 壹宸公寓 坂田五和光雅园店

          1380元/月起

",,,,,['https://image1.ljcdn.com/rent-user-avatar/5eda33e2-9957-4d8b-a6cc-4d9feb63118b.1150x.jpg'],,,,,,,,,,,,,[],22.624151,114.06931
https://sz.lianjia.com/zufang/SZ2257240993147658240.html,龙岗区,龙岗中心城,整租·金地龙城中央二期 1室1厅 东/东南/南/西南/西,2400元/月 (月付价),整租,1室1厅1卫,42㎡,朝东 东南 南 西南 西,"['https://image1.ljcdn.com/rent-user-avatar/03962de1-5831-4bb0-8402-b1c21cf13731.780x439.jpg', 'https://s1.ljcdn.com/matrix_lianjia_pc/dist/pc/src/resource/default/780-439.png?_v=201906280941017d9', 'https://s1.ljcdn.com/matrix_lianjia_pc/dist/pc/src/resource/default/780-439.png?_v=201906280941017d9', 'https://s1.ljcdn.com/matrix_lianjia_pc/dist/pc/src/resource/default/780-439.png?_v=201906280941017d9', 'https://s1.ljcdn.com/matrix_lianjia_pc/dist/pc/src/resource/default/780-439.png?_v=201906280941017d9', 'https://s1.ljcdn.com/matrix_lianjia_pc/dist/pc/src/resource/default/780-439.png?_v=201906280941017d9']",1个月前,随时入住,1年,随时可看,26/41层,有,暂无数据,商水,商电,有,暂无数据,"['公寓', '近地铁', '精装', '随时看房']","['3号线(龙岗线) - 龙城广场', '559m', '3号线(龙岗线) - 吉祥', '904m']",22.719084,114.258273
https://sz.lianjia.com/zufang/SZ2286186272638631936.html,坪山区,坪山,整租·龙光玖云著 2室1厅 西,2800元/月 (月付价),整租,2室1厅1卫,37㎡,朝西,"['https://image1.ljcdn.com/rent-user-avatar/64566966-2069-4da3-aebc-ec9375a682a7.780x439.jpg', 'https://s1.ljcdn.com/matrix_lianjia_pc/dist/pc/src/resource/default/780-439.png?_v=201906280941017d9', 'https://s1.ljcdn.com/matrix_lianjia_pc/dist/pc/src/resource/default/780-439.png?_v=201906280941017d9', 'https://s1.ljcdn.com/matrix_lianjia_pc/dist/pc/src/resource/default/780-439.png?_v=201906280941017d9', 'https://s1.ljcdn.com/matrix_lianjia_pc/dist/pc/src/resource/default/780-439.png?_v=201906280941017d9']",5天前,随时入住,1个月以上,随时可看,7/22层,有,暂无数据,商水,商电,无,暂无数据,"['公寓', '月租', '精装', '新上', '随时看房']",[],22.685564,114.337561
https://sz.lianjia.com/apartment/2642.html,,,职业房东 · 多米公寓98栋,"
职业房东 · 多米公寓98栋

          2700元/月起

",,,,,['https://image1.ljcdn.com/rent-user-avatar/72aa2e09-e456-41e3-afab-d67564d1cb03.1150x.jpg'],,,,,,,,,,,,,[],22.529172,114.055025
https://sz.lianjia.com/zufang/SZ2268604132741365760.html,宝安区,西乡,整租·宏发前城 1室0厅 东/东南/南/西南/西,2680元/月 (月付价),整租,1室0厅1卫,20㎡,朝东 东南 南 西南 西,"['https://image1.ljcdn.com/rent-user-avatar/372d01c5-bad6-400e-a195-478931ee3236.780x439.jpg', 'https://s1.ljcdn.com/matrix_lianjia_pc/dist/pc/src/resource/default/780-439.png?_v=201906280941017d9', 'https://s1.ljcdn.com/matrix_lianjia_pc/dist/pc/src/resource/default/780-439.png?_v=201906280941017d9', 'https://s1.ljcdn.com/matrix_lianjia_pc/dist/pc/src/resource/default/780-439.png?_v=201906280941017d9', 'https://s1.ljcdn.com/matrix_lianjia_pc/dist/pc/src/resource/default/780-439.png?_v=201906280941017d9']",29天前,随时入住,1年,随时可看,7/14层,有,暂无数据,民水,民电,有,暂无数据,"['近地铁', '精装', '随时看房']","['1号线(罗宝线) - 坪洲', '28m']",22.575972,113.878053
https://sz.lianjia.com/zufang/SZ2286190870896590848.html,坪山区,坪山,整租·龙光玖云著 2室1厅 复式 西,2600元/月 (月付价),整租,2室1厅1卫,37㎡,朝西,"['https://image1.ljcdn.com/rent-user-avatar/57fac1d5-8499-4541-bb10-136089231db9.780x439.jpg', 'https://s1.ljcdn.com/matrix_lianjia_pc/dist/pc/src/resource/default/780-439.png?_v=201906280941017d9', 'https://s1.ljcdn.com/matrix_lianjia_pc/dist/pc/src/resource/default/780-439.png?_v=201906280941017d9', 'https://s1.ljcdn.com/matrix_lianjia_pc/dist/pc/src/resource/default/780-439.png?_v=201906280941017d9']",5天前,随时入住,1个月以上,随时可看,2/22层,有,暂无数据,商水,商电,无,暂无数据,"['公寓', '月租', '精装', '新上', '随时看房']",[],22.685481,114.337427
https://sz.lianjia.com/apartment/6667.html,,,万科泊寓 · 宝安福永二店,"
万科泊寓 · 宝安福永二店

          1520元/月起

",,,,,"['https://image1.ljcdn.com/rent-user-avatar/826ce380-5e75-49bb-b45e-1d612e6517c2.1150x.jpg', 'https://s1.ljcdn.com/matrix_lianjia_pc/dist/pc/src/resource/default/1150-450.png?_v=201906280941017d9', 'https://s1.ljcdn.com/matrix_lianjia_pc/dist/pc/src/resource/default/1150-450.png?_v=201906280941017d9', 'https://s1.ljcdn.com/matrix_lianjia_pc/dist/pc/src/resource/default/1150-450.png?_v=201906280941017d9', 'https://s1.ljcdn.com/matrix_lianjia_pc/dist/pc/src/resource/default/1150-450.png?_v=201906280941017d9']",,,,,,,,,,,,,[],22.68227,113.813502
https://sz.lianjia.com/apartment/2165.html,,,初心公寓 · 龙华中心店,"
初心公寓 · 龙华中心店

          1380元/月起

",,,,,"['https://image1.ljcdn.com/rent-user-avatar/2003cde4-57a2-47c3-b3d9-1133544489bf.1150x.jpg', 'https://s1.ljcdn.com/matrix_lianjia_pc/dist/pc/src/resource/default/1150-450.png?_v=201906280941017d9', 'https://s1.ljcdn.com/matrix_lianjia_pc/dist/pc/src/resource/default/1150-450.png?_v=201906280941017d9', 'https://s1.ljcdn.com/matrix_lianjia_pc/dist/pc/src/resource/default/1150-450.png?_v=201906280941017d9', 'https://s1.ljcdn.com/matrix_lianjia_pc/dist/pc/src/resource/default/1150-450.png?_v=201906280941017d9', 'https://s1.ljcdn.com/matrix_lianjia_pc/dist/pc/src/resource/default/1150-450.png?_v=201906280941017d9', 'https://s1.ljcdn.com/matrix_lianjia_pc/dist/pc/src/resource/default/1150-450.png?_v=201906280941017d9', 'https://s1.ljcdn.com/matrix_lianjia_pc/dist/pc/src/resource/default/1150-450.png?_v=201906280941017d9', 'https://s1.ljcdn.com/matrix_lianjia_pc/dist/pc/src/resource/default/1150-450.png?_v=201906280941017d9', 'https://s1.ljcdn.com/matrix_lianjia_pc/dist/pc/src/resource/default/1150-450.png?_v=201906280941017d9', 'https://s1.ljcdn.com/matrix_lianjia_pc/dist/pc/src/resource/default/1150-450.png?_v=201906280941017d9', 'https://s1.ljcdn.com/matrix_lianjia_pc/dist/pc/src/resource/default/1150-450.png?_v=201906280941017d9', 'https://s1.ljcdn.com/matrix_lianjia_pc/dist/pc/src/resource/default/1150-450.png?_v=201906280941017d9', 'https://s1.ljcdn.com/matrix_lianjia_pc/dist/pc/src/resource/default/1150-450.png?_v=201906280941017d9']",,,,,,,,,,,,,[],22.655426,114.030807
https://sz.lianjia.com/apartment/6441.html,,,深圳易居公寓 · 深圳易居公寓,"
深圳易居公寓 · 深圳易居公寓

          1800元/月起

",,,,,"['https://image1.ljcdn.com/rent-user-avatar/5eb51afd-cc53-4b06-92f8-f600a7abee41.1150x.jpg', 'https://s1.ljcdn.com/matrix_lianjia_pc/dist/pc/src/resource/default/1150-450.png?_v=201906280941017d9', 'https://s1.ljcdn.com/matrix_lianjia_pc/dist/pc/src/resource/default/1150-450.png?_v=201906280941017d9', 'https://s1.ljcdn.com/matrix_lianjia_pc/dist/pc/src/resource/default/1150-450.png?_v=201906280941017d9', 'https://s1.ljcdn.com/matrix_lianjia_pc/dist/pc/src/resource/default/1150-450.png?_v=201906280941017d9', 'https://s1.ljcdn.com/matrix_lianjia_pc/dist/pc/src/resource/default/1150-450.png?_v=201906280941017d9', 'https://s1.ljcdn.com/matrix_lianjia_pc/dist/pc/src/resource/default/1150-450.png?_v=201906280941017d9']",,,,,,,,,,,,,[],22.626968,114.049601
https://sz.lianjia.com/apartment/8884.html,,,瑞鑫家园青年社区 · 宝安店,"
瑞鑫家园青年社区 · 宝安店

          1300元/月起

",,,,,"['https://image1.ljcdn.com/rent-user-avatar/4766dc44-fa45-4b84-88db-2d1c04654e0c.1150x.jpg', 'https://s1.ljcdn.com/matrix_lianjia_pc/dist/pc/src/resource/default/1150-450.png?_v=201906280941017d9', 'https://s1.ljcdn.com/matrix_lianjia_pc/dist/pc/src/resource/default/1150-450.png?_v=201906280941017d9', 'https://s1.ljcdn.com/matrix_lianjia_pc/dist/pc/src/resource/default/1150-450.png?_v=201906280941017d9', 'https://s1.ljcdn.com/matrix_lianjia_pc/dist/pc/src/resource/default/1150-450.png?_v=201906280941017d9', 'https://s1.ljcdn.com/matrix_lianjia_pc/dist/pc/src/resource/default/1150-450.png?_v=201906280941017d9', 'https://s1.ljcdn.com/matrix_lianjia_pc/dist/pc/src/resource/default/1150-450.png?_v=201906280941017d9', 'https://s1.ljcdn.com/matrix_lianjia_pc/dist/pc/src/resource/default/1150-450.png?_v=201906280941017d9', 'https://s1.ljcdn.com/matrix_lianjia_pc/dist/pc/src/resource/default/1150-450.png?_v=201906280941017d9', 'https://s1.ljcdn.com/matrix_lianjia_pc/dist/pc/src/resource/default/1150-450.png?_v=201906280941017d9', 'https://s1.ljcdn.com/matrix_lianjia_pc/dist/pc/src/resource/default/1150-450.png?_v=201906280941017d9', 'https://s1.ljcdn.com/matrix_lianjia_pc/dist/pc/src/resource/default/1150-450.png?_v=201906280941017d9']",,,,,,,,,,,,,[],22.586375,113.891323
https://sz.lianjia.com/zufang/SZ2268748449035845632.html,龙岗区,大运新城,整租·中粮祥云 1室0厅 西,2400元/月 (月付价),整租,1室0厅1卫,36㎡,朝西,"['https://image1.ljcdn.com/rent-user-avatar/79dbc886-328f-42bb-8b73-25dfb028d9dd.780x439.jpg', 'https://s1.ljcdn.com/matrix_lianjia_pc/dist/pc/src/resource/default/780-439.png?_v=201906280941017d9', 'https://s1.ljcdn.com/matrix_lianjia_pc/dist/pc/src/resource/default/780-439.png?_v=201906280941017d9', 'https://s1.ljcdn.com/matrix_lianjia_pc/dist/pc/src/resource/default/780-439.png?_v=201906280941017d9', 'https://s1.ljcdn.com/matrix_lianjia_pc/dist/pc/src/resource/default/780-439.png?_v=201906280941017d9']",29天前,随时入住,1年以上,随时可看,39/42层,有,暂无数据,商水,商电,有,暂无数据,"['近地铁', '精装', '随时看房']","['3号线(龙岗线) - 爱联', '148m']",22.70236,114.238641
https://sz.lianjia.com/apartment/14010.html,,,职业房东 · 栖居国际公寓,"
职业房东 · 栖居国际公寓

          1500元/月起

",,,,,"['https://image1.ljcdn.com/rent-user-avatar/86cc7a91-3b2f-476a-bd56-a35c067226dd.1150x.jpg', 'https://s1.ljcdn.com/matrix_lianjia_pc/dist/pc/src/resource/default/1150-450.png?_v=201906280941017d9', 'https://s1.ljcdn.com/matrix_lianjia_pc/dist/pc/src/resource/default/1150-450.png?_v=201906280941017d9', 'https://s1.ljcdn.com/matrix_lianjia_pc/dist/pc/src/resource/default/1150-450.png?_v=201906280941017d9', 'https://s1.ljcdn.com/matrix_lianjia_pc/dist/pc/src/resource/default/1150-450.png?_v=201906280941017d9', 'https://s1.ljcdn.com/matrix_lianjia_pc/dist/pc/src/resource/default/1150-450.png?_v=201906280941017d9', 'https://s1.ljcdn.com/matrix_lianjia_pc/dist/pc/src/resource/default/1150-450.png?_v=201906280941017d9']",,,,,,,,,,,,,[],22.695797,113.820556
https://sz.lianjia.com/apartment/18124.html,,,平台认证机构 · 石居青年公寓,"
平台认证机构 · 石居青年公寓

          2000元/月起

",,,,,"['https://image1.ljcdn.com/rent-user-avatar/69a64d4f-1b15-425d-8f77-ff17cf5a191d.1150x.jpg', 'https://s1.ljcdn.com/matrix_lianjia_pc/dist/pc/src/resource/default/1150-450.png?_v=201906280941017d9']",,,,,,,,,,,,,[],22.626595,114.086437
https://sz.lianjia.com/apartment/16321.html,,,西柚小镇 · 东边一店,"
西柚小镇 · 东边一店

          1860元/月起

",,,,,['https://image1.ljcdn.com/rent-user-avatar/c994dcd6-49e9-4ce8-8e54-c2a26216d605.1150x.jpg'],,,,,,,,,,,,,[],22.625241,114.045497
https://sz.lianjia.com/zufang/SZ2265967082045194240.html,龙岗区,大运新城,整租·中粮祥云 1室1厅 东/东南/南/西南/西,2700元/月 (月付价),整租,1室1厅1卫,51㎡,朝东 东南 南 西南 西,"['https://image1.ljcdn.com/rent-user-avatar/034d2cbb-bc1f-41ad-91fd-40c94a0633ec.780x439.jpg', 'https://s1.ljcdn.com/matrix_lianjia_pc/dist/pc/src/resource/default/780-439.png?_v=201906280941017d9', 'https://s1.ljcdn.com/matrix_lianjia_pc/dist/pc/src/resource/default/780-439.png?_v=201906280941017d9', 'https://s1.ljcdn.com/matrix_lianjia_pc/dist/pc/src/resource/default/780-439.png?_v=201906280941017d9', 'https://s1.ljcdn.com/matrix_lianjia_pc/dist/pc/src/resource/default/780-439.png?_v=201906280941017d9']",1个月前,随时入住,1年,随时可看,27/42层,有,暂无数据,商水,商电,有,暂无数据,"['公寓', '近地铁', '精装', '随时看房']","['3号线(龙岗线) - 爱联', '148m']",22.70236,114.238641
https://sz.lianjia.com/apartment/17816.html,,,职业房东 · 沙尾西柚店,"
职业房东 · 沙尾西柚店

          2680元/月起

",,,,,['https://image1.ljcdn.com/rent-user-avatar/957c6cec-f76a-4096-a0f9-c2c701830342.1150x.jpg'],,,,,,,,,,,,,[],22.524653,114.044245
https://sz.lianjia.com/apartment/16640.html,,,职业房东 · 壹宸公寓 坂田五和光雅园店,"
职业房东 · 壹宸公寓 坂田五和光雅园店

          1380元/月起

",,,,,['https://image1.ljcdn.com/rent-user-avatar/5eda33e2-9957-4d8b-a6cc-4d9feb63118b.1150x.jpg'],,,,,,,,,,,,,[],22.624151,114.06931
https://sz.lianjia.com/zufang/SZ2267346042079428608.html,龙岗区,大运新城,整租·中粮祥云 1室1厅 东/东南/南/西南/西,2300元/月 (月付价),整租,1室1厅1卫,37㎡,朝东 东南 南 西南 西,"['https://image1.ljcdn.com/rent-user-avatar/2c2fa1e9-b47c-42e1-b19a-982ec1c7c824.780x439.jpg', 'https://s1.ljcdn.com/matrix_lianjia_pc/dist/pc/src/resource/default/780-439.png?_v=201906280941017d9', 'https://s1.ljcdn.com/matrix_lianjia_pc/dist/pc/src/resource/default/780-439.png?_v=201906280941017d9', 'https://s1.ljcdn.com/matrix_lianjia_pc/dist/pc/src/resource/default/780-439.png?_v=201906280941017d9']",1个月前,随时入住,1年,随时可看,27/42层,有,暂无数据,商水,商电,有,暂无数据,"['公寓', '近地铁', '精装', '随时看房']","['3号线(龙岗线) - 爱联', '148m']",22.70236,114.238641
https://sz.lianjia.com/zufang/SZ2267344061898178560.html,龙岗区,大运新城,整租·中粮祥云 1室1厅 东/东南/南/西南/西,2800元/月 (月付价),整租,1室1厅1卫,48㎡,朝东 东南 南 西南 西,"['https://image1.ljcdn.com/rent-user-avatar/6a558698-bfb0-4014-b59a-70735c16aa19.780x439.jpg', 'https://s1.ljcdn.com/matrix_lianjia_pc/dist/pc/src/resource/default/780-439.png?_v=201906280941017d9', 'https://s1.ljcdn.com/matrix_lianjia_pc/dist/pc/src/resource/default/780-439.png?_v=201906280941017d9', 'https://s1.ljcdn.com/matrix_lianjia_pc/dist/pc/src/resource/default/780-439.png?_v=201906280941017d9', 'https://s1.ljcdn.com/matrix_lianjia_pc/dist/pc/src/resource/default/780-439.png?_v=201906280941017d9', 'https://s1.ljcdn.com/matrix_lianjia_pc/dist/pc/src/resource/default/780-439.png?_v=201906280941017d9']",1个月前,随时入住,1年,随时可看,41/42层,有,暂无数据,商水,商电,有,暂无数据,"['公寓', '近地铁', '精装', '随时看房']","['3号线(龙岗线) - 爱联', '148m']",22.70236,114.238641
https://sz.lianjia.com/apartment/16640.html,,,职业房东 · 壹宸公寓 坂田五和光雅园店,"
职业房东 · 壹宸公寓 坂田五和光雅园店

          1380元/月起

",,,,,['https://image1.ljcdn.com/rent-user-avatar/5eda33e2-9957-4d8b-a6cc-4d9feb63118b.1150x.jpg'],,,,,,,,,,,,,[],22.624151,114.06931
https://sz.lianjia.com/apartment/17248.html,,,映家公寓 · 龙华2号店,"
映家公寓 · 龙华2号店

          1482元/月起

",,,,,"['https://image1.ljcdn.com/rent-user-avatar/958817d3-9dae-40c7-b7ef-269bdf3dd476.1150x.jpg', 'https://s1.ljcdn.com/matrix_lianjia_pc/dist/pc/src/resource/default/1150-450.png?_v=201906280941017d9', 'https://s1.ljcdn.com/matrix_lianjia_pc/dist/pc/src/resource/default/1150-450.png?_v=201906280941017d9', 'https://s1.ljcdn.com/matrix_lianjia_pc/dist/pc/src/resource/default/1150-450.png?_v=201906280941017d9', 'https://s1.ljcdn.com/matrix_lianjia_pc/dist/pc/src/resource/default/1150-450.png?_v=201906280941017d9', 'https://s1.ljcdn.com/matrix_lianjia_pc/dist/pc/src/resource/default/1150-450.png?_v=201906280941017d9', 'https://s1.ljcdn.com/matrix_lianjia_pc/dist/pc/src/resource/default/1150-450.png?_v=201906280941017d9', 'https://s1.ljcdn.com/matrix_lianjia_pc/dist/pc/src/resource/default/1150-450.png?_v=201906280941017d9']",,,,,,,,,,,,,[],22.661798,114.030948
https://sz.lianjia.com/apartment/2863.html,,,星辉青年公寓 · 洪浪北店,"
星辉青年公寓 · 洪浪北店

          1500元/月起

",,,,,['https://image1.ljcdn.com/rent-user-avatar/e3f984da-28a2-4dbc-93ea-5ef8560651a8.1150x.jpg'],,,,,,,,,,,,,[],22.585004,113.914632
https://sz.lianjia.com/apartment/18591.html,,,职业房东 · 逸居人,"
职业房东 · 逸居人

          1580元/月起

",,,,,"['https://image1.ljcdn.com/rent-user-avatar/fe60f3f9-5581-4f53-b3d2-0dfed8798a37.1150x.jpg', 'https://s1.ljcdn.com/matrix_lianjia_pc/dist/pc/src/resource/default/1150-450.png?_v=201906280941017d9']",,,,,,,,,,,,,[],22.58318,113.873634
https://sz.lianjia.com/apartment/9483.html,,,早安青年社区 · 龙岗店,"
早安青年社区 · 龙岗店

          2280元/月起

",,,,,"['https://image1.ljcdn.com/rent-user-avatar/19c5bbd8-0dba-46bc-8c31-ede0b19a4b19.1150x.jpg', 'https://s1.ljcdn.com/matrix_lianjia_pc/dist/pc/src/resource/default/1150-450.png?_v=201906280941017d9', 'https://s1.ljcdn.com/matrix_lianjia_pc/dist/pc/src/resource/default/1150-450.png?_v=201906280941017d9', 'https://s1.ljcdn.com/matrix_lianjia_pc/dist/pc/src/resource/default/1150-450.png?_v=201906280941017d9', 'https://s1.ljcdn.com/matrix_lianjia_pc/dist/pc/src/resource/default/1150-450.png?_v=201906280941017d9', 'https://s1.ljcdn.com/matrix_lianjia_pc/dist/pc/src/resource/default/1150-450.png?_v=201906280941017d9', 'https://s1.ljcdn.com/matrix_lianjia_pc/dist/pc/src/resource/default/1150-450.png?_v=201906280941017d9', 'https://s1.ljcdn.com/matrix_lianjia_pc/dist/pc/src/resource/default/1150-450.png?_v=201906280941017d9', 'https://s1.ljcdn.com/matrix_lianjia_pc/dist/pc/src/resource/default/1150-450.png?_v=201906280941017d9', 'https://s1.ljcdn.com/matrix_lianjia_pc/dist/pc/src/resource/default/1150-450.png?_v=201906280941017d9', 'https://s1.ljcdn.com/matrix_lianjia_pc/dist/pc/src/resource/default/1150-450.png?_v=201906280941017d9', 'https://s1.ljcdn.com/matrix_lianjia_pc/dist/pc/src/resource/default/1150-450.png?_v=201906280941017d9', 'https://s1.ljcdn.com/matrix_lianjia_pc/dist/pc/src/resource/default/1150-450.png?_v=201906280941017d9', 'https://s1.ljcdn.com/matrix_lianjia_pc/dist/pc/src/resource/default/1150-450.png?_v=201906280941017d9', 'https://s1.ljcdn.com/matrix_lianjia_pc/dist/pc/src/resource/default/1150-450.png?_v=201906280941017d9']",,,,,,,,,,,,,[],22.609428,114.154791
https://sz.lianjia.com/apartment/6441.html,,,深圳易居公寓 · 深圳易居公寓,"
深圳易居公寓 · 深圳易居公寓

          1800元/月起

",,,,,"['https://image1.ljcdn.com/rent-user-avatar/5eb51afd-cc53-4b06-92f8-f600a7abee41.1150x.jpg', 'https://s1.ljcdn.com/matrix_lianjia_pc/dist/pc/src/resource/default/1150-450.png?_v=201906280941017d9', 'https://s1.ljcdn.com/matrix_lianjia_pc/dist/pc/src/resource/default/1150-450.png?_v=201906280941017d9', 'https://s1.ljcdn.com/matrix_lianjia_pc/dist/pc/src/resource/default/1150-450.png?_v=201906280941017d9', 'https://s1.ljcdn.com/matrix_lianjia_pc/dist/pc/src/resource/default/1150-450.png?_v=201906280941017d9', 'https://s1.ljcdn.com/matrix_lianjia_pc/dist/pc/src/resource/default/1150-450.png?_v=201906280941017d9', 'https://s1.ljcdn.com/matrix_lianjia_pc/dist/pc/src/resource/default/1150-450.png?_v=201906280941017d9']",,,,,,,,,,,,,[],22.626968,114.049601
https://sz.lianjia.com/zufang/SZ2265970225172725760.html,龙岗区,大运新城,整租·中粮祥云 1室1厅 东/东南/南/西南/西,2700元/月 (月付价),整租,1室1厅1卫,51㎡,朝东 东南 南 西南 西,"['https://image1.ljcdn.com/rent-user-avatar/0ef6e3e7-836a-489f-b2cd-3809776c0aac.780x439.jpg', 'https://s1.ljcdn.com/matrix_lianjia_pc/dist/pc/src/resource/default/780-439.png?_v=201906280941017d9', 'https://s1.ljcdn.com/matrix_lianjia_pc/dist/pc/src/resource/default/780-439.png?_v=201906280941017d9', 'https://s1.ljcdn.com/matrix_lianjia_pc/dist/pc/src/resource/default/780-439.png?_v=201906280941017d9', 'https://s1.ljcdn.com/matrix_lianjia_pc/dist/pc/src/resource/default/780-439.png?_v=201906280941017d9']",1个月前,随时入住,1年,随时可看,27/42层,有,暂无数据,商水,商电,有,暂无数据,"['公寓', '近地铁', '精装', '随时看房']","['3号线(龙岗线) - 爱联', '148m']",22.70236,114.238641
https://sz.lianjia.com/apartment/13781.html,,,皓海酒店公寓-青松斋 · 青松斋,"
皓海酒店公寓-青松斋 · 青松斋

          1780元/月起

",,,,,['https://image1.ljcdn.com/rent-user-avatar/6526552a-2d4f-45f5-bf0f-1037724cab15.1150x.jpg'],,,,,,,,,,,,,[],22.580523,113.905874
https://sz.lianjia.com/apartment/14925.html,,,亚丁公寓 · 共和店,"
亚丁公寓 · 共和店

          1380元/月起

",,,,,"['https://image1.ljcdn.com/rent-user-avatar/b42c1bf2-4452-45a4-827a-1d2ff79783dc.1150x.jpg', 'https://s1.ljcdn.com/matrix_lianjia_pc/dist/pc/src/resource/default/1150-450.png?_v=201906280941017d9', 'https://s1.ljcdn.com/matrix_lianjia_pc/dist/pc/src/resource/default/1150-450.png?_v=201906280941017d9', 'https://s1.ljcdn.com/matrix_lianjia_pc/dist/pc/src/resource/default/1150-450.png?_v=201906280941017d9', 'https://s1.ljcdn.com/matrix_lianjia_pc/dist/pc/src/resource/default/1150-450.png?_v=201906280941017d9']",,,,,,,,,,,,,[],22.654555,114.040319
https://sz.lianjia.com/apartment/17363.html,,,美居 · 品尚公寓,"
美居 · 品尚公寓

          2080元/月起

",,,,,['https://image1.ljcdn.com/rent-user-avatar/8d69ec54-7a25-4148-92ff-e1ab8e192a0f.1150x.jpg'],,,,,,,,,,,,,[],22.607006,113.855361
https://sz.lianjia.com/apartment/3291.html,,,职业房东 · 众创家园上横朗店,"
职业房东 · 众创家园上横朗店

          1600元/月起

",,,,,"['https://image1.ljcdn.com/rent-user-avatar/294ba5f5-a805-4b21-a909-799f90c57cd8.1150x.jpg', 'https://s1.ljcdn.com/matrix_lianjia_pc/dist/pc/src/resource/default/1150-450.png?_v=201906280941017d9', 'https://s1.ljcdn.com/matrix_lianjia_pc/dist/pc/src/resource/default/1150-450.png?_v=201906280941017d9', 'https://s1.ljcdn.com/matrix_lianjia_pc/dist/pc/src/resource/default/1150-450.png?_v=201906280941017d9', 'https://s1.ljcdn.com/matrix_lianjia_pc/dist/pc/src/resource/default/1150-450.png?_v=201906280941017d9', 'https://s1.ljcdn.com/matrix_lianjia_pc/dist/pc/src/resource/default/1150-450.png?_v=201906280941017d9', 'https://s1.ljcdn.com/matrix_lianjia_pc/dist/pc/src/resource/default/1150-450.png?_v=201906280941017d9']",,,,,,,,,,,,,[],22.685075,113.990326
