房源地址,行政区,位置,标题,租金,租赁方式,户型,面积,朝向,图片列表,发布时间,入住时间,租期,看房时间,楼层,电梯,车位,用水,用电,燃气,采暖,标签,station,latitude,longtitude
https://sz.lianjia.com/apartment/861.html,,,1918民生公寓 · 弓村2店,"
1918民生公寓 · 弓村2店

          990元/月起

",,,,,['https://image1.ljcdn.com/rent-user-avatar/3589284e-6950-4cfb-abfe-bee7fa154d08.1150x.jpg'],,,,,,,,,,,,,[],22.667762,114.03262
https://sz.lianjia.com/apartment/7917.html,,,职业房东 · 沙井店,"
职业房东 · 沙井店

          700元/月起

",,,,,"['https://image1.ljcdn.com/rent-user-avatar/ea3ee53b-0c75-4f60-af58-d147cb69ef7a.1150x.jpg', 'https://s1.ljcdn.com/matrix_lianjia_pc/dist/pc/src/resource/default/1150-450.png?_v=201906280941017d9', 'https://s1.ljcdn.com/matrix_lianjia_pc/dist/pc/src/resource/default/1150-450.png?_v=201906280941017d9', 'https://s1.ljcdn.com/matrix_lianjia_pc/dist/pc/src/resource/default/1150-450.png?_v=201906280941017d9', 'https://s1.ljcdn.com/matrix_lianjia_pc/dist/pc/src/resource/default/1150-450.png?_v=201906280941017d9', 'https://s1.ljcdn.com/matrix_lianjia_pc/dist/pc/src/resource/default/1150-450.png?_v=201906280941017d9', 'https://s1.ljcdn.com/matrix_lianjia_pc/dist/pc/src/resource/default/1150-450.png?_v=201906280941017d9', 'https://s1.ljcdn.com/matrix_lianjia_pc/dist/pc/src/resource/default/1150-450.png?_v=201906280941017d9', 'https://s1.ljcdn.com/matrix_lianjia_pc/dist/pc/src/resource/default/1150-450.png?_v=201906280941017d9']",,,,,,,,,,,,,[],22.740196,113.828895
https://sz.lianjia.com/apartment/11161.html,,,禾寓 · 宏发上域四店,"
禾寓 · 宏发上域四店

          680元/月起

",,,,,['https://image1.ljcdn.com/rent-user-avatar/49a599e3-c9b6-4c6d-85a4-420238076e09.1150x.jpg'],,,,,,,,,,,,,[],22.789704,113.915448
https://sz.lianjia.com/zufang/SZ2281204893240786944.html,龙华区,上塘,合租·鸿荣源·尚峻 3居室 南卧,1000元/月 (月付价),合租,3室1厅2卫,8㎡,朝南,"['https://image1.ljcdn.com/rent-user-avatar/76407a87-44fc-4cac-9a2b-42f38dcb3146.780x439.jpg', 'https://s1.ljcdn.com/matrix_lianjia_pc/dist/pc/src/resource/default/780-439.png?_v=201906280941017d9', 'https://s1.ljcdn.com/matrix_lianjia_pc/dist/pc/src/resource/default/780-439.png?_v=201906280941017d9', 'https://s1.ljcdn.com/matrix_lianjia_pc/dist/pc/src/resource/default/780-439.png?_v=201906280941017d9', 'https://s1.ljcdn.com/matrix_lianjia_pc/dist/pc/src/resource/default/780-439.png?_v=201906280941017d9', 'https://s1.ljcdn.com/matrix_lianjia_pc/dist/pc/src/resource/default/780-439.png?_v=201906280941017d9', 'https://s1.ljcdn.com/matrix_lianjia_pc/dist/pc/src/resource/default/780-439.png?_v=201906280941017d9', 'https://s1.ljcdn.com/matrix_lianjia_pc/dist/pc/src/resource/default/780-439.png?_v=201906280941017d9']",11天前,随时入住,6~12个月,随时可看,7/47层,有,暂无数据,民水,民电,有,暂无数据,"['月租', '近地铁', '精装', '押一付一', '随时看房']","['4号线(龙华线) - 上塘', '386m']",22.646841,114.019457
https://sz.lianjia.com/apartment/16932.html,,,职业房东 · 清湖2店,"
职业房东 · 清湖2店

          1000元/月起

",,,,,"['https://image1.ljcdn.com/rent-user-avatar/844b3b39-76ed-44bc-85e2-582b636996fc.1150x.jpg', 'https://s1.ljcdn.com/matrix_lianjia_pc/dist/pc/src/resource/default/1150-450.png?_v=201906280941017d9', 'https://s1.ljcdn.com/matrix_lianjia_pc/dist/pc/src/resource/default/1150-450.png?_v=201906280941017d9', 'https://s1.ljcdn.com/matrix_lianjia_pc/dist/pc/src/resource/default/1150-450.png?_v=201906280941017d9', 'https://s1.ljcdn.com/matrix_lianjia_pc/dist/pc/src/resource/default/1150-450.png?_v=201906280941017d9']",,,,,,,,,,,,,[],22.675364,114.031389
https://sz.lianjia.com/apartment/15215.html,,,米琪公寓 · 桥头一号店,"
米琪公寓 · 桥头一号店

          950元/月起

",,,,,"['https://image1.ljcdn.com/rent-user-avatar/4c6f477c-ae56-41b0-bf2a-64a819f6b08d.1150x.jpg', 'https://s1.ljcdn.com/matrix_lianjia_pc/dist/pc/src/resource/default/1150-450.png?_v=201906280941017d9']",,,,,,,,,,,,,[],22.696869,113.812373
https://sz.lianjia.com/apartment/1194.html,,,宇恒公寓 · 潭头店,"
宇恒公寓 · 潭头店

          700元/月起

",,,,,"['https://image1.ljcdn.com/rent-user-avatar/b3aa53e7-8675-40e1-8006-c3668616f4f0.1150x.jpg', 'https://s1.ljcdn.com/matrix_lianjia_pc/dist/pc/src/resource/default/1150-450.png?_v=201906280941017d9', 'https://s1.ljcdn.com/matrix_lianjia_pc/dist/pc/src/resource/default/1150-450.png?_v=201906280941017d9', 'https://s1.ljcdn.com/matrix_lianjia_pc/dist/pc/src/resource/default/1150-450.png?_v=201906280941017d9', 'https://s1.ljcdn.com/matrix_lianjia_pc/dist/pc/src/resource/default/1150-450.png?_v=201906280941017d9', 'https://s1.ljcdn.com/matrix_lianjia_pc/dist/pc/src/resource/default/1150-450.png?_v=201906280941017d9', 'https://s1.ljcdn.com/matrix_lianjia_pc/dist/pc/src/resource/default/1150-450.png?_v=201906280941017d9', 'https://s1.ljcdn.com/matrix_lianjia_pc/dist/pc/src/resource/default/1150-450.png?_v=201906280941017d9', 'https://s1.ljcdn.com/matrix_lianjia_pc/dist/pc/src/resource/default/1150-450.png?_v=201906280941017d9', 'https://s1.ljcdn.com/matrix_lianjia_pc/dist/pc/src/resource/default/1150-450.png?_v=201906280941017d9', 'https://s1.ljcdn.com/matrix_lianjia_pc/dist/pc/src/resource/default/1150-450.png?_v=201906280941017d9', 'https://s1.ljcdn.com/matrix_lianjia_pc/dist/pc/src/resource/default/1150-450.png?_v=201906280941017d9']",,,,,,,,,,,,,[],22.749596,113.855532
https://sz.lianjia.com/apartment/18795.html,,,百合盛世公寓 · 龙岗中心城店,"
百合盛世公寓 · 龙岗中心城店

          800元/月起

",,,,,"['https://image1.ljcdn.com/rent-user-avatar/15f3a4f1-fc5c-4fe6-b61b-22c033467816.1150x.jpg', 'https://s1.ljcdn.com/matrix_lianjia_pc/dist/pc/src/resource/default/1150-450.png?_v=201906280941017d9', 'https://s1.ljcdn.com/matrix_lianjia_pc/dist/pc/src/resource/default/1150-450.png?_v=201906280941017d9', 'https://s1.ljcdn.com/matrix_lianjia_pc/dist/pc/src/resource/default/1150-450.png?_v=201906280941017d9', 'https://s1.ljcdn.com/matrix_lianjia_pc/dist/pc/src/resource/default/1150-450.png?_v=201906280941017d9', 'https://s1.ljcdn.com/matrix_lianjia_pc/dist/pc/src/resource/default/1150-450.png?_v=201906280941017d9', 'https://s1.ljcdn.com/matrix_lianjia_pc/dist/pc/src/resource/default/1150-450.png?_v=201906280941017d9', 'https://s1.ljcdn.com/matrix_lianjia_pc/dist/pc/src/resource/default/1150-450.png?_v=201906280941017d9', 'https://s1.ljcdn.com/matrix_lianjia_pc/dist/pc/src/resource/default/1150-450.png?_v=201906280941017d9', 'https://s1.ljcdn.com/matrix_lianjia_pc/dist/pc/src/resource/default/1150-450.png?_v=201906280941017d9', 'https://s1.ljcdn.com/matrix_lianjia_pc/dist/pc/src/resource/default/1150-450.png?_v=201906280941017d9', 'https://s1.ljcdn.com/matrix_lianjia_pc/dist/pc/src/resource/default/1150-450.png?_v=201906280941017d9', 'https://s1.ljcdn.com/matrix_lianjia_pc/dist/pc/src/resource/default/1150-450.png?_v=201906280941017d9']",,,,,,,,,,,,,[],22.749315,114.245513
https://sz.lianjia.com/apartment/10758.html,,,职业房东 · 星嘉公寓,"
职业房东 · 星嘉公寓

          900元/月起

",,,,,"['https://image1.ljcdn.com/rent-user-avatar/fac1c2e8-e4d4-48fc-bc57-f832b2e604c0.1150x.jpg', 'https://s1.ljcdn.com/matrix_lianjia_pc/dist/pc/src/resource/default/1150-450.png?_v=201906280941017d9', 'https://s1.ljcdn.com/matrix_lianjia_pc/dist/pc/src/resource/default/1150-450.png?_v=201906280941017d9', 'https://s1.ljcdn.com/matrix_lianjia_pc/dist/pc/src/resource/default/1150-450.png?_v=201906280941017d9', 'https://s1.ljcdn.com/matrix_lianjia_pc/dist/pc/src/resource/default/1150-450.png?_v=201906280941017d9', 'https://s1.ljcdn.com/matrix_lianjia_pc/dist/pc/src/resource/default/1150-450.png?_v=201906280941017d9', 'https://s1.ljcdn.com/matrix_lianjia_pc/dist/pc/src/resource/default/1150-450.png?_v=201906280941017d9', 'https://s1.ljcdn.com/matrix_lianjia_pc/dist/pc/src/resource/default/1150-450.png?_v=201906280941017d9', 'https://s1.ljcdn.com/matrix_lianjia_pc/dist/pc/src/resource/default/1150-450.png?_v=201906280941017d9', 'https://s1.ljcdn.com/matrix_lianjia_pc/dist/pc/src/resource/default/1150-450.png?_v=201906280941017d9', 'https://s1.ljcdn.com/matrix_lianjia_pc/dist/pc/src/resource/default/1150-450.png?_v=201906280941017d9', 'https://s1.ljcdn.com/matrix_lianjia_pc/dist/pc/src/resource/default/1150-450.png?_v=201906280941017d9', 'https://s1.ljcdn.com/matrix_lianjia_pc/dist/pc/src/resource/default/1150-450.png?_v=201906280941017d9', 'https://s1.ljcdn.com/matrix_lianjia_pc/dist/pc/src/resource/default/1150-450.png?_v=201906280941017d9', 'https://s1.ljcdn.com/matrix_lianjia_pc/dist/pc/src/resource/default/1150-450.png?_v=201906280941017d9', 'https://s1.ljcdn.com/matrix_lianjia_pc/dist/pc/src/resource/default/1150-450.png?_v=201906280941017d9', 'https://s1.ljcdn.com/matrix_lianjia_pc/dist/pc/src/resource/default/1150-450.png?_v=201906280941017d9', 'https://s1.ljcdn.com/matrix_lianjia_pc/dist/pc/src/resource/default/1150-450.png?_v=201906280941017d9', 'https://s1.ljcdn.com/matrix_lianjia_pc/dist/pc/src/resource/default/1150-450.png?_v=201906280941017d9']",,,,,,,,,,,,,[],22.664685,114.018256
https://sz.lianjia.com/apartment/14945.html,,,乐乎城市青年社区 · 乐乎有朋·桔社公寓,"
乐乎城市青年社区 · 乐乎有朋·桔社公寓

          980元/月起

",,,,,['https://image1.ljcdn.com/rent-house-1/db5ffc474c9b998c4f4ca95c18099d23-1548384969223/d3d0ee62a33e479126b59f9dc5327e87.jpg.1150x.jpg'],,,,,,,,,,,,,[],22.69992,114.24648
https://sz.lianjia.com/apartment/12820.html,,,职业房东 · 福永凤塘54号公寓,"
职业房东 · 福永凤塘54号公寓

          850元/月起

",,,,,['https://image1.ljcdn.com/rent-user-avatar/844d3321-8753-401d-86e3-628d6a83e0f2.1150x.jpg'],,,,,,,,,,,,,[],22.707166,113.82177
https://sz.lianjia.com/zufang/SZ2288269037496975360.html,龙岗区,布吉街,合租·坤祥花语馨 4居室 南卧,830元/月 (月付价),合租,4室1厅2卫,9㎡,朝南,"['https://image1.ljcdn.com/rent-user-avatar/2376fedf-5269-4bf2-afee-41351104b369.780x439.jpg', 'https://s1.ljcdn.com/matrix_lianjia_pc/dist/pc/src/resource/default/780-439.png?_v=201906280941017d9', 'https://s1.ljcdn.com/matrix_lianjia_pc/dist/pc/src/resource/default/780-439.png?_v=201906280941017d9', 'https://s1.ljcdn.com/matrix_lianjia_pc/dist/pc/src/resource/default/780-439.png?_v=201906280941017d9', 'https://s1.ljcdn.com/matrix_lianjia_pc/dist/pc/src/resource/default/780-439.png?_v=201906280941017d9', 'https://s1.ljcdn.com/matrix_lianjia_pc/dist/pc/src/resource/default/780-439.png?_v=201906280941017d9']",1天前,随时入住,2~12个月,随时可看,8/31层,暂无数据,暂无数据,民水,民电,有,暂无数据,"['月租', '精装', '押一付一', '新上', '随时看房']",[],22.619901,114.122313
https://sz.lianjia.com/zufang/SZ2288272317853474816.html,龙岗区,布吉街,合租·坤祥花语馨 4居室 南卧,890元/月 (月付价),合租,4室1厅2卫,10㎡,朝南,"['https://image1.ljcdn.com/rent-user-avatar/1c3a6e52-e338-4ff0-8a31-c850ff03a77e.780x439.jpg', 'https://s1.ljcdn.com/matrix_lianjia_pc/dist/pc/src/resource/default/780-439.png?_v=201906280941017d9', 'https://s1.ljcdn.com/matrix_lianjia_pc/dist/pc/src/resource/default/780-439.png?_v=201906280941017d9', 'https://s1.ljcdn.com/matrix_lianjia_pc/dist/pc/src/resource/default/780-439.png?_v=201906280941017d9', 'https://s1.ljcdn.com/matrix_lianjia_pc/dist/pc/src/resource/default/780-439.png?_v=201906280941017d9', 'https://s1.ljcdn.com/matrix_lianjia_pc/dist/pc/src/resource/default/780-439.png?_v=201906280941017d9', 'https://s1.ljcdn.com/matrix_lianjia_pc/dist/pc/src/resource/default/780-439.png?_v=201906280941017d9']",1天前,随时入住,2~12个月,随时可看,14/31层,有,暂无数据,民水,民电,有,暂无数据,"['月租', '精装', '押一付一', '新上', '随时看房']",[],22.619964,114.123562
https://sz.lianjia.com/apartment/15294.html,,,欣欣公寓 · 横岗店,"
欣欣公寓 · 横岗店

          850元/月起

",,,,,['https://image1.ljcdn.com/rent-user-avatar/421006ea-ea3a-40c6-a637-d3217c88d978.1150x.jpg'],,,,,,,,,,,,,[],22.655013,114.221212
https://sz.lianjia.com/apartment/7046.html,,,职业房东 · 马六龙苑新村55栋,"
职业房东 · 马六龙苑新村55栋

          750元/月起

",,,,,['https://image1.ljcdn.com/rent-user-avatar/37b2d788-9c88-4d23-af3a-897e9d4bedcd.1150x.jpg'],,,,,,,,,,,,,[],22.655387,114.222285
https://sz.lianjia.com/apartment/3240.html,,,金湖公寓 · 沙博小区61栋,"
金湖公寓 · 沙博小区61栋

          380元/月起

",,,,,"['https://image1.ljcdn.com/rent-user-avatar/bf9bafb0-42b6-4539-b23e-85866757f078.1150x.jpg', 'https://s1.ljcdn.com/matrix_lianjia_pc/dist/pc/src/resource/default/1150-450.png?_v=201906280941017d9', 'https://s1.ljcdn.com/matrix_lianjia_pc/dist/pc/src/resource/default/1150-450.png?_v=201906280941017d9', 'https://s1.ljcdn.com/matrix_lianjia_pc/dist/pc/src/resource/default/1150-450.png?_v=201906280941017d9', 'https://s1.ljcdn.com/matrix_lianjia_pc/dist/pc/src/resource/default/1150-450.png?_v=201906280941017d9']",,,,,,,,,,,,,[],22.71109,114.088298
https://sz.lianjia.com/apartment/7837.html,,,职业房东 · 米恋公寓爱联店,"
职业房东 · 米恋公寓爱联店

          800元/月起

",,,,,"['https://image1.ljcdn.com/rent-user-avatar/7f3fe577-c9d2-4279-9de8-79504250e377.1150x.jpg', 'https://s1.ljcdn.com/matrix_lianjia_pc/dist/pc/src/resource/default/1150-450.png?_v=201906280941017d9', 'https://s1.ljcdn.com/matrix_lianjia_pc/dist/pc/src/resource/default/1150-450.png?_v=201906280941017d9']",,,,,,,,,,,,,[],22.700487,114.245127
https://sz.lianjia.com/apartment/1194.html,,,宇恒公寓 · 潭头店,"
宇恒公寓 · 潭头店

          700元/月起

",,,,,"['https://image1.ljcdn.com/rent-user-avatar/b3aa53e7-8675-40e1-8006-c3668616f4f0.1150x.jpg', 'https://s1.ljcdn.com/matrix_lianjia_pc/dist/pc/src/resource/default/1150-450.png?_v=201906280941017d9', 'https://s1.ljcdn.com/matrix_lianjia_pc/dist/pc/src/resource/default/1150-450.png?_v=201906280941017d9', 'https://s1.ljcdn.com/matrix_lianjia_pc/dist/pc/src/resource/default/1150-450.png?_v=201906280941017d9', 'https://s1.ljcdn.com/matrix_lianjia_pc/dist/pc/src/resource/default/1150-450.png?_v=201906280941017d9', 'https://s1.ljcdn.com/matrix_lianjia_pc/dist/pc/src/resource/default/1150-450.png?_v=201906280941017d9', 'https://s1.ljcdn.com/matrix_lianjia_pc/dist/pc/src/resource/default/1150-450.png?_v=201906280941017d9', 'https://s1.ljcdn.com/matrix_lianjia_pc/dist/pc/src/resource/default/1150-450.png?_v=201906280941017d9', 'https://s1.ljcdn.com/matrix_lianjia_pc/dist/pc/src/resource/default/1150-450.png?_v=201906280941017d9', 'https://s1.ljcdn.com/matrix_lianjia_pc/dist/pc/src/resource/default/1150-450.png?_v=201906280941017d9', 'https://s1.ljcdn.com/matrix_lianjia_pc/dist/pc/src/resource/default/1150-450.png?_v=201906280941017d9', 'https://s1.ljcdn.com/matrix_lianjia_pc/dist/pc/src/resource/default/1150-450.png?_v=201906280941017d9']",,,,,,,,,,,,,[],22.749596,113.855532
https://sz.lianjia.com/apartment/18749.html,,,乐乎城市青年社区 · 乐乎有朋·中民公寓,"
乐乎城市青年社区 · 乐乎有朋·中民公寓

          890元/月起

",,,,,"['https://image1.ljcdn.com/rent-house-1/492de982d6f30ec08c539e6056309399-1560218782688/50d5c23be09a0922b60d7889c9b8219d.jpg.1150x.jpg', 'https://s1.ljcdn.com/matrix_lianjia_pc/dist/pc/src/resource/default/1150-450.png?_v=201906280941017d9']",,,,,,,,,,,,,[],22.746352,114.285077
https://sz.lianjia.com/zufang/SZ2288180661195898880.html,龙岗区,布吉大芬,合租·怡康家园 3居室 南卧,990元/月 (月付价),合租,3室1厅1卫,9㎡,朝南,"['https://image1.ljcdn.com/rent-user-avatar/2de67d45-3fd5-4e71-b615-62d64a0b7879.780x439.jpg', 'https://s1.ljcdn.com/matrix_lianjia_pc/dist/pc/src/resource/default/780-439.png?_v=201906280941017d9', 'https://s1.ljcdn.com/matrix_lianjia_pc/dist/pc/src/resource/default/780-439.png?_v=201906280941017d9', 'https://s1.ljcdn.com/matrix_lianjia_pc/dist/pc/src/resource/default/780-439.png?_v=201906280941017d9', 'https://s1.ljcdn.com/matrix_lianjia_pc/dist/pc/src/resource/default/780-439.png?_v=201906280941017d9', 'https://s1.ljcdn.com/matrix_lianjia_pc/dist/pc/src/resource/default/780-439.png?_v=201906280941017d9']",1天前,随时入住,2~12个月,随时可看,18/30层,有,暂无数据,民水,民电,有,暂无数据,"['月租', '近地铁', '精装', '押一付一', '新上', '随时看房']","['3号线(龙岗线) - 大芬', '301m']",22.62094,114.143402
https://sz.lianjia.com/apartment/1822.html,,,金湖公寓 · 万悦城,"
金湖公寓 · 万悦城

          500元/月起

",,,,,"['https://image1.ljcdn.com/rent-user-avatar/ffebdbf3-44c2-403b-a061-9b9d28fa9113.1150x.jpg', 'https://s1.ljcdn.com/matrix_lianjia_pc/dist/pc/src/resource/default/1150-450.png?_v=201906280941017d9', 'https://s1.ljcdn.com/matrix_lianjia_pc/dist/pc/src/resource/default/1150-450.png?_v=201906280941017d9', 'https://s1.ljcdn.com/matrix_lianjia_pc/dist/pc/src/resource/default/1150-450.png?_v=201906280941017d9', 'https://s1.ljcdn.com/matrix_lianjia_pc/dist/pc/src/resource/default/1150-450.png?_v=201906280941017d9', 'https://s1.ljcdn.com/matrix_lianjia_pc/dist/pc/src/resource/default/1150-450.png?_v=201906280941017d9', 'https://s1.ljcdn.com/matrix_lianjia_pc/dist/pc/src/resource/default/1150-450.png?_v=201906280941017d9', 'https://s1.ljcdn.com/matrix_lianjia_pc/dist/pc/src/resource/default/1150-450.png?_v=201906280941017d9']",,,,,,,,,,,,,[],22.740552,114.018657
https://sz.lianjia.com/zufang/SZ2288247754926850048.html,龙华区,龙华中心,合租·保利悦都 4居室 南卧,1000元/月 (月付价),合租,4室1厅2卫,8㎡,朝南,"['https://image1.ljcdn.com/rent-user-avatar/1704cb35-4633-443b-a357-23910045c76a.780x439.jpg', 'https://s1.ljcdn.com/matrix_lianjia_pc/dist/pc/src/resource/default/780-439.png?_v=201906280941017d9', 'https://s1.ljcdn.com/matrix_lianjia_pc/dist/pc/src/resource/default/780-439.png?_v=201906280941017d9', 'https://s1.ljcdn.com/matrix_lianjia_pc/dist/pc/src/resource/default/780-439.png?_v=201906280941017d9', 'https://s1.ljcdn.com/matrix_lianjia_pc/dist/pc/src/resource/default/780-439.png?_v=201906280941017d9', 'https://s1.ljcdn.com/matrix_lianjia_pc/dist/pc/src/resource/default/780-439.png?_v=201906280941017d9', 'https://s1.ljcdn.com/matrix_lianjia_pc/dist/pc/src/resource/default/780-439.png?_v=201906280941017d9']",1天前,随时入住,6~12个月,随时可看,22/27层,有,暂无数据,民水,民电,无,暂无数据,"['月租', '近地铁', '精装', '押一付一', '新上', '随时看房']","['4号线(龙华线) - 清湖', '807m']",22.674993,114.039235
https://sz.lianjia.com/apartment/7919.html,,,职业房东 · 福永白石厦店,"
职业房东 · 福永白石厦店

          1000元/月起

",,,,,"['https://image1.ljcdn.com/rent-user-avatar/2c7fb1cc-377a-45b6-8505-9d02e06027e3.1150x.jpg', 'https://s1.ljcdn.com/matrix_lianjia_pc/dist/pc/src/resource/default/1150-450.png?_v=201906280941017d9', 'https://s1.ljcdn.com/matrix_lianjia_pc/dist/pc/src/resource/default/1150-450.png?_v=201906280941017d9', 'https://s1.ljcdn.com/matrix_lianjia_pc/dist/pc/src/resource/default/1150-450.png?_v=201906280941017d9', 'https://s1.ljcdn.com/matrix_lianjia_pc/dist/pc/src/resource/default/1150-450.png?_v=201906280941017d9', 'https://s1.ljcdn.com/matrix_lianjia_pc/dist/pc/src/resource/default/1150-450.png?_v=201906280941017d9']",,,,,,,,,,,,,[],22.680021,113.831588
https://sz.lianjia.com/apartment/15470.html,,,十六号公寓 · 宝安福永塘尾店,"
十六号公寓 · 宝安福永塘尾店

          700元/月起

",,,,,"['https://image1.ljcdn.com/rent-user-avatar/56f00888-15f3-4993-8b3a-28ce0a7950f7.1150x.jpg', 'https://s1.ljcdn.com/matrix_lianjia_pc/dist/pc/src/resource/default/1150-450.png?_v=201906280941017d9']",,,,,,,,,,,,,[],22.709174,113.823072
https://sz.lianjia.com/apartment/7853.html,,,职业房东 · 小时光公寓,"
职业房东 · 小时光公寓

          700元/月起

",,,,,"['https://image1.ljcdn.com/rent-user-avatar/c75fe0d0-716b-4d6b-a7a9-d81aac9aaadf.1150x.jpg', 'https://s1.ljcdn.com/matrix_lianjia_pc/dist/pc/src/resource/default/1150-450.png?_v=201906280941017d9']",,,,,,,,,,,,,[],22.693733,113.810956
https://sz.lianjia.com/zufang/SZ2288223958895968256.html,龙岗区,龙岗中心城,合租·龙城华府 3居室 南卧,810元/月 (月付价),合租,3室1厅1卫,8㎡,朝南,"['https://image1.ljcdn.com/rent-user-avatar/8ba71333-711f-467d-bf0a-33fbd21036ad.780x439.jpg', 'https://s1.ljcdn.com/matrix_lianjia_pc/dist/pc/src/resource/default/780-439.png?_v=201906280941017d9', 'https://s1.ljcdn.com/matrix_lianjia_pc/dist/pc/src/resource/default/780-439.png?_v=201906280941017d9', 'https://s1.ljcdn.com/matrix_lianjia_pc/dist/pc/src/resource/default/780-439.png?_v=201906280941017d9', 'https://s1.ljcdn.com/matrix_lianjia_pc/dist/pc/src/resource/default/780-439.png?_v=201906280941017d9']",1天前,随时入住,2~12个月,随时可看,15/18层,有,暂无数据,民水,民电,有,暂无数据,"['月租', '近地铁', '精装', '押一付一', '新上', '随时看房']","['3号线(龙岗线) - 爱联', '863m']",22.70629,114.23617
https://sz.lianjia.com/apartment/16824.html,,,WeWa创享域 · 松岗店,"
WeWa创享域 · 松岗店

          608元/月起

",,,,,"['https://image1.ljcdn.com/rent-user-avatar/d701a65e-0737-4e65-95b1-11e3c0c405d6.1150x.jpg', 'https://s1.ljcdn.com/matrix_lianjia_pc/dist/pc/src/resource/default/1150-450.png?_v=201906280941017d9', 'https://s1.ljcdn.com/matrix_lianjia_pc/dist/pc/src/resource/default/1150-450.png?_v=201906280941017d9', 'https://s1.ljcdn.com/matrix_lianjia_pc/dist/pc/src/resource/default/1150-450.png?_v=201906280941017d9']",,,,,,,,,,,,,[],22.784077,113.834829
https://sz.lianjia.com/apartment/13053.html,,,皇朝公寓 · 皇朝现代居,"
皇朝公寓 · 皇朝现代居

          1000元/月起

",,,,,"['https://image1.ljcdn.com/rent-user-avatar/50d53627-d5fa-4032-8092-34506240ea01.1150x.jpg', 'https://s1.ljcdn.com/matrix_lianjia_pc/dist/pc/src/resource/default/1150-450.png?_v=201906280941017d9']",,,,,,,,,,,,,[],22.776805,113.838206
https://sz.lianjia.com/apartment/3834.html,,,欣欣公寓 · 爱联蒲排店,"
欣欣公寓 · 爱联蒲排店

          800元/月起

",,,,,"['https://image1.ljcdn.com/rent-user-avatar/85575642-7520-4203-9a6a-1d7683c99446.1150x.jpg', 'https://s1.ljcdn.com/matrix_lianjia_pc/dist/pc/src/resource/default/1150-450.png?_v=201906280941017d9', 'https://s1.ljcdn.com/matrix_lianjia_pc/dist/pc/src/resource/default/1150-450.png?_v=201906280941017d9', 'https://s1.ljcdn.com/matrix_lianjia_pc/dist/pc/src/resource/default/1150-450.png?_v=201906280941017d9', 'https://s1.ljcdn.com/matrix_lianjia_pc/dist/pc/src/resource/default/1150-450.png?_v=201906280941017d9', 'https://s1.ljcdn.com/matrix_lianjia_pc/dist/pc/src/resource/default/1150-450.png?_v=201906280941017d9', 'https://s1.ljcdn.com/matrix_lianjia_pc/dist/pc/src/resource/default/1150-450.png?_v=201906280941017d9']",,,,,,,,,,,,,[],22.700644,114.246376
https://sz.lianjia.com/apartment/16418.html,,,金湖公寓 · 云智科技园店,"
金湖公寓 · 云智科技园店

          600元/月起

",,,,,"['https://image1.ljcdn.com/rent-user-avatar/904027e3-ed80-4405-8d9b-6b6891a5fab5.1150x.jpg', 'https://s1.ljcdn.com/matrix_lianjia_pc/dist/pc/src/resource/default/1150-450.png?_v=201906280941017d9', 'https://s1.ljcdn.com/matrix_lianjia_pc/dist/pc/src/resource/default/1150-450.png?_v=201906280941017d9', 'https://s1.ljcdn.com/matrix_lianjia_pc/dist/pc/src/resource/default/1150-450.png?_v=201906280941017d9']",,,,,,,,,,,,,[],22.771443,113.92757
