房源地址,行政区,位置,标题,租金,租赁方式,户型,面积,朝向,图片列表,发布时间,入住时间,租期,看房时间,楼层,电梯,车位,用水,用电,燃气,采暖,标签,station,latitude,longtitude
https://sz.lianjia.com/zufang/SZ2265190013753376768.html,龙岗区,龙岗中心城,整租·名居广场 3室2厅 南,4800元/月 (月付价),整租,3室2厅2卫,89㎡,朝南,"['https://image1.ljcdn.com/rent-user-avatar/134f3a7a-687f-4df7-b0b1-2f15dfbd587c.780x439.jpg', 'https://s1.ljcdn.com/matrix_lianjia_pc/dist/pc/src/resource/default/780-439.png?_v=201906280941017d9', 'https://s1.ljcdn.com/matrix_lianjia_pc/dist/pc/src/resource/default/780-439.png?_v=201906280941017d9', 'https://s1.ljcdn.com/matrix_lianjia_pc/dist/pc/src/resource/default/780-439.png?_v=201906280941017d9', 'https://s1.ljcdn.com/matrix_lianjia_pc/dist/pc/src/resource/default/780-439.png?_v=201906280941017d9', 'https://s1.ljcdn.com/matrix_lianjia_pc/dist/pc/src/resource/default/780-439.png?_v=201906280941017d9', 'https://s1.ljcdn.com/matrix_lianjia_pc/dist/pc/src/resource/default/780-439.png?_v=201906280941017d9', 'https://s1.ljcdn.com/matrix_lianjia_pc/dist/pc/src/resource/default/780-439.png?_v=201906280941017d9', 'https://s1.ljcdn.com/matrix_lianjia_pc/dist/pc/src/resource/default/780-439.png?_v=201906280941017d9', 'https://s1.ljcdn.com/matrix_lianjia_pc/dist/pc/src/resource/default/780-439.png?_v=201906280941017d9']",1个月前,随时入住,1~3年,随时可看,7/31层,有,暂无数据,民水,民电,有,暂无数据,"['公寓', '精装', '双卫生间', '随时看房']",[],22.704719,114.240139
https://sz.lianjia.com/zufang/SZ2229714328335433728.html,龙岗区,龙岗中心城,整租·万科时代广场 2室1厅 南,4257元/月 (双月付价),整租,2室1厅1卫,68㎡,朝南,"['https://image1.ljcdn.com/rent-house-1/a252dec59dc59000158936fd99614763-1554637629940/e8c4c2a81aa44c263068c88187fd204e.jpg.780x439.jpg', 'https://s1.ljcdn.com/matrix_lianjia_pc/dist/pc/src/resource/default/780-439.png?_v=201906280941017d9', 'https://s1.ljcdn.com/matrix_lianjia_pc/dist/pc/src/resource/default/780-439.png?_v=201906280941017d9', 'https://s1.ljcdn.com/matrix_lianjia_pc/dist/pc/src/resource/default/780-439.png?_v=201906280941017d9']",2个月前,随时入住,1~2年,随时可看,45/46层,暂无数据,暂无数据,暂无数据,暂无数据,暂无数据,暂无数据,"['公寓', '近地铁', '随时看房']","['3号线(龙岗线) - 龙城广场', '1085m', '3号线(龙岗线) - 吉祥', '1147m']",22.723471,114.252572
https://sz.lianjia.com/zufang/SZ2239643769375309824.html,龙岗区,龙岗中心城,整租·星河上寓 1室1厅 复式 南,3500元/月 (月付价),整租,1室1厅1卫,51㎡,朝 南,"['https://image1.ljcdn.com/rent-user-avatar/aa70b461-5209-4112-9c2e-665dc1bdafa8.780x439.jpg', 'https://s1.ljcdn.com/matrix_lianjia_pc/dist/pc/src/resource/default/780-439.png?_v=201906280941017d9', 'https://s1.ljcdn.com/matrix_lianjia_pc/dist/pc/src/resource/default/780-439.png?_v=201906280941017d9', 'https://s1.ljcdn.com/matrix_lianjia_pc/dist/pc/src/resource/default/780-439.png?_v=201906280941017d9', 'https://s1.ljcdn.com/matrix_lianjia_pc/dist/pc/src/resource/default/780-439.png?_v=201906280941017d9', 'https://s1.ljcdn.com/matrix_lianjia_pc/dist/pc/src/resource/default/780-439.png?_v=201906280941017d9', 'https://s1.ljcdn.com/matrix_lianjia_pc/dist/pc/src/resource/default/780-439.png?_v=201906280941017d9']",2个月前,随时入住,1~2年,随时可看,15/33层,暂无数据,暂无数据,商水,商电,有,暂无数据,"['精装', '随时看房']",[],22.725198,114.24391
https://sz.lianjia.com/zufang/SZ2249919982702174208.html,龙岗区,龙岗中心城,整租·万科时代广场 2室1厅 东/东南/南/西南/西,4000元/月 (月付价),整租,2室1厅1卫,67㎡,朝东 东南 南 西南 西,"['https://image1.ljcdn.com/rent-user-avatar/0383fff6-0d89-47fa-9c96-0895a4205868.780x439.jpg', 'https://s1.ljcdn.com/matrix_lianjia_pc/dist/pc/src/resource/default/780-439.png?_v=201906280941017d9', 'https://s1.ljcdn.com/matrix_lianjia_pc/dist/pc/src/resource/default/780-439.png?_v=201906280941017d9', 'https://s1.ljcdn.com/matrix_lianjia_pc/dist/pc/src/resource/default/780-439.png?_v=201906280941017d9', 'https://s1.ljcdn.com/matrix_lianjia_pc/dist/pc/src/resource/default/780-439.png?_v=201906280941017d9', 'https://s1.ljcdn.com/matrix_lianjia_pc/dist/pc/src/resource/default/780-439.png?_v=201906280941017d9', 'https://s1.ljcdn.com/matrix_lianjia_pc/dist/pc/src/resource/default/780-439.png?_v=201906280941017d9', 'https://s1.ljcdn.com/matrix_lianjia_pc/dist/pc/src/resource/default/780-439.png?_v=201906280941017d9', 'https://s1.ljcdn.com/matrix_lianjia_pc/dist/pc/src/resource/default/780-439.png?_v=201906280941017d9']",1个月前,随时入住,1年,随时可看,11/46层,暂无数据,暂无数据,商水,商电,有,暂无数据,"['公寓', '近地铁', '精装', '随时看房']","['3号线(龙岗线) - 龙城广场', '1085m', '3号线(龙岗线) - 吉祥', '1147m']",22.723471,114.252572
https://sz.lianjia.com/zufang/SZ2247773161427320832.html,龙岗区,龙岗中心城,整租·名居广场 3室1厅 东/东南/南/西南/西,4600元/月 (月付价),整租,3室1厅1卫,76㎡,朝东 东南 南 西南 西,"['https://image1.ljcdn.com/rent-user-avatar/020b9698-e35a-4112-90e6-5bbdeb9b50b2.780x439.jpg', 'https://s1.ljcdn.com/matrix_lianjia_pc/dist/pc/src/resource/default/780-439.png?_v=201906280941017d9', 'https://s1.ljcdn.com/matrix_lianjia_pc/dist/pc/src/resource/default/780-439.png?_v=201906280941017d9', 'https://s1.ljcdn.com/matrix_lianjia_pc/dist/pc/src/resource/default/780-439.png?_v=201906280941017d9', 'https://s1.ljcdn.com/matrix_lianjia_pc/dist/pc/src/resource/default/780-439.png?_v=201906280941017d9', 'https://s1.ljcdn.com/matrix_lianjia_pc/dist/pc/src/resource/default/780-439.png?_v=201906280941017d9', 'https://s1.ljcdn.com/matrix_lianjia_pc/dist/pc/src/resource/default/780-439.png?_v=201906280941017d9', 'https://s1.ljcdn.com/matrix_lianjia_pc/dist/pc/src/resource/default/780-439.png?_v=201906280941017d9', 'https://s1.ljcdn.com/matrix_lianjia_pc/dist/pc/src/resource/default/780-439.png?_v=201906280941017d9']",1个月前,随时入住,1年,随时可看,27/31层,有,暂无数据,民水,民电,有,暂无数据,"['公寓', '精装', '随时看房']",[],22.704719,114.240139
https://sz.lianjia.com/apartment/18199.html,,,职业房东 · 杨美店,"
职业房东 · 杨美店

          1580元/月起

",,,,,"['https://image1.ljcdn.com/rent-user-avatar/14a2a465-54b7-4296-8006-a79ddfe61667.1150x.jpg', 'https://s1.ljcdn.com/matrix_lianjia_pc/dist/pc/src/resource/default/1150-450.png?_v=201906280941017d9', 'https://s1.ljcdn.com/matrix_lianjia_pc/dist/pc/src/resource/default/1150-450.png?_v=201906280941017d9', 'https://s1.ljcdn.com/matrix_lianjia_pc/dist/pc/src/resource/default/1150-450.png?_v=201906280941017d9', 'https://s1.ljcdn.com/matrix_lianjia_pc/dist/pc/src/resource/default/1150-450.png?_v=201906280941017d9', 'https://s1.ljcdn.com/matrix_lianjia_pc/dist/pc/src/resource/default/1150-450.png?_v=201906280941017d9', 'https://s1.ljcdn.com/matrix_lianjia_pc/dist/pc/src/resource/default/1150-450.png?_v=201906280941017d9']",,,,,,,,,,,,,[],22.630431,114.083302
https://sz.lianjia.com/zufang/SZ2290029947386855424.html,南山区,蛇口,合租·招商桃花园 4居室 南卧,3190元/月 (月付价),合租,4室1厅2卫,16㎡,朝南,"['https://image1.ljcdn.com/rent-user-avatar/204e7d56-2bb3-42a8-b97e-5da02c9b08d7.780x439.jpg', 'https://s1.ljcdn.com/matrix_lianjia_pc/dist/pc/src/resource/default/780-439.png?_v=201906280941017d9', 'https://s1.ljcdn.com/matrix_lianjia_pc/dist/pc/src/resource/default/780-439.png?_v=201906280941017d9', 'https://s1.ljcdn.com/matrix_lianjia_pc/dist/pc/src/resource/default/780-439.png?_v=201906280941017d9', 'https://s1.ljcdn.com/matrix_lianjia_pc/dist/pc/src/resource/default/780-439.png?_v=201906280941017d9', 'https://s1.ljcdn.com/matrix_lianjia_pc/dist/pc/src/resource/default/780-439.png?_v=201906280941017d9', 'https://s1.ljcdn.com/matrix_lianjia_pc/dist/pc/src/resource/default/780-439.png?_v=201906280941017d9', 'https://s1.ljcdn.com/matrix_lianjia_pc/dist/pc/src/resource/default/780-439.png?_v=201906280941017d9', 'https://s1.ljcdn.com/matrix_lianjia_pc/dist/pc/src/resource/default/780-439.png?_v=201906280941017d9', 'https://s1.ljcdn.com/matrix_lianjia_pc/dist/pc/src/resource/default/780-439.png?_v=201906280941017d9', 'https://s1.ljcdn.com/matrix_lianjia_pc/dist/pc/src/resource/default/780-439.png?_v=201906280941017d9']",今天,随时入住,1年以上,随时可看,9/18层,有,暂无数据,民水,民电,有,暂无数据,"['公寓', '独立卫生间', '精装', '押一付一', '新上', '随时看房']",[],22.508964,113.924781
