房源地址,行政区,位置,标题,租金,租赁方式,户型,面积,朝向,图片列表,发布时间,入住时间,租期,看房时间,楼层,电梯,车位,用水,用电,燃气,采暖,标签,station,latitude,longtitude
https://sz.lianjia.com/apartment/13245.html,,,深圳优品公寓 · 石厦店,"
深圳优品公寓 · 石厦店

          2880元/月起

",,,,,"['https://image1.ljcdn.com/rent-user-avatar/9f0b623f-c508-49c6-b2a3-db5a1ad3a7f0.1150x.jpg', 'https://s1.ljcdn.com/matrix_lianjia_pc/dist/pc/src/resource/default/1150-450.png?_v=201906280941017d9', 'https://s1.ljcdn.com/matrix_lianjia_pc/dist/pc/src/resource/default/1150-450.png?_v=201906280941017d9']",,,,,,,,,,,,,[],22.527653,114.05905
https://sz.lianjia.com/zufang/SZ2241877956324761600.html,坪山区,坪山,心海城 3室2厅 南,3200元/月 ,租赁方式未知,3室2厅2卫,89㎡,朝南,"['https://image1.ljcdn.com/440300-inspection/a559f60d-6d09-421c-8449-f18bdd4df735.jpg.780x439.jpg', 'https://s1.ljcdn.com/matrix_lianjia_pc/dist/pc/src/resource/default/780-439.png?_v=201906280941017d9', 'https://s1.ljcdn.com/matrix_lianjia_pc/dist/pc/src/resource/default/780-439.png?_v=201906280941017d9', 'https://s1.ljcdn.com/matrix_lianjia_pc/dist/pc/src/resource/default/780-439.png?_v=201906280941017d9', 'https://s1.ljcdn.com/matrix_lianjia_pc/dist/pc/src/resource/default/780-439.png?_v=201906280941017d9', 'https://s1.ljcdn.com/matrix_lianjia_pc/dist/pc/src/resource/default/780-439.png?_v=201906280941017d9', 'https://s1.ljcdn.com/matrix_lianjia_pc/dist/pc/src/resource/default/780-439.png?_v=201906280941017d9', 'https://s1.ljcdn.com/matrix_lianjia_pc/dist/pc/src/resource/default/780-439.png?_v=201906280941017d9', 'https://s1.ljcdn.com/matrix_lianjia_pc/dist/pc/src/resource/default/780-439.png?_v=201906280941017d9']",2个月前,随时入住,暂无数据,需提前预约,低楼层/26层,有,暂无数据,民水,民电,有,暂无数据,['随时看房'],[],22.686353978023,114.35253533209
https://sz.lianjia.com/zufang/SZ2283950513521704960.html,龙岗区,布吉关,国展苑 2室2厅 南,4200元/月 ,租赁方式未知,2室2厅1卫,78㎡,朝南,"['https://image1.ljcdn.com/440300-inspection/c576c5b9-4618-4278-8595-c36c78a4bad1.jpg.780x439.jpg', 'https://s1.ljcdn.com/matrix_lianjia_pc/dist/pc/src/resource/default/780-439.png?_v=201906280941017d9', 'https://s1.ljcdn.com/matrix_lianjia_pc/dist/pc/src/resource/default/780-439.png?_v=201906280941017d9', 'https://s1.ljcdn.com/matrix_lianjia_pc/dist/pc/src/resource/default/780-439.png?_v=201906280941017d9', 'https://s1.ljcdn.com/matrix_lianjia_pc/dist/pc/src/resource/default/780-439.png?_v=201906280941017d9', 'https://s1.ljcdn.com/matrix_lianjia_pc/dist/pc/src/resource/default/780-439.png?_v=201906280941017d9', 'https://s1.ljcdn.com/matrix_lianjia_pc/dist/pc/src/resource/default/780-439.png?_v=201906280941017d9']",5天前,随时入住,暂无数据,需提前预约,中楼层/34层,有,暂无数据,民水,民电,有,暂无数据,['新上'],"['3号线(龙岗线),5号线(环中线) - 布吉', '1067m']",22.60151550239,114.12551505645
https://sz.lianjia.com/zufang/SZ2280333471404523520.html,龙岗区,平湖,融湖中心城二期 3室2厅 南,4300元/月 ,租赁方式未知,3室2厅2卫,89㎡,朝南,"['https://image1.ljcdn.com/440300-inspection/59c34fb0-5310-4710-84cd-8529ce8a4e30.jpg.780x439.jpg', 'https://s1.ljcdn.com/matrix_lianjia_pc/dist/pc/src/resource/default/780-439.png?_v=201906280941017d9', 'https://s1.ljcdn.com/matrix_lianjia_pc/dist/pc/src/resource/default/780-439.png?_v=201906280941017d9', 'https://s1.ljcdn.com/matrix_lianjia_pc/dist/pc/src/resource/default/780-439.png?_v=201906280941017d9', 'https://s1.ljcdn.com/matrix_lianjia_pc/dist/pc/src/resource/default/780-439.png?_v=201906280941017d9', 'https://s1.ljcdn.com/matrix_lianjia_pc/dist/pc/src/resource/default/780-439.png?_v=201906280941017d9', 'https://s1.ljcdn.com/matrix_lianjia_pc/dist/pc/src/resource/default/780-439.png?_v=201906280941017d9', 'https://s1.ljcdn.com/matrix_lianjia_pc/dist/pc/src/resource/default/780-439.png?_v=201906280941017d9', 'https://s1.ljcdn.com/matrix_lianjia_pc/dist/pc/src/resource/default/780-439.png?_v=201906280941017d9']",13天前,随时入住,暂无数据,需提前预约,高楼层/32层,暂无数据,暂无数据,民水,民电,有,暂无数据,['随时看房'],[],22.69921,114.125942
https://sz.lianjia.com/apartment/9394.html,,,美居 · 固戍店,"
美居 · 固戍店

          1050元/月起

",,,,,"['https://image1.ljcdn.com/rent-user-avatar/4437881c-9114-43eb-980a-934427990923.1150x.jpg', 'https://s1.ljcdn.com/matrix_lianjia_pc/dist/pc/src/resource/default/1150-450.png?_v=201906280941017d9']",,,,,,,,,,,,,[],22.60545,113.847383
https://sz.lianjia.com/apartment/13232.html,,,同乐公寓 · 白石洲店,"
同乐公寓 · 白石洲店

          2200元/月起

",,,,,"['https://image1.ljcdn.com/rent-user-avatar/8459c866-943b-4d7c-8057-88858c59dd3b.1150x.jpg', 'https://s1.ljcdn.com/matrix_lianjia_pc/dist/pc/src/resource/default/1150-450.png?_v=201906280941017d9', 'https://s1.ljcdn.com/matrix_lianjia_pc/dist/pc/src/resource/default/1150-450.png?_v=201906280941017d9', 'https://s1.ljcdn.com/matrix_lianjia_pc/dist/pc/src/resource/default/1150-450.png?_v=201906280941017d9', 'https://s1.ljcdn.com/matrix_lianjia_pc/dist/pc/src/resource/default/1150-450.png?_v=201906280941017d9', 'https://s1.ljcdn.com/matrix_lianjia_pc/dist/pc/src/resource/default/1150-450.png?_v=201906280941017d9']",,,,,,,,,,,,,[],22.551504,113.976388
https://sz.lianjia.com/zufang/SZ2262750277436178432.html,龙岗区,龙岗中心城,万科翰邻城 4室1厅 南,4700元/月 ,租赁方式未知,4室1厅1卫,88㎡,朝南,"['https://image1.ljcdn.com/440300-inspection/84608a76-d599-4381-a431-31e4f7f21677.jpg.780x439.jpg', 'https://s1.ljcdn.com/matrix_lianjia_pc/dist/pc/src/resource/default/780-439.png?_v=201906280941017d9', 'https://s1.ljcdn.com/matrix_lianjia_pc/dist/pc/src/resource/default/780-439.png?_v=201906280941017d9', 'https://s1.ljcdn.com/matrix_lianjia_pc/dist/pc/src/resource/default/780-439.png?_v=201906280941017d9', 'https://s1.ljcdn.com/matrix_lianjia_pc/dist/pc/src/resource/default/780-439.png?_v=201906280941017d9', 'https://s1.ljcdn.com/matrix_lianjia_pc/dist/pc/src/resource/default/780-439.png?_v=201906280941017d9', 'https://s1.ljcdn.com/matrix_lianjia_pc/dist/pc/src/resource/default/780-439.png?_v=201906280941017d9', 'https://s1.ljcdn.com/matrix_lianjia_pc/dist/pc/src/resource/default/780-439.png?_v=201906280941017d9']",1个月前,随时入住,暂无数据,需提前预约,中楼层/31层,有,暂无数据,民水,民电,有,暂无数据,[],[],22.736805,114.237329
https://sz.lianjia.com/zufang/SZ2268598430089609216.html,龙华区,红山,绿景公馆1866南区 1室0厅 南,4500元/月 ,租赁方式未知,1室0厅1卫,38㎡,朝南,"['http://vrlab-image.ljcdn.com/release/auto3dhd/9a6d224a1366cbfd2dfe4e9df9b73684/screenshot/1554171086_5/pc0_VViLU2ZTc.jpg.q_70.jpg', 'https://s1.ljcdn.com/matrix_lianjia_pc/dist/pc/src/resource/default/780-439.png?_v=201906280941017d9', 'https://s1.ljcdn.com/matrix_lianjia_pc/dist/pc/src/resource/default/780-439.png?_v=201906280941017d9']",29天前,随时入住,暂无数据,需提前预约,高楼层/22层,有,暂无数据,民水,民电,有,暂无数据,"['近地铁', '随时看房']","['4号线(龙华线) - 红山', '864m']",22.632118,114.03521
https://sz.lianjia.com/zufang/SZ2259197115123646464.html,南山区,后海,南油B区 1室0厅 南,3300元/月 ,租赁方式未知,1室0厅1卫,30㎡,朝南,"['https://image1.ljcdn.com/440300-inspection/e9f65a55-2b57-4014-8ba2-657ae3e78cfa.jpg.780x439.jpg', 'https://s1.ljcdn.com/matrix_lianjia_pc/dist/pc/src/resource/default/780-439.png?_v=201906280941017d9', 'https://s1.ljcdn.com/matrix_lianjia_pc/dist/pc/src/resource/default/780-439.png?_v=201906280941017d9', 'https://s1.ljcdn.com/matrix_lianjia_pc/dist/pc/src/resource/default/780-439.png?_v=201906280941017d9', 'https://s1.ljcdn.com/matrix_lianjia_pc/dist/pc/src/resource/default/780-439.png?_v=201906280941017d9']",16天前,随时入住,暂无数据,暂无数据,高楼层/6层,无,暂无数据,民水,民电,有,暂无数据,"['近地铁', '随时看房']","['2号线(蛇口线) - 登良', '704m']",22.51694,113.936734
https://sz.lianjia.com/apartment/8075.html,,,职业房东 · 罗湖店,"
职业房东 · 罗湖店

          3325元/月起

",,,,,['https://image1.ljcdn.com/rent-user-avatar/eaf29c8e-c4ee-41de-b558-a8ee76b0c098.1150x.jpg'],,,,,,,,,,,,,[],22.581859,114.128188
https://sz.lianjia.com/zufang/SZ2261330021291933696.html,龙岗区,坂田,整租·华创云轩 2室1厅 南,3380元/月 (月付价),整租,2室1厅1卫,50㎡,朝南,"['https://image1.ljcdn.com/rent-user-avatar/008755a1-17c9-4cea-8f26-f69072ac910e.780x439.jpg', 'https://s1.ljcdn.com/matrix_lianjia_pc/dist/pc/src/resource/default/780-439.png?_v=201906280941017d9', 'https://s1.ljcdn.com/matrix_lianjia_pc/dist/pc/src/resource/default/780-439.png?_v=201906280941017d9', 'https://s1.ljcdn.com/matrix_lianjia_pc/dist/pc/src/resource/default/780-439.png?_v=201906280941017d9', 'https://s1.ljcdn.com/matrix_lianjia_pc/dist/pc/src/resource/default/780-439.png?_v=201906280941017d9', 'https://s1.ljcdn.com/matrix_lianjia_pc/dist/pc/src/resource/default/780-439.png?_v=201906280941017d9', 'https://s1.ljcdn.com/matrix_lianjia_pc/dist/pc/src/resource/default/780-439.png?_v=201906280941017d9', 'https://s1.ljcdn.com/matrix_lianjia_pc/dist/pc/src/resource/default/780-439.png?_v=201906280941017d9', 'https://s1.ljcdn.com/matrix_lianjia_pc/dist/pc/src/resource/default/780-439.png?_v=201906280941017d9', 'https://s1.ljcdn.com/matrix_lianjia_pc/dist/pc/src/resource/default/780-439.png?_v=201906280941017d9', 'https://s1.ljcdn.com/matrix_lianjia_pc/dist/pc/src/resource/default/780-439.png?_v=201906280941017d9', 'https://s1.ljcdn.com/matrix_lianjia_pc/dist/pc/src/resource/default/780-439.png?_v=201906280941017d9']",1个月前,随时入住,3~12个月,随时可看,9/21层,暂无数据,暂无数据,暂无数据,暂无数据,暂无数据,暂无数据,"['公寓', '月租', '精装', '随时看房']",[],22.656715,114.072262
https://sz.lianjia.com/zufang/SZ2276736536572084224.html,龙华区,观澜,深业泰然观澜玫瑰苑 2室2厅 东南/南,4500元/月 ,租赁方式未知,2室2厅1卫,73㎡,朝东南 南,"['https://image1.ljcdn.com/440300-inspection/50b05f27-4ca3-4ebe-b60e-7353a5f478d6.jpg.780x439.jpg', 'https://s1.ljcdn.com/matrix_lianjia_pc/dist/pc/src/resource/default/780-439.png?_v=201906280941017d9', 'https://s1.ljcdn.com/matrix_lianjia_pc/dist/pc/src/resource/default/780-439.png?_v=201906280941017d9', 'https://s1.ljcdn.com/matrix_lianjia_pc/dist/pc/src/resource/default/780-439.png?_v=201906280941017d9', 'https://s1.ljcdn.com/matrix_lianjia_pc/dist/pc/src/resource/default/780-439.png?_v=201906280941017d9', 'https://s1.ljcdn.com/matrix_lianjia_pc/dist/pc/src/resource/default/780-439.png?_v=201906280941017d9']",18天前,随时入住,暂无数据,需提前预约,高楼层/31层,有,暂无数据,民水,民电,有,暂无数据,['随时看房'],[],22.721847,114.063865
https://sz.lianjia.com/zufang/SZ2279681199771222016.html,龙岗区,龙岗双龙,聚龙苑 3室2厅 南/北,4000元/月 ,租赁方式未知,3室2厅2卫,102㎡,朝南 北,"['https://image1.ljcdn.com/440300-inspection/b5d66c08-6fa4-4a73-b61a-2ca22be8dacc.jpg.780x439.jpg', 'https://s1.ljcdn.com/matrix_lianjia_pc/dist/pc/src/resource/default/780-439.png?_v=201906280941017d9', 'https://s1.ljcdn.com/matrix_lianjia_pc/dist/pc/src/resource/default/780-439.png?_v=201906280941017d9', 'https://s1.ljcdn.com/matrix_lianjia_pc/dist/pc/src/resource/default/780-439.png?_v=201906280941017d9', 'https://s1.ljcdn.com/matrix_lianjia_pc/dist/pc/src/resource/default/780-439.png?_v=201906280941017d9', 'https://s1.ljcdn.com/matrix_lianjia_pc/dist/pc/src/resource/default/780-439.png?_v=201906280941017d9', 'https://s1.ljcdn.com/matrix_lianjia_pc/dist/pc/src/resource/default/780-439.png?_v=201906280941017d9', 'https://s1.ljcdn.com/matrix_lianjia_pc/dist/pc/src/resource/default/780-439.png?_v=201906280941017d9', 'https://s1.ljcdn.com/matrix_lianjia_pc/dist/pc/src/resource/default/780-439.png?_v=201906280941017d9', 'https://s1.ljcdn.com/matrix_lianjia_pc/dist/pc/src/resource/default/780-439.png?_v=201906280941017d9', 'https://s1.ljcdn.com/matrix_lianjia_pc/dist/pc/src/resource/default/780-439.png?_v=201906280941017d9']",14天前,2019-07-01,暂无数据,需提前预约,中楼层/20层,有,暂无数据,民水,民电,有,暂无数据,"['近地铁', '随时看房']","['3号线(龙岗线) - 南联', '475m']",22.725669,114.277881
https://sz.lianjia.com/zufang/SZ2253592880726163456.html,龙岗区,龙岗中心城,非凡空间 1室1厅 南,3300元/月 ,租赁方式未知,1室1厅1卫,56㎡,朝南,"['https://image1.ljcdn.com/440300-inspection/a319449e-169a-48fe-ae92-c775478e8f4d.jpg.780x439.jpg', 'https://s1.ljcdn.com/matrix_lianjia_pc/dist/pc/src/resource/default/780-439.png?_v=201906280941017d9', 'https://s1.ljcdn.com/matrix_lianjia_pc/dist/pc/src/resource/default/780-439.png?_v=201906280941017d9', 'https://s1.ljcdn.com/matrix_lianjia_pc/dist/pc/src/resource/default/780-439.png?_v=201906280941017d9', 'https://s1.ljcdn.com/matrix_lianjia_pc/dist/pc/src/resource/default/780-439.png?_v=201906280941017d9', 'https://s1.ljcdn.com/matrix_lianjia_pc/dist/pc/src/resource/default/780-439.png?_v=201906280941017d9']",1个月前,随时入住,暂无数据,需提前预约,低楼层/24层,有,暂无数据,民水,民电,有,暂无数据,[],[],22.737071715258,114.25771571966
https://sz.lianjia.com/zufang/SZ2283284463129731072.html,福田区,上步,整租·佳兆业中心 1室0厅 南,3000元/月 (月付价),整租,1室0厅1卫,23㎡,朝 南,"['https://image1.ljcdn.com/rent-user-avatar/068e0493-7a9c-4a7c-b41f-13ff045fd14d.780x439.jpg', 'https://s1.ljcdn.com/matrix_lianjia_pc/dist/pc/src/resource/default/780-439.png?_v=201906280941017d9', 'https://s1.ljcdn.com/matrix_lianjia_pc/dist/pc/src/resource/default/780-439.png?_v=201906280941017d9', 'https://s1.ljcdn.com/matrix_lianjia_pc/dist/pc/src/resource/default/780-439.png?_v=201906280941017d9', 'https://s1.ljcdn.com/matrix_lianjia_pc/dist/pc/src/resource/default/780-439.png?_v=201906280941017d9', 'https://s1.ljcdn.com/matrix_lianjia_pc/dist/pc/src/resource/default/780-439.png?_v=201906280941017d9']",9天前,随时入住,1年,随时可看,25/29层,有,暂无数据,民水,民电,有,暂无数据,"['公寓', '近地铁', '精装', '随时看房']","['1号线(罗宝线) - 科学馆', '352m', '2号线(蛇口线) - 燕南', '909m', '9号线 - 红岭南', '939m', '7号线 - 华强南', '1085m', '3号线(龙岗线) - 通新岭', '1161m']",22.545851,114.103355
https://sz.lianjia.com/apartment/17354.html,,,万科泊寓 · 福田石厦公社,"
万科泊寓 · 福田石厦公社

          2698元/月起

",,,,,"['https://image1.ljcdn.com/rent-user-avatar/fdc88cf9-519b-4adc-8da5-f320434c29f5.1150x.jpg', 'https://s1.ljcdn.com/matrix_lianjia_pc/dist/pc/src/resource/default/1150-450.png?_v=201906280941017d9', 'https://s1.ljcdn.com/matrix_lianjia_pc/dist/pc/src/resource/default/1150-450.png?_v=201906280941017d9', 'https://s1.ljcdn.com/matrix_lianjia_pc/dist/pc/src/resource/default/1150-450.png?_v=201906280941017d9']",,,,,,,,,,,,,[],22.525458,114.058277
https://sz.lianjia.com/zufang/SZ2271469313074667520.html,龙岗区,龙岗中心城,非凡空间 1室2厅 南,3200元/月 ,租赁方式未知,1室2厅1卫,56㎡,朝南,"['https://image1.ljcdn.com/440300-inspection/0dad50d6-2bd6-40c2-b083-4584ebece7e2.jpg.780x439.jpg', 'https://s1.ljcdn.com/matrix_lianjia_pc/dist/pc/src/resource/default/780-439.png?_v=201906280941017d9', 'https://s1.ljcdn.com/matrix_lianjia_pc/dist/pc/src/resource/default/780-439.png?_v=201906280941017d9', 'https://s1.ljcdn.com/matrix_lianjia_pc/dist/pc/src/resource/default/780-439.png?_v=201906280941017d9', 'https://s1.ljcdn.com/matrix_lianjia_pc/dist/pc/src/resource/default/780-439.png?_v=201906280941017d9', 'https://s1.ljcdn.com/matrix_lianjia_pc/dist/pc/src/resource/default/780-439.png?_v=201906280941017d9', 'https://s1.ljcdn.com/matrix_lianjia_pc/dist/pc/src/resource/default/780-439.png?_v=201906280941017d9']",22天前,2019-07-01,暂无数据,需提前预约,中楼层/24层,有,暂无数据,民水,民电,有,暂无数据,[],[],22.737071715258,114.25771571966
https://sz.lianjia.com/zufang/SZ2229513766851051520.html,龙岗区,龙岗中心城,百合盛世 4室1厅 跃层 东/南,3800元/月 ,租赁方式未知,4室1厅2卫,89㎡,朝东 南,"['https://image1.ljcdn.com/440300-inspection/4423382b-7585-4aed-84a6-ea19a90de5c9.jpg.780x439.jpg', 'https://s1.ljcdn.com/matrix_lianjia_pc/dist/pc/src/resource/default/780-439.png?_v=201906280941017d9', 'https://s1.ljcdn.com/matrix_lianjia_pc/dist/pc/src/resource/default/780-439.png?_v=201906280941017d9', 'https://s1.ljcdn.com/matrix_lianjia_pc/dist/pc/src/resource/default/780-439.png?_v=201906280941017d9', 'https://s1.ljcdn.com/matrix_lianjia_pc/dist/pc/src/resource/default/780-439.png?_v=201906280941017d9', 'https://s1.ljcdn.com/matrix_lianjia_pc/dist/pc/src/resource/default/780-439.png?_v=201906280941017d9', 'https://s1.ljcdn.com/matrix_lianjia_pc/dist/pc/src/resource/default/780-439.png?_v=201906280941017d9', 'https://s1.ljcdn.com/matrix_lianjia_pc/dist/pc/src/resource/default/780-439.png?_v=201906280941017d9', 'https://s1.ljcdn.com/matrix_lianjia_pc/dist/pc/src/resource/default/780-439.png?_v=201906280941017d9', 'https://s1.ljcdn.com/matrix_lianjia_pc/dist/pc/src/resource/default/780-439.png?_v=201906280941017d9', 'https://s1.ljcdn.com/matrix_lianjia_pc/dist/pc/src/resource/default/780-439.png?_v=201906280941017d9', 'https://s1.ljcdn.com/matrix_lianjia_pc/dist/pc/src/resource/default/780-439.png?_v=201906280941017d9']",2个月前,随时入住,暂无数据,需提前预约,中楼层/32层,有,暂无数据,民水,民电,有,暂无数据,[],[],22.749588,114.244078
https://sz.lianjia.com/zufang/SZ2264558281601327104.html,坪山区,坪山,心海城 4室2厅 南,3000元/月 ,租赁方式未知,4室2厅2卫,100㎡,朝南,"['https://image1.ljcdn.com/440300-inspection/0c91d3c1-da06-4ff2-889f-b909344140f6.jpg.780x439.jpg', 'https://s1.ljcdn.com/matrix_lianjia_pc/dist/pc/src/resource/default/780-439.png?_v=201906280941017d9', 'https://s1.ljcdn.com/matrix_lianjia_pc/dist/pc/src/resource/default/780-439.png?_v=201906280941017d9', 'https://s1.ljcdn.com/matrix_lianjia_pc/dist/pc/src/resource/default/780-439.png?_v=201906280941017d9', 'https://s1.ljcdn.com/matrix_lianjia_pc/dist/pc/src/resource/default/780-439.png?_v=201906280941017d9', 'https://s1.ljcdn.com/matrix_lianjia_pc/dist/pc/src/resource/default/780-439.png?_v=201906280941017d9', 'https://s1.ljcdn.com/matrix_lianjia_pc/dist/pc/src/resource/default/780-439.png?_v=201906280941017d9', 'https://s1.ljcdn.com/matrix_lianjia_pc/dist/pc/src/resource/default/780-439.png?_v=201906280941017d9', 'https://s1.ljcdn.com/matrix_lianjia_pc/dist/pc/src/resource/default/780-439.png?_v=201906280941017d9', 'https://s1.ljcdn.com/matrix_lianjia_pc/dist/pc/src/resource/default/780-439.png?_v=201906280941017d9']",1个月前,随时入住,暂无数据,需提前预约,高楼层/26层,有,暂无数据,民水,民电,有,暂无数据,[],[],22.686353978023,114.35253533209
https://sz.lianjia.com/apartment/12702.html,,,职业房东 · 布心,"
职业房东 · 布心

          3300元/月起

",,,,,"['https://image1.ljcdn.com/rent-user-avatar/ee29e024-b671-4a10-adc8-ad93d067c514.1150x.jpg', 'https://s1.ljcdn.com/matrix_lianjia_pc/dist/pc/src/resource/default/1150-450.png?_v=201906280941017d9', 'https://s1.ljcdn.com/matrix_lianjia_pc/dist/pc/src/resource/default/1150-450.png?_v=201906280941017d9', 'https://s1.ljcdn.com/matrix_lianjia_pc/dist/pc/src/resource/default/1150-450.png?_v=201906280941017d9']",,,,,,,,,,,,,[],22.586797,114.143529
https://sz.lianjia.com/apartment/18617.html,,,七号企鹅公寓 · 新洲中心村13店,"
七号企鹅公寓 · 新洲中心村13店

          2880元/月起

",,,,,"['https://image1.ljcdn.com/rent-user-avatar/3369451b-eaf3-47d0-bcd5-c2cee41ad6cc.1150x.jpg', 'https://s1.ljcdn.com/matrix_lianjia_pc/dist/pc/src/resource/default/1150-450.png?_v=201906280941017d9', 'https://s1.ljcdn.com/matrix_lianjia_pc/dist/pc/src/resource/default/1150-450.png?_v=201906280941017d9']",,,,,,,,,,,,,[],22.529767,114.055242
https://sz.lianjia.com/zufang/SZ2247568928265994240.html,龙岗区,龙岗中心城,远洋新干线二期 3室1厅 南,4500元/月 ,租赁方式未知,3室1厅2卫,89㎡,朝南,"['https://image1.ljcdn.com/440300-inspection/7119bacc-5a31-4f3c-8fdd-5cfec14ee1f8.jpg.780x439.jpg', 'https://s1.ljcdn.com/matrix_lianjia_pc/dist/pc/src/resource/default/780-439.png?_v=201906280941017d9', 'https://s1.ljcdn.com/matrix_lianjia_pc/dist/pc/src/resource/default/780-439.png?_v=201906280941017d9', 'https://s1.ljcdn.com/matrix_lianjia_pc/dist/pc/src/resource/default/780-439.png?_v=201906280941017d9', 'https://s1.ljcdn.com/matrix_lianjia_pc/dist/pc/src/resource/default/780-439.png?_v=201906280941017d9', 'https://s1.ljcdn.com/matrix_lianjia_pc/dist/pc/src/resource/default/780-439.png?_v=201906280941017d9', 'https://s1.ljcdn.com/matrix_lianjia_pc/dist/pc/src/resource/default/780-439.png?_v=201906280941017d9', 'https://s1.ljcdn.com/matrix_lianjia_pc/dist/pc/src/resource/default/780-439.png?_v=201906280941017d9']",1个月前,随时入住,暂无数据,需提前预约,低楼层/32层,暂无数据,暂无数据,民水,民电,有,暂无数据,['近地铁'],"['3号线(龙岗线) - 南联', '315m', '3号线(龙岗线) - 龙城广场', '855m']",22.726592,114.270276
https://sz.lianjia.com/zufang/SZ2280408554512842752.html,龙岗区,龙岗中心城,城市花园 4室2厅 南,4000元/月 ,租赁方式未知,4室2厅2卫,111㎡,朝南,"['https://image1.ljcdn.com/440300-inspection/17ae27da-02a9-425e-ac09-b37670faf405.jpg.780x439.jpg', 'https://s1.ljcdn.com/matrix_lianjia_pc/dist/pc/src/resource/default/780-439.png?_v=201906280941017d9', 'https://s1.ljcdn.com/matrix_lianjia_pc/dist/pc/src/resource/default/780-439.png?_v=201906280941017d9', 'https://s1.ljcdn.com/matrix_lianjia_pc/dist/pc/src/resource/default/780-439.png?_v=201906280941017d9', 'https://s1.ljcdn.com/matrix_lianjia_pc/dist/pc/src/resource/default/780-439.png?_v=201906280941017d9', 'https://s1.ljcdn.com/matrix_lianjia_pc/dist/pc/src/resource/default/780-439.png?_v=201906280941017d9', 'https://s1.ljcdn.com/matrix_lianjia_pc/dist/pc/src/resource/default/780-439.png?_v=201906280941017d9', 'https://s1.ljcdn.com/matrix_lianjia_pc/dist/pc/src/resource/default/780-439.png?_v=201906280941017d9', 'https://s1.ljcdn.com/matrix_lianjia_pc/dist/pc/src/resource/default/780-439.png?_v=201906280941017d9']",13天前,随时入住,暂无数据,暂无数据,中楼层/6层,无,暂无数据,民水,民电,有,暂无数据,[],[],22.733050100463,114.24672896495
https://sz.lianjia.com/zufang/SZ2283073458600951808.html,坪山区,坪山,祥祺滨河名苑 3室2厅 南,3000元/月 ,租赁方式未知,3室2厅1卫,80㎡,朝南,"['https://image1.ljcdn.com/440300-inspection/03a91f25-7ee1-4c86-9f0d-6cad25c10791.jpg.780x439.jpg', 'https://s1.ljcdn.com/matrix_lianjia_pc/dist/pc/src/resource/default/780-439.png?_v=201906280941017d9', 'https://s1.ljcdn.com/matrix_lianjia_pc/dist/pc/src/resource/default/780-439.png?_v=201906280941017d9', 'https://s1.ljcdn.com/matrix_lianjia_pc/dist/pc/src/resource/default/780-439.png?_v=201906280941017d9', 'https://s1.ljcdn.com/matrix_lianjia_pc/dist/pc/src/resource/default/780-439.png?_v=201906280941017d9', 'https://s1.ljcdn.com/matrix_lianjia_pc/dist/pc/src/resource/default/780-439.png?_v=201906280941017d9', 'https://s1.ljcdn.com/matrix_lianjia_pc/dist/pc/src/resource/default/780-439.png?_v=201906280941017d9', 'https://s1.ljcdn.com/matrix_lianjia_pc/dist/pc/src/resource/default/780-439.png?_v=201906280941017d9']",9天前,随时入住,暂无数据,需提前预约,中楼层/33层,有,暂无数据,民水,民电,有,暂无数据,[],[],22.69163,114.343278
https://sz.lianjia.com/zufang/SZ2277544937136865280.html,福田区,车公庙,整租·昌泰公寓 2室1厅 南,4800元/月 (月付价),整租,2室1厅1卫,42㎡,朝南,"['https://image1.ljcdn.com/rent-user-avatar/83cf0cee-504c-4142-9050-284b1416d197.780x439.jpg', 'https://s1.ljcdn.com/matrix_lianjia_pc/dist/pc/src/resource/default/780-439.png?_v=201906280941017d9', 'https://s1.ljcdn.com/matrix_lianjia_pc/dist/pc/src/resource/default/780-439.png?_v=201906280941017d9', 'https://s1.ljcdn.com/matrix_lianjia_pc/dist/pc/src/resource/default/780-439.png?_v=201906280941017d9', 'https://s1.ljcdn.com/matrix_lianjia_pc/dist/pc/src/resource/default/780-439.png?_v=201906280941017d9', 'https://s1.ljcdn.com/matrix_lianjia_pc/dist/pc/src/resource/default/780-439.png?_v=201906280941017d9', 'https://s1.ljcdn.com/matrix_lianjia_pc/dist/pc/src/resource/default/780-439.png?_v=201906280941017d9', 'https://s1.ljcdn.com/matrix_lianjia_pc/dist/pc/src/resource/default/780-439.png?_v=201906280941017d9', 'https://s1.ljcdn.com/matrix_lianjia_pc/dist/pc/src/resource/default/780-439.png?_v=201906280941017d9', 'https://s1.ljcdn.com/matrix_lianjia_pc/dist/pc/src/resource/default/780-439.png?_v=201906280941017d9']",17天前,2019-07-21,1~3年,需提前预约,7/8层,暂无数据,暂无数据,暂无数据,暂无数据,暂无数据,暂无数据,"['近地铁', '精装']","['7号线 - 上沙', '1120m', '9号线 - 下沙', '1138m']",22.534858,114.038994
https://sz.lianjia.com/apartment/8075.html,,,职业房东 · 罗湖店,"
职业房东 · 罗湖店

          3325元/月起

",,,,,['https://image1.ljcdn.com/rent-user-avatar/eaf29c8e-c4ee-41de-b558-a8ee76b0c098.1150x.jpg'],,,,,,,,,,,,,[],22.581859,114.128188
https://sz.lianjia.com/zufang/SZ2280953032432951296.html,龙岗区,龙岗中心城,紫薇花园 4室2厅 南,3600元/月 ,租赁方式未知,4室2厅2卫,140㎡,朝南,"['https://image1.ljcdn.com/440300-inspection/40a531f6-6073-456a-a85f-945bb3526eb0.jpg.780x439.jpg', 'https://s1.ljcdn.com/matrix_lianjia_pc/dist/pc/src/resource/default/780-439.png?_v=201906280941017d9', 'https://s1.ljcdn.com/matrix_lianjia_pc/dist/pc/src/resource/default/780-439.png?_v=201906280941017d9', 'https://s1.ljcdn.com/matrix_lianjia_pc/dist/pc/src/resource/default/780-439.png?_v=201906280941017d9', 'https://s1.ljcdn.com/matrix_lianjia_pc/dist/pc/src/resource/default/780-439.png?_v=201906280941017d9', 'https://s1.ljcdn.com/matrix_lianjia_pc/dist/pc/src/resource/default/780-439.png?_v=201906280941017d9', 'https://s1.ljcdn.com/matrix_lianjia_pc/dist/pc/src/resource/default/780-439.png?_v=201906280941017d9', 'https://s1.ljcdn.com/matrix_lianjia_pc/dist/pc/src/resource/default/780-439.png?_v=201906280941017d9', 'https://s1.ljcdn.com/matrix_lianjia_pc/dist/pc/src/resource/default/780-439.png?_v=201906280941017d9', 'https://s1.ljcdn.com/matrix_lianjia_pc/dist/pc/src/resource/default/780-439.png?_v=201906280941017d9']",12天前,随时入住,暂无数据,暂无数据,中楼层/7层,无,暂无数据,民水,民电,有,暂无数据,"['近地铁', '随时看房']","['3号线(龙岗线) - 吉祥', '702m']",22.723687543647,114.24691690343
https://sz.lianjia.com/zufang/SZ2280455309292486656.html,龙岗区,龙岗中心城,万科清林径 4室2厅 南/北,4600元/月 ,租赁方式未知,4室2厅2卫,84㎡,朝南 北,"['https://image1.ljcdn.com/440300-inspection/92cb6746-e91a-4aa1-8aa1-672cc594bb3c.jpg.780x439.jpg', 'https://s1.ljcdn.com/matrix_lianjia_pc/dist/pc/src/resource/default/780-439.png?_v=201906280941017d9', 'https://s1.ljcdn.com/matrix_lianjia_pc/dist/pc/src/resource/default/780-439.png?_v=201906280941017d9', 'https://s1.ljcdn.com/matrix_lianjia_pc/dist/pc/src/resource/default/780-439.png?_v=201906280941017d9', 'https://s1.ljcdn.com/matrix_lianjia_pc/dist/pc/src/resource/default/780-439.png?_v=201906280941017d9', 'https://s1.ljcdn.com/matrix_lianjia_pc/dist/pc/src/resource/default/780-439.png?_v=201906280941017d9', 'https://s1.ljcdn.com/matrix_lianjia_pc/dist/pc/src/resource/default/780-439.png?_v=201906280941017d9', 'https://s1.ljcdn.com/matrix_lianjia_pc/dist/pc/src/resource/default/780-439.png?_v=201906280941017d9', 'https://s1.ljcdn.com/matrix_lianjia_pc/dist/pc/src/resource/default/780-439.png?_v=201906280941017d9']",13天前,随时入住,暂无数据,需提前预约,高楼层/32层,有,暂无数据,民水,民电,有,暂无数据,[],[],22.757589027953,114.2371402642
https://sz.lianjia.com/zufang/SZ2257835011384279040.html,龙岗区,龙岗宝荷,仁恒峦山美地 3室2厅 南,4000元/月 ,租赁方式未知,3室2厅2卫,76㎡,朝南,"['https://image1.ljcdn.com/440300-inspection/720e0b95-0fd6-4a3f-a17f-55d33bb4ae84.jpg.780x439.jpg', 'https://s1.ljcdn.com/matrix_lianjia_pc/dist/pc/src/resource/default/780-439.png?_v=201906280941017d9', 'https://s1.ljcdn.com/matrix_lianjia_pc/dist/pc/src/resource/default/780-439.png?_v=201906280941017d9', 'https://s1.ljcdn.com/matrix_lianjia_pc/dist/pc/src/resource/default/780-439.png?_v=201906280941017d9', 'https://s1.ljcdn.com/matrix_lianjia_pc/dist/pc/src/resource/default/780-439.png?_v=201906280941017d9', 'https://s1.ljcdn.com/matrix_lianjia_pc/dist/pc/src/resource/default/780-439.png?_v=201906280941017d9', 'https://s1.ljcdn.com/matrix_lianjia_pc/dist/pc/src/resource/default/780-439.png?_v=201906280941017d9', 'https://s1.ljcdn.com/matrix_lianjia_pc/dist/pc/src/resource/default/780-439.png?_v=201906280941017d9', 'https://s1.ljcdn.com/matrix_lianjia_pc/dist/pc/src/resource/default/780-439.png?_v=201906280941017d9', 'https://s1.ljcdn.com/matrix_lianjia_pc/dist/pc/src/resource/default/780-439.png?_v=201906280941017d9', 'https://s1.ljcdn.com/matrix_lianjia_pc/dist/pc/src/resource/default/780-439.png?_v=201906280941017d9', 'https://s1.ljcdn.com/matrix_lianjia_pc/dist/pc/src/resource/default/780-439.png?_v=201906280941017d9', 'https://s1.ljcdn.com/matrix_lianjia_pc/dist/pc/src/resource/default/780-439.png?_v=201906280941017d9']",1个月前,随时入住,暂无数据,需提前预约,高楼层/32层,有,暂无数据,民水,民电,有,暂无数据,[],[],22.695937,114.275613
https://sz.lianjia.com/zufang/SZ2269620634839957504.html,罗湖区,翠竹,金丽豪苑 1室1厅 南,4500元/月 ,租赁方式未知,1室1厅1卫,44㎡,朝南,"['https://image1.ljcdn.com/440300-inspection/4a8ee50e-b1f8-4032-87b7-c2ab51b8711b.jpg.780x439.jpg', 'https://s1.ljcdn.com/matrix_lianjia_pc/dist/pc/src/resource/default/780-439.png?_v=201906280941017d9', 'https://s1.ljcdn.com/matrix_lianjia_pc/dist/pc/src/resource/default/780-439.png?_v=201906280941017d9', 'https://s1.ljcdn.com/matrix_lianjia_pc/dist/pc/src/resource/default/780-439.png?_v=201906280941017d9', 'https://s1.ljcdn.com/matrix_lianjia_pc/dist/pc/src/resource/default/780-439.png?_v=201906280941017d9']",28天前,随时入住,暂无数据,需提前预约,高楼层/30层,有,暂无数据,民水,民电,有,暂无数据,['近地铁'],"['3号线(龙岗线),7号线 - 田贝', '269m', '7号线 - 洪湖', '533m', '3号线(龙岗线) - 翠竹', '1186m']",22.571564331412,114.13400634299
