房源地址,行政区,位置,标题,租金,租赁方式,户型,面积,朝向,图片列表,发布时间,入住时间,租期,看房时间,楼层,电梯,车位,用水,用电,燃气,采暖,标签,station,latitude,longtitude
https://sz.lianjia.com/zufang/SZ2278976278021545984.html,罗湖区,螺岭,整租·都心名苑 1室1厅 南,3700元/月 (月付价),整租,1室1厅1卫,38㎡,朝南,"['https://image1.ljcdn.com/rent-user-avatar/0e779c58-e673-4ecd-835f-ad92e9500450.780x439.jpg', 'https://s1.ljcdn.com/matrix_lianjia_pc/dist/pc/src/resource/default/780-439.png?_v=201906280941017d9', 'https://s1.ljcdn.com/matrix_lianjia_pc/dist/pc/src/resource/default/780-439.png?_v=201906280941017d9', 'https://s1.ljcdn.com/matrix_lianjia_pc/dist/pc/src/resource/default/780-439.png?_v=201906280941017d9', 'https://s1.ljcdn.com/matrix_lianjia_pc/dist/pc/src/resource/default/780-439.png?_v=201906280941017d9', 'https://s1.ljcdn.com/matrix_lianjia_pc/dist/pc/src/resource/default/780-439.png?_v=201906280941017d9', 'https://s1.ljcdn.com/matrix_lianjia_pc/dist/pc/src/resource/default/780-439.png?_v=201906280941017d9', 'https://s1.ljcdn.com/matrix_lianjia_pc/dist/pc/src/resource/default/780-439.png?_v=201906280941017d9', 'https://s1.ljcdn.com/matrix_lianjia_pc/dist/pc/src/resource/default/780-439.png?_v=201906280941017d9', 'https://s1.ljcdn.com/matrix_lianjia_pc/dist/pc/src/resource/default/780-439.png?_v=201906280941017d9', 'https://s1.ljcdn.com/matrix_lianjia_pc/dist/pc/src/resource/default/780-439.png?_v=201906280941017d9']",15天前,随时入住,1年,随时可看,5/23层,有,暂无数据,民水,民电,有,暂无数据,"['公寓', '近地铁', '精装', '随时看房']","['3号线(龙岗线) - 晒布', '346m', '2号线(蛇口线) - 湖贝', '852m', '3号线(龙岗线) - 翠竹', '1015m', '9号线 - 文锦', '1179m']",22.555520186704,114.1326417515
https://sz.lianjia.com/zufang/SZ2222226887839580160.html,南山区,南头,南景苑 1室0厅 南,3500元/月 ,租赁方式未知,1室0厅1卫,35㎡,朝南,"['https://image1.ljcdn.com/440300-inspection/a3ced135-bf21-4be9-87cd-f30db64d1203.jpg.780x439.jpg', 'https://s1.ljcdn.com/matrix_lianjia_pc/dist/pc/src/resource/default/780-439.png?_v=201906280941017d9', 'https://s1.ljcdn.com/matrix_lianjia_pc/dist/pc/src/resource/default/780-439.png?_v=201906280941017d9']",3个月前,随时入住,暂无数据,需提前预约,低楼层/31层,有,暂无数据,暂无数据,暂无数据,有,暂无数据,['近地铁'],"['1号线(罗宝线) - 桃园', '491m', '1号线(罗宝线) - 大新', '518m', '11号线 - 南山', '946m']",22.537619731494,113.92702471013
https://sz.lianjia.com/zufang/SZ2274649071677882368.html,罗湖区,新秀,华清园 2室1厅 东/南,4500元/月 ,租赁方式未知,2室1厅1卫,59㎡,朝东 南,"['https://image1.ljcdn.com/440300-inspection/rsp_pic_upload3032f43c-08d4-4eb8-a465-8a3e1d55ca2d.jpg.780x439.jpg', 'https://s1.ljcdn.com/matrix_lianjia_pc/dist/pc/src/resource/default/780-439.png?_v=201906280941017d9', 'https://s1.ljcdn.com/matrix_lianjia_pc/dist/pc/src/resource/default/780-439.png?_v=201906280941017d9', 'https://s1.ljcdn.com/matrix_lianjia_pc/dist/pc/src/resource/default/780-439.png?_v=201906280941017d9', 'https://s1.ljcdn.com/matrix_lianjia_pc/dist/pc/src/resource/default/780-439.png?_v=201906280941017d9', 'https://s1.ljcdn.com/matrix_lianjia_pc/dist/pc/src/resource/default/780-439.png?_v=201906280941017d9', 'https://s1.ljcdn.com/matrix_lianjia_pc/dist/pc/src/resource/default/780-439.png?_v=201906280941017d9']",17天前,随时入住,暂无数据,需提前预约,高楼层/12层,暂无数据,暂无数据,民水,民电,有,暂无数据,"['近地铁', '随时看房']","['2号线(蛇口线) - 新秀', '975m']",22.559834,114.157998
https://sz.lianjia.com/zufang/SZ2286913592610013184.html,罗湖区,黄贝岭,海洋大厦 1室0厅 南,3700元/月 ,租赁方式未知,1室0厅1卫,45㎡,朝南,"['http://vrlab-image.ljcdn.com/release/auto3dhd/2e47fb3918a203414b0a59319376e76a/screenshot/1561190669_1/pc0_TIvqjO23c.jpg.q_70.jpg', 'https://s1.ljcdn.com/matrix_lianjia_pc/dist/pc/src/resource/default/780-439.png?_v=201906280941017d9', 'https://s1.ljcdn.com/matrix_lianjia_pc/dist/pc/src/resource/default/780-439.png?_v=201906280941017d9']",4天前,随时入住,暂无数据,需提前预约,中楼层/16层,有,暂无数据,民水,民电,有,暂无数据,"['近地铁', '新上', '随时看房']","['3号线(龙岗线) - 翠竹', '64m', '3号线(龙岗线) - 晒布', '947m']",22.562058,114.136144
https://sz.lianjia.com/zufang/SZ2276747374896619520.html,福田区,石厦,整租·众孚花园 1室0厅 东南/南/西,3190元/月 (月付价),整租,1室0厅1卫,26㎡,朝 东南 南 西,"['https://image1.ljcdn.com/rent-user-avatar/20c9e1a4-fb57-4c92-97e0-1e44f18cdbee.780x439.jpg', 'https://s1.ljcdn.com/matrix_lianjia_pc/dist/pc/src/resource/default/780-439.png?_v=201906280941017d9', 'https://s1.ljcdn.com/matrix_lianjia_pc/dist/pc/src/resource/default/780-439.png?_v=201906280941017d9', 'https://s1.ljcdn.com/matrix_lianjia_pc/dist/pc/src/resource/default/780-439.png?_v=201906280941017d9', 'https://s1.ljcdn.com/matrix_lianjia_pc/dist/pc/src/resource/default/780-439.png?_v=201906280941017d9', 'https://s1.ljcdn.com/matrix_lianjia_pc/dist/pc/src/resource/default/780-439.png?_v=201906280941017d9', 'https://s1.ljcdn.com/matrix_lianjia_pc/dist/pc/src/resource/default/780-439.png?_v=201906280941017d9', 'https://s1.ljcdn.com/matrix_lianjia_pc/dist/pc/src/resource/default/780-439.png?_v=201906280941017d9', 'https://s1.ljcdn.com/matrix_lianjia_pc/dist/pc/src/resource/default/780-439.png?_v=201906280941017d9', 'https://s1.ljcdn.com/matrix_lianjia_pc/dist/pc/src/resource/default/780-439.png?_v=201906280941017d9']",18天前,随时入住,1年,随时可看,2/8层,暂无数据,暂无数据,民水,民电,有,暂无数据,"['近地铁', '精装', '随时看房']","['3号线(龙岗线),7号线 - 石厦', '304m', '7号线 - 皇岗村', '818m', '3号线(龙岗线) - 益田', '879m', '7号线 - 沙尾', '1035m']",22.528196082256,114.05706375016
https://sz.lianjia.com/apartment/15040.html,,,城家公寓 · 深圳八卦岭店,"
城家公寓 · 深圳八卦岭店

          3800元/月起

",,,,,"['https://image1.ljcdn.com/rent-user-avatar/720c43a8-f3ca-40c1-9672-0fe9718cb395.1150x.jpg', 'https://s1.ljcdn.com/matrix_lianjia_pc/dist/pc/src/resource/default/1150-450.png?_v=201906280941017d9', 'https://s1.ljcdn.com/matrix_lianjia_pc/dist/pc/src/resource/default/1150-450.png?_v=201906280941017d9', 'https://s1.ljcdn.com/matrix_lianjia_pc/dist/pc/src/resource/default/1150-450.png?_v=201906280941017d9', 'https://s1.ljcdn.com/matrix_lianjia_pc/dist/pc/src/resource/default/1150-450.png?_v=201906280941017d9', 'https://s1.ljcdn.com/matrix_lianjia_pc/dist/pc/src/resource/default/1150-450.png?_v=201906280941017d9', 'https://s1.ljcdn.com/matrix_lianjia_pc/dist/pc/src/resource/default/1150-450.png?_v=201906280941017d9', 'https://s1.ljcdn.com/matrix_lianjia_pc/dist/pc/src/resource/default/1150-450.png?_v=201906280941017d9', 'https://s1.ljcdn.com/matrix_lianjia_pc/dist/pc/src/resource/default/1150-450.png?_v=201906280941017d9', 'https://s1.ljcdn.com/matrix_lianjia_pc/dist/pc/src/resource/default/1150-450.png?_v=201906280941017d9', 'https://s1.ljcdn.com/matrix_lianjia_pc/dist/pc/src/resource/default/1150-450.png?_v=201906280941017d9', 'https://s1.ljcdn.com/matrix_lianjia_pc/dist/pc/src/resource/default/1150-450.png?_v=201906280941017d9', 'https://s1.ljcdn.com/matrix_lianjia_pc/dist/pc/src/resource/default/1150-450.png?_v=201906280941017d9', 'https://s1.ljcdn.com/matrix_lianjia_pc/dist/pc/src/resource/default/1150-450.png?_v=201906280941017d9', 'https://s1.ljcdn.com/matrix_lianjia_pc/dist/pc/src/resource/default/1150-450.png?_v=201906280941017d9', 'https://s1.ljcdn.com/matrix_lianjia_pc/dist/pc/src/resource/default/1150-450.png?_v=201906280941017d9', 'https://s1.ljcdn.com/matrix_lianjia_pc/dist/pc/src/resource/default/1150-450.png?_v=201906280941017d9', 'https://s1.ljcdn.com/matrix_lianjia_pc/dist/pc/src/resource/default/1150-450.png?_v=201906280941017d9']",,,,,,,,,,,,,[],22.568757,114.10966
https://sz.lianjia.com/zufang/SZ2286177943154081792.html,南山区,蛇口,港湾花园 1室2厅 南/北,4500元/月 ,租赁方式未知,1室2厅1卫,55㎡,朝南 北,"['https://image1.ljcdn.com/440300-inspection/82a379aa-bf08-4282-9896-31ec40bdb23c.jpg.780x439.jpg', 'https://s1.ljcdn.com/matrix_lianjia_pc/dist/pc/src/resource/default/780-439.png?_v=201906280941017d9', 'https://s1.ljcdn.com/matrix_lianjia_pc/dist/pc/src/resource/default/780-439.png?_v=201906280941017d9', 'https://s1.ljcdn.com/matrix_lianjia_pc/dist/pc/src/resource/default/780-439.png?_v=201906280941017d9', 'https://s1.ljcdn.com/matrix_lianjia_pc/dist/pc/src/resource/default/780-439.png?_v=201906280941017d9', 'https://s1.ljcdn.com/matrix_lianjia_pc/dist/pc/src/resource/default/780-439.png?_v=201906280941017d9', 'https://s1.ljcdn.com/matrix_lianjia_pc/dist/pc/src/resource/default/780-439.png?_v=201906280941017d9', 'https://s1.ljcdn.com/matrix_lianjia_pc/dist/pc/src/resource/default/780-439.png?_v=201906280941017d9']",5天前,随时入住,暂无数据,一般下班后可看,中楼层/7层,无,暂无数据,民水,民电,有,暂无数据,"['近地铁', '新上']","['2号线(蛇口线) - 东角头', '332m', '2号线(蛇口线) - 湾厦', '1065m']",22.492550072513,113.94139188815
https://sz.lianjia.com/zufang/SZ2270372665838026752.html,龙华区,龙华中心,东源阁花园 3室2厅 南/北,3000元/月 ,租赁方式未知,3室2厅2卫,98㎡,朝南 北,"['https://image1.ljcdn.com/440300-inspection/a5a8fec2-b106-4174-adb3-4c063832bbe4.jpg.780x439.jpg', 'https://s1.ljcdn.com/matrix_lianjia_pc/dist/pc/src/resource/default/780-439.png?_v=201906280941017d9', 'https://s1.ljcdn.com/matrix_lianjia_pc/dist/pc/src/resource/default/780-439.png?_v=201906280941017d9', 'https://s1.ljcdn.com/matrix_lianjia_pc/dist/pc/src/resource/default/780-439.png?_v=201906280941017d9', 'https://s1.ljcdn.com/matrix_lianjia_pc/dist/pc/src/resource/default/780-439.png?_v=201906280941017d9', 'https://s1.ljcdn.com/matrix_lianjia_pc/dist/pc/src/resource/default/780-439.png?_v=201906280941017d9', 'https://s1.ljcdn.com/matrix_lianjia_pc/dist/pc/src/resource/default/780-439.png?_v=201906280941017d9', 'https://s1.ljcdn.com/matrix_lianjia_pc/dist/pc/src/resource/default/780-439.png?_v=201906280941017d9', 'https://s1.ljcdn.com/matrix_lianjia_pc/dist/pc/src/resource/default/780-439.png?_v=201906280941017d9', 'https://s1.ljcdn.com/matrix_lianjia_pc/dist/pc/src/resource/default/780-439.png?_v=201906280941017d9', 'https://s1.ljcdn.com/matrix_lianjia_pc/dist/pc/src/resource/default/780-439.png?_v=201906280941017d9']",27天前,随时入住,暂无数据,需提前预约,中楼层/7层,无,暂无数据,民水,民电,有,暂无数据,[],[],22.657357,114.049724
https://sz.lianjia.com/zufang/SZ2287725963208818688.html,龙岗区,坂田,泓瀚苑 3室1厅 南,4500元/月 ,租赁方式未知,3室1厅2卫,120㎡,朝南,"['https://image1.ljcdn.com/440300-inspection/671812b7-2fcc-4b47-8b5b-6611694382b3.jpg.780x439.jpg', 'https://s1.ljcdn.com/matrix_lianjia_pc/dist/pc/src/resource/default/780-439.png?_v=201906280941017d9', 'https://s1.ljcdn.com/matrix_lianjia_pc/dist/pc/src/resource/default/780-439.png?_v=201906280941017d9', 'https://s1.ljcdn.com/matrix_lianjia_pc/dist/pc/src/resource/default/780-439.png?_v=201906280941017d9', 'https://s1.ljcdn.com/matrix_lianjia_pc/dist/pc/src/resource/default/780-439.png?_v=201906280941017d9', 'https://s1.ljcdn.com/matrix_lianjia_pc/dist/pc/src/resource/default/780-439.png?_v=201906280941017d9', 'https://s1.ljcdn.com/matrix_lianjia_pc/dist/pc/src/resource/default/780-439.png?_v=201906280941017d9', 'https://s1.ljcdn.com/matrix_lianjia_pc/dist/pc/src/resource/default/780-439.png?_v=201906280941017d9', 'https://s1.ljcdn.com/matrix_lianjia_pc/dist/pc/src/resource/default/780-439.png?_v=201906280941017d9']",3天前,2019-07-05,暂无数据,暂无数据,中楼层/8层,无,暂无数据,民水,民电,有,暂无数据,"['近地铁', '新上']","['5号线(环中线) - 五和', '478m']",22.637168837621,114.06875819968
https://sz.lianjia.com/zufang/SZ2289706351616081920.html,龙岗区,坂田,整租·杨美金竹小区 1室1厅 东/南,3088元/月 (月付价),整租,1室1厅1卫,36㎡,朝东 南,"['https://image1.ljcdn.com/rent-user-avatar/1c6e064a-6794-4c0c-a63a-d347c2002356.780x439.jpg', 'https://s1.ljcdn.com/matrix_lianjia_pc/dist/pc/src/resource/default/780-439.png?_v=201906280941017d9', 'https://s1.ljcdn.com/matrix_lianjia_pc/dist/pc/src/resource/default/780-439.png?_v=201906280941017d9', 'https://s1.ljcdn.com/matrix_lianjia_pc/dist/pc/src/resource/default/780-439.png?_v=201906280941017d9', 'https://s1.ljcdn.com/matrix_lianjia_pc/dist/pc/src/resource/default/780-439.png?_v=201906280941017d9', 'https://s1.ljcdn.com/matrix_lianjia_pc/dist/pc/src/resource/default/780-439.png?_v=201906280941017d9', 'https://s1.ljcdn.com/matrix_lianjia_pc/dist/pc/src/resource/default/780-439.png?_v=201906280941017d9', 'https://s1.ljcdn.com/matrix_lianjia_pc/dist/pc/src/resource/default/780-439.png?_v=201906280941017d9', 'https://s1.ljcdn.com/matrix_lianjia_pc/dist/pc/src/resource/default/780-439.png?_v=201906280941017d9']",今天,随时入住,1年,随时可看,4/5层,暂无数据,暂无数据,暂无数据,暂无数据,暂无数据,暂无数据,"['公寓', '精装', '新上', '随时看房']",[],22.634470992928,114.08465892846
https://sz.lianjia.com/zufang/SZ2289716242681954304.html,龙岗区,坂田,整租·杨美金竹小区 2室1厅 南,3580元/月 (月付价),整租,2室1厅1卫,36㎡,朝南,"['https://image1.ljcdn.com/rent-user-avatar/01bbd180-1435-4a5c-baf9-121edcf33c69.780x439.jpg', 'https://s1.ljcdn.com/matrix_lianjia_pc/dist/pc/src/resource/default/780-439.png?_v=201906280941017d9', 'https://s1.ljcdn.com/matrix_lianjia_pc/dist/pc/src/resource/default/780-439.png?_v=201906280941017d9', 'https://s1.ljcdn.com/matrix_lianjia_pc/dist/pc/src/resource/default/780-439.png?_v=201906280941017d9', 'https://s1.ljcdn.com/matrix_lianjia_pc/dist/pc/src/resource/default/780-439.png?_v=201906280941017d9', 'https://s1.ljcdn.com/matrix_lianjia_pc/dist/pc/src/resource/default/780-439.png?_v=201906280941017d9', 'https://s1.ljcdn.com/matrix_lianjia_pc/dist/pc/src/resource/default/780-439.png?_v=201906280941017d9', 'https://s1.ljcdn.com/matrix_lianjia_pc/dist/pc/src/resource/default/780-439.png?_v=201906280941017d9', 'https://s1.ljcdn.com/matrix_lianjia_pc/dist/pc/src/resource/default/780-439.png?_v=201906280941017d9']",今天,随时入住,1年,随时可看,2/12层,暂无数据,暂无数据,暂无数据,暂无数据,暂无数据,暂无数据,"['公寓', '精装', '新上', '随时看房']",[],22.634470992928,114.08465892846
https://sz.lianjia.com/zufang/SZ2289722301723181056.html,光明区,公明,光明1号 2室1厅 南/西南/西北,3800元/月 ,租赁方式未知,2室1厅1卫,72㎡,朝南 西南 西北,"['https://image1.ljcdn.com/440300-inspection/e7c5b50f-2066-48b1-bc59-e445859ad36a.jpg.780x439.jpg', 'https://s1.ljcdn.com/matrix_lianjia_pc/dist/pc/src/resource/default/780-439.png?_v=201906280941017d9', 'https://s1.ljcdn.com/matrix_lianjia_pc/dist/pc/src/resource/default/780-439.png?_v=201906280941017d9', 'https://s1.ljcdn.com/matrix_lianjia_pc/dist/pc/src/resource/default/780-439.png?_v=201906280941017d9', 'https://s1.ljcdn.com/matrix_lianjia_pc/dist/pc/src/resource/default/780-439.png?_v=201906280941017d9']",今天,随时入住,暂无数据,需提前预约,高楼层/33层,有,暂无数据,民水,民电,有,暂无数据,"['新上', '随时看房']",[],22.740888,113.935798
https://sz.lianjia.com/zufang/SZ2162747518180933632.html,罗湖区,布心,英达花园 3室2厅 南,4700元/月 ,租赁方式未知,3室2厅1卫,87㎡,朝南,"['https://image1.ljcdn.com/440300-inspection/test-75ecea2f-78fc-4bee-9173-89afe43325b8.png.780x439.jpg', 'https://s1.ljcdn.com/matrix_lianjia_pc/dist/pc/src/resource/default/780-439.png?_v=201906280941017d9', 'https://s1.ljcdn.com/matrix_lianjia_pc/dist/pc/src/resource/default/780-439.png?_v=201906280941017d9', 'https://s1.ljcdn.com/matrix_lianjia_pc/dist/pc/src/resource/default/780-439.png?_v=201906280941017d9', 'https://s1.ljcdn.com/matrix_lianjia_pc/dist/pc/src/resource/default/780-439.png?_v=201906280941017d9', 'https://s1.ljcdn.com/matrix_lianjia_pc/dist/pc/src/resource/default/780-439.png?_v=201906280941017d9']",5个月前,随时入住,暂无数据,需提前预约,高楼层/8层,无,暂无数据,民水,民电,有,暂无数据,['近地铁'],"['3号线(龙岗线) - 水贝', '388m', '3号线(龙岗线) - 草埔', '1090m']",22.582402643303,114.12831869058
https://sz.lianjia.com/zufang/SZ2263698351696920576.html,龙岗区,坂田,嘉霖华禧 1室1厅 南,3000元/月 ,租赁方式未知,1室1厅1卫,37㎡,朝南,"['https://image1.ljcdn.com/440300-inspection/0864a15a-8d10-416d-9613-824301ad800c.jpg.780x439.jpg', 'https://s1.ljcdn.com/matrix_lianjia_pc/dist/pc/src/resource/default/780-439.png?_v=201906280941017d9', 'https://s1.ljcdn.com/matrix_lianjia_pc/dist/pc/src/resource/default/780-439.png?_v=201906280941017d9', 'https://s1.ljcdn.com/matrix_lianjia_pc/dist/pc/src/resource/default/780-439.png?_v=201906280941017d9', 'https://s1.ljcdn.com/matrix_lianjia_pc/dist/pc/src/resource/default/780-439.png?_v=201906280941017d9']",1个月前,随时入住,暂无数据,需提前预约,低楼层/7层,暂无数据,暂无数据,商水,商电,有,暂无数据,[],[],22.65505,114.08457
https://sz.lianjia.com/apartment/18568.html,,,冠寓 · 深圳前海二期店,"
冠寓 · 深圳前海二期店

          3849元/月起

",,,,,"['https://image1.ljcdn.com/rent-house-1/e067d74ca3cefe515bb47a92f8ce9933-1561661168657/cd968fc6026bbc0d1f7a9df74d75fa2f.jpg.1150x.jpg', 'https://s1.ljcdn.com/matrix_lianjia_pc/dist/pc/src/resource/default/1150-450.png?_v=201906280941017d9', 'https://s1.ljcdn.com/matrix_lianjia_pc/dist/pc/src/resource/default/1150-450.png?_v=201906280941017d9', 'https://s1.ljcdn.com/matrix_lianjia_pc/dist/pc/src/resource/default/1150-450.png?_v=201906280941017d9']",,,,,,,,,,,,,[],22.515757159491333,113.89372903599482
https://sz.lianjia.com/zufang/SZ2289698481650008064.html,龙岗区,坂田,整租·坂田国际中心 1室1厅 南,3195元/月 (月付价),整租,1室1厅1卫,46㎡,朝南,"['https://image1.ljcdn.com/rent-user-avatar/05b0a96e-dc39-4152-88b3-1c225de70b02.780x439.jpg', 'https://s1.ljcdn.com/matrix_lianjia_pc/dist/pc/src/resource/default/780-439.png?_v=201906280941017d9', 'https://s1.ljcdn.com/matrix_lianjia_pc/dist/pc/src/resource/default/780-439.png?_v=201906280941017d9', 'https://s1.ljcdn.com/matrix_lianjia_pc/dist/pc/src/resource/default/780-439.png?_v=201906280941017d9', 'https://s1.ljcdn.com/matrix_lianjia_pc/dist/pc/src/resource/default/780-439.png?_v=201906280941017d9', 'https://s1.ljcdn.com/matrix_lianjia_pc/dist/pc/src/resource/default/780-439.png?_v=201906280941017d9', 'https://s1.ljcdn.com/matrix_lianjia_pc/dist/pc/src/resource/default/780-439.png?_v=201906280941017d9', 'https://s1.ljcdn.com/matrix_lianjia_pc/dist/pc/src/resource/default/780-439.png?_v=201906280941017d9', 'https://s1.ljcdn.com/matrix_lianjia_pc/dist/pc/src/resource/default/780-439.png?_v=201906280941017d9']",今天,随时入住,1年,随时可看,2/7层,暂无数据,暂无数据,暂无数据,暂无数据,暂无数据,暂无数据,"['公寓', '近地铁', '精装', '押一付一', '新上', '随时看房']","['5号线(环中线) - 杨美', '1068m']",22.624461,114.083433
https://sz.lianjia.com/zufang/SZ2264186160165158912.html,南山区,南头,荔馨村南山区 1室1厅 南/北,3800元/月 ,租赁方式未知,1室1厅1卫,35㎡,朝南 北,"['https://image1.ljcdn.com/440300-inspection/0bef14b9-9d03-479f-8f72-072746105c78.jpg.780x439.jpg', 'https://s1.ljcdn.com/matrix_lianjia_pc/dist/pc/src/resource/default/780-439.png?_v=201906280941017d9', 'https://s1.ljcdn.com/matrix_lianjia_pc/dist/pc/src/resource/default/780-439.png?_v=201906280941017d9', 'https://s1.ljcdn.com/matrix_lianjia_pc/dist/pc/src/resource/default/780-439.png?_v=201906280941017d9', 'https://s1.ljcdn.com/matrix_lianjia_pc/dist/pc/src/resource/default/780-439.png?_v=201906280941017d9', 'https://s1.ljcdn.com/matrix_lianjia_pc/dist/pc/src/resource/default/780-439.png?_v=201906280941017d9']",1个月前,随时入住,暂无数据,暂无数据,低楼层/8层,无,暂无数据,民水,民电,有,暂无数据,"['近地铁', '随时看房']","['11号线 - 南山', '542m', '1号线(罗宝线) - 桃园', '545m']",22.533719,113.929931
https://sz.lianjia.com/zufang/SZ2271594812900130816.html,南山区,华侨城,陶然居 1室1厅 南,3300元/月 ,租赁方式未知,1室1厅1卫,29㎡,朝南,"['https://image1.ljcdn.com/440300-inspection/9d602464-6399-41c9-9881-97ad67c72243.jpg.780x439.jpg', 'https://s1.ljcdn.com/matrix_lianjia_pc/dist/pc/src/resource/default/780-439.png?_v=201906280941017d9', 'https://s1.ljcdn.com/matrix_lianjia_pc/dist/pc/src/resource/default/780-439.png?_v=201906280941017d9', 'https://s1.ljcdn.com/matrix_lianjia_pc/dist/pc/src/resource/default/780-439.png?_v=201906280941017d9', 'https://s1.ljcdn.com/matrix_lianjia_pc/dist/pc/src/resource/default/780-439.png?_v=201906280941017d9', 'https://s1.ljcdn.com/matrix_lianjia_pc/dist/pc/src/resource/default/780-439.png?_v=201906280941017d9']",25天前,随时入住,暂无数据,暂无数据,高楼层/6层,无,暂无数据,民水,民电,有,暂无数据,['随时看房'],"['7号线 - 桃源村', '1143m']",22.560525554257,113.98520842963
https://sz.lianjia.com/zufang/SZ2168008252191940608.html,罗湖区,黄贝岭,朗钜御风庭 1室0厅 南,3500元/月 ,租赁方式未知,1室0厅1卫,31㎡,朝南,"['https://image1.ljcdn.com/440300-inspection/a8852e50-ed20-407f-a742-81bb1edc7f24.jpg.780x439.jpg', 'https://s1.ljcdn.com/matrix_lianjia_pc/dist/pc/src/resource/default/780-439.png?_v=201906280941017d9', 'https://s1.ljcdn.com/matrix_lianjia_pc/dist/pc/src/resource/default/780-439.png?_v=201906280941017d9']",5个月前,随时入住,暂无数据,需提前预约,中楼层/28层,有,暂无数据,民水,民电,有,暂无数据,"['近地铁', '随时看房']","['9号线 - 文锦', '122m', '9号线 - 向西村', '707m', '2号线(蛇口线) - 湖贝', '778m', '2号线(蛇口线),5号线(环中线) - 黄贝岭', '855m']",22.547803596913,114.13802607478
https://sz.lianjia.com/apartment/6759.html,,,魔方公寓 · 深圳国贸店,"
魔方公寓 · 深圳国贸店

          2800元/月起

",,,,,"['https://image1.ljcdn.com/rent-house-1/068cab695e5a3b3b6e6c4ee2ff47271f-1552383078721/fb47811956f0e17ab3cf2837e68a3779.jpg.1150x.jpg', 'https://s1.ljcdn.com/matrix_lianjia_pc/dist/pc/src/resource/default/1150-450.png?_v=201906280941017d9', 'https://s1.ljcdn.com/matrix_lianjia_pc/dist/pc/src/resource/default/1150-450.png?_v=201906280941017d9', 'https://s1.ljcdn.com/matrix_lianjia_pc/dist/pc/src/resource/default/1150-450.png?_v=201906280941017d9']",,,,,,,,,,,,,[],22.543796,114.123704
https://sz.lianjia.com/apartment/15084.html,,,抱家公寓 · 美生慧谷店,"
抱家公寓 · 美生慧谷店

          3000元/月起

",,,,,"['https://image1.ljcdn.com/rent-user-avatar/8fe4b8ab-d876-4231-a541-5898cb229c75.1150x.jpg', 'https://s1.ljcdn.com/matrix_lianjia_pc/dist/pc/src/resource/default/1150-450.png?_v=201906280941017d9', 'https://s1.ljcdn.com/matrix_lianjia_pc/dist/pc/src/resource/default/1150-450.png?_v=201906280941017d9', 'https://s1.ljcdn.com/matrix_lianjia_pc/dist/pc/src/resource/default/1150-450.png?_v=201906280941017d9', 'https://s1.ljcdn.com/matrix_lianjia_pc/dist/pc/src/resource/default/1150-450.png?_v=201906280941017d9', 'https://s1.ljcdn.com/matrix_lianjia_pc/dist/pc/src/resource/default/1150-450.png?_v=201906280941017d9', 'https://s1.ljcdn.com/matrix_lianjia_pc/dist/pc/src/resource/default/1150-450.png?_v=201906280941017d9']",,,,,,,,,,,,,[],22.587005,113.916052
https://sz.lianjia.com/zufang/SZ2252773980803178496.html,龙岗区,布吉关,龙珠花园 3室2厅 南,4000元/月 ,租赁方式未知,3室2厅1卫,78㎡,朝南,"['https://image1.ljcdn.com/440300-inspection/34ada074-9c66-48e5-b5a8-3ea523400eeb.jpg.780x439.jpg', 'https://s1.ljcdn.com/matrix_lianjia_pc/dist/pc/src/resource/default/780-439.png?_v=201906280941017d9', 'https://s1.ljcdn.com/matrix_lianjia_pc/dist/pc/src/resource/default/780-439.png?_v=201906280941017d9', 'https://s1.ljcdn.com/matrix_lianjia_pc/dist/pc/src/resource/default/780-439.png?_v=201906280941017d9', 'https://s1.ljcdn.com/matrix_lianjia_pc/dist/pc/src/resource/default/780-439.png?_v=201906280941017d9', 'https://s1.ljcdn.com/matrix_lianjia_pc/dist/pc/src/resource/default/780-439.png?_v=201906280941017d9', 'https://s1.ljcdn.com/matrix_lianjia_pc/dist/pc/src/resource/default/780-439.png?_v=201906280941017d9']",1个月前,随时入住,暂无数据,需提前预约,低楼层/30层,有,暂无数据,民水,民电,有,暂无数据,"['近地铁', '随时看房']","['3号线(龙岗线),5号线(环中线) - 布吉', '259m', '3号线(龙岗线) - 木棉湾', '845m']",22.609141,114.132012
https://sz.lianjia.com/zufang/SZ2263697103605997568.html,南山区,华侨城,深云村 1室0厅 南,3300元/月 ,租赁方式未知,1室0厅0卫,20㎡,朝南,"['https://image1.ljcdn.com/440300-inspection/778d19d3-2823-4006-a21f-4cbc338adec4.jpg.780x439.jpg', 'https://s1.ljcdn.com/matrix_lianjia_pc/dist/pc/src/resource/default/780-439.png?_v=201906280941017d9']",1个月前,随时入住,暂无数据,暂无数据,中楼层/29层,暂无数据,暂无数据,民水,民电,暂无数据,暂无数据,['近地铁'],"['7号线 - 深云', '69m']",22.561087,113.997779
https://sz.lianjia.com/zufang/SZ2278043243814068224.html,龙岗区,布吉街,阳光花园 3室1厅 南,4800元/月 ,租赁方式未知,3室1厅1卫,94㎡,朝南,"['http://vrlab-image.ljcdn.com/release/auto3dhd/31a7ed1b73b10399228882ca0f612376/screenshot/1553223070_0/pc0_dva51hOy1.jpg.q_70.jpg', 'https://s1.ljcdn.com/matrix_lianjia_pc/dist/pc/src/resource/default/780-439.png?_v=201906280941017d9', 'https://s1.ljcdn.com/matrix_lianjia_pc/dist/pc/src/resource/default/780-439.png?_v=201906280941017d9', 'https://s1.ljcdn.com/matrix_lianjia_pc/dist/pc/src/resource/default/780-439.png?_v=201906280941017d9', 'https://s1.ljcdn.com/matrix_lianjia_pc/dist/pc/src/resource/default/780-439.png?_v=201906280941017d9', 'https://s1.ljcdn.com/matrix_lianjia_pc/dist/pc/src/resource/default/780-439.png?_v=201906280941017d9']",16天前,随时入住,暂无数据,需提前预约,高楼层/32层,有,暂无数据,民水,民电,有,暂无数据,"['近地铁', '随时看房']","['5号线(环中线) - 下水径', '692m', '5号线(环中线) - 长龙', '1137m']",22.621493613324,114.12303537323
https://sz.lianjia.com/apartment/1765.html,,,君悦居 · 前海月亮湾店,"
君悦居 · 前海月亮湾店

          3300元/月起

",,,,,"['https://image1.ljcdn.com/rent-user-avatar/e1ffa717-ee2c-48e0-a54f-e311b98c0be4.1150x.jpg', 'https://s1.ljcdn.com/matrix_lianjia_pc/dist/pc/src/resource/default/1150-450.png?_v=201906280941017d9', 'https://s1.ljcdn.com/matrix_lianjia_pc/dist/pc/src/resource/default/1150-450.png?_v=201906280941017d9', 'https://s1.ljcdn.com/matrix_lianjia_pc/dist/pc/src/resource/default/1150-450.png?_v=201906280941017d9', 'https://s1.ljcdn.com/matrix_lianjia_pc/dist/pc/src/resource/default/1150-450.png?_v=201906280941017d9', 'https://s1.ljcdn.com/matrix_lianjia_pc/dist/pc/src/resource/default/1150-450.png?_v=201906280941017d9', 'https://s1.ljcdn.com/matrix_lianjia_pc/dist/pc/src/resource/default/1150-450.png?_v=201906280941017d9']",,,,,,,,,,,,,[],22.499633,113.893924
https://sz.lianjia.com/apartment/1208.html,,,恒星公寓 · 赤湾店,"
恒星公寓 · 赤湾店

          3280元/月起

",,,,,"['https://image1.ljcdn.com/rent-user-avatar/eb46c05a-db53-4800-86ef-28d35eb31b7d.1150x.jpg', 'https://s1.ljcdn.com/matrix_lianjia_pc/dist/pc/src/resource/default/1150-450.png?_v=201906280941017d9', 'https://s1.ljcdn.com/matrix_lianjia_pc/dist/pc/src/resource/default/1150-450.png?_v=201906280941017d9', 'https://s1.ljcdn.com/matrix_lianjia_pc/dist/pc/src/resource/default/1150-450.png?_v=201906280941017d9', 'https://s1.ljcdn.com/matrix_lianjia_pc/dist/pc/src/resource/default/1150-450.png?_v=201906280941017d9', 'https://s1.ljcdn.com/matrix_lianjia_pc/dist/pc/src/resource/default/1150-450.png?_v=201906280941017d9', 'https://s1.ljcdn.com/matrix_lianjia_pc/dist/pc/src/resource/default/1150-450.png?_v=201906280941017d9']",,,,,,,,,,,,,[],22.485264,113.894636
https://sz.lianjia.com/zufang/SZ2233805939323183104.html,南山区,后海,金海岸大厦 1室1厅 南,4800元/月 ,租赁方式未知,1室1厅1卫,42㎡,朝南,"['https://image1.ljcdn.com/440300-inspection/556a30e1-a2ea-43f2-bef6-470eb796a2db.jpg.780x439.jpg', 'https://s1.ljcdn.com/matrix_lianjia_pc/dist/pc/src/resource/default/780-439.png?_v=201906280941017d9', 'https://s1.ljcdn.com/matrix_lianjia_pc/dist/pc/src/resource/default/780-439.png?_v=201906280941017d9', 'https://s1.ljcdn.com/matrix_lianjia_pc/dist/pc/src/resource/default/780-439.png?_v=201906280941017d9', 'https://s1.ljcdn.com/matrix_lianjia_pc/dist/pc/src/resource/default/780-439.png?_v=201906280941017d9']",1个月前,随时入住,暂无数据,需提前预约,低楼层/30层,有,暂无数据,民水,民电,有,暂无数据,[],[],22.520163,113.934873
https://sz.lianjia.com/zufang/SZ2258474946563424256.html,南山区,华侨城,陶然居 1室0厅 南,3700元/月 ,租赁方式未知,1室0厅1卫,32㎡,朝南,"['https://image1.ljcdn.com/hdic-frame/c67e6324-cd57-4789-a163-12e5cfe4281d.png.780x439.jpg', 'https://s1.ljcdn.com/matrix_lianjia_pc/dist/pc/src/resource/default/780-439.png?_v=201906280941017d9', 'https://s1.ljcdn.com/matrix_lianjia_pc/dist/pc/src/resource/default/780-439.png?_v=201906280941017d9', 'https://s1.ljcdn.com/matrix_lianjia_pc/dist/pc/src/resource/default/780-439.png?_v=201906280941017d9', 'https://s1.ljcdn.com/matrix_lianjia_pc/dist/pc/src/resource/default/780-439.png?_v=201906280941017d9']",1个月前,随时入住,暂无数据,暂无数据,中楼层/7层,无,暂无数据,民水,民电,有,暂无数据,['近地铁'],"['7号线 - 桃源村', '1143m']",22.560525554257,113.98520842963
https://sz.lianjia.com/zufang/SZ2201349144323563520.html,罗湖区,布心,阳光明居 2室1厅 南,4600元/月 ,租赁方式未知,2室1厅1卫,74㎡,朝南,"['https://image1.ljcdn.com/440300-inspection/396c2400-9cf9-46a8-8d67-19cb9222f48c.jpg.780x439.jpg', 'https://s1.ljcdn.com/matrix_lianjia_pc/dist/pc/src/resource/default/780-439.png?_v=201906280941017d9', 'https://s1.ljcdn.com/matrix_lianjia_pc/dist/pc/src/resource/default/780-439.png?_v=201906280941017d9', 'https://s1.ljcdn.com/matrix_lianjia_pc/dist/pc/src/resource/default/780-439.png?_v=201906280941017d9', 'https://s1.ljcdn.com/matrix_lianjia_pc/dist/pc/src/resource/default/780-439.png?_v=201906280941017d9', 'https://s1.ljcdn.com/matrix_lianjia_pc/dist/pc/src/resource/default/780-439.png?_v=201906280941017d9', 'https://s1.ljcdn.com/matrix_lianjia_pc/dist/pc/src/resource/default/780-439.png?_v=201906280941017d9']",4个月前,随时入住,暂无数据,暂无数据,低楼层/11层,有,暂无数据,民水,民电,有,暂无数据,['近地铁'],"['5号线(环中线) - 布心', '388m', '5号线(环中线),7号线 - 太安', '1111m']",22.589328203333,114.14105464177
https://sz.lianjia.com/zufang/SZ2251295701671608320.html,南山区,南山中心,世纪广场 1室1厅 东南/南,4000元/月 ,租赁方式未知,1室1厅1卫,40㎡,朝东南 南,"['http://vrlab-image.ljcdn.com/release/auto3dhd/e3c72dd9034b5304a6d65f6ac118a7de/screenshot/1556169282_0/pc0_Vy7k6cqIP.jpg.q_70.jpg', 'https://s1.ljcdn.com/matrix_lianjia_pc/dist/pc/src/resource/default/780-439.png?_v=201906280941017d9', 'https://s1.ljcdn.com/matrix_lianjia_pc/dist/pc/src/resource/default/780-439.png?_v=201906280941017d9', 'https://s1.ljcdn.com/matrix_lianjia_pc/dist/pc/src/resource/default/780-439.png?_v=201906280941017d9']",1个月前,随时入住,暂无数据,需提前预约,中楼层/16层,有,暂无数据,民水,民电,有,暂无数据,['随时看房'],[],22.51204816702,113.9292747108
