房源地址,行政区,位置,标题,租金,租赁方式,户型,面积,朝向,图片列表,发布时间,入住时间,租期,看房时间,楼层,电梯,车位,用水,用电,燃气,采暖,标签,station,latitude,longtitude
https://sz.lianjia.com/apartment/4812.html,,,宜城连锁公寓 · 宜城东方公寓,"
宜城连锁公寓 · 宜城东方公寓

          600元/月起

",,,,,['https://image1.ljcdn.com/rent-user-avatar/978e395a-69d3-4923-9331-ec1addafd96f.1150x.jpg'],,,,,,,,,,,,,[],22.771955,113.849205
https://sz.lianjia.com/apartment/18104.html,,,职业房东 · 五和店,"
职业房东 · 五和店

          1480元/月起

",,,,,"['https://image1.ljcdn.com/rent-user-avatar/d18816ab-10fd-4eea-aeae-471c60cce612.1150x.jpg', 'https://s1.ljcdn.com/matrix_lianjia_pc/dist/pc/src/resource/default/1150-450.png?_v=201906280941017d9']",,,,,,,,,,,,,[],22.634534,114.063928
https://sz.lianjia.com/zufang/SZ2222334284436340736.html,龙岗区,龙岗中心城,整租·万科时代广场 1室1厅 南,3300元/月 (月付价),整租,1室1厅1卫,44㎡,朝南,"['https://image1.ljcdn.com/rent-user-avatar/63420680-e354-4aee-93d5-904c0c3427ae.780x439.jpg', 'https://s1.ljcdn.com/matrix_lianjia_pc/dist/pc/src/resource/default/780-439.png?_v=201906280941017d9', 'https://s1.ljcdn.com/matrix_lianjia_pc/dist/pc/src/resource/default/780-439.png?_v=201906280941017d9', 'https://s1.ljcdn.com/matrix_lianjia_pc/dist/pc/src/resource/default/780-439.png?_v=201906280941017d9', 'https://s1.ljcdn.com/matrix_lianjia_pc/dist/pc/src/resource/default/780-439.png?_v=201906280941017d9']",3个月前,随时入住,6个月以上,随时可看,18/46层,暂无数据,暂无数据,商水,商电,有,暂无数据,"['公寓', '月租', '近地铁', '精装', '随时看房']","['3号线(龙岗线) - 龙城广场', '1085m', '3号线(龙岗线) - 吉祥', '1147m']",22.723471,114.252572
https://sz.lianjia.com/apartment/17470.html,,,合景昕舍 · 坂田雪象店,"
合景昕舍 · 坂田雪象店

          1950元/月起

",,,,,"['https://image1.ljcdn.com/rent-user-avatar/429b8aee-fc0d-449d-a1d9-eefcc84482c4.1150x.jpg', 'https://s1.ljcdn.com/matrix_lianjia_pc/dist/pc/src/resource/default/1150-450.png?_v=201906280941017d9', 'https://s1.ljcdn.com/matrix_lianjia_pc/dist/pc/src/resource/default/1150-450.png?_v=201906280941017d9', 'https://s1.ljcdn.com/matrix_lianjia_pc/dist/pc/src/resource/default/1150-450.png?_v=201906280941017d9', 'https://s1.ljcdn.com/matrix_lianjia_pc/dist/pc/src/resource/default/1150-450.png?_v=201906280941017d9']",,,,,,,,,,,,,[],22.662022,114.086476
https://sz.lianjia.com/apartment/12342.html,,,山景 · 凤凰山店,"
山景 · 凤凰山店

          2200元/月起

",,,,,['https://image1.ljcdn.com/rent-user-avatar/b159c02d-2c02-4839-990f-8c15248b8ee1.1150x.jpg'],,,,,,,,,,,,,[],22.690178,113.853059
https://sz.lianjia.com/zufang/SZ2268589837051772928.html,龙岗区,龙岗中心城,整租·金地龙城中央一期 1室1厅 南,3000元/月 (月付价),整租,1室1厅1卫,44㎡,朝南,"['https://image1.ljcdn.com/rent-user-avatar/1701672b-b866-477c-bfac-3920c6f7d468.780x439.jpg', 'https://s1.ljcdn.com/matrix_lianjia_pc/dist/pc/src/resource/default/780-439.png?_v=201906280941017d9', 'https://s1.ljcdn.com/matrix_lianjia_pc/dist/pc/src/resource/default/780-439.png?_v=201906280941017d9', 'https://s1.ljcdn.com/matrix_lianjia_pc/dist/pc/src/resource/default/780-439.png?_v=201906280941017d9', 'https://s1.ljcdn.com/matrix_lianjia_pc/dist/pc/src/resource/default/780-439.png?_v=201906280941017d9', 'https://s1.ljcdn.com/matrix_lianjia_pc/dist/pc/src/resource/default/780-439.png?_v=201906280941017d9']",29天前,随时入住,6~36个月,随时可看,9/34层,有,暂无数据,民水,民电,有,暂无数据,"['公寓', '月租', '近地铁', '精装', '随时看房']","['3号线(龙岗线) - 龙城广场', '562m', '3号线(龙岗线) - 吉祥', '935m']",22.717829,114.257212
https://sz.lianjia.com/zufang/SZ2264940212432150528.html,南山区,前海,合租·新德家园 4居室 南卧,3290元/月 (月付价),合租,4室1厅2卫,20㎡,朝南,"['https://image1.ljcdn.com/rent-user-avatar/2ad1a70b-bfbe-4351-b9d6-ad643a995275.780x439.jpg', 'https://s1.ljcdn.com/matrix_lianjia_pc/dist/pc/src/resource/default/780-439.png?_v=201906280941017d9', 'https://s1.ljcdn.com/matrix_lianjia_pc/dist/pc/src/resource/default/780-439.png?_v=201906280941017d9', 'https://s1.ljcdn.com/matrix_lianjia_pc/dist/pc/src/resource/default/780-439.png?_v=201906280941017d9', 'https://s1.ljcdn.com/matrix_lianjia_pc/dist/pc/src/resource/default/780-439.png?_v=201906280941017d9', 'https://s1.ljcdn.com/matrix_lianjia_pc/dist/pc/src/resource/default/780-439.png?_v=201906280941017d9', 'https://s1.ljcdn.com/matrix_lianjia_pc/dist/pc/src/resource/default/780-439.png?_v=201906280941017d9']",1个月前,随时入住,3~12个月,随时可看,28/28层,有,租用车位,民水,民电,有,暂无数据,"['公寓', '月租', '近地铁', '精装', '押一付一', '随时看房']","['1号线(罗宝线) - 大新', '276m', '11号线 - 南山', '1093m']",22.535008146222,113.92102726538
https://sz.lianjia.com/apartment/8040.html,,,嘉乐汇 · 榆峰-西丽店,"
嘉乐汇 · 榆峰-西丽店

          2800元/月起

",,,,,"['https://image1.ljcdn.com/rent-user-avatar/e0be6c82-60c9-48b3-a5e7-fdf3f4614fa6.1150x.jpg', 'https://s1.ljcdn.com/matrix_lianjia_pc/dist/pc/src/resource/default/1150-450.png?_v=201906280941017d9', 'https://s1.ljcdn.com/matrix_lianjia_pc/dist/pc/src/resource/default/1150-450.png?_v=201906280941017d9', 'https://s1.ljcdn.com/matrix_lianjia_pc/dist/pc/src/resource/default/1150-450.png?_v=201906280941017d9', 'https://s1.ljcdn.com/matrix_lianjia_pc/dist/pc/src/resource/default/1150-450.png?_v=201906280941017d9', 'https://s1.ljcdn.com/matrix_lianjia_pc/dist/pc/src/resource/default/1150-450.png?_v=201906280941017d9', 'https://s1.ljcdn.com/matrix_lianjia_pc/dist/pc/src/resource/default/1150-450.png?_v=201906280941017d9']",,,,,,,,,,,,,[],22.582264,113.957878
https://sz.lianjia.com/zufang/SZ2247775040936345600.html,龙岗区,龙岗中心城,整租·名居广场 3室1厅 东/东南/南/西南/西,4800元/月 (月付价),整租,3室1厅1卫,89㎡,朝东 东南 南 西南 西,"['https://image1.ljcdn.com/rent-user-avatar/145747e1-e9d6-4a15-a13f-25930108bcf8.780x439.jpg', 'https://s1.ljcdn.com/matrix_lianjia_pc/dist/pc/src/resource/default/780-439.png?_v=201906280941017d9', 'https://s1.ljcdn.com/matrix_lianjia_pc/dist/pc/src/resource/default/780-439.png?_v=201906280941017d9', 'https://s1.ljcdn.com/matrix_lianjia_pc/dist/pc/src/resource/default/780-439.png?_v=201906280941017d9', 'https://s1.ljcdn.com/matrix_lianjia_pc/dist/pc/src/resource/default/780-439.png?_v=201906280941017d9', 'https://s1.ljcdn.com/matrix_lianjia_pc/dist/pc/src/resource/default/780-439.png?_v=201906280941017d9', 'https://s1.ljcdn.com/matrix_lianjia_pc/dist/pc/src/resource/default/780-439.png?_v=201906280941017d9', 'https://s1.ljcdn.com/matrix_lianjia_pc/dist/pc/src/resource/default/780-439.png?_v=201906280941017d9', 'https://s1.ljcdn.com/matrix_lianjia_pc/dist/pc/src/resource/default/780-439.png?_v=201906280941017d9', 'https://s1.ljcdn.com/matrix_lianjia_pc/dist/pc/src/resource/default/780-439.png?_v=201906280941017d9']",1个月前,随时入住,1年,随时可看,25/31层,有,暂无数据,民水,民电,有,暂无数据,"['公寓', '精装', '随时看房']",[],22.704719,114.240139
https://sz.lianjia.com/apartment/18591.html,,,职业房东 · 逸居人,"
职业房东 · 逸居人

          1580元/月起

",,,,,"['https://image1.ljcdn.com/rent-user-avatar/fe60f3f9-5581-4f53-b3d2-0dfed8798a37.1150x.jpg', 'https://s1.ljcdn.com/matrix_lianjia_pc/dist/pc/src/resource/default/1150-450.png?_v=201906280941017d9']",,,,,,,,,,,,,[],22.58318,113.873634
https://sz.lianjia.com/zufang/SZ2242464373207465984.html,龙岗区,龙岗中心城,整租·万科时代广场 2室1厅 东/东南/南/西南/西,4000元/月 (月付价),整租,2室1厅1卫,69㎡,朝东 东南 南 西南 西,"['https://image1.ljcdn.com/rent-user-avatar/123762d0-429a-4222-9038-720894ad9ec5.780x439.jpg', 'https://s1.ljcdn.com/matrix_lianjia_pc/dist/pc/src/resource/default/780-439.png?_v=201906280941017d9', 'https://s1.ljcdn.com/matrix_lianjia_pc/dist/pc/src/resource/default/780-439.png?_v=201906280941017d9', 'https://s1.ljcdn.com/matrix_lianjia_pc/dist/pc/src/resource/default/780-439.png?_v=201906280941017d9', 'https://s1.ljcdn.com/matrix_lianjia_pc/dist/pc/src/resource/default/780-439.png?_v=201906280941017d9', 'https://s1.ljcdn.com/matrix_lianjia_pc/dist/pc/src/resource/default/780-439.png?_v=201906280941017d9', 'https://s1.ljcdn.com/matrix_lianjia_pc/dist/pc/src/resource/default/780-439.png?_v=201906280941017d9', 'https://s1.ljcdn.com/matrix_lianjia_pc/dist/pc/src/resource/default/780-439.png?_v=201906280941017d9', 'https://s1.ljcdn.com/matrix_lianjia_pc/dist/pc/src/resource/default/780-439.png?_v=201906280941017d9']",2个月前,随时入住,1年,需提前预约,23/46层,有,暂无数据,商水,商电,有,暂无数据,"['公寓', '近地铁', '精装']","['3号线(龙岗线) - 龙城广场', '1085m', '3号线(龙岗线) - 吉祥', '1147m']",22.723471,114.252572
https://sz.lianjia.com/zufang/SZ2230918764612812800.html,龙岗区,龙岗中心城,整租·万科时代广场 2室1厅 东/东南/南/西南/西,4000元/月 (月付价),整租,2室1厅1卫,68㎡,朝东 东南 南 西南 西,"['https://image1.ljcdn.com/rent-user-avatar/14f79019-833a-42e7-a64f-92d61dcab293.780x439.jpg', 'https://s1.ljcdn.com/matrix_lianjia_pc/dist/pc/src/resource/default/780-439.png?_v=201906280941017d9', 'https://s1.ljcdn.com/matrix_lianjia_pc/dist/pc/src/resource/default/780-439.png?_v=201906280941017d9', 'https://s1.ljcdn.com/matrix_lianjia_pc/dist/pc/src/resource/default/780-439.png?_v=201906280941017d9', 'https://s1.ljcdn.com/matrix_lianjia_pc/dist/pc/src/resource/default/780-439.png?_v=201906280941017d9', 'https://s1.ljcdn.com/matrix_lianjia_pc/dist/pc/src/resource/default/780-439.png?_v=201906280941017d9', 'https://s1.ljcdn.com/matrix_lianjia_pc/dist/pc/src/resource/default/780-439.png?_v=201906280941017d9']",2个月前,随时入住,1年,随时可看,27/46层,有,暂无数据,商水,商电,有,暂无数据,"['公寓', '近地铁', '精装', '随时看房']","['3号线(龙岗线) - 龙城广场', '1085m', '3号线(龙岗线) - 吉祥', '1147m']",22.723471,114.252572
https://sz.lianjia.com/zufang/SZ2248490542290190336.html,龙岗区,龙岗中心城,整租·万科天誉二期 2室2厅 南,4600元/月 (月付价),整租,2室2厅2卫,66㎡,朝南,"['https://image1.ljcdn.com/rent-user-avatar/13b9f1c0-6faa-4d0b-997d-72e5d18f9f41.780x439.jpg', 'https://s1.ljcdn.com/matrix_lianjia_pc/dist/pc/src/resource/default/780-439.png?_v=201906280941017d9', 'https://s1.ljcdn.com/matrix_lianjia_pc/dist/pc/src/resource/default/780-439.png?_v=201906280941017d9', 'https://s1.ljcdn.com/matrix_lianjia_pc/dist/pc/src/resource/default/780-439.png?_v=201906280941017d9', 'https://s1.ljcdn.com/matrix_lianjia_pc/dist/pc/src/resource/default/780-439.png?_v=201906280941017d9', 'https://s1.ljcdn.com/matrix_lianjia_pc/dist/pc/src/resource/default/780-439.png?_v=201906280941017d9', 'https://s1.ljcdn.com/matrix_lianjia_pc/dist/pc/src/resource/default/780-439.png?_v=201906280941017d9']",1个月前,随时入住,6~36个月,随时可看,15/33层,有,暂无数据,暂无数据,暂无数据,有,暂无数据,"['公寓', '月租', '近地铁', '精装', '双卫生间', '随时看房']","['3号线(龙岗线) - 吉祥', '537m', '3号线(龙岗线) - 龙城广场', '1124m']",22.717501,114.251789
https://sz.lianjia.com/zufang/SZ2223055385781616640.html,龙岗区,龙岗中心城,整租·名居广场 3室2厅 南,4500元/月 (月付价),整租,3室2厅1卫,76㎡,朝南,"['https://image1.ljcdn.com/rent-user-avatar/0f9c5ac5-7096-4554-b0a5-7ace7cc0c65d.780x439.jpg', 'https://s1.ljcdn.com/matrix_lianjia_pc/dist/pc/src/resource/default/780-439.png?_v=201906280941017d9', 'https://s1.ljcdn.com/matrix_lianjia_pc/dist/pc/src/resource/default/780-439.png?_v=201906280941017d9', 'https://s1.ljcdn.com/matrix_lianjia_pc/dist/pc/src/resource/default/780-439.png?_v=201906280941017d9', 'https://s1.ljcdn.com/matrix_lianjia_pc/dist/pc/src/resource/default/780-439.png?_v=201906280941017d9', 'https://s1.ljcdn.com/matrix_lianjia_pc/dist/pc/src/resource/default/780-439.png?_v=201906280941017d9', 'https://s1.ljcdn.com/matrix_lianjia_pc/dist/pc/src/resource/default/780-439.png?_v=201906280941017d9', 'https://s1.ljcdn.com/matrix_lianjia_pc/dist/pc/src/resource/default/780-439.png?_v=201906280941017d9']",3个月前,随时入住,6个月以上,随时可看,28/31层,有,暂无数据,民水,民电,有,暂无数据,"['公寓', '月租', '精装', '随时看房']",[],22.704719,114.240139
https://sz.lianjia.com/zufang/SZ2230920974826741760.html,龙岗区,龙岗中心城,整租·万科时代广场 2室1厅 东/东南/南/西南/西,4100元/月 (月付价),整租,2室1厅1卫,66㎡,朝东 东南 南 西南 西,"['https://image1.ljcdn.com/rent-user-avatar/5472922f-7a43-4370-b147-e9ab6cdcdbcf.780x439.jpg', 'https://s1.ljcdn.com/matrix_lianjia_pc/dist/pc/src/resource/default/780-439.png?_v=201906280941017d9', 'https://s1.ljcdn.com/matrix_lianjia_pc/dist/pc/src/resource/default/780-439.png?_v=201906280941017d9', 'https://s1.ljcdn.com/matrix_lianjia_pc/dist/pc/src/resource/default/780-439.png?_v=201906280941017d9', 'https://s1.ljcdn.com/matrix_lianjia_pc/dist/pc/src/resource/default/780-439.png?_v=201906280941017d9', 'https://s1.ljcdn.com/matrix_lianjia_pc/dist/pc/src/resource/default/780-439.png?_v=201906280941017d9', 'https://s1.ljcdn.com/matrix_lianjia_pc/dist/pc/src/resource/default/780-439.png?_v=201906280941017d9']",2个月前,随时入住,1年,随时可看,32/46层,有,暂无数据,商水,商电,有,暂无数据,"['公寓', '近地铁', '精装', '随时看房']","['3号线(龙岗线) - 龙城广场', '1085m', '3号线(龙岗线) - 吉祥', '1147m']",22.723471,114.252572
https://sz.lianjia.com/zufang/SZ2223058451759120384.html,龙岗区,龙岗中心城,整租·名居广场 3室2厅 南,4800元/月 (月付价),整租,3室2厅1卫,82㎡,朝南,"['https://image1.ljcdn.com/rent-user-avatar/4441ae29-7ff1-42ad-8b48-40387952be0c.780x439.jpg', 'https://s1.ljcdn.com/matrix_lianjia_pc/dist/pc/src/resource/default/780-439.png?_v=201906280941017d9', 'https://s1.ljcdn.com/matrix_lianjia_pc/dist/pc/src/resource/default/780-439.png?_v=201906280941017d9', 'https://s1.ljcdn.com/matrix_lianjia_pc/dist/pc/src/resource/default/780-439.png?_v=201906280941017d9', 'https://s1.ljcdn.com/matrix_lianjia_pc/dist/pc/src/resource/default/780-439.png?_v=201906280941017d9', 'https://s1.ljcdn.com/matrix_lianjia_pc/dist/pc/src/resource/default/780-439.png?_v=201906280941017d9', 'https://s1.ljcdn.com/matrix_lianjia_pc/dist/pc/src/resource/default/780-439.png?_v=201906280941017d9', 'https://s1.ljcdn.com/matrix_lianjia_pc/dist/pc/src/resource/default/780-439.png?_v=201906280941017d9']",3个月前,随时入住,6个月以上,随时可看,26/30层,有,暂无数据,民水,民电,有,暂无数据,"['公寓', '月租', '精装', '随时看房']",[],22.704719,114.240139
https://sz.lianjia.com/zufang/SZ2232552325661335552.html,福田区,石厦,整租·石厦村 1室0厅 南,3200元/月 (月付价),整租,1室0厅1卫,30㎡,朝南,"['https://image1.ljcdn.com/rent-user-avatar/0b8f6618-5d79-493a-a38b-d6db94ee098d.780x439.jpg', 'https://s1.ljcdn.com/matrix_lianjia_pc/dist/pc/src/resource/default/780-439.png?_v=201906280941017d9', 'https://s1.ljcdn.com/matrix_lianjia_pc/dist/pc/src/resource/default/780-439.png?_v=201906280941017d9', 'https://s1.ljcdn.com/matrix_lianjia_pc/dist/pc/src/resource/default/780-439.png?_v=201906280941017d9', 'https://s1.ljcdn.com/matrix_lianjia_pc/dist/pc/src/resource/default/780-439.png?_v=201906280941017d9', 'https://s1.ljcdn.com/matrix_lianjia_pc/dist/pc/src/resource/default/780-439.png?_v=201906280941017d9']",2个月前,随时入住,1~3年,随时可看,3/7层,暂无数据,暂无数据,暂无数据,暂无数据,暂无数据,暂无数据,"['公寓', '精装', '随时看房']",[],22.527451,114.056288
https://sz.lianjia.com/apartment/12833.html,,,深圳居无忧公寓 · 名居广场店,"
深圳居无忧公寓 · 名居广场店

          2600元/月起

",,,,,"['https://image1.ljcdn.com/rent-user-avatar/e3a948e1-0e98-4169-99b5-73b33bdc5710.1150x.jpg', 'https://s1.ljcdn.com/matrix_lianjia_pc/dist/pc/src/resource/default/1150-450.png?_v=201906280941017d9', 'https://s1.ljcdn.com/matrix_lianjia_pc/dist/pc/src/resource/default/1150-450.png?_v=201906280941017d9', 'https://s1.ljcdn.com/matrix_lianjia_pc/dist/pc/src/resource/default/1150-450.png?_v=201906280941017d9', 'https://s1.ljcdn.com/matrix_lianjia_pc/dist/pc/src/resource/default/1150-450.png?_v=201906280941017d9', 'https://s1.ljcdn.com/matrix_lianjia_pc/dist/pc/src/resource/default/1150-450.png?_v=201906280941017d9', 'https://s1.ljcdn.com/matrix_lianjia_pc/dist/pc/src/resource/default/1150-450.png?_v=201906280941017d9', 'https://s1.ljcdn.com/matrix_lianjia_pc/dist/pc/src/resource/default/1150-450.png?_v=201906280941017d9', 'https://s1.ljcdn.com/matrix_lianjia_pc/dist/pc/src/resource/default/1150-450.png?_v=201906280941017d9', 'https://s1.ljcdn.com/matrix_lianjia_pc/dist/pc/src/resource/default/1150-450.png?_v=201906280941017d9', 'https://s1.ljcdn.com/matrix_lianjia_pc/dist/pc/src/resource/default/1150-450.png?_v=201906280941017d9', 'https://s1.ljcdn.com/matrix_lianjia_pc/dist/pc/src/resource/default/1150-450.png?_v=201906280941017d9', 'https://s1.ljcdn.com/matrix_lianjia_pc/dist/pc/src/resource/default/1150-450.png?_v=201906280941017d9', 'https://s1.ljcdn.com/matrix_lianjia_pc/dist/pc/src/resource/default/1150-450.png?_v=201906280941017d9', 'https://s1.ljcdn.com/matrix_lianjia_pc/dist/pc/src/resource/default/1150-450.png?_v=201906280941017d9', 'https://s1.ljcdn.com/matrix_lianjia_pc/dist/pc/src/resource/default/1150-450.png?_v=201906280941017d9', 'https://s1.ljcdn.com/matrix_lianjia_pc/dist/pc/src/resource/default/1150-450.png?_v=201906280941017d9', 'https://s1.ljcdn.com/matrix_lianjia_pc/dist/pc/src/resource/default/1150-450.png?_v=201906280941017d9']",,,,,,,,,,,,,[],22.70375,114.240044
https://sz.lianjia.com/zufang/SZ2222377201746591744.html,龙岗区,龙岗中心城,整租·万科时代广场 2室1厅 南,3988元/月 (月付价),整租,2室1厅1卫,66㎡,朝南,"['https://image1.ljcdn.com/rent-user-avatar/175562de-2fbf-4bd9-b69d-5d91ef752b4e.780x439.jpg', 'https://s1.ljcdn.com/matrix_lianjia_pc/dist/pc/src/resource/default/780-439.png?_v=201906280941017d9', 'https://s1.ljcdn.com/matrix_lianjia_pc/dist/pc/src/resource/default/780-439.png?_v=201906280941017d9', 'https://s1.ljcdn.com/matrix_lianjia_pc/dist/pc/src/resource/default/780-439.png?_v=201906280941017d9', 'https://s1.ljcdn.com/matrix_lianjia_pc/dist/pc/src/resource/default/780-439.png?_v=201906280941017d9', 'https://s1.ljcdn.com/matrix_lianjia_pc/dist/pc/src/resource/default/780-439.png?_v=201906280941017d9', 'https://s1.ljcdn.com/matrix_lianjia_pc/dist/pc/src/resource/default/780-439.png?_v=201906280941017d9']",3个月前,随时入住,6个月以上,随时可看,43/46层,暂无数据,暂无数据,商水,商电,有,暂无数据,"['公寓', '月租', '近地铁', '精装', '随时看房']","['3号线(龙岗线) - 龙城广场', '1085m', '3号线(龙岗线) - 吉祥', '1147m']",22.723471,114.252572
https://sz.lianjia.com/zufang/SZ2244198838279872512.html,龙岗区,龙岗中心城,整租·万科时代广场 2室1厅 东/东南/南/西南/西,4100元/月 (月付价),整租,2室1厅1卫,68㎡,朝东 东南 南 西南 西,"['https://image1.ljcdn.com/rent-user-avatar/00d66ed8-0cd8-491e-8d7e-bf2d0c9f6b2d.780x439.jpg', 'https://s1.ljcdn.com/matrix_lianjia_pc/dist/pc/src/resource/default/780-439.png?_v=201906280941017d9', 'https://s1.ljcdn.com/matrix_lianjia_pc/dist/pc/src/resource/default/780-439.png?_v=201906280941017d9', 'https://s1.ljcdn.com/matrix_lianjia_pc/dist/pc/src/resource/default/780-439.png?_v=201906280941017d9', 'https://s1.ljcdn.com/matrix_lianjia_pc/dist/pc/src/resource/default/780-439.png?_v=201906280941017d9', 'https://s1.ljcdn.com/matrix_lianjia_pc/dist/pc/src/resource/default/780-439.png?_v=201906280941017d9']",2个月前,随时入住,1年,随时可看,23/32层,有,暂无数据,商水,商电,有,暂无数据,"['公寓', '近地铁', '精装', '随时看房']","['3号线(龙岗线) - 龙城广场', '1085m', '3号线(龙岗线) - 吉祥', '1147m']",22.723471,114.252572
https://sz.lianjia.com/zufang/SZ2244164816963387392.html,龙岗区,龙岗中心城,整租·名居广场 1室1厅 南,3200元/月 (月付价),整租,1室1厅1卫,32㎡,朝南,"['https://image1.ljcdn.com/rent-user-avatar/878d8d45-7ef2-41cf-a0c0-20d2fe31c6c5.780x439.jpg', 'https://s1.ljcdn.com/matrix_lianjia_pc/dist/pc/src/resource/default/780-439.png?_v=201906280941017d9', 'https://s1.ljcdn.com/matrix_lianjia_pc/dist/pc/src/resource/default/780-439.png?_v=201906280941017d9', 'https://s1.ljcdn.com/matrix_lianjia_pc/dist/pc/src/resource/default/780-439.png?_v=201906280941017d9', 'https://s1.ljcdn.com/matrix_lianjia_pc/dist/pc/src/resource/default/780-439.png?_v=201906280941017d9']",2个月前,随时入住,6~36个月,随时可看,27/30层,有,暂无数据,民水,民电,有,暂无数据,"['公寓', '月租', '精装', '随时看房']",[],22.704719,114.240139
https://sz.lianjia.com/zufang/SZ2242792443168686080.html,龙岗区,龙岗中心城,整租·万科时代广场 2室2厅 南,4100元/月 (月付价),整租,2室2厅1卫,69㎡,朝南,"['https://image1.ljcdn.com/rent-user-avatar/635cb5ad-9928-4c05-9ecd-b7d888458ac7.780x439.jpg', 'https://s1.ljcdn.com/matrix_lianjia_pc/dist/pc/src/resource/default/780-439.png?_v=201906280941017d9', 'https://s1.ljcdn.com/matrix_lianjia_pc/dist/pc/src/resource/default/780-439.png?_v=201906280941017d9', 'https://s1.ljcdn.com/matrix_lianjia_pc/dist/pc/src/resource/default/780-439.png?_v=201906280941017d9', 'https://s1.ljcdn.com/matrix_lianjia_pc/dist/pc/src/resource/default/780-439.png?_v=201906280941017d9']",2个月前,随时入住,6~36个月,随时可看,46/46层,暂无数据,暂无数据,商水,商电,有,暂无数据,"['公寓', '月租', '近地铁', '精装', '随时看房']","['3号线(龙岗线) - 龙城广场', '1085m', '3号线(龙岗线) - 吉祥', '1147m']",22.723471,114.252572
https://sz.lianjia.com/zufang/SZ2232567674515226624.html,福田区,石厦,整租·石厦村 1室0厅 南,3300元/月 (月付价),整租,1室0厅1卫,30㎡,朝南,"['https://image1.ljcdn.com/rent-user-avatar/009e8c28-7b13-4ed2-b901-8db869990849.780x439.jpg', 'https://s1.ljcdn.com/matrix_lianjia_pc/dist/pc/src/resource/default/780-439.png?_v=201906280941017d9', 'https://s1.ljcdn.com/matrix_lianjia_pc/dist/pc/src/resource/default/780-439.png?_v=201906280941017d9', 'https://s1.ljcdn.com/matrix_lianjia_pc/dist/pc/src/resource/default/780-439.png?_v=201906280941017d9', 'https://s1.ljcdn.com/matrix_lianjia_pc/dist/pc/src/resource/default/780-439.png?_v=201906280941017d9', 'https://s1.ljcdn.com/matrix_lianjia_pc/dist/pc/src/resource/default/780-439.png?_v=201906280941017d9', 'https://s1.ljcdn.com/matrix_lianjia_pc/dist/pc/src/resource/default/780-439.png?_v=201906280941017d9']",2个月前,随时入住,1~3年,随时可看,7/7层,暂无数据,暂无数据,暂无数据,暂无数据,暂无数据,暂无数据,"['公寓', '精装', '随时看房']",[],22.527451,114.056288
https://sz.lianjia.com/zufang/SZ2255702422616023040.html,龙岗区,龙岗中心城,整租·万科时代广场 2室1厅 东/东南/南/西南/西,4200元/月 (月付价),整租,2室1厅1卫,67㎡,朝东 东南 南 西南 西,"['https://image1.ljcdn.com/rent-user-avatar/21b83c27-7ff8-4fff-b52e-f96c8c83afcb.780x439.jpg', 'https://s1.ljcdn.com/matrix_lianjia_pc/dist/pc/src/resource/default/780-439.png?_v=201906280941017d9', 'https://s1.ljcdn.com/matrix_lianjia_pc/dist/pc/src/resource/default/780-439.png?_v=201906280941017d9', 'https://s1.ljcdn.com/matrix_lianjia_pc/dist/pc/src/resource/default/780-439.png?_v=201906280941017d9', 'https://s1.ljcdn.com/matrix_lianjia_pc/dist/pc/src/resource/default/780-439.png?_v=201906280941017d9', 'https://s1.ljcdn.com/matrix_lianjia_pc/dist/pc/src/resource/default/780-439.png?_v=201906280941017d9', 'https://s1.ljcdn.com/matrix_lianjia_pc/dist/pc/src/resource/default/780-439.png?_v=201906280941017d9', 'https://s1.ljcdn.com/matrix_lianjia_pc/dist/pc/src/resource/default/780-439.png?_v=201906280941017d9', 'https://s1.ljcdn.com/matrix_lianjia_pc/dist/pc/src/resource/default/780-439.png?_v=201906280941017d9']",1个月前,随时入住,1年,随时可看,25/46层,有,暂无数据,商水,商电,有,暂无数据,"['公寓', '近地铁', '精装', '随时看房']","['3号线(龙岗线) - 龙城广场', '1085m', '3号线(龙岗线) - 吉祥', '1147m']",22.723471,114.252572
https://sz.lianjia.com/zufang/SZ2282479820476514304.html,龙岗区,龙岗中心城,整租·名居广场 3室1厅 南,4600元/月 (月付价),整租,3室1厅1卫,76㎡,朝 南,"['https://image1.ljcdn.com/rent-user-avatar/19b6a9cf-d499-41db-bc73-7511366a27bc.780x439.jpg', 'https://s1.ljcdn.com/matrix_lianjia_pc/dist/pc/src/resource/default/780-439.png?_v=201906280941017d9', 'https://s1.ljcdn.com/matrix_lianjia_pc/dist/pc/src/resource/default/780-439.png?_v=201906280941017d9', 'https://s1.ljcdn.com/matrix_lianjia_pc/dist/pc/src/resource/default/780-439.png?_v=201906280941017d9', 'https://s1.ljcdn.com/matrix_lianjia_pc/dist/pc/src/resource/default/780-439.png?_v=201906280941017d9', 'https://s1.ljcdn.com/matrix_lianjia_pc/dist/pc/src/resource/default/780-439.png?_v=201906280941017d9', 'https://s1.ljcdn.com/matrix_lianjia_pc/dist/pc/src/resource/default/780-439.png?_v=201906280941017d9', 'https://s1.ljcdn.com/matrix_lianjia_pc/dist/pc/src/resource/default/780-439.png?_v=201906280941017d9', 'https://s1.ljcdn.com/matrix_lianjia_pc/dist/pc/src/resource/default/780-439.png?_v=201906280941017d9', 'https://s1.ljcdn.com/matrix_lianjia_pc/dist/pc/src/resource/default/780-439.png?_v=201906280941017d9', 'https://s1.ljcdn.com/matrix_lianjia_pc/dist/pc/src/resource/default/780-439.png?_v=201906280941017d9', 'https://s1.ljcdn.com/matrix_lianjia_pc/dist/pc/src/resource/default/780-439.png?_v=201906280941017d9']",10天前,随时入住,1个月以上,随时可看,24/31层,有,暂无数据,民水,民电,有,暂无数据,"['公寓', '月租', '精装', '随时看房']",[],22.704719,114.240139
https://sz.lianjia.com/zufang/SZ2258737564444008448.html,龙岗区,龙岗中心城,整租·万科时代广场 2室1厅 南,4000元/月 (月付价),整租,2室1厅1卫,68㎡,朝南,"['https://image1.ljcdn.com/rent-user-avatar/581c693d-eeb4-42de-9eca-95491cb76810.780x439.jpg', 'https://s1.ljcdn.com/matrix_lianjia_pc/dist/pc/src/resource/default/780-439.png?_v=201906280941017d9', 'https://s1.ljcdn.com/matrix_lianjia_pc/dist/pc/src/resource/default/780-439.png?_v=201906280941017d9', 'https://s1.ljcdn.com/matrix_lianjia_pc/dist/pc/src/resource/default/780-439.png?_v=201906280941017d9', 'https://s1.ljcdn.com/matrix_lianjia_pc/dist/pc/src/resource/default/780-439.png?_v=201906280941017d9', 'https://s1.ljcdn.com/matrix_lianjia_pc/dist/pc/src/resource/default/780-439.png?_v=201906280941017d9', 'https://s1.ljcdn.com/matrix_lianjia_pc/dist/pc/src/resource/default/780-439.png?_v=201906280941017d9']",1个月前,随时入住,6~36个月,随时可看,13/46层,暂无数据,暂无数据,商水,商电,有,暂无数据,"['公寓', '月租', '近地铁', '精装', '随时看房']","['3号线(龙岗线) - 龙城广场', '1085m', '3号线(龙岗线) - 吉祥', '1147m']",22.723471,114.252572
https://sz.lianjia.com/zufang/SZ2247042420271489024.html,龙岗区,龙岗中心城,整租·万科时代广场 2室1厅 南,4300元/月 (月付价),整租,2室1厅1卫,69㎡,朝南,"['https://image1.ljcdn.com/rent-user-avatar/205a28f4-204d-4c50-9d99-5918e16267ba.780x439.jpg', 'https://s1.ljcdn.com/matrix_lianjia_pc/dist/pc/src/resource/default/780-439.png?_v=201906280941017d9', 'https://s1.ljcdn.com/matrix_lianjia_pc/dist/pc/src/resource/default/780-439.png?_v=201906280941017d9', 'https://s1.ljcdn.com/matrix_lianjia_pc/dist/pc/src/resource/default/780-439.png?_v=201906280941017d9', 'https://s1.ljcdn.com/matrix_lianjia_pc/dist/pc/src/resource/default/780-439.png?_v=201906280941017d9', 'https://s1.ljcdn.com/matrix_lianjia_pc/dist/pc/src/resource/default/780-439.png?_v=201906280941017d9', 'https://s1.ljcdn.com/matrix_lianjia_pc/dist/pc/src/resource/default/780-439.png?_v=201906280941017d9']",1个月前,随时入住,1年以上,随时可看,39/46层,暂无数据,暂无数据,商水,商电,有,暂无数据,"['近地铁', '精装', '随时看房']","['3号线(龙岗线) - 龙城广场', '1085m', '3号线(龙岗线) - 吉祥', '1147m']",22.723471,114.252572
https://sz.lianjia.com/apartment/18148.html,,,陆居公寓 · 杨美店,"
陆居公寓 · 杨美店

          1600元/月起

",,,,,"['https://image1.ljcdn.com/rent-user-avatar/5a6421cc-cf3e-45a0-99eb-60e60dd17084.1150x.jpg', 'https://s1.ljcdn.com/matrix_lianjia_pc/dist/pc/src/resource/default/1150-450.png?_v=201906280941017d9']",,,,,,,,,,,,,[],22.6323,114.087485
https://sz.lianjia.com/zufang/SZ2227611532345212928.html,龙岗区,龙岗中心城,整租·万科时代广场 2室1厅 南,3800元/月 (月付价),整租,2室1厅1卫,65㎡,朝 南,"['https://image1.ljcdn.com/rent-user-avatar/0253a968-0362-4674-b8d6-83a5193e7e45.780x439.jpg', 'https://s1.ljcdn.com/matrix_lianjia_pc/dist/pc/src/resource/default/780-439.png?_v=201906280941017d9', 'https://s1.ljcdn.com/matrix_lianjia_pc/dist/pc/src/resource/default/780-439.png?_v=201906280941017d9', 'https://s1.ljcdn.com/matrix_lianjia_pc/dist/pc/src/resource/default/780-439.png?_v=201906280941017d9', 'https://s1.ljcdn.com/matrix_lianjia_pc/dist/pc/src/resource/default/780-439.png?_v=201906280941017d9', 'https://s1.ljcdn.com/matrix_lianjia_pc/dist/pc/src/resource/default/780-439.png?_v=201906280941017d9']",2个月前,随时入住,1~2年,随时可看,6/30层,有,暂无数据,商水,商电,有,暂无数据,"['近地铁', '精装', '随时看房']","['3号线(龙岗线) - 龙城广场', '1085m', '3号线(龙岗线) - 吉祥', '1170m']",22.723701,114.252524
https://sz.lianjia.com/zufang/SZ2239644194174418944.html,龙岗区,龙岗中心城,整租·星河上寓 2室1厅 南,3900元/月 (月付价),整租,2室1厅1卫,62㎡,朝 南,"['https://image1.ljcdn.com/rent-user-avatar/1b924e8e-bc3b-4327-83d1-ce625209977b.780x439.jpg', 'https://s1.ljcdn.com/matrix_lianjia_pc/dist/pc/src/resource/default/780-439.png?_v=201906280941017d9', 'https://s1.ljcdn.com/matrix_lianjia_pc/dist/pc/src/resource/default/780-439.png?_v=201906280941017d9', 'https://s1.ljcdn.com/matrix_lianjia_pc/dist/pc/src/resource/default/780-439.png?_v=201906280941017d9', 'https://s1.ljcdn.com/matrix_lianjia_pc/dist/pc/src/resource/default/780-439.png?_v=201906280941017d9', 'https://s1.ljcdn.com/matrix_lianjia_pc/dist/pc/src/resource/default/780-439.png?_v=201906280941017d9']",2个月前,随时入住,1~2年,随时可看,25/33层,暂无数据,暂无数据,商水,商电,有,暂无数据,"['精装', '随时看房']",[],22.725198,114.24391
