房源地址,行政区,位置,标题,租金,租赁方式,户型,面积,朝向,图片列表,发布时间,入住时间,租期,看房时间,楼层,电梯,车位,用水,用电,燃气,采暖,标签,station,latitude,longtitude
https://sz.lianjia.com/apartment/18561.html,,,冠寓 · 深圳大芬店,"
冠寓 · 深圳大芬店

          2589元/月起

",,,,,"['https://image1.ljcdn.com/rent-house-1/e067d74ca3cefe515bb47a92f8ce9933-1561656039828/3141dede7875929c2ca08da8e20059c4.jpg.1150x.jpg', 'https://s1.ljcdn.com/matrix_lianjia_pc/dist/pc/src/resource/default/1150-450.png?_v=201906280941017d9', 'https://s1.ljcdn.com/matrix_lianjia_pc/dist/pc/src/resource/default/1150-450.png?_v=201906280941017d9', 'https://s1.ljcdn.com/matrix_lianjia_pc/dist/pc/src/resource/default/1150-450.png?_v=201906280941017d9', 'https://s1.ljcdn.com/matrix_lianjia_pc/dist/pc/src/resource/default/1150-450.png?_v=201906280941017d9', 'https://s1.ljcdn.com/matrix_lianjia_pc/dist/pc/src/resource/default/1150-450.png?_v=201906280941017d9']",,,,,,,,,,,,,[],22.617256848572246,114.14130454099845
https://sz.lianjia.com/zufang/SZ2246307231173705728.html,龙岗区,横岗,整租·卓越城市中心花园 1室0厅 东南/南,3000元/月 (月付价),整租,1室0厅1卫,57㎡,朝东南 南,"['https://image1.ljcdn.com/440300-inspection/22f0c252-0d5c-4fd0-88df-f547aa8d5efd.jpg.780x439.jpg', 'https://s1.ljcdn.com/matrix_lianjia_pc/dist/pc/src/resource/default/780-439.png?_v=201906280941017d9']",1个月前,随时入住,1年以内,需提前预约,中楼层/11层,有,暂无数据,民水,民电,有,暂无数据,['精装'],"['3号线(龙岗线) - 塘坑', '1093m']",22.652836562114,114.2003723498
https://sz.lianjia.com/zufang/SZ2270257744751894528.html,龙岗区,龙岗中心城,尚景花园 3室2厅 南,3500元/月 ,租赁方式未知,3室2厅2卫,106㎡,朝南,"['https://image1.ljcdn.com/440300-inspection/5933f09c-f7dd-4298-a369-4cbbd83c1eca.jpg.780x439.jpg', 'https://s1.ljcdn.com/matrix_lianjia_pc/dist/pc/src/resource/default/780-439.png?_v=201906280941017d9', 'https://s1.ljcdn.com/matrix_lianjia_pc/dist/pc/src/resource/default/780-439.png?_v=201906280941017d9', 'https://s1.ljcdn.com/matrix_lianjia_pc/dist/pc/src/resource/default/780-439.png?_v=201906280941017d9', 'https://s1.ljcdn.com/matrix_lianjia_pc/dist/pc/src/resource/default/780-439.png?_v=201906280941017d9', 'https://s1.ljcdn.com/matrix_lianjia_pc/dist/pc/src/resource/default/780-439.png?_v=201906280941017d9', 'https://s1.ljcdn.com/matrix_lianjia_pc/dist/pc/src/resource/default/780-439.png?_v=201906280941017d9', 'https://s1.ljcdn.com/matrix_lianjia_pc/dist/pc/src/resource/default/780-439.png?_v=201906280941017d9', 'https://s1.ljcdn.com/matrix_lianjia_pc/dist/pc/src/resource/default/780-439.png?_v=201906280941017d9']",27天前,随时入住,暂无数据,需提前预约,中楼层/11层,有,暂无数据,民水,民电,有,暂无数据,['随时看房'],[],22.732875633489,114.25110746361
https://sz.lianjia.com/zufang/SZ2280286455379001344.html,龙岗区,坪地,中骏四季阳光三期 3室1厅 南,3500元/月 ,租赁方式未知,3室1厅1卫,85㎡,朝南,"['https://image1.ljcdn.com/440300-inspection/56587c36-33e9-4a0b-b010-eb12b6d41f3d.jpg.780x439.jpg', 'https://s1.ljcdn.com/matrix_lianjia_pc/dist/pc/src/resource/default/780-439.png?_v=201906280941017d9', 'https://s1.ljcdn.com/matrix_lianjia_pc/dist/pc/src/resource/default/780-439.png?_v=201906280941017d9', 'https://s1.ljcdn.com/matrix_lianjia_pc/dist/pc/src/resource/default/780-439.png?_v=201906280941017d9', 'https://s1.ljcdn.com/matrix_lianjia_pc/dist/pc/src/resource/default/780-439.png?_v=201906280941017d9', 'https://s1.ljcdn.com/matrix_lianjia_pc/dist/pc/src/resource/default/780-439.png?_v=201906280941017d9']",13天前,随时入住,暂无数据,需提前预约,低楼层/24层,暂无数据,暂无数据,民水,民电,暂无数据,暂无数据,[],[],22.725205,114.310038
https://sz.lianjia.com/apartment/19329.html,,,杰瑞物业 · 南山后海店,"
杰瑞物业 · 南山后海店

          3900元/月起

",,,,,['https://image1.ljcdn.com/rent-user-avatar/ffd8d030-8b58-45f7-8e39-ca6c17229fdb.1150x.jpg'],,,,,,,,,,,,,[],22.495213,113.941431
https://sz.lianjia.com/apartment/6858.html,,,华润置地·有巢公寓 · 留仙洞店,"
华润置地·有巢公寓 · 留仙洞店

          2411元/月起

",,,,,"['https://image1.ljcdn.com/rent-house-1/1be809900a531bfe6448865b876bb024-1553799612397/dda56653daedb55a43db3322f9d71998.jpg.1150x.jpg', 'https://s1.ljcdn.com/matrix_lianjia_pc/dist/pc/src/resource/default/1150-450.png?_v=201906280941017d9', 'https://s1.ljcdn.com/matrix_lianjia_pc/dist/pc/src/resource/default/1150-450.png?_v=201906280941017d9', 'https://s1.ljcdn.com/matrix_lianjia_pc/dist/pc/src/resource/default/1150-450.png?_v=201906280941017d9', 'https://s1.ljcdn.com/matrix_lianjia_pc/dist/pc/src/resource/default/1150-450.png?_v=201906280941017d9', 'https://s1.ljcdn.com/matrix_lianjia_pc/dist/pc/src/resource/default/1150-450.png?_v=201906280941017d9', 'https://s1.ljcdn.com/matrix_lianjia_pc/dist/pc/src/resource/default/1150-450.png?_v=201906280941017d9', 'https://s1.ljcdn.com/matrix_lianjia_pc/dist/pc/src/resource/default/1150-450.png?_v=201906280941017d9', 'https://s1.ljcdn.com/matrix_lianjia_pc/dist/pc/src/resource/default/1150-450.png?_v=201906280941017d9', 'https://s1.ljcdn.com/matrix_lianjia_pc/dist/pc/src/resource/default/1150-450.png?_v=201906280941017d9', 'https://s1.ljcdn.com/matrix_lianjia_pc/dist/pc/src/resource/default/1150-450.png?_v=201906280941017d9', 'https://s1.ljcdn.com/matrix_lianjia_pc/dist/pc/src/resource/default/1150-450.png?_v=201906280941017d9', 'https://s1.ljcdn.com/matrix_lianjia_pc/dist/pc/src/resource/default/1150-450.png?_v=201906280941017d9', 'https://s1.ljcdn.com/matrix_lianjia_pc/dist/pc/src/resource/default/1150-450.png?_v=201906280941017d9']",,,,,,,,,,,,,[],22.586106,113.937389
https://sz.lianjia.com/zufang/SZ2243223742920794112.html,龙岗区,龙岗中心城,远洋新干线一期 2室1厅 南,3000元/月 ,租赁方式未知,2室1厅1卫,47㎡,朝南,"['https://image1.ljcdn.com/440300-inspection/8b0ccab3-a512-4d44-9575-6e60603c5ceb.jpg.780x439.jpg', 'https://s1.ljcdn.com/matrix_lianjia_pc/dist/pc/src/resource/default/780-439.png?_v=201906280941017d9', 'https://s1.ljcdn.com/matrix_lianjia_pc/dist/pc/src/resource/default/780-439.png?_v=201906280941017d9', 'https://s1.ljcdn.com/matrix_lianjia_pc/dist/pc/src/resource/default/780-439.png?_v=201906280941017d9', 'https://s1.ljcdn.com/matrix_lianjia_pc/dist/pc/src/resource/default/780-439.png?_v=201906280941017d9', 'https://s1.ljcdn.com/matrix_lianjia_pc/dist/pc/src/resource/default/780-439.png?_v=201906280941017d9', 'https://s1.ljcdn.com/matrix_lianjia_pc/dist/pc/src/resource/default/780-439.png?_v=201906280941017d9']",2个月前,随时入住,暂无数据,需提前预约,中楼层/32层,有,暂无数据,民水,民电,无,暂无数据,"['近地铁', '随时看房']","['3号线(龙岗线) - 南联', '516m', '3号线(龙岗线) - 龙城广场', '691m']",22.724439,114.268117
https://sz.lianjia.com/zufang/SZ2257909883234435072.html,罗湖区,翠竹,金丽豪苑 1室1厅 南,4800元/月 ,租赁方式未知,1室1厅1卫,53㎡,朝南,"['https://image1.ljcdn.com/440300-inspection/a3b95e22-bff3-43ad-9019-c4b3aa74b549.jpg.780x439.jpg', 'https://s1.ljcdn.com/matrix_lianjia_pc/dist/pc/src/resource/default/780-439.png?_v=201906280941017d9', 'https://s1.ljcdn.com/matrix_lianjia_pc/dist/pc/src/resource/default/780-439.png?_v=201906280941017d9', 'https://s1.ljcdn.com/matrix_lianjia_pc/dist/pc/src/resource/default/780-439.png?_v=201906280941017d9', 'https://s1.ljcdn.com/matrix_lianjia_pc/dist/pc/src/resource/default/780-439.png?_v=201906280941017d9']",29天前,随时入住,暂无数据,需提前预约,高楼层/30层,有,暂无数据,民水,民电,有,暂无数据,['近地铁'],"['3号线(龙岗线),7号线 - 田贝', '269m', '7号线 - 洪湖', '533m', '3号线(龙岗线) - 翠竹', '1186m']",22.571564331412,114.13400634299
https://sz.lianjia.com/zufang/SZ2251332003331055616.html,龙岗区,龙岗中心城,远洋新天地 3室2厅 东/南,4500元/月 ,租赁方式未知,3室2厅1卫,90㎡,朝东 南,"['http://vrlab-image.ljcdn.com/release/auto3dhd/bf26b81f750453156f26a39c661ae78b/screenshot/1558587092_0/pc0_G2X6DGtNy.jpg.q_70.jpg', 'https://s1.ljcdn.com/matrix_lianjia_pc/dist/pc/src/resource/default/780-439.png?_v=201906280941017d9', 'https://s1.ljcdn.com/matrix_lianjia_pc/dist/pc/src/resource/default/780-439.png?_v=201906280941017d9', 'https://s1.ljcdn.com/matrix_lianjia_pc/dist/pc/src/resource/default/780-439.png?_v=201906280941017d9', 'https://s1.ljcdn.com/matrix_lianjia_pc/dist/pc/src/resource/default/780-439.png?_v=201906280941017d9', 'https://s1.ljcdn.com/matrix_lianjia_pc/dist/pc/src/resource/default/780-439.png?_v=201906280941017d9']",1个月前,随时入住,暂无数据,需提前预约,低楼层/40层,有,暂无数据,民水,民电,暂无数据,暂无数据,['随时看房'],[],22.73554,114.265138
https://sz.lianjia.com/apartment/18561.html,,,冠寓 · 深圳大芬店,"
冠寓 · 深圳大芬店

          2589元/月起

",,,,,"['https://image1.ljcdn.com/rent-house-1/e067d74ca3cefe515bb47a92f8ce9933-1561656039828/3141dede7875929c2ca08da8e20059c4.jpg.1150x.jpg', 'https://s1.ljcdn.com/matrix_lianjia_pc/dist/pc/src/resource/default/1150-450.png?_v=201906280941017d9', 'https://s1.ljcdn.com/matrix_lianjia_pc/dist/pc/src/resource/default/1150-450.png?_v=201906280941017d9', 'https://s1.ljcdn.com/matrix_lianjia_pc/dist/pc/src/resource/default/1150-450.png?_v=201906280941017d9', 'https://s1.ljcdn.com/matrix_lianjia_pc/dist/pc/src/resource/default/1150-450.png?_v=201906280941017d9', 'https://s1.ljcdn.com/matrix_lianjia_pc/dist/pc/src/resource/default/1150-450.png?_v=201906280941017d9']",,,,,,,,,,,,,[],22.617256848572246,114.14130454099845
https://sz.lianjia.com/apartment/19369.html,,,平台认证机构 · 西乡店,"
平台认证机构 · 西乡店

          1480元/月起

",,,,,['https://image1.ljcdn.com/rent-user-avatar/5aae806b-71c5-41e0-aea3-14170e77808e.1150x.jpg'],,,,,,,,,,,,,[],22.574203,113.870913
https://sz.lianjia.com/zufang/SZ2230129174528393216.html,龙岗区,大运新城,颐安都会中央一期 3室2厅 南,4200元/月 ,租赁方式未知,3室2厅2卫,89㎡,朝南,"['https://image1.ljcdn.com/440300-inspection/25e7e1af-fc93-482c-accd-446e0fd0a37d.jpg.780x439.jpg', 'https://s1.ljcdn.com/matrix_lianjia_pc/dist/pc/src/resource/default/780-439.png?_v=201906280941017d9', 'https://s1.ljcdn.com/matrix_lianjia_pc/dist/pc/src/resource/default/780-439.png?_v=201906280941017d9', 'https://s1.ljcdn.com/matrix_lianjia_pc/dist/pc/src/resource/default/780-439.png?_v=201906280941017d9', 'https://s1.ljcdn.com/matrix_lianjia_pc/dist/pc/src/resource/default/780-439.png?_v=201906280941017d9', 'https://s1.ljcdn.com/matrix_lianjia_pc/dist/pc/src/resource/default/780-439.png?_v=201906280941017d9', 'https://s1.ljcdn.com/matrix_lianjia_pc/dist/pc/src/resource/default/780-439.png?_v=201906280941017d9', 'https://s1.ljcdn.com/matrix_lianjia_pc/dist/pc/src/resource/default/780-439.png?_v=201906280941017d9']",2个月前,随时入住,暂无数据,暂无数据,高楼层/28层,有,暂无数据,民水,民电,有,暂无数据,"['近地铁', '随时看房']","['3号线(龙岗线) - 大运', '834m']",22.693462,114.229357
https://sz.lianjia.com/zufang/SZ2247109697771405312.html,龙岗区,龙岗中心城,整租·紫薇花园 3室3厅 南,3200元/月 (月付价),整租,3室3厅1卫,100㎡,朝南,"['http://vrlab-image.ljcdn.com/release/auto3dhd/ba876cce24dbcb3fb09356828116c790/screenshot/1554187647_0/pc0_XkbPaSKYR.jpg.q_70.jpg', 'https://s1.ljcdn.com/matrix_lianjia_pc/dist/pc/src/resource/default/780-439.png?_v=201906280941017d9', 'https://s1.ljcdn.com/matrix_lianjia_pc/dist/pc/src/resource/default/780-439.png?_v=201906280941017d9', 'https://s1.ljcdn.com/matrix_lianjia_pc/dist/pc/src/resource/default/780-439.png?_v=201906280941017d9', 'https://s1.ljcdn.com/matrix_lianjia_pc/dist/pc/src/resource/default/780-439.png?_v=201906280941017d9', 'https://s1.ljcdn.com/matrix_lianjia_pc/dist/pc/src/resource/default/780-439.png?_v=201906280941017d9']",1个月前,随时入住,1年以内,需提前预约,高楼层/7层,无,暂无数据,民水,民电,有,暂无数据,"['近地铁', '随时看房']","['3号线(龙岗线) - 吉祥', '702m']",22.723687543647,114.24691690343
https://sz.lianjia.com/zufang/SZ2243543244883902464.html,龙岗区,横岗,瑞泽佳园 1室0厅 南,4500元/月 ,租赁方式未知,1室0厅0卫,60㎡,朝南,"['https://image1.ljcdn.com/440300-inspection/097e9752-e31c-4ec0-9508-b922d74a7a77.jpg.780x439.jpg', 'https://s1.ljcdn.com/matrix_lianjia_pc/dist/pc/src/resource/default/780-439.png?_v=201906280941017d9']",1个月前,随时入住,暂无数据,暂无数据,高楼层/9层,有,暂无数据,商水,商电,无,暂无数据,[],"['3号线(龙岗线) - 六约', '1135m']",22.650300421026,114.1889075053
https://sz.lianjia.com/zufang/SZ2290275893018902528.html,龙岗区,龙岗中心城,整租·万科时代广场 1室1厅 南,3000元/月 (月付价),整租,1室1厅1卫,47㎡,朝 南,"['https://image1.ljcdn.com/rent-user-avatar/5988f8cd-5e3e-4317-9911-fa3c69ea6832.780x439.jpg', 'https://s1.ljcdn.com/matrix_lianjia_pc/dist/pc/src/resource/default/780-439.png?_v=201906280941017d9', 'https://s1.ljcdn.com/matrix_lianjia_pc/dist/pc/src/resource/default/780-439.png?_v=201906280941017d9', 'https://s1.ljcdn.com/matrix_lianjia_pc/dist/pc/src/resource/default/780-439.png?_v=201906280941017d9', 'https://s1.ljcdn.com/matrix_lianjia_pc/dist/pc/src/resource/default/780-439.png?_v=201906280941017d9', 'https://s1.ljcdn.com/matrix_lianjia_pc/dist/pc/src/resource/default/780-439.png?_v=201906280941017d9']",今天,随时入住,6~12个月,随时可看,17/46层,暂无数据,暂无数据,商水,商电,有,暂无数据,"['公寓', '月租', '近地铁', '精装', '押一付一', '新上', '随时看房']","['3号线(龙岗线) - 吉祥', '1154m']",22.723488,114.252439
https://sz.lianjia.com/zufang/SZ2254056778851418112.html,龙岗区,龙岗中心城,万科金色沁园 3室1厅 南,4500元/月 ,租赁方式未知,3室1厅2卫,88㎡,朝南,"['http://vrlab-image.ljcdn.com/release/auto3dhd/89c8c7942111680be32c111ba92cd041/screenshot/1553419577_12/pc0_HeNTtee3e.jpg.q_70.jpg', 'https://s1.ljcdn.com/matrix_lianjia_pc/dist/pc/src/resource/default/780-439.png?_v=201906280941017d9', 'https://s1.ljcdn.com/matrix_lianjia_pc/dist/pc/src/resource/default/780-439.png?_v=201906280941017d9', 'https://s1.ljcdn.com/matrix_lianjia_pc/dist/pc/src/resource/default/780-439.png?_v=201906280941017d9', 'https://s1.ljcdn.com/matrix_lianjia_pc/dist/pc/src/resource/default/780-439.png?_v=201906280941017d9', 'https://s1.ljcdn.com/matrix_lianjia_pc/dist/pc/src/resource/default/780-439.png?_v=201906280941017d9']",1个月前,随时入住,暂无数据,需提前预约,低楼层/25层,有,暂无数据,民水,民电,有,暂无数据,['随时看房'],[],22.729611,114.231201
https://sz.lianjia.com/apartment/16145.html,,,阳光城家 · 光大村店,"
阳光城家 · 光大村店

          4212元/月起

",,,,,"['https://image1.ljcdn.com/rent-user-avatar/cf4004df-417e-4378-8329-48a30784f20e.1150x.jpg', 'https://s1.ljcdn.com/matrix_lianjia_pc/dist/pc/src/resource/default/1150-450.png?_v=201906280941017d9', 'https://s1.ljcdn.com/matrix_lianjia_pc/dist/pc/src/resource/default/1150-450.png?_v=201906280941017d9', 'https://s1.ljcdn.com/matrix_lianjia_pc/dist/pc/src/resource/default/1150-450.png?_v=201906280941017d9', 'https://s1.ljcdn.com/matrix_lianjia_pc/dist/pc/src/resource/default/1150-450.png?_v=201906280941017d9']",,,,,,,,,,,,,[],22.531713,113.929797
https://sz.lianjia.com/zufang/SZ2267813982507106304.html,龙岗区,布吉石芽岭,慢城三期 3室1厅 南/北,5000元/月 ,租赁方式未知,3室1厅1卫,80㎡,朝南 北,"['https://image1.ljcdn.com/440300-inspection/fb827e04-40d0-48a4-9efe-e0c00ac9ff14.jpg.780x439.jpg', 'https://s1.ljcdn.com/matrix_lianjia_pc/dist/pc/src/resource/default/780-439.png?_v=201906280941017d9', 'https://s1.ljcdn.com/matrix_lianjia_pc/dist/pc/src/resource/default/780-439.png?_v=201906280941017d9', 'https://s1.ljcdn.com/matrix_lianjia_pc/dist/pc/src/resource/default/780-439.png?_v=201906280941017d9', 'https://s1.ljcdn.com/matrix_lianjia_pc/dist/pc/src/resource/default/780-439.png?_v=201906280941017d9', 'https://s1.ljcdn.com/matrix_lianjia_pc/dist/pc/src/resource/default/780-439.png?_v=201906280941017d9', 'https://s1.ljcdn.com/matrix_lianjia_pc/dist/pc/src/resource/default/780-439.png?_v=201906280941017d9']",1个月前,随时入住,暂无数据,需提前预约,高楼层/11层,有,暂无数据,民水,民电,有,暂无数据,[],[],22.63151,114.134921
https://sz.lianjia.com/zufang/SZ2245462126548221952.html,龙华区,观澜,奥宸观壹城 3室2厅 南/北,4000元/月 ,租赁方式未知,3室2厅1卫,79㎡,朝南 北,"['https://image1.ljcdn.com/440300-inspection/0776b5ee-5d2f-4df5-9aff-e8f4b14d7f3c.jpg.780x439.jpg', 'https://s1.ljcdn.com/matrix_lianjia_pc/dist/pc/src/resource/default/780-439.png?_v=201906280941017d9', 'https://s1.ljcdn.com/matrix_lianjia_pc/dist/pc/src/resource/default/780-439.png?_v=201906280941017d9', 'https://s1.ljcdn.com/matrix_lianjia_pc/dist/pc/src/resource/default/780-439.png?_v=201906280941017d9', 'https://s1.ljcdn.com/matrix_lianjia_pc/dist/pc/src/resource/default/780-439.png?_v=201906280941017d9', 'https://s1.ljcdn.com/matrix_lianjia_pc/dist/pc/src/resource/default/780-439.png?_v=201906280941017d9', 'https://s1.ljcdn.com/matrix_lianjia_pc/dist/pc/src/resource/default/780-439.png?_v=201906280941017d9', 'https://s1.ljcdn.com/matrix_lianjia_pc/dist/pc/src/resource/default/780-439.png?_v=201906280941017d9']",1个月前,随时入住,暂无数据,需提前预约,中楼层/33层,有,暂无数据,民水,民电,有,暂无数据,[],[],22.721644,114.07518
https://sz.lianjia.com/zufang/SZ2204047654408175616.html,龙岗区,龙岗中心城,整租·徽王府 4室2厅 南/北,4600元/月 (月付价),整租,4室2厅2卫,116㎡,朝南 北,"['https://image1.ljcdn.com/440300-inspection/a5b72a8b-96d7-4571-aa4d-cbc3a10e5169.jpg.780x439.jpg', 'https://s1.ljcdn.com/matrix_lianjia_pc/dist/pc/src/resource/default/780-439.png?_v=201906280941017d9', 'https://s1.ljcdn.com/matrix_lianjia_pc/dist/pc/src/resource/default/780-439.png?_v=201906280941017d9', 'https://s1.ljcdn.com/matrix_lianjia_pc/dist/pc/src/resource/default/780-439.png?_v=201906280941017d9', 'https://s1.ljcdn.com/matrix_lianjia_pc/dist/pc/src/resource/default/780-439.png?_v=201906280941017d9', 'https://s1.ljcdn.com/matrix_lianjia_pc/dist/pc/src/resource/default/780-439.png?_v=201906280941017d9', 'https://s1.ljcdn.com/matrix_lianjia_pc/dist/pc/src/resource/default/780-439.png?_v=201906280941017d9', 'https://s1.ljcdn.com/matrix_lianjia_pc/dist/pc/src/resource/default/780-439.png?_v=201906280941017d9', 'https://s1.ljcdn.com/matrix_lianjia_pc/dist/pc/src/resource/default/780-439.png?_v=201906280941017d9']",3个月前,随时入住,暂无数据,需提前预约,中楼层/18层,有,暂无数据,民水,民电,无,暂无数据,"['精装', '双卫生间']",[],22.734572,114.23395
https://sz.lianjia.com/apartment/16966.html,,,职业房东 · 八号公寓,"
职业房东 · 八号公寓

          3380元/月起

",,,,,"['https://image1.ljcdn.com/rent-user-avatar/6b2527fa-84c6-4531-8f48-651fd2d18e52.1150x.jpg', 'https://s1.ljcdn.com/matrix_lianjia_pc/dist/pc/src/resource/default/1150-450.png?_v=201906280941017d9', 'https://s1.ljcdn.com/matrix_lianjia_pc/dist/pc/src/resource/default/1150-450.png?_v=201906280941017d9', 'https://s1.ljcdn.com/matrix_lianjia_pc/dist/pc/src/resource/default/1150-450.png?_v=201906280941017d9', 'https://s1.ljcdn.com/matrix_lianjia_pc/dist/pc/src/resource/default/1150-450.png?_v=201906280941017d9', 'https://s1.ljcdn.com/matrix_lianjia_pc/dist/pc/src/resource/default/1150-450.png?_v=201906280941017d9']",,,,,,,,,,,,,[],22.566883,114.127629
https://sz.lianjia.com/zufang/SZ2278714334441897984.html,龙岗区,坂田,整租·佳华领汇广场king公馆 1室1厅 复式 南,4400元/月 (月付价),整租,1室1厅1卫,39㎡,朝 南,"['https://image1.ljcdn.com/rent-user-avatar/0602f45c-abca-4148-96d2-84668a22c35b.780x439.jpg', 'https://s1.ljcdn.com/matrix_lianjia_pc/dist/pc/src/resource/default/780-439.png?_v=201906280941017d9', 'https://s1.ljcdn.com/matrix_lianjia_pc/dist/pc/src/resource/default/780-439.png?_v=201906280941017d9', 'https://s1.ljcdn.com/matrix_lianjia_pc/dist/pc/src/resource/default/780-439.png?_v=201906280941017d9', 'https://s1.ljcdn.com/matrix_lianjia_pc/dist/pc/src/resource/default/780-439.png?_v=201906280941017d9', 'https://s1.ljcdn.com/matrix_lianjia_pc/dist/pc/src/resource/default/780-439.png?_v=201906280941017d9', 'https://s1.ljcdn.com/matrix_lianjia_pc/dist/pc/src/resource/default/780-439.png?_v=201906280941017d9', 'https://s1.ljcdn.com/matrix_lianjia_pc/dist/pc/src/resource/default/780-439.png?_v=201906280941017d9', 'https://s1.ljcdn.com/matrix_lianjia_pc/dist/pc/src/resource/default/780-439.png?_v=201906280941017d9']",15天前,随时入住,1年,随时可看,12/21层,暂无数据,暂无数据,商水,商电,有,暂无数据,"['公寓', '近地铁', '精装', '随时看房']","['5号线(环中线) - 五和', '602m']",22.638489,114.066196
https://sz.lianjia.com/zufang/SZ2270949480725479424.html,龙岗区,龙岗双龙,深圳海航城 4室2厅 南/北,4500元/月 ,租赁方式未知,4室2厅2卫,89㎡,朝南 北,"['https://image1.ljcdn.com/440300-inspection/6bfd7e45-aad5-4a90-80d0-e68d36130dc7.jpg.780x439.jpg', 'https://s1.ljcdn.com/matrix_lianjia_pc/dist/pc/src/resource/default/780-439.png?_v=201906280941017d9', 'https://s1.ljcdn.com/matrix_lianjia_pc/dist/pc/src/resource/default/780-439.png?_v=201906280941017d9', 'https://s1.ljcdn.com/matrix_lianjia_pc/dist/pc/src/resource/default/780-439.png?_v=201906280941017d9', 'https://s1.ljcdn.com/matrix_lianjia_pc/dist/pc/src/resource/default/780-439.png?_v=201906280941017d9', 'https://s1.ljcdn.com/matrix_lianjia_pc/dist/pc/src/resource/default/780-439.png?_v=201906280941017d9', 'https://s1.ljcdn.com/matrix_lianjia_pc/dist/pc/src/resource/default/780-439.png?_v=201906280941017d9', 'https://s1.ljcdn.com/matrix_lianjia_pc/dist/pc/src/resource/default/780-439.png?_v=201906280941017d9', 'https://s1.ljcdn.com/matrix_lianjia_pc/dist/pc/src/resource/default/780-439.png?_v=201906280941017d9', 'https://s1.ljcdn.com/matrix_lianjia_pc/dist/pc/src/resource/default/780-439.png?_v=201906280941017d9', 'https://s1.ljcdn.com/matrix_lianjia_pc/dist/pc/src/resource/default/780-439.png?_v=201906280941017d9']",15天前,2019-07-01,暂无数据,暂无数据,高楼层/33层,有,暂无数据,民水,民电,有,暂无数据,['近地铁'],"['3号线(龙岗线) - 南联', '231m', '3号线(龙岗线) - 双龙', '1126m']",22.731377,114.273219
https://sz.lianjia.com/zufang/SZ2140625613588013056.html,龙岗区,龙岗中心城,岸上林居 4室1厅 南/北,4000元/月 ,租赁方式未知,4室1厅2卫,88㎡,朝南 北,"['https://image1.ljcdn.com/440300-inspection/prod-c2cdc779-f69a-4ce7-9d3c-b19c88560718.jpg.780x439.jpg', 'https://s1.ljcdn.com/matrix_lianjia_pc/dist/pc/src/resource/default/780-439.png?_v=201906280941017d9', 'https://s1.ljcdn.com/matrix_lianjia_pc/dist/pc/src/resource/default/780-439.png?_v=201906280941017d9', 'https://s1.ljcdn.com/matrix_lianjia_pc/dist/pc/src/resource/default/780-439.png?_v=201906280941017d9', 'https://s1.ljcdn.com/matrix_lianjia_pc/dist/pc/src/resource/default/780-439.png?_v=201906280941017d9', 'https://s1.ljcdn.com/matrix_lianjia_pc/dist/pc/src/resource/default/780-439.png?_v=201906280941017d9', 'https://s1.ljcdn.com/matrix_lianjia_pc/dist/pc/src/resource/default/780-439.png?_v=201906280941017d9']",6个月前,随时入住,暂无数据,需提前预约,中楼层/33层,暂无数据,暂无数据,民水,暂无数据,有,暂无数据,['随时看房'],[],22.745493,114.254238
https://sz.lianjia.com/zufang/SZ2234525967739789312.html,罗湖区,百仕达,水库市场综合楼 2室1厅 南,4700元/月 ,租赁方式未知,2室1厅1卫,54㎡,朝南,"['https://image1.ljcdn.com/440300-inspection/b2cf21d2-5a7c-41bc-b648-99b5d5ead382.jpg.780x439.jpg', 'https://s1.ljcdn.com/matrix_lianjia_pc/dist/pc/src/resource/default/780-439.png?_v=201906280941017d9', 'https://s1.ljcdn.com/matrix_lianjia_pc/dist/pc/src/resource/default/780-439.png?_v=201906280941017d9', 'https://s1.ljcdn.com/matrix_lianjia_pc/dist/pc/src/resource/default/780-439.png?_v=201906280941017d9', 'https://s1.ljcdn.com/matrix_lianjia_pc/dist/pc/src/resource/default/780-439.png?_v=201906280941017d9', 'https://s1.ljcdn.com/matrix_lianjia_pc/dist/pc/src/resource/default/780-439.png?_v=201906280941017d9', 'https://s1.ljcdn.com/matrix_lianjia_pc/dist/pc/src/resource/default/780-439.png?_v=201906280941017d9']",2个月前,随时入住,暂无数据,暂无数据,高楼层/6层,暂无数据,暂无数据,民水,民电,有,暂无数据,"['近地铁', '随时看房']","['5号线(环中线),7号线 - 太安', '949m']",22.573096,114.147013
https://sz.lianjia.com/apartment/10139.html,,,田园牧歌 · 汇泰大厦店,"
田园牧歌 · 汇泰大厦店

          4500元/月起

",,,,,['https://image1.ljcdn.com/rent-user-avatar/bb027c60-fe65-434c-b026-01bc2adddc9f.1150x.jpg'],,,,,,,,,,,,,[],22.540757,114.128238
https://sz.lianjia.com/zufang/SZ2285412422778880000.html,龙华区,上塘,整租·鸿荣源·尚峻 2室1厅 复式 东南/南,4950元/月 (月付价),整租,2室1厅2卫,91㎡,朝东南 南,"['https://image1.ljcdn.com/rent-user-avatar/2c09084b-158a-4f84-905e-1dd27d6bcb4d.780x439.jpg', 'https://s1.ljcdn.com/matrix_lianjia_pc/dist/pc/src/resource/default/780-439.png?_v=201906280941017d9', 'https://s1.ljcdn.com/matrix_lianjia_pc/dist/pc/src/resource/default/780-439.png?_v=201906280941017d9', 'https://s1.ljcdn.com/matrix_lianjia_pc/dist/pc/src/resource/default/780-439.png?_v=201906280941017d9', 'https://s1.ljcdn.com/matrix_lianjia_pc/dist/pc/src/resource/default/780-439.png?_v=201906280941017d9', 'https://s1.ljcdn.com/matrix_lianjia_pc/dist/pc/src/resource/default/780-439.png?_v=201906280941017d9', 'https://s1.ljcdn.com/matrix_lianjia_pc/dist/pc/src/resource/default/780-439.png?_v=201906280941017d9', 'https://s1.ljcdn.com/matrix_lianjia_pc/dist/pc/src/resource/default/780-439.png?_v=201906280941017d9']",6天前,随时入住,1~12个月,随时可看,26/26层,暂无数据,暂无数据,暂无数据,暂无数据,暂无数据,暂无数据,"['公寓', '月租', '近地铁', '精装', '押一付一', '双卫生间', '新上', '随时看房']","['4号线(龙华线) - 龙胜', '446m', '4号线(龙华线) - 上塘', '572m']",22.647465095155,114.01834430836
https://sz.lianjia.com/zufang/SZ2052895888384466944.html,坪山区,坪山,整租·丹梓龙庭 4室2厅 南/北,3000元/月 (月付价),整租,4室2厅2卫,142㎡,朝南 北,"['https://image1.ljcdn.com/440300-inspection/7be486da-bc56-458b-a327-82d12ee2715c.jpg.780x439.jpg', 'https://s1.ljcdn.com/matrix_lianjia_pc/dist/pc/src/resource/default/780-439.png?_v=201906280941017d9', 'https://s1.ljcdn.com/matrix_lianjia_pc/dist/pc/src/resource/default/780-439.png?_v=201906280941017d9', 'https://s1.ljcdn.com/matrix_lianjia_pc/dist/pc/src/resource/default/780-439.png?_v=201906280941017d9', 'https://s1.ljcdn.com/matrix_lianjia_pc/dist/pc/src/resource/default/780-439.png?_v=201906280941017d9', 'https://s1.ljcdn.com/matrix_lianjia_pc/dist/pc/src/resource/default/780-439.png?_v=201906280941017d9', 'https://s1.ljcdn.com/matrix_lianjia_pc/dist/pc/src/resource/default/780-439.png?_v=201906280941017d9', 'https://s1.ljcdn.com/matrix_lianjia_pc/dist/pc/src/resource/default/780-439.png?_v=201906280941017d9', 'https://s1.ljcdn.com/matrix_lianjia_pc/dist/pc/src/resource/default/780-439.png?_v=201906280941017d9', 'https://s1.ljcdn.com/matrix_lianjia_pc/dist/pc/src/resource/default/780-439.png?_v=201906280941017d9']",10个月前,随时入住,暂无数据,需提前预约,高楼层/28层,有,暂无数据,商水,商电,有,暂无数据,['双卫生间'],[],22.74768,114.401488
https://sz.lianjia.com/zufang/SZ2282626309471608832.html,光明区,公明,整租·光明1号 3室2厅 南,4500元/月 ,整租,3室2厅1卫,83㎡,朝南,"['https://image1.ljcdn.com/440300-inspection/prod-d0fa207b-2c21-41c2-a814-b4f05febc3e2.jpg.780x439.jpg', 'https://s1.ljcdn.com/matrix_lianjia_pc/dist/pc/src/resource/default/780-439.png?_v=201906280941017d9', 'https://s1.ljcdn.com/matrix_lianjia_pc/dist/pc/src/resource/default/780-439.png?_v=201906280941017d9', 'https://s1.ljcdn.com/matrix_lianjia_pc/dist/pc/src/resource/default/780-439.png?_v=201906280941017d9', 'https://s1.ljcdn.com/matrix_lianjia_pc/dist/pc/src/resource/default/780-439.png?_v=201906280941017d9', 'https://s1.ljcdn.com/matrix_lianjia_pc/dist/pc/src/resource/default/780-439.png?_v=201906280941017d9', 'https://s1.ljcdn.com/matrix_lianjia_pc/dist/pc/src/resource/default/780-439.png?_v=201906280941017d9', 'https://s1.ljcdn.com/matrix_lianjia_pc/dist/pc/src/resource/default/780-439.png?_v=201906280941017d9']",10天前,随时入住,2~3年,需提前预约,中楼层/33层,有,暂无数据,民水,民电,有,暂无数据,['精装'],[],22.740888,113.935798
https://sz.lianjia.com/zufang/SZ2275978392148901888.html,龙华区,观澜,金地鹭湖1号 3室2厅 南,4800元/月 ,租赁方式未知,3室2厅2卫,89㎡,朝南,"['https://image1.ljcdn.com/440300-inspection/57a5ef2f-997c-47a6-a349-306a9bffc20d.jpg.780x439.jpg', 'https://s1.ljcdn.com/matrix_lianjia_pc/dist/pc/src/resource/default/780-439.png?_v=201906280941017d9', 'https://s1.ljcdn.com/matrix_lianjia_pc/dist/pc/src/resource/default/780-439.png?_v=201906280941017d9', 'https://s1.ljcdn.com/matrix_lianjia_pc/dist/pc/src/resource/default/780-439.png?_v=201906280941017d9', 'https://s1.ljcdn.com/matrix_lianjia_pc/dist/pc/src/resource/default/780-439.png?_v=201906280941017d9', 'https://s1.ljcdn.com/matrix_lianjia_pc/dist/pc/src/resource/default/780-439.png?_v=201906280941017d9', 'https://s1.ljcdn.com/matrix_lianjia_pc/dist/pc/src/resource/default/780-439.png?_v=201906280941017d9', 'https://s1.ljcdn.com/matrix_lianjia_pc/dist/pc/src/resource/default/780-439.png?_v=201906280941017d9', 'https://s1.ljcdn.com/matrix_lianjia_pc/dist/pc/src/resource/default/780-439.png?_v=201906280941017d9', 'https://s1.ljcdn.com/matrix_lianjia_pc/dist/pc/src/resource/default/780-439.png?_v=201906280941017d9']",17天前,2019-07-01,暂无数据,需提前预约,低楼层/16层,有,暂无数据,民水,民电,有,暂无数据,[],[],22.699876,114.064417
