房源地址,行政区,位置,标题,租金,租赁方式,户型,面积,朝向,图片列表,发布时间,入住时间,租期,看房时间,楼层,电梯,车位,用水,用电,燃气,采暖,标签,station,latitude,longtitude
https://sz.lianjia.com/apartment/17816.html,,,职业房东 · 沙尾西柚店,"
职业房东 · 沙尾西柚店

          2680元/月起

",,,,,['https://image1.ljcdn.com/rent-user-avatar/957c6cec-f76a-4096-a0f9-c2c701830342.1150x.jpg'],,,,,,,,,,,,,[],22.524653,114.044245
https://sz.lianjia.com/apartment/10134.html,,,田园牧歌 · 双城世纪店,"
田园牧歌 · 双城世纪店

          3900元/月起

",,,,,"['https://image1.ljcdn.com/rent-user-avatar/1202f572-b465-4af9-bc05-18ad5a728567.1150x.jpg', 'https://s1.ljcdn.com/matrix_lianjia_pc/dist/pc/src/resource/default/1150-450.png?_v=201906280941017d9']",,,,,,,,,,,,,[],22.539506,114.127137
https://sz.lianjia.com/apartment/17053.html,,,朗诗寓 · 园岭店,"
朗诗寓 · 园岭店

          2800元/月起

",,,,,"['https://image1.ljcdn.com/rent-user-avatar/729ed690-1b51-4dfc-9de1-dab295c03c99.1150x.jpg', 'https://s1.ljcdn.com/matrix_lianjia_pc/dist/pc/src/resource/default/1150-450.png?_v=201906280941017d9', 'https://s1.ljcdn.com/matrix_lianjia_pc/dist/pc/src/resource/default/1150-450.png?_v=201906280941017d9', 'https://s1.ljcdn.com/matrix_lianjia_pc/dist/pc/src/resource/default/1150-450.png?_v=201906280941017d9', 'https://s1.ljcdn.com/matrix_lianjia_pc/dist/pc/src/resource/default/1150-450.png?_v=201906280941017d9', 'https://s1.ljcdn.com/matrix_lianjia_pc/dist/pc/src/resource/default/1150-450.png?_v=201906280941017d9', 'https://s1.ljcdn.com/matrix_lianjia_pc/dist/pc/src/resource/default/1150-450.png?_v=201906280941017d9', 'https://s1.ljcdn.com/matrix_lianjia_pc/dist/pc/src/resource/default/1150-450.png?_v=201906280941017d9', 'https://s1.ljcdn.com/matrix_lianjia_pc/dist/pc/src/resource/default/1150-450.png?_v=201906280941017d9']",,,,,,,,,,,,,[],22.563832,114.10662
https://sz.lianjia.com/zufang/SZ2269551527196622848.html,福田区,香梅北,整租·深房传麒景苑 1室0厅 南,4600元/月 (月付价),整租,1室0厅1卫,27㎡,朝南,"['https://image1.ljcdn.com/rent-user-avatar/13540d8d-6b05-424e-a2b8-d5f5e78d57ee.780x439.jpg', 'https://s1.ljcdn.com/matrix_lianjia_pc/dist/pc/src/resource/default/780-439.png?_v=201906280941017d9', 'https://s1.ljcdn.com/matrix_lianjia_pc/dist/pc/src/resource/default/780-439.png?_v=201906280941017d9', 'https://s1.ljcdn.com/matrix_lianjia_pc/dist/pc/src/resource/default/780-439.png?_v=201906280941017d9', 'https://s1.ljcdn.com/matrix_lianjia_pc/dist/pc/src/resource/default/780-439.png?_v=201906280941017d9', 'https://s1.ljcdn.com/matrix_lianjia_pc/dist/pc/src/resource/default/780-439.png?_v=201906280941017d9', 'https://s1.ljcdn.com/matrix_lianjia_pc/dist/pc/src/resource/default/780-439.png?_v=201906280941017d9', 'https://s1.ljcdn.com/matrix_lianjia_pc/dist/pc/src/resource/default/780-439.png?_v=201906280941017d9']",28天前,随时入住,6个月以上,随时可看,14/32层,暂无数据,暂无数据,暂无数据,暂无数据,暂无数据,暂无数据,"['月租', '精装', '随时看房']",[],22.564201,114.042966
https://sz.lianjia.com/zufang/SZ2268586734659051520.html,龙岗区,龙岗中心城,整租·远洋新干线一期 3室2厅 南,3500元/月 (月付价),整租,3室2厅2卫,48㎡,朝南,"['https://image1.ljcdn.com/rent-user-avatar/168db380-d88a-4691-b3b2-153317a9bab0.780x439.jpg', 'https://s1.ljcdn.com/matrix_lianjia_pc/dist/pc/src/resource/default/780-439.png?_v=201906280941017d9', 'https://s1.ljcdn.com/matrix_lianjia_pc/dist/pc/src/resource/default/780-439.png?_v=201906280941017d9', 'https://s1.ljcdn.com/matrix_lianjia_pc/dist/pc/src/resource/default/780-439.png?_v=201906280941017d9', 'https://s1.ljcdn.com/matrix_lianjia_pc/dist/pc/src/resource/default/780-439.png?_v=201906280941017d9', 'https://s1.ljcdn.com/matrix_lianjia_pc/dist/pc/src/resource/default/780-439.png?_v=201906280941017d9']",29天前,随时入住,6~36个月,随时可看,12/32层,有,暂无数据,民水,民电,无,暂无数据,"['公寓', '月租', '近地铁', '精装', '双卫生间', '随时看房']","['3号线(龙岗线) - 南联', '516m', '3号线(龙岗线) - 龙城广场', '691m']",22.724439,114.268117
https://sz.lianjia.com/apartment/18229.html,,,职业房东 · 民治店,"
职业房东 · 民治店

          1680元/月起

",,,,,"['https://image1.ljcdn.com/rent-user-avatar/d742223c-d7f3-4622-9ecd-1c649f9f64bd.1150x.jpg', 'https://s1.ljcdn.com/matrix_lianjia_pc/dist/pc/src/resource/default/1150-450.png?_v=201906280941017d9']",,,,,,,,,,,,,[],22.625281,114.047643
https://sz.lianjia.com/zufang/SZ2232557490485067776.html,福田区,石厦,整租·石厦村 1室0厅 南,3300元/月 (月付价),整租,1室0厅1卫,30㎡,朝南,"['https://image1.ljcdn.com/rent-user-avatar/bb4d9810-ae75-4dee-aa8c-52940ffe8fc2.780x439.jpg', 'https://s1.ljcdn.com/matrix_lianjia_pc/dist/pc/src/resource/default/780-439.png?_v=201906280941017d9', 'https://s1.ljcdn.com/matrix_lianjia_pc/dist/pc/src/resource/default/780-439.png?_v=201906280941017d9', 'https://s1.ljcdn.com/matrix_lianjia_pc/dist/pc/src/resource/default/780-439.png?_v=201906280941017d9', 'https://s1.ljcdn.com/matrix_lianjia_pc/dist/pc/src/resource/default/780-439.png?_v=201906280941017d9', 'https://s1.ljcdn.com/matrix_lianjia_pc/dist/pc/src/resource/default/780-439.png?_v=201906280941017d9', 'https://s1.ljcdn.com/matrix_lianjia_pc/dist/pc/src/resource/default/780-439.png?_v=201906280941017d9']",2个月前,随时入住,1~3年,随时可看,2/7层,暂无数据,暂无数据,暂无数据,暂无数据,暂无数据,暂无数据,"['公寓', '精装', '随时看房']",[],22.527451,114.056288
https://sz.lianjia.com/zufang/SZ2285480664768200704.html,龙岗区,龙岗中心城,合租·星河上寓 1居室 南卧,3200元/月 (月付价),合租,1室1厅1卫,51㎡,朝南,"['https://image1.ljcdn.com/rent-user-avatar/006aabd5-16ef-4d8d-8e39-b2d3d7cd379c.780x439.jpg', 'https://s1.ljcdn.com/matrix_lianjia_pc/dist/pc/src/resource/default/780-439.png?_v=201906280941017d9', 'https://s1.ljcdn.com/matrix_lianjia_pc/dist/pc/src/resource/default/780-439.png?_v=201906280941017d9', 'https://s1.ljcdn.com/matrix_lianjia_pc/dist/pc/src/resource/default/780-439.png?_v=201906280941017d9', 'https://s1.ljcdn.com/matrix_lianjia_pc/dist/pc/src/resource/default/780-439.png?_v=201906280941017d9', 'https://s1.ljcdn.com/matrix_lianjia_pc/dist/pc/src/resource/default/780-439.png?_v=201906280941017d9', 'https://s1.ljcdn.com/matrix_lianjia_pc/dist/pc/src/resource/default/780-439.png?_v=201906280941017d9', 'https://s1.ljcdn.com/matrix_lianjia_pc/dist/pc/src/resource/default/780-439.png?_v=201906280941017d9', 'https://s1.ljcdn.com/matrix_lianjia_pc/dist/pc/src/resource/default/780-439.png?_v=201906280941017d9', 'https://s1.ljcdn.com/matrix_lianjia_pc/dist/pc/src/resource/default/780-439.png?_v=201906280941017d9']",6天前,随时入住,1~2年,随时可看,31/33层,暂无数据,暂无数据,商水,商电,有,暂无数据,"['独立卫生间', '精装', '新上', '随时看房']",[],22.725152,114.243847
https://sz.lianjia.com/zufang/SZ2262366880016900096.html,龙岗区,龙岗中心城,整租·金地龙城中央二期 3室2厅 南,4000元/月 (月付价),整租,3室2厅2卫,89㎡,朝南,"['https://image1.ljcdn.com/rent-user-avatar/209e738a-259f-460f-aa75-25e388b487f9.780x439.jpg', 'https://s1.ljcdn.com/matrix_lianjia_pc/dist/pc/src/resource/default/780-439.png?_v=201906280941017d9', 'https://s1.ljcdn.com/matrix_lianjia_pc/dist/pc/src/resource/default/780-439.png?_v=201906280941017d9', 'https://s1.ljcdn.com/matrix_lianjia_pc/dist/pc/src/resource/default/780-439.png?_v=201906280941017d9', 'https://s1.ljcdn.com/matrix_lianjia_pc/dist/pc/src/resource/default/780-439.png?_v=201906280941017d9', 'https://s1.ljcdn.com/matrix_lianjia_pc/dist/pc/src/resource/default/780-439.png?_v=201906280941017d9', 'https://s1.ljcdn.com/matrix_lianjia_pc/dist/pc/src/resource/default/780-439.png?_v=201906280941017d9', 'https://s1.ljcdn.com/matrix_lianjia_pc/dist/pc/src/resource/default/780-439.png?_v=201906280941017d9', 'https://s1.ljcdn.com/matrix_lianjia_pc/dist/pc/src/resource/default/780-439.png?_v=201906280941017d9']",1个月前,随时入住,6~36个月,随时可看,27/32层,有,暂无数据,民水,民电,有,暂无数据,"['公寓', '月租', '近地铁', '精装', '双卫生间', '随时看房']","['3号线(龙岗线) - 龙城广场', '559m', '3号线(龙岗线) - 吉祥', '904m']",22.719084,114.258273
https://sz.lianjia.com/zufang/SZ2244201780768407552.html,龙岗区,龙岗中心城,整租·星河上寓 2室1厅 南,3600元/月 (月付价),整租,2室1厅1卫,68㎡,朝南,"['https://image1.ljcdn.com/rent-user-avatar/2fc0e7fa-41ed-49e7-93f5-692a902919cb.780x439.jpg', 'https://s1.ljcdn.com/matrix_lianjia_pc/dist/pc/src/resource/default/780-439.png?_v=201906280941017d9', 'https://s1.ljcdn.com/matrix_lianjia_pc/dist/pc/src/resource/default/780-439.png?_v=201906280941017d9', 'https://s1.ljcdn.com/matrix_lianjia_pc/dist/pc/src/resource/default/780-439.png?_v=201906280941017d9', 'https://s1.ljcdn.com/matrix_lianjia_pc/dist/pc/src/resource/default/780-439.png?_v=201906280941017d9', 'https://s1.ljcdn.com/matrix_lianjia_pc/dist/pc/src/resource/default/780-439.png?_v=201906280941017d9']",2个月前,随时入住,1年,随时可看,26/33层,暂无数据,暂无数据,商水,商电,有,暂无数据,"['公寓', '精装', '随时看房']",[],22.725198,114.24391
https://sz.lianjia.com/zufang/SZ2268106133983985664.html,龙岗区,龙岗中心城,整租·万科天誉二期 2室2厅 东/东南/南/西南/西,4000元/月 (月付价),整租,2室2厅2卫,66㎡,朝东 东南 南 西南 西,"['https://image1.ljcdn.com/rent-user-avatar/0d7737ce-9f57-4f42-80cd-abf3b03f1364.780x439.jpg', 'https://s1.ljcdn.com/matrix_lianjia_pc/dist/pc/src/resource/default/780-439.png?_v=201906280941017d9', 'https://s1.ljcdn.com/matrix_lianjia_pc/dist/pc/src/resource/default/780-439.png?_v=201906280941017d9', 'https://s1.ljcdn.com/matrix_lianjia_pc/dist/pc/src/resource/default/780-439.png?_v=201906280941017d9', 'https://s1.ljcdn.com/matrix_lianjia_pc/dist/pc/src/resource/default/780-439.png?_v=201906280941017d9', 'https://s1.ljcdn.com/matrix_lianjia_pc/dist/pc/src/resource/default/780-439.png?_v=201906280941017d9', 'https://s1.ljcdn.com/matrix_lianjia_pc/dist/pc/src/resource/default/780-439.png?_v=201906280941017d9', 'https://s1.ljcdn.com/matrix_lianjia_pc/dist/pc/src/resource/default/780-439.png?_v=201906280941017d9', 'https://s1.ljcdn.com/matrix_lianjia_pc/dist/pc/src/resource/default/780-439.png?_v=201906280941017d9', 'https://s1.ljcdn.com/matrix_lianjia_pc/dist/pc/src/resource/default/780-439.png?_v=201906280941017d9', 'https://s1.ljcdn.com/matrix_lianjia_pc/dist/pc/src/resource/default/780-439.png?_v=201906280941017d9', 'https://s1.ljcdn.com/matrix_lianjia_pc/dist/pc/src/resource/default/780-439.png?_v=201906280941017d9', 'https://s1.ljcdn.com/matrix_lianjia_pc/dist/pc/src/resource/default/780-439.png?_v=201906280941017d9']",1个月前,随时入住,1年,随时可看,10/33层,有,暂无数据,暂无数据,暂无数据,有,暂无数据,"['公寓', '近地铁', '精装', '双卫生间', '随时看房']","['3号线(龙岗线) - 吉祥', '537m', '3号线(龙岗线) - 龙城广场', '1124m']",22.717501,114.251789
https://sz.lianjia.com/apartment/10531.html,,,耶姆行政公寓 · 星河传奇店,"
耶姆行政公寓 · 星河传奇店

          4800元/月起

",,,,,"['https://image1.ljcdn.com/rent-user-avatar/429bd90f-d989-4099-abb6-f0150f40ed72.1150x.jpg', 'https://s1.ljcdn.com/matrix_lianjia_pc/dist/pc/src/resource/default/1150-450.png?_v=201906280941017d9', 'https://s1.ljcdn.com/matrix_lianjia_pc/dist/pc/src/resource/default/1150-450.png?_v=201906280941017d9']",,,,,,,,,,,,,[],22.636013,114.02634
https://sz.lianjia.com/apartment/10134.html,,,田园牧歌 · 双城世纪店,"
田园牧歌 · 双城世纪店

          3900元/月起

",,,,,"['https://image1.ljcdn.com/rent-user-avatar/1202f572-b465-4af9-bc05-18ad5a728567.1150x.jpg', 'https://s1.ljcdn.com/matrix_lianjia_pc/dist/pc/src/resource/default/1150-450.png?_v=201906280941017d9']",,,,,,,,,,,,,[],22.539506,114.127137
https://sz.lianjia.com/zufang/SZ2205109460350287872.html,龙岗区,龙岗中心城,整租·星河上寓 2室1厅 南,3600元/月 (月付价),整租,2室1厅1卫,66㎡,朝南,"['https://image1.ljcdn.com/rent-user-avatar/34fb9145-173d-4747-9354-d19bee1ed262.780x439.jpg', 'https://s1.ljcdn.com/matrix_lianjia_pc/dist/pc/src/resource/default/780-439.png?_v=201906280941017d9', 'https://s1.ljcdn.com/matrix_lianjia_pc/dist/pc/src/resource/default/780-439.png?_v=201906280941017d9', 'https://s1.ljcdn.com/matrix_lianjia_pc/dist/pc/src/resource/default/780-439.png?_v=201906280941017d9', 'https://s1.ljcdn.com/matrix_lianjia_pc/dist/pc/src/resource/default/780-439.png?_v=201906280941017d9', 'https://s1.ljcdn.com/matrix_lianjia_pc/dist/pc/src/resource/default/780-439.png?_v=201906280941017d9', 'https://s1.ljcdn.com/matrix_lianjia_pc/dist/pc/src/resource/default/780-439.png?_v=201906280941017d9']",3个月前,随时入住,6~36个月,随时可看,20/33层,暂无数据,租用车位,商水,商电,有,暂无数据,"['公寓', '月租', '精装', '随时看房']",[],22.725198,114.24391
https://sz.lianjia.com/apartment/17621.html,,,独秀和寓 · 坪洲店,"
独秀和寓 · 坪洲店

          3300元/月起

",,,,,['https://image1.ljcdn.com/rent-user-avatar/e5550c28-9922-4abc-aece-0d06ef37eca0.1150x.jpg'],,,,,,,,,,,,,[],22.579911,113.880804
https://sz.lianjia.com/apartment/17470.html,,,合景昕舍 · 坂田雪象店,"
合景昕舍 · 坂田雪象店

          1950元/月起

",,,,,"['https://image1.ljcdn.com/rent-user-avatar/429b8aee-fc0d-449d-a1d9-eefcc84482c4.1150x.jpg', 'https://s1.ljcdn.com/matrix_lianjia_pc/dist/pc/src/resource/default/1150-450.png?_v=201906280941017d9', 'https://s1.ljcdn.com/matrix_lianjia_pc/dist/pc/src/resource/default/1150-450.png?_v=201906280941017d9', 'https://s1.ljcdn.com/matrix_lianjia_pc/dist/pc/src/resource/default/1150-450.png?_v=201906280941017d9', 'https://s1.ljcdn.com/matrix_lianjia_pc/dist/pc/src/resource/default/1150-450.png?_v=201906280941017d9']",,,,,,,,,,,,,[],22.662022,114.086476
https://sz.lianjia.com/apartment/10134.html,,,田园牧歌 · 双城世纪店,"
田园牧歌 · 双城世纪店

          3900元/月起

",,,,,"['https://image1.ljcdn.com/rent-user-avatar/1202f572-b465-4af9-bc05-18ad5a728567.1150x.jpg', 'https://s1.ljcdn.com/matrix_lianjia_pc/dist/pc/src/resource/default/1150-450.png?_v=201906280941017d9']",,,,,,,,,,,,,[],22.539506,114.127137
https://sz.lianjia.com/apartment/2863.html,,,星辉青年公寓 · 洪浪北店,"
星辉青年公寓 · 洪浪北店

          1500元/月起

",,,,,['https://image1.ljcdn.com/rent-user-avatar/e3f984da-28a2-4dbc-93ea-5ef8560651a8.1150x.jpg'],,,,,,,,,,,,,[],22.585004,113.914632
https://sz.lianjia.com/apartment/6441.html,,,深圳易居公寓 · 深圳易居公寓,"
深圳易居公寓 · 深圳易居公寓

          1800元/月起

",,,,,"['https://image1.ljcdn.com/rent-user-avatar/5eb51afd-cc53-4b06-92f8-f600a7abee41.1150x.jpg', 'https://s1.ljcdn.com/matrix_lianjia_pc/dist/pc/src/resource/default/1150-450.png?_v=201906280941017d9', 'https://s1.ljcdn.com/matrix_lianjia_pc/dist/pc/src/resource/default/1150-450.png?_v=201906280941017d9', 'https://s1.ljcdn.com/matrix_lianjia_pc/dist/pc/src/resource/default/1150-450.png?_v=201906280941017d9', 'https://s1.ljcdn.com/matrix_lianjia_pc/dist/pc/src/resource/default/1150-450.png?_v=201906280941017d9', 'https://s1.ljcdn.com/matrix_lianjia_pc/dist/pc/src/resource/default/1150-450.png?_v=201906280941017d9', 'https://s1.ljcdn.com/matrix_lianjia_pc/dist/pc/src/resource/default/1150-450.png?_v=201906280941017d9']",,,,,,,,,,,,,[],22.626968,114.049601
https://sz.lianjia.com/apartment/17470.html,,,合景昕舍 · 坂田雪象店,"
合景昕舍 · 坂田雪象店

          1950元/月起

",,,,,"['https://image1.ljcdn.com/rent-user-avatar/429b8aee-fc0d-449d-a1d9-eefcc84482c4.1150x.jpg', 'https://s1.ljcdn.com/matrix_lianjia_pc/dist/pc/src/resource/default/1150-450.png?_v=201906280941017d9', 'https://s1.ljcdn.com/matrix_lianjia_pc/dist/pc/src/resource/default/1150-450.png?_v=201906280941017d9', 'https://s1.ljcdn.com/matrix_lianjia_pc/dist/pc/src/resource/default/1150-450.png?_v=201906280941017d9', 'https://s1.ljcdn.com/matrix_lianjia_pc/dist/pc/src/resource/default/1150-450.png?_v=201906280941017d9']",,,,,,,,,,,,,[],22.662022,114.086476
https://sz.lianjia.com/apartment/17053.html,,,朗诗寓 · 园岭店,"
朗诗寓 · 园岭店

          2800元/月起

",,,,,"['https://image1.ljcdn.com/rent-user-avatar/729ed690-1b51-4dfc-9de1-dab295c03c99.1150x.jpg', 'https://s1.ljcdn.com/matrix_lianjia_pc/dist/pc/src/resource/default/1150-450.png?_v=201906280941017d9', 'https://s1.ljcdn.com/matrix_lianjia_pc/dist/pc/src/resource/default/1150-450.png?_v=201906280941017d9', 'https://s1.ljcdn.com/matrix_lianjia_pc/dist/pc/src/resource/default/1150-450.png?_v=201906280941017d9', 'https://s1.ljcdn.com/matrix_lianjia_pc/dist/pc/src/resource/default/1150-450.png?_v=201906280941017d9', 'https://s1.ljcdn.com/matrix_lianjia_pc/dist/pc/src/resource/default/1150-450.png?_v=201906280941017d9', 'https://s1.ljcdn.com/matrix_lianjia_pc/dist/pc/src/resource/default/1150-450.png?_v=201906280941017d9', 'https://s1.ljcdn.com/matrix_lianjia_pc/dist/pc/src/resource/default/1150-450.png?_v=201906280941017d9', 'https://s1.ljcdn.com/matrix_lianjia_pc/dist/pc/src/resource/default/1150-450.png?_v=201906280941017d9']",,,,,,,,,,,,,[],22.563832,114.10662
https://sz.lianjia.com/apartment/17816.html,,,职业房东 · 沙尾西柚店,"
职业房东 · 沙尾西柚店

          2680元/月起

",,,,,['https://image1.ljcdn.com/rent-user-avatar/957c6cec-f76a-4096-a0f9-c2c701830342.1150x.jpg'],,,,,,,,,,,,,[],22.524653,114.044245
https://sz.lianjia.com/zufang/SZ2195552938401996800.html,罗湖区,罗湖口岸,合租·裕安花园 5居室 南卧,4000元/月 (月付价),合租,5室0厅3卫,20㎡,朝南,"['https://image1.ljcdn.com/rent-user-avatar/050e2484-911b-417f-8a24-0e0c9a625173.780x439.jpg', 'https://s1.ljcdn.com/matrix_lianjia_pc/dist/pc/src/resource/default/780-439.png?_v=201906280941017d9', 'https://s1.ljcdn.com/matrix_lianjia_pc/dist/pc/src/resource/default/780-439.png?_v=201906280941017d9', 'https://s1.ljcdn.com/matrix_lianjia_pc/dist/pc/src/resource/default/780-439.png?_v=201906280941017d9', 'https://s1.ljcdn.com/matrix_lianjia_pc/dist/pc/src/resource/default/780-439.png?_v=201906280941017d9', 'https://s1.ljcdn.com/matrix_lianjia_pc/dist/pc/src/resource/default/780-439.png?_v=201906280941017d9', 'https://s1.ljcdn.com/matrix_lianjia_pc/dist/pc/src/resource/default/780-439.png?_v=201906280941017d9']",4个月前,随时入住,1~3个月,随时可看,3/7层,暂无数据,租用车位,暂无数据,暂无数据,暂无数据,暂无数据,"['独立卫生间', '月租', '近地铁', '独立阳台', '随时看房']","['9号线 - 鹿丹村', '464m', '1号线(罗宝线) - 罗湖', '969m', '9号线 - 人民南', '1093m', '1号线(罗宝线) - 国贸', '1155m']",22.540070863943,114.11852957384
https://sz.lianjia.com/apartment/2992.html,,,和谐居 · 沙尾西村311栋店,"
和谐居 · 沙尾西村311栋店

          3230元/月起

",,,,,"['https://image1.ljcdn.com/rent-user-avatar/a8c232cc-332b-49b1-8e21-41c06019950c.1150x.jpg', 'https://s1.ljcdn.com/matrix_lianjia_pc/dist/pc/src/resource/default/1150-450.png?_v=201906280941017d9']",,,,,,,,,,,,,[],22.525241,114.047646
https://sz.lianjia.com/apartment/8593.html,,,职业房东 · 新洲店,"
职业房东 · 新洲店

          2880元/月起

",,,,,"['https://image1.ljcdn.com/rent-user-avatar/9a0db091-ada1-4e57-a90a-2cf192e82eb2.1150x.jpg', 'https://s1.ljcdn.com/matrix_lianjia_pc/dist/pc/src/resource/default/1150-450.png?_v=201906280941017d9', 'https://s1.ljcdn.com/matrix_lianjia_pc/dist/pc/src/resource/default/1150-450.png?_v=201906280941017d9', 'https://s1.ljcdn.com/matrix_lianjia_pc/dist/pc/src/resource/default/1150-450.png?_v=201906280941017d9']",,,,,,,,,,,,,[],22.528503,114.054352
https://sz.lianjia.com/apartment/17053.html,,,朗诗寓 · 园岭店,"
朗诗寓 · 园岭店

          2800元/月起

",,,,,"['https://image1.ljcdn.com/rent-user-avatar/729ed690-1b51-4dfc-9de1-dab295c03c99.1150x.jpg', 'https://s1.ljcdn.com/matrix_lianjia_pc/dist/pc/src/resource/default/1150-450.png?_v=201906280941017d9', 'https://s1.ljcdn.com/matrix_lianjia_pc/dist/pc/src/resource/default/1150-450.png?_v=201906280941017d9', 'https://s1.ljcdn.com/matrix_lianjia_pc/dist/pc/src/resource/default/1150-450.png?_v=201906280941017d9', 'https://s1.ljcdn.com/matrix_lianjia_pc/dist/pc/src/resource/default/1150-450.png?_v=201906280941017d9', 'https://s1.ljcdn.com/matrix_lianjia_pc/dist/pc/src/resource/default/1150-450.png?_v=201906280941017d9', 'https://s1.ljcdn.com/matrix_lianjia_pc/dist/pc/src/resource/default/1150-450.png?_v=201906280941017d9', 'https://s1.ljcdn.com/matrix_lianjia_pc/dist/pc/src/resource/default/1150-450.png?_v=201906280941017d9', 'https://s1.ljcdn.com/matrix_lianjia_pc/dist/pc/src/resource/default/1150-450.png?_v=201906280941017d9']",,,,,,,,,,,,,[],22.563832,114.10662
https://sz.lianjia.com/zufang/SZ2239644311656873984.html,龙岗区,龙岗中心城,整租·星河上寓 2室1厅 南,3500元/月 (月付价),整租,2室1厅1卫,68㎡,朝 南,"['https://image1.ljcdn.com/rent-user-avatar/0d9242fd-831b-465a-b3f1-40d8d0c265ca.780x439.jpg', 'https://s1.ljcdn.com/matrix_lianjia_pc/dist/pc/src/resource/default/780-439.png?_v=201906280941017d9', 'https://s1.ljcdn.com/matrix_lianjia_pc/dist/pc/src/resource/default/780-439.png?_v=201906280941017d9', 'https://s1.ljcdn.com/matrix_lianjia_pc/dist/pc/src/resource/default/780-439.png?_v=201906280941017d9', 'https://s1.ljcdn.com/matrix_lianjia_pc/dist/pc/src/resource/default/780-439.png?_v=201906280941017d9', 'https://s1.ljcdn.com/matrix_lianjia_pc/dist/pc/src/resource/default/780-439.png?_v=201906280941017d9', 'https://s1.ljcdn.com/matrix_lianjia_pc/dist/pc/src/resource/default/780-439.png?_v=201906280941017d9', 'https://s1.ljcdn.com/matrix_lianjia_pc/dist/pc/src/resource/default/780-439.png?_v=201906280941017d9']",2个月前,随时入住,1~2年,随时可看,30/33层,暂无数据,暂无数据,商水,商电,有,暂无数据,"['精装', '随时看房']",[],22.725198,114.24391
https://sz.lianjia.com/zufang/SZ2247557507520135168.html,龙岗区,龙岗中心城,整租·万科天誉二期 2室1厅 南,4800元/月 (月付价),整租,2室1厅1卫,66㎡,朝南,"['https://image1.ljcdn.com/rent-user-avatar/459ad06e-0e53-440a-87eb-9a601362234d.780x439.jpg', 'https://s1.ljcdn.com/matrix_lianjia_pc/dist/pc/src/resource/default/780-439.png?_v=201906280941017d9', 'https://s1.ljcdn.com/matrix_lianjia_pc/dist/pc/src/resource/default/780-439.png?_v=201906280941017d9', 'https://s1.ljcdn.com/matrix_lianjia_pc/dist/pc/src/resource/default/780-439.png?_v=201906280941017d9', 'https://s1.ljcdn.com/matrix_lianjia_pc/dist/pc/src/resource/default/780-439.png?_v=201906280941017d9', 'https://s1.ljcdn.com/matrix_lianjia_pc/dist/pc/src/resource/default/780-439.png?_v=201906280941017d9', 'https://s1.ljcdn.com/matrix_lianjia_pc/dist/pc/src/resource/default/780-439.png?_v=201906280941017d9', 'https://s1.ljcdn.com/matrix_lianjia_pc/dist/pc/src/resource/default/780-439.png?_v=201906280941017d9', 'https://s1.ljcdn.com/matrix_lianjia_pc/dist/pc/src/resource/default/780-439.png?_v=201906280941017d9', 'https://s1.ljcdn.com/matrix_lianjia_pc/dist/pc/src/resource/default/780-439.png?_v=201906280941017d9', 'https://s1.ljcdn.com/matrix_lianjia_pc/dist/pc/src/resource/default/780-439.png?_v=201906280941017d9', 'https://s1.ljcdn.com/matrix_lianjia_pc/dist/pc/src/resource/default/780-439.png?_v=201906280941017d9']",1个月前,随时入住,6~36个月,随时可看,22/33层,有,暂无数据,暂无数据,暂无数据,有,暂无数据,"['公寓', '月租', '近地铁', '精装', '随时看房']","['3号线(龙岗线) - 吉祥', '537m', '3号线(龙岗线) - 龙城广场', '1124m']",22.717501,114.251789
https://sz.lianjia.com/zufang/SZ2195547234987687936.html,罗湖区,罗湖口岸,合租·裕安花园 5居室 南卧,3300元/月 (月付价),合租,5室0厅3卫,12㎡,朝南,"['https://image1.ljcdn.com/rent-user-avatar/79bccad3-5e72-46ce-908f-061561a3d33f.780x439.jpg', 'https://s1.ljcdn.com/matrix_lianjia_pc/dist/pc/src/resource/default/780-439.png?_v=201906280941017d9', 'https://s1.ljcdn.com/matrix_lianjia_pc/dist/pc/src/resource/default/780-439.png?_v=201906280941017d9', 'https://s1.ljcdn.com/matrix_lianjia_pc/dist/pc/src/resource/default/780-439.png?_v=201906280941017d9', 'https://s1.ljcdn.com/matrix_lianjia_pc/dist/pc/src/resource/default/780-439.png?_v=201906280941017d9', 'https://s1.ljcdn.com/matrix_lianjia_pc/dist/pc/src/resource/default/780-439.png?_v=201906280941017d9']",4个月前,随时入住,1~3个月,随时可看,3/7层,暂无数据,租用车位,暂无数据,暂无数据,暂无数据,暂无数据,"['独立卫生间', '月租', '近地铁', '独立阳台', '随时看房']","['9号线 - 鹿丹村', '464m', '1号线(罗宝线) - 罗湖', '969m', '9号线 - 人民南', '1093m', '1号线(罗宝线) - 国贸', '1155m']",22.540070863943,114.11852957384
https://sz.lianjia.com/zufang/SZ2262023555992518656.html,龙岗区,龙岗中心城,整租·星河上寓 1室1厅 南,3500元/月 (月付价),整租,1室1厅1卫,51㎡,朝 南,"['https://image1.ljcdn.com/rent-user-avatar/adbbb067-8f42-4c37-811d-90ba636d5bc1.780x439.jpg', 'https://s1.ljcdn.com/matrix_lianjia_pc/dist/pc/src/resource/default/780-439.png?_v=201906280941017d9', 'https://s1.ljcdn.com/matrix_lianjia_pc/dist/pc/src/resource/default/780-439.png?_v=201906280941017d9', 'https://s1.ljcdn.com/matrix_lianjia_pc/dist/pc/src/resource/default/780-439.png?_v=201906280941017d9', 'https://s1.ljcdn.com/matrix_lianjia_pc/dist/pc/src/resource/default/780-439.png?_v=201906280941017d9', 'https://s1.ljcdn.com/matrix_lianjia_pc/dist/pc/src/resource/default/780-439.png?_v=201906280941017d9']",1个月前,随时入住,1~2年,随时可看,26/33层,暂无数据,暂无数据,商水,商电,有,暂无数据,"['精装', '随时看房']",[],22.725198,114.24391
