房源地址,行政区,位置,标题,租金,租赁方式,户型,面积,朝向,图片列表,发布时间,入住时间,租期,看房时间,楼层,电梯,车位,用水,用电,燃气,采暖,标签,station,latitude,longtitude
https://sz.lianjia.com/apartment/7062.html,,,鲤鱼公寓 · 国贸店,"
鲤鱼公寓 · 国贸店

          3600元/月起

",,,,,"['https://image1.ljcdn.com/rent-user-avatar/b90c2dd0-5aad-42ee-8cf4-1ef98771b58b.1150x.jpg', 'https://s1.ljcdn.com/matrix_lianjia_pc/dist/pc/src/resource/default/1150-450.png?_v=201906280941017d9']",,,,,,,,,,,,,[],22.542978,114.12485
https://sz.lianjia.com/zufang/SZ2289058652998606848.html,坪山区,坪山,京基御景印象二期 3室2厅 南,4000元/月 ,租赁方式未知,3室2厅2卫,129㎡,朝南,"['https://image1.ljcdn.com/440300-inspection/465ec3eb-0eef-46c9-b50e-eb8231213a75.jpg.780x439.jpg', 'https://s1.ljcdn.com/matrix_lianjia_pc/dist/pc/src/resource/default/780-439.png?_v=201906280941017d9', 'https://s1.ljcdn.com/matrix_lianjia_pc/dist/pc/src/resource/default/780-439.png?_v=201906280941017d9', 'https://s1.ljcdn.com/matrix_lianjia_pc/dist/pc/src/resource/default/780-439.png?_v=201906280941017d9', 'https://s1.ljcdn.com/matrix_lianjia_pc/dist/pc/src/resource/default/780-439.png?_v=201906280941017d9', 'https://s1.ljcdn.com/matrix_lianjia_pc/dist/pc/src/resource/default/780-439.png?_v=201906280941017d9', 'https://s1.ljcdn.com/matrix_lianjia_pc/dist/pc/src/resource/default/780-439.png?_v=201906280941017d9', 'https://s1.ljcdn.com/matrix_lianjia_pc/dist/pc/src/resource/default/780-439.png?_v=201906280941017d9', 'https://s1.ljcdn.com/matrix_lianjia_pc/dist/pc/src/resource/default/780-439.png?_v=201906280941017d9']",1天前,2019-07-01,暂无数据,需提前预约,低楼层/33层,有,暂无数据,民水,民电,有,暂无数据,['新上'],[],22.682341,114.34122
https://sz.lianjia.com/zufang/SZ2273090297997574144.html,宝安区,沙井,中熙香莎公馆 3室2厅 南,5000元/月 ,租赁方式未知,3室2厅2卫,88㎡,朝南,"['https://image1.ljcdn.com/440300-inspection/5f62b132-73fa-42dd-b8d5-37e4d21a8bde.jpg.780x439.jpg', 'https://s1.ljcdn.com/matrix_lianjia_pc/dist/pc/src/resource/default/780-439.png?_v=201906280941017d9', 'https://s1.ljcdn.com/matrix_lianjia_pc/dist/pc/src/resource/default/780-439.png?_v=201906280941017d9', 'https://s1.ljcdn.com/matrix_lianjia_pc/dist/pc/src/resource/default/780-439.png?_v=201906280941017d9', 'https://s1.ljcdn.com/matrix_lianjia_pc/dist/pc/src/resource/default/780-439.png?_v=201906280941017d9', 'https://s1.ljcdn.com/matrix_lianjia_pc/dist/pc/src/resource/default/780-439.png?_v=201906280941017d9', 'https://s1.ljcdn.com/matrix_lianjia_pc/dist/pc/src/resource/default/780-439.png?_v=201906280941017d9', 'https://s1.ljcdn.com/matrix_lianjia_pc/dist/pc/src/resource/default/780-439.png?_v=201906280941017d9']",23天前,随时入住,暂无数据,需提前预约,中楼层/32层,暂无数据,暂无数据,民水,民电,有,暂无数据,['随时看房'],[],22.729263,113.81512
https://sz.lianjia.com/zufang/SZ2267888032659283968.html,南山区,南头,荔芳村 1室1厅 南,3400元/月 ,租赁方式未知,1室1厅1卫,37㎡,朝南,"['https://image1.ljcdn.com/440300-inspection/011990bd-effa-4993-920a-ebb67454099a.jpg.780x439.jpg', 'https://s1.ljcdn.com/matrix_lianjia_pc/dist/pc/src/resource/default/780-439.png?_v=201906280941017d9', 'https://s1.ljcdn.com/matrix_lianjia_pc/dist/pc/src/resource/default/780-439.png?_v=201906280941017d9', 'https://s1.ljcdn.com/matrix_lianjia_pc/dist/pc/src/resource/default/780-439.png?_v=201906280941017d9']",16天前,随时入住,暂无数据,需提前预约,高楼层/7层,无,暂无数据,民水,民电,有,暂无数据,"['近地铁', '随时看房']","['11号线 - 南山', '543m', '1号线(罗宝线) - 桃园', '606m', '1号线(罗宝线) - 大新', '1161m']",22.533166819951,113.9294876779
https://sz.lianjia.com/zufang/SZ2274648989947674624.html,福田区,梅林,整租·先科花园 1室1厅 南,4260元/月 (季付价),整租,1室1厅1卫,39㎡,朝南,"['https://image1.ljcdn.com/rent-house-1/636f69b83827f24f7723a443c68fdbb3-1560829572532/717a06f568e1670f3605b2fcdda3ec36.jpg.780x439.jpg', 'https://s1.ljcdn.com/matrix_lianjia_pc/dist/pc/src/resource/default/780-439.png?_v=201906280941017d9', 'https://s1.ljcdn.com/matrix_lianjia_pc/dist/pc/src/resource/default/780-439.png?_v=201906280941017d9', 'https://s1.ljcdn.com/matrix_lianjia_pc/dist/pc/src/resource/default/780-439.png?_v=201906280941017d9', 'https://s1.ljcdn.com/matrix_lianjia_pc/dist/pc/src/resource/default/780-439.png?_v=201906280941017d9', 'https://s1.ljcdn.com/matrix_lianjia_pc/dist/pc/src/resource/default/780-439.png?_v=201906280941017d9', 'https://s1.ljcdn.com/matrix_lianjia_pc/dist/pc/src/resource/default/780-439.png?_v=201906280941017d9', 'https://s1.ljcdn.com/matrix_lianjia_pc/dist/pc/src/resource/default/780-439.png?_v=201906280941017d9']",21天前,随时入住,1年,随时可看,2/7层,暂无数据,暂无数据,暂无数据,暂无数据,暂无数据,暂无数据,"['公寓', '近地铁', '随时看房']","['4号线(龙华线) - 莲花北', '694m', '4号线(龙华线),9号线 - 上梅林', '763m', '9号线 - 孖岭', '882m', '9号线 - 梅村', '1105m']",22.570210702967,114.06797188213
https://sz.lianjia.com/apartment/14184.html,,,格林兰德公寓 · 南头店,"
格林兰德公寓 · 南头店

          3500元/月起

",,,,,"['https://image1.ljcdn.com/rent-user-avatar/bb79548b-f036-4226-ae9d-f6bdcff029d4.1150x.jpg', 'https://s1.ljcdn.com/matrix_lianjia_pc/dist/pc/src/resource/default/1150-450.png?_v=201906280941017d9']",,,,,,,,,,,,,[],22.547625,113.928646
https://sz.lianjia.com/zufang/SZ2289191920666148864.html,罗湖区,翠竹,愉天小区 1室1厅 南,3300元/月 ,租赁方式未知,1室1厅1卫,35㎡,朝南,"['https://image1.ljcdn.com/440300-inspection/98d14b18-61d8-4b7a-bbcd-4275013657ce.jpg.780x439.jpg', 'https://s1.ljcdn.com/matrix_lianjia_pc/dist/pc/src/resource/default/780-439.png?_v=201906280941017d9', 'https://s1.ljcdn.com/matrix_lianjia_pc/dist/pc/src/resource/default/780-439.png?_v=201906280941017d9', 'https://s1.ljcdn.com/matrix_lianjia_pc/dist/pc/src/resource/default/780-439.png?_v=201906280941017d9', 'https://s1.ljcdn.com/matrix_lianjia_pc/dist/pc/src/resource/default/780-439.png?_v=201906280941017d9', 'https://s1.ljcdn.com/matrix_lianjia_pc/dist/pc/src/resource/default/780-439.png?_v=201906280941017d9']",1天前,随时入住,暂无数据,需提前预约,高楼层/7层,无,暂无数据,民水,民电,有,暂无数据,"['近地铁', '新上', '随时看房']","['3号线(龙岗线),7号线 - 田贝', '83m', '7号线 - 洪湖', '464m', '3号线(龙岗线) - 翠竹', '1109m']",22.572486320202,114.13438510895
https://sz.lianjia.com/zufang/SZ2218003165628858368.html,宝安区,福永,怀德峰景 3室1厅 南,5000元/月 ,租赁方式未知,3室1厅1卫,90㎡,朝南,"['https://image1.ljcdn.com/440300-inspection/526c8a04-c6a0-4fd7-bdca-411f68eb4406.jpg.780x439.jpg', 'https://s1.ljcdn.com/matrix_lianjia_pc/dist/pc/src/resource/default/780-439.png?_v=201906280941017d9', 'https://s1.ljcdn.com/matrix_lianjia_pc/dist/pc/src/resource/default/780-439.png?_v=201906280941017d9', 'https://s1.ljcdn.com/matrix_lianjia_pc/dist/pc/src/resource/default/780-439.png?_v=201906280941017d9', 'https://s1.ljcdn.com/matrix_lianjia_pc/dist/pc/src/resource/default/780-439.png?_v=201906280941017d9', 'https://s1.ljcdn.com/matrix_lianjia_pc/dist/pc/src/resource/default/780-439.png?_v=201906280941017d9', 'https://s1.ljcdn.com/matrix_lianjia_pc/dist/pc/src/resource/default/780-439.png?_v=201906280941017d9', 'https://s1.ljcdn.com/matrix_lianjia_pc/dist/pc/src/resource/default/780-439.png?_v=201906280941017d9', 'https://s1.ljcdn.com/matrix_lianjia_pc/dist/pc/src/resource/default/780-439.png?_v=201906280941017d9']",2个月前,随时入住,暂无数据,需提前预约,高楼层/18层,暂无数据,暂无数据,民水,民电,有,暂无数据,['随时看房'],[],22.668766674237,113.82713178589
https://sz.lianjia.com/zufang/SZ2288138115719897088.html,龙岗区,龙岗宝荷,振业天峦 3室1厅 南/北,3700元/月 ,租赁方式未知,3室1厅2卫,89㎡,朝南 北,"['https://image1.ljcdn.com/440300-inspection/a95e2a4e-de95-4b26-a92a-d541384a7d02.jpg.780x439.jpg', 'https://s1.ljcdn.com/matrix_lianjia_pc/dist/pc/src/resource/default/780-439.png?_v=201906280941017d9', 'https://s1.ljcdn.com/matrix_lianjia_pc/dist/pc/src/resource/default/780-439.png?_v=201906280941017d9', 'https://s1.ljcdn.com/matrix_lianjia_pc/dist/pc/src/resource/default/780-439.png?_v=201906280941017d9', 'https://s1.ljcdn.com/matrix_lianjia_pc/dist/pc/src/resource/default/780-439.png?_v=201906280941017d9', 'https://s1.ljcdn.com/matrix_lianjia_pc/dist/pc/src/resource/default/780-439.png?_v=201906280941017d9', 'https://s1.ljcdn.com/matrix_lianjia_pc/dist/pc/src/resource/default/780-439.png?_v=201906280941017d9', 'https://s1.ljcdn.com/matrix_lianjia_pc/dist/pc/src/resource/default/780-439.png?_v=201906280941017d9']",2天前,随时入住,暂无数据,需提前预约,中楼层/33层,有,暂无数据,民水,民电,有,暂无数据,"['新上', '随时看房']",[],22.688454,114.271162
https://sz.lianjia.com/apartment/17446.html,,,平台认证机构 · 春晖寸草公寓翻身店,"
平台认证机构 · 春晖寸草公寓翻身店

          3600元/月起

",,,,,"['https://image1.ljcdn.com/rent-user-avatar/b59432a4-c4cc-4a85-aba4-a38e5f5df10c.1150x.jpg', 'https://s1.ljcdn.com/matrix_lianjia_pc/dist/pc/src/resource/default/1150-450.png?_v=201906280941017d9', 'https://s1.ljcdn.com/matrix_lianjia_pc/dist/pc/src/resource/default/1150-450.png?_v=201906280941017d9', 'https://s1.ljcdn.com/matrix_lianjia_pc/dist/pc/src/resource/default/1150-450.png?_v=201906280941017d9', 'https://s1.ljcdn.com/matrix_lianjia_pc/dist/pc/src/resource/default/1150-450.png?_v=201906280941017d9', 'https://s1.ljcdn.com/matrix_lianjia_pc/dist/pc/src/resource/default/1150-450.png?_v=201906280941017d9', 'https://s1.ljcdn.com/matrix_lianjia_pc/dist/pc/src/resource/default/1150-450.png?_v=201906280941017d9', 'https://s1.ljcdn.com/matrix_lianjia_pc/dist/pc/src/resource/default/1150-450.png?_v=201906280941017d9', 'https://s1.ljcdn.com/matrix_lianjia_pc/dist/pc/src/resource/default/1150-450.png?_v=201906280941017d9', 'https://s1.ljcdn.com/matrix_lianjia_pc/dist/pc/src/resource/default/1150-450.png?_v=201906280941017d9', 'https://s1.ljcdn.com/matrix_lianjia_pc/dist/pc/src/resource/default/1150-450.png?_v=201906280941017d9', 'https://s1.ljcdn.com/matrix_lianjia_pc/dist/pc/src/resource/default/1150-450.png?_v=201906280941017d9']",,,,,,,,,,,,,[],22.569084,113.899609
https://sz.lianjia.com/zufang/SZ2267239348053483520.html,南山区,前海,合租·阳光棕榈园一期 5居室 复式 南卧,3000元/月 (月付价),合租,5室2厅2卫,14㎡,朝南,"['https://image1.ljcdn.com/rent-user-avatar/09349e83-3d9a-4266-afe5-27d5433f1920.780x439.jpg', 'https://s1.ljcdn.com/matrix_lianjia_pc/dist/pc/src/resource/default/780-439.png?_v=201906280941017d9', 'https://s1.ljcdn.com/matrix_lianjia_pc/dist/pc/src/resource/default/780-439.png?_v=201906280941017d9', 'https://s1.ljcdn.com/matrix_lianjia_pc/dist/pc/src/resource/default/780-439.png?_v=201906280941017d9', 'https://s1.ljcdn.com/matrix_lianjia_pc/dist/pc/src/resource/default/780-439.png?_v=201906280941017d9', 'https://s1.ljcdn.com/matrix_lianjia_pc/dist/pc/src/resource/default/780-439.png?_v=201906280941017d9', 'https://s1.ljcdn.com/matrix_lianjia_pc/dist/pc/src/resource/default/780-439.png?_v=201906280941017d9', 'https://s1.ljcdn.com/matrix_lianjia_pc/dist/pc/src/resource/default/780-439.png?_v=201906280941017d9', 'https://s1.ljcdn.com/matrix_lianjia_pc/dist/pc/src/resource/default/780-439.png?_v=201906280941017d9', 'https://s1.ljcdn.com/matrix_lianjia_pc/dist/pc/src/resource/default/780-439.png?_v=201906280941017d9', 'https://s1.ljcdn.com/matrix_lianjia_pc/dist/pc/src/resource/default/780-439.png?_v=201906280941017d9']",1个月前,随时入住,1~2年,随时可看,6/6层,无,暂无数据,民水,民电,有,暂无数据,"['公寓', '近地铁', '精装', '独立阳台', '随时看房']","['1号线(罗宝线) - 大新', '678m', '11号线 - 南山', '1044m']",22.531635219906,113.91965036652
https://sz.lianjia.com/zufang/SZ2259138660836581376.html,宝安区,沙井,中熙香莎公馆 3室2厅 南/北,4800元/月 ,租赁方式未知,3室2厅2卫,89㎡,朝南 北,"['https://image1.ljcdn.com/440300-inspection/4bf35677-001c-4a8d-9093-b27a4e061a84.jpg.780x439.jpg', 'https://s1.ljcdn.com/matrix_lianjia_pc/dist/pc/src/resource/default/780-439.png?_v=201906280941017d9', 'https://s1.ljcdn.com/matrix_lianjia_pc/dist/pc/src/resource/default/780-439.png?_v=201906280941017d9', 'https://s1.ljcdn.com/matrix_lianjia_pc/dist/pc/src/resource/default/780-439.png?_v=201906280941017d9', 'https://s1.ljcdn.com/matrix_lianjia_pc/dist/pc/src/resource/default/780-439.png?_v=201906280941017d9', 'https://s1.ljcdn.com/matrix_lianjia_pc/dist/pc/src/resource/default/780-439.png?_v=201906280941017d9', 'https://s1.ljcdn.com/matrix_lianjia_pc/dist/pc/src/resource/default/780-439.png?_v=201906280941017d9', 'https://s1.ljcdn.com/matrix_lianjia_pc/dist/pc/src/resource/default/780-439.png?_v=201906280941017d9']",1个月前,随时入住,暂无数据,需提前预约,中楼层/32层,暂无数据,暂无数据,民水,民电,有,暂无数据,['随时看房'],[],22.729263,113.81512
https://sz.lianjia.com/zufang/SZ2288925657264570368.html,龙华区,红山,绿景公馆1866南区 1室1厅 南,4500元/月 ,租赁方式未知,1室1厅1卫,38㎡,朝南,"['https://image1.ljcdn.com/440300-inspection/b72015d3-e327-4ec7-b6fd-19749c7a71ac.jpg.780x439.jpg', 'https://s1.ljcdn.com/matrix_lianjia_pc/dist/pc/src/resource/default/780-439.png?_v=201906280941017d9', 'https://s1.ljcdn.com/matrix_lianjia_pc/dist/pc/src/resource/default/780-439.png?_v=201906280941017d9', 'https://s1.ljcdn.com/matrix_lianjia_pc/dist/pc/src/resource/default/780-439.png?_v=201906280941017d9', 'https://s1.ljcdn.com/matrix_lianjia_pc/dist/pc/src/resource/default/780-439.png?_v=201906280941017d9', 'https://s1.ljcdn.com/matrix_lianjia_pc/dist/pc/src/resource/default/780-439.png?_v=201906280941017d9', 'https://s1.ljcdn.com/matrix_lianjia_pc/dist/pc/src/resource/default/780-439.png?_v=201906280941017d9', 'https://s1.ljcdn.com/matrix_lianjia_pc/dist/pc/src/resource/default/780-439.png?_v=201906280941017d9', 'https://s1.ljcdn.com/matrix_lianjia_pc/dist/pc/src/resource/default/780-439.png?_v=201906280941017d9']",1天前,随时入住,暂无数据,需提前预约,中楼层/22层,有,暂无数据,民水,民电,有,暂无数据,"['近地铁', '新上']","['4号线(龙华线) - 红山', '864m']",22.632118,114.03521
https://sz.lianjia.com/zufang/SZ2287017090609594368.html,福田区,车公庙,安华小区 1室0厅 南,3800元/月 ,租赁方式未知,1室0厅1卫,31㎡,朝南,"['https://image1.ljcdn.com/440300-inspection/1013cc1a-fc41-4b1b-a58e-2d1e2fe556cf.jpg.780x439.jpg', 'https://s1.ljcdn.com/matrix_lianjia_pc/dist/pc/src/resource/default/780-439.png?_v=201906280941017d9', 'https://s1.ljcdn.com/matrix_lianjia_pc/dist/pc/src/resource/default/780-439.png?_v=201906280941017d9', 'https://s1.ljcdn.com/matrix_lianjia_pc/dist/pc/src/resource/default/780-439.png?_v=201906280941017d9']",1天前,随时入住,暂无数据,需提前预约,高楼层/7层,暂无数据,暂无数据,暂无数据,暂无数据,有,暂无数据,"['近地铁', '新上']","['9号线 - 下沙', '291m', '1号线(罗宝线),11号线,7号线,9号线 - 车公庙', '703m']",22.537373887339,114.03332073289
https://sz.lianjia.com/apartment/1349.html,,,上寓 · 清湖店,"
上寓 · 清湖店

          3200元/月起

",,,,,"['https://image1.ljcdn.com/rent-user-avatar/ceef0ad2-baa7-4664-abf4-1a5a9583f58a.1150x.jpg', 'https://s1.ljcdn.com/matrix_lianjia_pc/dist/pc/src/resource/default/1150-450.png?_v=201906280941017d9', 'https://s1.ljcdn.com/matrix_lianjia_pc/dist/pc/src/resource/default/1150-450.png?_v=201906280941017d9', 'https://s1.ljcdn.com/matrix_lianjia_pc/dist/pc/src/resource/default/1150-450.png?_v=201906280941017d9', 'https://s1.ljcdn.com/matrix_lianjia_pc/dist/pc/src/resource/default/1150-450.png?_v=201906280941017d9', 'https://s1.ljcdn.com/matrix_lianjia_pc/dist/pc/src/resource/default/1150-450.png?_v=201906280941017d9', 'https://s1.ljcdn.com/matrix_lianjia_pc/dist/pc/src/resource/default/1150-450.png?_v=201906280941017d9', 'https://s1.ljcdn.com/matrix_lianjia_pc/dist/pc/src/resource/default/1150-450.png?_v=201906280941017d9', 'https://s1.ljcdn.com/matrix_lianjia_pc/dist/pc/src/resource/default/1150-450.png?_v=201906280941017d9', 'https://s1.ljcdn.com/matrix_lianjia_pc/dist/pc/src/resource/default/1150-450.png?_v=201906280941017d9', 'https://s1.ljcdn.com/matrix_lianjia_pc/dist/pc/src/resource/default/1150-450.png?_v=201906280941017d9', 'https://s1.ljcdn.com/matrix_lianjia_pc/dist/pc/src/resource/default/1150-450.png?_v=201906280941017d9', 'https://s1.ljcdn.com/matrix_lianjia_pc/dist/pc/src/resource/default/1150-450.png?_v=201906280941017d9', 'https://s1.ljcdn.com/matrix_lianjia_pc/dist/pc/src/resource/default/1150-450.png?_v=201906280941017d9', 'https://s1.ljcdn.com/matrix_lianjia_pc/dist/pc/src/resource/default/1150-450.png?_v=201906280941017d9', 'https://s1.ljcdn.com/matrix_lianjia_pc/dist/pc/src/resource/default/1150-450.png?_v=201906280941017d9', 'https://s1.ljcdn.com/matrix_lianjia_pc/dist/pc/src/resource/default/1150-450.png?_v=201906280941017d9', 'https://s1.ljcdn.com/matrix_lianjia_pc/dist/pc/src/resource/default/1150-450.png?_v=201906280941017d9']",,,,,,,,,,,,,[],22.672974,114.037146
https://sz.lianjia.com/apartment/18839.html,,,职业房东 · 石厦城家园A店,"
职业房东 · 石厦城家园A店

          3190元/月起

",,,,,"['https://image1.ljcdn.com/rent-user-avatar/3dee7231-f350-4246-b2be-942de23a3643.1150x.jpg', 'https://s1.ljcdn.com/matrix_lianjia_pc/dist/pc/src/resource/default/1150-450.png?_v=201906280941017d9']",,,,,,,,,,,,,[],22.525669,114.055781
https://sz.lianjia.com/zufang/SZ2282402006004146176.html,龙岗区,布吉大芬,颂雅苑 3室2厅 南/北,3600元/月 ,租赁方式未知,3室2厅2卫,98㎡,朝南 北,"['https://image1.ljcdn.com/440300-inspection/0854f29c-e4f2-4a24-a716-fa62c76cf605.jpg.780x439.jpg', 'https://s1.ljcdn.com/matrix_lianjia_pc/dist/pc/src/resource/default/780-439.png?_v=201906280941017d9', 'https://s1.ljcdn.com/matrix_lianjia_pc/dist/pc/src/resource/default/780-439.png?_v=201906280941017d9', 'https://s1.ljcdn.com/matrix_lianjia_pc/dist/pc/src/resource/default/780-439.png?_v=201906280941017d9', 'https://s1.ljcdn.com/matrix_lianjia_pc/dist/pc/src/resource/default/780-439.png?_v=201906280941017d9', 'https://s1.ljcdn.com/matrix_lianjia_pc/dist/pc/src/resource/default/780-439.png?_v=201906280941017d9', 'https://s1.ljcdn.com/matrix_lianjia_pc/dist/pc/src/resource/default/780-439.png?_v=201906280941017d9', 'https://s1.ljcdn.com/matrix_lianjia_pc/dist/pc/src/resource/default/780-439.png?_v=201906280941017d9']",10天前,2019-07-01,暂无数据,需提前预约,高楼层/8层,无,暂无数据,民水,民电,有,暂无数据,['近地铁'],"['3号线(龙岗线) - 大芬', '1047m', '3号线(龙岗线) - 木棉湾', '1111m']",22.613605389662,114.14753768778
https://sz.lianjia.com/zufang/SZ2288949693880999936.html,龙岗区,龙岗中心城,欧景城花园 3室1厅 南,3700元/月 ,租赁方式未知,3室1厅2卫,102㎡,朝南,"['https://image1.ljcdn.com/440300-inspection/prod-0016d947-6b07-4f22-ad42-868b9fca0a0d.jpg.780x439.jpg', 'https://s1.ljcdn.com/matrix_lianjia_pc/dist/pc/src/resource/default/780-439.png?_v=201906280941017d9', 'https://s1.ljcdn.com/matrix_lianjia_pc/dist/pc/src/resource/default/780-439.png?_v=201906280941017d9', 'https://s1.ljcdn.com/matrix_lianjia_pc/dist/pc/src/resource/default/780-439.png?_v=201906280941017d9', 'https://s1.ljcdn.com/matrix_lianjia_pc/dist/pc/src/resource/default/780-439.png?_v=201906280941017d9', 'https://s1.ljcdn.com/matrix_lianjia_pc/dist/pc/src/resource/default/780-439.png?_v=201906280941017d9']",1天前,随时入住,暂无数据,暂无数据,中楼层/11层,有,暂无数据,民水,民电,有,暂无数据,['新上'],[],22.730047305866,114.24378857476
https://sz.lianjia.com/zufang/SZ2257692220222078976.html,罗湖区,地王,港岛银座 1室0厅 南,5000元/月 ,租赁方式未知,1室0厅1卫,41㎡,朝南,"['https://image1.ljcdn.com/hdic-frame/50a1b786-7378-44c7-86f5-7300aa3a704a.png.780x439.jpg', 'https://s1.ljcdn.com/matrix_lianjia_pc/dist/pc/src/resource/default/780-439.png?_v=201906280941017d9', 'https://s1.ljcdn.com/matrix_lianjia_pc/dist/pc/src/resource/default/780-439.png?_v=201906280941017d9', 'https://s1.ljcdn.com/matrix_lianjia_pc/dist/pc/src/resource/default/780-439.png?_v=201906280941017d9', 'https://s1.ljcdn.com/matrix_lianjia_pc/dist/pc/src/resource/default/780-439.png?_v=201906280941017d9']",1个月前,随时入住,暂无数据,需提前预约,低楼层/32层,有,暂无数据,民水,民电,有,暂无数据,['近地铁'],"['1号线(罗宝线),3号线(龙岗线) - 老街', '326m', '1号线(罗宝线),2号线(蛇口线) - 大剧院', '715m', '1号线(罗宝线) - 国贸', '1147m']",22.551432312792,114.12095772074
https://sz.lianjia.com/zufang/SZ2286509198084939776.html,福田区,上下沙,合租·碧海红树园 5居室 南卧,3860元/月 (季付价),合租,5室1厅2卫,28㎡,朝南,"['https://image1.ljcdn.com/rent-house-1/636f69b83827f24f7723a443c68fdbb3-1561375585095/fb8fe0032933575873e332916ef1118d.jpg.780x439.jpg', 'https://s1.ljcdn.com/matrix_lianjia_pc/dist/pc/src/resource/default/780-439.png?_v=201906280941017d9', 'https://s1.ljcdn.com/matrix_lianjia_pc/dist/pc/src/resource/default/780-439.png?_v=201906280941017d9', 'https://s1.ljcdn.com/matrix_lianjia_pc/dist/pc/src/resource/default/780-439.png?_v=201906280941017d9', 'https://s1.ljcdn.com/matrix_lianjia_pc/dist/pc/src/resource/default/780-439.png?_v=201906280941017d9', 'https://s1.ljcdn.com/matrix_lianjia_pc/dist/pc/src/resource/default/780-439.png?_v=201906280941017d9', 'https://s1.ljcdn.com/matrix_lianjia_pc/dist/pc/src/resource/default/780-439.png?_v=201906280941017d9', 'https://s1.ljcdn.com/matrix_lianjia_pc/dist/pc/src/resource/default/780-439.png?_v=201906280941017d9', 'https://s1.ljcdn.com/matrix_lianjia_pc/dist/pc/src/resource/default/780-439.png?_v=201906280941017d9']",5天前,随时入住,1年,随时可看,3/33层,暂无数据,暂无数据,暂无数据,暂无数据,暂无数据,暂无数据,"['公寓', '近地铁', '新上', '随时看房']","['9号线 - 下沙', '424m']",22.533335960841,114.02879225125
https://sz.lianjia.com/apartment/6804.html,,,魔方公寓 · 深圳南山桃源村店,"
魔方公寓 · 深圳南山桃源村店

          3780元/月起

",,,,,"['https://image1.ljcdn.com/rent-house-1/068cab695e5a3b3b6e6c4ee2ff47271f-1553768237698/2d8f3be2824198be092063336eb75405.jpg.1150x.jpg', 'https://s1.ljcdn.com/matrix_lianjia_pc/dist/pc/src/resource/default/1150-450.png?_v=201906280941017d9', 'https://s1.ljcdn.com/matrix_lianjia_pc/dist/pc/src/resource/default/1150-450.png?_v=201906280941017d9', 'https://s1.ljcdn.com/matrix_lianjia_pc/dist/pc/src/resource/default/1150-450.png?_v=201906280941017d9', 'https://s1.ljcdn.com/matrix_lianjia_pc/dist/pc/src/resource/default/1150-450.png?_v=201906280941017d9', 'https://s1.ljcdn.com/matrix_lianjia_pc/dist/pc/src/resource/default/1150-450.png?_v=201906280941017d9']",,,,,,,,,,,,,[],22.567306,113.981399
https://sz.lianjia.com/zufang/SZ2162163631067250688.html,宝安区,西乡,富通V都会 1室1厅 南,4800元/月 ,租赁方式未知,1室1厅1卫,67㎡,朝南,"['https://image1.ljcdn.com/440300-inspection/93dca217-75f4-4167-b047-27234e87d63b.jpg.780x439.jpg', 'https://s1.ljcdn.com/matrix_lianjia_pc/dist/pc/src/resource/default/780-439.png?_v=201906280941017d9', 'https://s1.ljcdn.com/matrix_lianjia_pc/dist/pc/src/resource/default/780-439.png?_v=201906280941017d9']",2个月前,随时入住,暂无数据,需提前预约,中楼层/11层,有,暂无数据,民水,民电,有,暂无数据,"['近地铁', '随时看房']","['1号线(罗宝线) - 固戍', '696m']",22.610276,113.858517
https://sz.lianjia.com/zufang/SZ2266547141226790912.html,龙岗区,横岗,荣德国际ECC 1室2厅 南/北,3800元/月 ,租赁方式未知,1室2厅1卫,44㎡,朝南 北,"['https://image1.ljcdn.com/440300-inspection/9821bcc8-20a8-4371-a763-a3657376ffd2.jpg.780x439.jpg', 'https://s1.ljcdn.com/matrix_lianjia_pc/dist/pc/src/resource/default/780-439.png?_v=201906280941017d9', 'https://s1.ljcdn.com/matrix_lianjia_pc/dist/pc/src/resource/default/780-439.png?_v=201906280941017d9', 'https://s1.ljcdn.com/matrix_lianjia_pc/dist/pc/src/resource/default/780-439.png?_v=201906280941017d9', 'https://s1.ljcdn.com/matrix_lianjia_pc/dist/pc/src/resource/default/780-439.png?_v=201906280941017d9']",1个月前,随时入住,暂无数据,需提前预约,中楼层/21层,有,暂无数据,商水,商电,暂无数据,暂无数据,['近地铁'],"['3号线(龙岗线) - 横岗', '190m']",22.656198,114.216256
https://sz.lianjia.com/zufang/SZ2231905690577289216.html,南山区,蛇口,整租·桂园 2室1厅 南,4600元/月 (月付价),整租,2室1厅1卫,48㎡,朝南,"['https://image1.ljcdn.com/440300-inspection/32c9d3df-490d-4d20-b752-1d4ad8f2c308.jpg.780x439.jpg', 'https://s1.ljcdn.com/matrix_lianjia_pc/dist/pc/src/resource/default/780-439.png?_v=201906280941017d9', 'https://s1.ljcdn.com/matrix_lianjia_pc/dist/pc/src/resource/default/780-439.png?_v=201906280941017d9', 'https://s1.ljcdn.com/matrix_lianjia_pc/dist/pc/src/resource/default/780-439.png?_v=201906280941017d9', 'https://s1.ljcdn.com/matrix_lianjia_pc/dist/pc/src/resource/default/780-439.png?_v=201906280941017d9', 'https://s1.ljcdn.com/matrix_lianjia_pc/dist/pc/src/resource/default/780-439.png?_v=201906280941017d9']",2个月前,随时入住,1年以内,需提前预约,中楼层/7层,无,暂无数据,民水,民电,有,暂无数据,[],"['2号线(蛇口线) - 海月', '889m']",22.508343704435,113.93680222662
https://sz.lianjia.com/zufang/SZ2246286815575416832.html,南山区,西丽,合租·众冠花园 4居室 南卧,3390元/月 (季付价),合租,4室1厅2卫,15㎡,朝南,"['https://image1.ljcdn.com/rent-house-1/636f69b83827f24f7723a443c68fdbb3-1561203878252/39dc50c21cae31687836442322a2b05b.jpg.780x439.jpg', 'https://s1.ljcdn.com/matrix_lianjia_pc/dist/pc/src/resource/default/780-439.png?_v=201906280941017d9', 'https://s1.ljcdn.com/matrix_lianjia_pc/dist/pc/src/resource/default/780-439.png?_v=201906280941017d9', 'https://s1.ljcdn.com/matrix_lianjia_pc/dist/pc/src/resource/default/780-439.png?_v=201906280941017d9', 'https://s1.ljcdn.com/matrix_lianjia_pc/dist/pc/src/resource/default/780-439.png?_v=201906280941017d9', 'https://s1.ljcdn.com/matrix_lianjia_pc/dist/pc/src/resource/default/780-439.png?_v=201906280941017d9', 'https://s1.ljcdn.com/matrix_lianjia_pc/dist/pc/src/resource/default/780-439.png?_v=201906280941017d9', 'https://s1.ljcdn.com/matrix_lianjia_pc/dist/pc/src/resource/default/780-439.png?_v=201906280941017d9', 'https://s1.ljcdn.com/matrix_lianjia_pc/dist/pc/src/resource/default/780-439.png?_v=201906280941017d9', 'https://s1.ljcdn.com/matrix_lianjia_pc/dist/pc/src/resource/default/780-439.png?_v=201906280941017d9']",2个月前,随时入住,1年,随时可看,1/7层,暂无数据,暂无数据,暂无数据,暂无数据,暂无数据,暂无数据,"['公寓', '独立卫生间', '近地铁', '独立阳台', '随时看房']","['5号线(环中线),7号线 - 西丽', '250m', '5号线(环中线) - 大学城', '735m', '7号线 - 茶光', '997m']",22.585667285607,113.96379631128
https://sz.lianjia.com/apartment/1797.html,,,嗨贝壳公寓 · 坂田总店,"
嗨贝壳公寓 · 坂田总店

          3000元/月起

",,,,,"['https://image1.ljcdn.com/rent-user-avatar/cc22b237-9322-468a-ad4b-1cc7a9926948.1150x.jpg', 'https://s1.ljcdn.com/matrix_lianjia_pc/dist/pc/src/resource/default/1150-450.png?_v=201906280941017d9', 'https://s1.ljcdn.com/matrix_lianjia_pc/dist/pc/src/resource/default/1150-450.png?_v=201906280941017d9', 'https://s1.ljcdn.com/matrix_lianjia_pc/dist/pc/src/resource/default/1150-450.png?_v=201906280941017d9', 'https://s1.ljcdn.com/matrix_lianjia_pc/dist/pc/src/resource/default/1150-450.png?_v=201906280941017d9']",,,,,,,,,,,,,[],22.650002,114.072154
https://sz.lianjia.com/zufang/SZ2284743221399789568.html,福田区,梅林,深华公寓 1室1厅 南,3500元/月 ,租赁方式未知,1室1厅1卫,40㎡,朝南,"['http://vrlab-image.ljcdn.com/release/auto3dhd/ff6b556400033739c09e159f0fd04704/screenshot/1561522653_3/pc0_84rCBQ6Gr.jpg.q_70.jpg', 'https://s1.ljcdn.com/matrix_lianjia_pc/dist/pc/src/resource/default/780-439.png?_v=201906280941017d9', 'https://s1.ljcdn.com/matrix_lianjia_pc/dist/pc/src/resource/default/780-439.png?_v=201906280941017d9', 'https://s1.ljcdn.com/matrix_lianjia_pc/dist/pc/src/resource/default/780-439.png?_v=201906280941017d9']",7天前,随时入住,暂无数据,需提前预约,中楼层/7层,无,暂无数据,民水,民电,有,暂无数据,"['近地铁', '随时看房']","['9号线 - 梅村', '631m', '9号线 - 下梅林', '969m']",22.570117,114.055287
https://sz.lianjia.com/zufang/SZ2273095310358626304.html,罗湖区,螺岭,凤凰街58号大院 2室1厅 南,4800元/月 ,租赁方式未知,2室1厅1卫,65㎡,朝南,"['https://image1.ljcdn.com/440300-inspection/d69611cf-589b-4f66-82e1-dee4e393ea23.jpg.780x439.jpg', 'https://s1.ljcdn.com/matrix_lianjia_pc/dist/pc/src/resource/default/780-439.png?_v=201906280941017d9', 'https://s1.ljcdn.com/matrix_lianjia_pc/dist/pc/src/resource/default/780-439.png?_v=201906280941017d9', 'https://s1.ljcdn.com/matrix_lianjia_pc/dist/pc/src/resource/default/780-439.png?_v=201906280941017d9', 'https://s1.ljcdn.com/matrix_lianjia_pc/dist/pc/src/resource/default/780-439.png?_v=201906280941017d9']",6天前,随时入住,暂无数据,需提前预约,高楼层/7层,暂无数据,暂无数据,民水,民电,有,暂无数据,"['近地铁', '新上', '随时看房']","['2号线(蛇口线),5号线(环中线) - 黄贝岭', '827m', '9号线 - 文锦', '996m', '3号线(龙岗线) - 翠竹', '998m', '3号线(龙岗线) - 晒布', '1118m']",22.555292,114.140018
https://sz.lianjia.com/zufang/SZ2287525714393833472.html,龙岗区,龙岗双龙,鹏达花园 3室2厅 南,3200元/月 ,租赁方式未知,3室2厅2卫,101㎡,朝南,"['https://image1.ljcdn.com/440300-inspection/0c3a2f41-2e2d-4fd0-9d01-e8c547b56c36.jpg.780x439.jpg', 'https://s1.ljcdn.com/matrix_lianjia_pc/dist/pc/src/resource/default/780-439.png?_v=201906280941017d9', 'https://s1.ljcdn.com/matrix_lianjia_pc/dist/pc/src/resource/default/780-439.png?_v=201906280941017d9', 'https://s1.ljcdn.com/matrix_lianjia_pc/dist/pc/src/resource/default/780-439.png?_v=201906280941017d9', 'https://s1.ljcdn.com/matrix_lianjia_pc/dist/pc/src/resource/default/780-439.png?_v=201906280941017d9', 'https://s1.ljcdn.com/matrix_lianjia_pc/dist/pc/src/resource/default/780-439.png?_v=201906280941017d9', 'https://s1.ljcdn.com/matrix_lianjia_pc/dist/pc/src/resource/default/780-439.png?_v=201906280941017d9']",3天前,随时入住,暂无数据,需提前预约,高楼层/6层,无,暂无数据,民水,民电,有,暂无数据,"['近地铁', '新上']","['3号线(龙岗线) - 南联', '392m']",22.723686,114.273638
https://sz.lianjia.com/zufang/SZ2253773446251290624.html,盐田区,沙头角,整租·海山道1号 2室1厅 南,5000元/月 ,整租,2室1厅1卫,56㎡,朝南,"['https://image1.ljcdn.com/440300-inspection/39d8eca0-2ce8-46bf-8d5f-26ca483db7df.jpg.780x439.jpg', 'https://s1.ljcdn.com/matrix_lianjia_pc/dist/pc/src/resource/default/780-439.png?_v=201906280941017d9', 'https://s1.ljcdn.com/matrix_lianjia_pc/dist/pc/src/resource/default/780-439.png?_v=201906280941017d9', 'https://s1.ljcdn.com/matrix_lianjia_pc/dist/pc/src/resource/default/780-439.png?_v=201906280941017d9', 'https://s1.ljcdn.com/matrix_lianjia_pc/dist/pc/src/resource/default/780-439.png?_v=201906280941017d9', 'https://s1.ljcdn.com/matrix_lianjia_pc/dist/pc/src/resource/default/780-439.png?_v=201906280941017d9', 'https://s1.ljcdn.com/matrix_lianjia_pc/dist/pc/src/resource/default/780-439.png?_v=201906280941017d9', 'https://s1.ljcdn.com/matrix_lianjia_pc/dist/pc/src/resource/default/780-439.png?_v=201906280941017d9', 'https://s1.ljcdn.com/matrix_lianjia_pc/dist/pc/src/resource/default/780-439.png?_v=201906280941017d9']",1个月前,随时入住,1~2年,需提前预约,中楼层/13层,有,暂无数据,民水,民电,有,暂无数据,['精装'],[],22.564324,114.244955
