房源地址,行政区,位置,标题,租金,租赁方式,户型,面积,朝向,图片列表,发布时间,入住时间,租期,看房时间,楼层,电梯,车位,用水,用电,燃气,采暖,标签,station,latitude,longtitude
https://sz.lianjia.com/zufang/SZ2267366452761993216.html,龙华区,观澜,整租·深业泰然观澜玫瑰苑 1室0厅 东北,2500元/月 (月付价),整租,1室0厅1卫,38㎡,朝东北,"['https://image1.ljcdn.com/rent-user-avatar/2fd9e2a2-6338-4daf-a9a4-e55bcc4d80c6.780x439.jpg', 'https://s1.ljcdn.com/matrix_lianjia_pc/dist/pc/src/resource/default/780-439.png?_v=2019062712185388b', 'https://s1.ljcdn.com/matrix_lianjia_pc/dist/pc/src/resource/default/780-439.png?_v=2019062712185388b', 'https://s1.ljcdn.com/matrix_lianjia_pc/dist/pc/src/resource/default/780-439.png?_v=2019062712185388b', 'https://s1.ljcdn.com/matrix_lianjia_pc/dist/pc/src/resource/default/780-439.png?_v=2019062712185388b']",29天前,随时入住,1~2年,需提前预约,20/24层,有,免费使用,商水,商电,有,暂无数据,['精装'],[],22.721847,114.063865
https://sz.lianjia.com/apartment/8884.html,,,瑞鑫家园青年社区 · 宝安店,"瑞鑫家园青年社区 · 宝安店

          1000元/月起",,,,,"['https://image1.ljcdn.com/rent-user-avatar/4766dc44-fa45-4b84-88db-2d1c04654e0c.1150x.jpg', 'https://s1.ljcdn.com/matrix_lianjia_pc/dist/pc/src/resource/default/1150-450.png?_v=2019062712185388b', 'https://s1.ljcdn.com/matrix_lianjia_pc/dist/pc/src/resource/default/1150-450.png?_v=2019062712185388b', 'https://s1.ljcdn.com/matrix_lianjia_pc/dist/pc/src/resource/default/1150-450.png?_v=2019062712185388b', 'https://s1.ljcdn.com/matrix_lianjia_pc/dist/pc/src/resource/default/1150-450.png?_v=2019062712185388b', 'https://s1.ljcdn.com/matrix_lianjia_pc/dist/pc/src/resource/default/1150-450.png?_v=2019062712185388b', 'https://s1.ljcdn.com/matrix_lianjia_pc/dist/pc/src/resource/default/1150-450.png?_v=2019062712185388b', 'https://s1.ljcdn.com/matrix_lianjia_pc/dist/pc/src/resource/default/1150-450.png?_v=2019062712185388b', 'https://s1.ljcdn.com/matrix_lianjia_pc/dist/pc/src/resource/default/1150-450.png?_v=2019062712185388b', 'https://s1.ljcdn.com/matrix_lianjia_pc/dist/pc/src/resource/default/1150-450.png?_v=2019062712185388b', 'https://s1.ljcdn.com/matrix_lianjia_pc/dist/pc/src/resource/default/1150-450.png?_v=2019062712185388b', 'https://s1.ljcdn.com/matrix_lianjia_pc/dist/pc/src/resource/default/1150-450.png?_v=2019062712185388b']",,,,,,,,,,,,,[],22.586375,113.891323
https://sz.lianjia.com/apartment/16275.html,,,玖石公寓 · 西乡店,"玖石公寓 · 西乡店

          2300元/月起",,,,,['https://image1.ljcdn.com/rent-user-avatar/5a5723dc-4f8c-4f4d-9100-c53c0a8f3a8f.1150x.jpg'],,,,,,,,,,,,,[],22.580682,113.856386
https://sz.lianjia.com/apartment/8016.html,,,职业房东 · 方程式.驿住,"职业房东 · 方程式.驿住

          1720元/月起",,,,,"['https://image1.ljcdn.com/rent-user-avatar/c13848d9-e906-47af-bfd5-1869c8d0f860.1150x.jpg', 'https://s1.ljcdn.com/matrix_lianjia_pc/dist/pc/src/resource/default/1150-450.png?_v=2019062712185388b', 'https://s1.ljcdn.com/matrix_lianjia_pc/dist/pc/src/resource/default/1150-450.png?_v=2019062712185388b', 'https://s1.ljcdn.com/matrix_lianjia_pc/dist/pc/src/resource/default/1150-450.png?_v=2019062712185388b', 'https://s1.ljcdn.com/matrix_lianjia_pc/dist/pc/src/resource/default/1150-450.png?_v=2019062712185388b', 'https://s1.ljcdn.com/matrix_lianjia_pc/dist/pc/src/resource/default/1150-450.png?_v=2019062712185388b']",,,,,,,,,,,,,[],22.618881,114.044982
https://sz.lianjia.com/zufang/SZ2268021720034050048.html,龙岗区,大运新城,整租·中粮祥云 1室0厅 东北,2200元/月 (月付价),整租,1室0厅1卫,37㎡,朝东北,"['https://image1.ljcdn.com/rent-user-avatar/7b384bff-4ea7-4846-8ea7-b24a58f72193.780x439.jpg', 'https://s1.ljcdn.com/matrix_lianjia_pc/dist/pc/src/resource/default/780-439.png?_v=2019062712185388b', 'https://s1.ljcdn.com/matrix_lianjia_pc/dist/pc/src/resource/default/780-439.png?_v=2019062712185388b']",29天前,随时入住,1~3年,随时可看,9/42层,有,暂无数据,商水,商电,有,暂无数据,"['公寓', '近地铁', '精装', '随时看房']","['3号线(龙岗线) - 爱联', '148m']",22.70236,114.238641
https://sz.lianjia.com/apartment/16875.html,,,暖家公寓 · 暖家公寓A栋,"暖家公寓 · 暖家公寓A栋

          2280元/月起",,,,,"['https://image1.ljcdn.com/rent-user-avatar/169abf66-aae6-4351-b35b-9792459b8975.1150x.jpg', 'https://s1.ljcdn.com/matrix_lianjia_pc/dist/pc/src/resource/default/1150-450.png?_v=2019062712185388b', 'https://s1.ljcdn.com/matrix_lianjia_pc/dist/pc/src/resource/default/1150-450.png?_v=2019062712185388b', 'https://s1.ljcdn.com/matrix_lianjia_pc/dist/pc/src/resource/default/1150-450.png?_v=2019062712185388b', 'https://s1.ljcdn.com/matrix_lianjia_pc/dist/pc/src/resource/default/1150-450.png?_v=2019062712185388b', 'https://s1.ljcdn.com/matrix_lianjia_pc/dist/pc/src/resource/default/1150-450.png?_v=2019062712185388b', 'https://s1.ljcdn.com/matrix_lianjia_pc/dist/pc/src/resource/default/1150-450.png?_v=2019062712185388b', 'https://s1.ljcdn.com/matrix_lianjia_pc/dist/pc/src/resource/default/1150-450.png?_v=2019062712185388b', 'https://s1.ljcdn.com/matrix_lianjia_pc/dist/pc/src/resource/default/1150-450.png?_v=2019062712185388b', 'https://s1.ljcdn.com/matrix_lianjia_pc/dist/pc/src/resource/default/1150-450.png?_v=2019062712185388b', 'https://s1.ljcdn.com/matrix_lianjia_pc/dist/pc/src/resource/default/1150-450.png?_v=2019062712185388b', 'https://s1.ljcdn.com/matrix_lianjia_pc/dist/pc/src/resource/default/1150-450.png?_v=2019062712185388b', 'https://s1.ljcdn.com/matrix_lianjia_pc/dist/pc/src/resource/default/1150-450.png?_v=2019062712185388b', 'https://s1.ljcdn.com/matrix_lianjia_pc/dist/pc/src/resource/default/1150-450.png?_v=2019062712185388b', 'https://s1.ljcdn.com/matrix_lianjia_pc/dist/pc/src/resource/default/1150-450.png?_v=2019062712185388b', 'https://s1.ljcdn.com/matrix_lianjia_pc/dist/pc/src/resource/default/1150-450.png?_v=2019062712185388b']",,,,,,,,,,,,,[],22.587351,113.907079
https://sz.lianjia.com/zufang/SZ2267351049549381632.html,龙岗区,大运新城,整租·中粮祥云 1室0厅 东北,2300元/月 (月付价),整租,1室0厅1卫,37㎡,朝东北,"['https://image1.ljcdn.com/rent-user-avatar/1bd5e6b9-24d2-4718-b210-31067707c847.780x439.jpg', 'https://s1.ljcdn.com/matrix_lianjia_pc/dist/pc/src/resource/default/780-439.png?_v=2019062712185388b', 'https://s1.ljcdn.com/matrix_lianjia_pc/dist/pc/src/resource/default/780-439.png?_v=2019062712185388b', 'https://s1.ljcdn.com/matrix_lianjia_pc/dist/pc/src/resource/default/780-439.png?_v=2019062712185388b']",29天前,随时入住,1年,随时可看,37/42层,有,暂无数据,商水,商电,有,暂无数据,"['公寓', '近地铁', '精装', '随时看房']","['3号线(龙岗线) - 爱联', '148m']",22.70236,114.238641
https://sz.lianjia.com/apartment/5479.html,,,美鹿假日公寓 · 松岗店,"美鹿假日公寓 · 松岗店

          1880元/月起",,,,,"['https://image1.ljcdn.com/rent-user-avatar/4c5f2f21-bdcd-47d1-9ee7-fe75327ac796.1150x.jpg', 'https://s1.ljcdn.com/matrix_lianjia_pc/dist/pc/src/resource/default/1150-450.png?_v=2019062712185388b', 'https://s1.ljcdn.com/matrix_lianjia_pc/dist/pc/src/resource/default/1150-450.png?_v=2019062712185388b', 'https://s1.ljcdn.com/matrix_lianjia_pc/dist/pc/src/resource/default/1150-450.png?_v=2019062712185388b', 'https://s1.ljcdn.com/matrix_lianjia_pc/dist/pc/src/resource/default/1150-450.png?_v=2019062712185388b', 'https://s1.ljcdn.com/matrix_lianjia_pc/dist/pc/src/resource/default/1150-450.png?_v=2019062712185388b', 'https://s1.ljcdn.com/matrix_lianjia_pc/dist/pc/src/resource/default/1150-450.png?_v=2019062712185388b']",,,,,,,,,,,,,[],22.77342,113.86036
https://sz.lianjia.com/apartment/11012.html,,,西柚小镇 · 西柚小镇（樟坑一店）,"西柚小镇 · 西柚小镇（樟坑一店）

          1760元/月起",,,,,[],,,,,,,,,,,,,[],22.617286,114.046934
https://sz.lianjia.com/apartment/17160.html,,,青果寓 · 轻铁西店,"青果寓 · 轻铁西店

          1980元/月起",,,,,['https://image1.ljcdn.com/rent-user-avatar/a643f453-b4f7-4fc0-b597-eb2e5a4daf3f.1150x.jpg'],,,,,,,,,,,,,[],22.576016,113.874966
https://sz.lianjia.com/apartment/18591.html,,,职业房东 · 逸居人,"职业房东 · 逸居人

          1580元/月起",,,,,"['https://image1.ljcdn.com/rent-user-avatar/fe60f3f9-5581-4f53-b3d2-0dfed8798a37.1150x.jpg', 'https://s1.ljcdn.com/matrix_lianjia_pc/dist/pc/src/resource/default/1150-450.png?_v=2019062712185388b']",,,,,,,,,,,,,[],22.58318,113.873634
https://sz.lianjia.com/apartment/4506.html,,,美地 · 流塘店,"美地 · 流塘店

          1675元/月起",,,,,"['https://image1.ljcdn.com/rent-user-avatar/06f36dba-60ae-43cf-b604-8acc0dba0823.1150x.jpg', 'https://s1.ljcdn.com/matrix_lianjia_pc/dist/pc/src/resource/default/1150-450.png?_v=2019062712185388b', 'https://s1.ljcdn.com/matrix_lianjia_pc/dist/pc/src/resource/default/1150-450.png?_v=2019062712185388b', 'https://s1.ljcdn.com/matrix_lianjia_pc/dist/pc/src/resource/default/1150-450.png?_v=2019062712185388b', 'https://s1.ljcdn.com/matrix_lianjia_pc/dist/pc/src/resource/default/1150-450.png?_v=2019062712185388b', 'https://s1.ljcdn.com/matrix_lianjia_pc/dist/pc/src/resource/default/1150-450.png?_v=2019062712185388b', 'https://s1.ljcdn.com/matrix_lianjia_pc/dist/pc/src/resource/default/1150-450.png?_v=2019062712185388b', 'https://s1.ljcdn.com/matrix_lianjia_pc/dist/pc/src/resource/default/1150-450.png?_v=2019062712185388b', 'https://s1.ljcdn.com/matrix_lianjia_pc/dist/pc/src/resource/default/1150-450.png?_v=2019062712185388b', 'https://s1.ljcdn.com/matrix_lianjia_pc/dist/pc/src/resource/default/1150-450.png?_v=2019062712185388b', 'https://s1.ljcdn.com/matrix_lianjia_pc/dist/pc/src/resource/default/1150-450.png?_v=2019062712185388b', 'https://s1.ljcdn.com/matrix_lianjia_pc/dist/pc/src/resource/default/1150-450.png?_v=2019062712185388b', 'https://s1.ljcdn.com/matrix_lianjia_pc/dist/pc/src/resource/default/1150-450.png?_v=2019062712185388b', 'https://s1.ljcdn.com/matrix_lianjia_pc/dist/pc/src/resource/default/1150-450.png?_v=2019062712185388b']",,,,,,,,,,,,,[],22.591465,113.895247
https://sz.lianjia.com/apartment/4506.html,,,美地 · 流塘店,"美地 · 流塘店

          1675元/月起",,,,,"['https://image1.ljcdn.com/rent-user-avatar/06f36dba-60ae-43cf-b604-8acc0dba0823.1150x.jpg', 'https://s1.ljcdn.com/matrix_lianjia_pc/dist/pc/src/resource/default/1150-450.png?_v=2019062712185388b', 'https://s1.ljcdn.com/matrix_lianjia_pc/dist/pc/src/resource/default/1150-450.png?_v=2019062712185388b', 'https://s1.ljcdn.com/matrix_lianjia_pc/dist/pc/src/resource/default/1150-450.png?_v=2019062712185388b', 'https://s1.ljcdn.com/matrix_lianjia_pc/dist/pc/src/resource/default/1150-450.png?_v=2019062712185388b', 'https://s1.ljcdn.com/matrix_lianjia_pc/dist/pc/src/resource/default/1150-450.png?_v=2019062712185388b', 'https://s1.ljcdn.com/matrix_lianjia_pc/dist/pc/src/resource/default/1150-450.png?_v=2019062712185388b', 'https://s1.ljcdn.com/matrix_lianjia_pc/dist/pc/src/resource/default/1150-450.png?_v=2019062712185388b', 'https://s1.ljcdn.com/matrix_lianjia_pc/dist/pc/src/resource/default/1150-450.png?_v=2019062712185388b', 'https://s1.ljcdn.com/matrix_lianjia_pc/dist/pc/src/resource/default/1150-450.png?_v=2019062712185388b', 'https://s1.ljcdn.com/matrix_lianjia_pc/dist/pc/src/resource/default/1150-450.png?_v=2019062712185388b', 'https://s1.ljcdn.com/matrix_lianjia_pc/dist/pc/src/resource/default/1150-450.png?_v=2019062712185388b', 'https://s1.ljcdn.com/matrix_lianjia_pc/dist/pc/src/resource/default/1150-450.png?_v=2019062712185388b', 'https://s1.ljcdn.com/matrix_lianjia_pc/dist/pc/src/resource/default/1150-450.png?_v=2019062712185388b']",,,,,,,,,,,,,[],22.591465,113.895247
https://sz.lianjia.com/apartment/7761.html,,,新派公寓 · 1980店,"新派公寓 · 1980店

          2399元/月起",,,,,"['https://image1.ljcdn.com/rent-user-avatar/18abe198-fe7e-4bc6-95e4-fd0f42c8f229.1150x.jpg', 'https://s1.ljcdn.com/matrix_lianjia_pc/dist/pc/src/resource/default/1150-450.png?_v=2019062712185388b', 'https://s1.ljcdn.com/matrix_lianjia_pc/dist/pc/src/resource/default/1150-450.png?_v=2019062712185388b', 'https://s1.ljcdn.com/matrix_lianjia_pc/dist/pc/src/resource/default/1150-450.png?_v=2019062712185388b', 'https://s1.ljcdn.com/matrix_lianjia_pc/dist/pc/src/resource/default/1150-450.png?_v=2019062712185388b', 'https://s1.ljcdn.com/matrix_lianjia_pc/dist/pc/src/resource/default/1150-450.png?_v=2019062712185388b', 'https://s1.ljcdn.com/matrix_lianjia_pc/dist/pc/src/resource/default/1150-450.png?_v=2019062712185388b', 'https://s1.ljcdn.com/matrix_lianjia_pc/dist/pc/src/resource/default/1150-450.png?_v=2019062712185388b']",,,,,,,,,,,,,[],22.652823,114.050857
https://sz.lianjia.com/apartment/17470.html,,,合景昕舍 · 坂田雪象店,"合景昕舍 · 坂田雪象店

          1950元/月起",,,,,"['https://image1.ljcdn.com/rent-user-avatar/429b8aee-fc0d-449d-a1d9-eefcc84482c4.1150x.jpg', 'https://s1.ljcdn.com/matrix_lianjia_pc/dist/pc/src/resource/default/1150-450.png?_v=2019062712185388b', 'https://s1.ljcdn.com/matrix_lianjia_pc/dist/pc/src/resource/default/1150-450.png?_v=2019062712185388b', 'https://s1.ljcdn.com/matrix_lianjia_pc/dist/pc/src/resource/default/1150-450.png?_v=2019062712185388b', 'https://s1.ljcdn.com/matrix_lianjia_pc/dist/pc/src/resource/default/1150-450.png?_v=2019062712185388b']",,,,,,,,,,,,,[],22.662022,114.086476
https://sz.lianjia.com/apartment/17363.html,,,美居 · 品尚公寓,"美居 · 品尚公寓

          2080元/月起",,,,,['https://image1.ljcdn.com/rent-user-avatar/8d69ec54-7a25-4148-92ff-e1ab8e192a0f.1150x.jpg'],,,,,,,,,,,,,[],22.607006,113.855361
https://sz.lianjia.com/apartment/14925.html,,,亚丁公寓 · 共和店,"亚丁公寓 · 共和店

          1380元/月起",,,,,"['https://image1.ljcdn.com/rent-user-avatar/b42c1bf2-4452-45a4-827a-1d2ff79783dc.1150x.jpg', 'https://s1.ljcdn.com/matrix_lianjia_pc/dist/pc/src/resource/default/1150-450.png?_v=2019062712185388b', 'https://s1.ljcdn.com/matrix_lianjia_pc/dist/pc/src/resource/default/1150-450.png?_v=2019062712185388b', 'https://s1.ljcdn.com/matrix_lianjia_pc/dist/pc/src/resource/default/1150-450.png?_v=2019062712185388b', 'https://s1.ljcdn.com/matrix_lianjia_pc/dist/pc/src/resource/default/1150-450.png?_v=2019062712185388b']",,,,,,,,,,,,,[],22.654555,114.040319
https://sz.lianjia.com/apartment/6441.html,,,深圳易居公寓 · 深圳易居公寓,"深圳易居公寓 · 深圳易居公寓

          1800元/月起",,,,,"['https://image1.ljcdn.com/rent-user-avatar/5eb51afd-cc53-4b06-92f8-f600a7abee41.1150x.jpg', 'https://s1.ljcdn.com/matrix_lianjia_pc/dist/pc/src/resource/default/1150-450.png?_v=2019062712185388b', 'https://s1.ljcdn.com/matrix_lianjia_pc/dist/pc/src/resource/default/1150-450.png?_v=2019062712185388b', 'https://s1.ljcdn.com/matrix_lianjia_pc/dist/pc/src/resource/default/1150-450.png?_v=2019062712185388b', 'https://s1.ljcdn.com/matrix_lianjia_pc/dist/pc/src/resource/default/1150-450.png?_v=2019062712185388b', 'https://s1.ljcdn.com/matrix_lianjia_pc/dist/pc/src/resource/default/1150-450.png?_v=2019062712185388b', 'https://s1.ljcdn.com/matrix_lianjia_pc/dist/pc/src/resource/default/1150-450.png?_v=2019062712185388b']",,,,,,,,,,,,,[],22.626968,114.049601
https://sz.lianjia.com/zufang/SZ2276835212027494400.html,福田区,景田,合租·华茂欣园 4居室 东北卧,2300元/月 (月付价),合租,4室1厅2卫,7㎡,朝东北,"['https://image1.ljcdn.com/rent-user-avatar/3581e69b-2c0f-4cf3-8955-dbb9d892b52f.780x439.jpg', 'https://s1.ljcdn.com/matrix_lianjia_pc/dist/pc/src/resource/default/780-439.png?_v=2019062712185388b', 'https://s1.ljcdn.com/matrix_lianjia_pc/dist/pc/src/resource/default/780-439.png?_v=2019062712185388b', 'https://s1.ljcdn.com/matrix_lianjia_pc/dist/pc/src/resource/default/780-439.png?_v=2019062712185388b', 'https://s1.ljcdn.com/matrix_lianjia_pc/dist/pc/src/resource/default/780-439.png?_v=2019062712185388b', 'https://s1.ljcdn.com/matrix_lianjia_pc/dist/pc/src/resource/default/780-439.png?_v=2019062712185388b', 'https://s1.ljcdn.com/matrix_lianjia_pc/dist/pc/src/resource/default/780-439.png?_v=2019062712185388b', 'https://s1.ljcdn.com/matrix_lianjia_pc/dist/pc/src/resource/default/780-439.png?_v=2019062712185388b']",16天前,随时入住,1~2年,随时可看,22/32层,有,暂无数据,民水,民电,有,暂无数据,"['近地铁', '精装', '押一付一', '随时看房']","['2号线(蛇口线) - 莲花西', '421m', '9号线 - 香梅', '999m', '2号线(蛇口线),3号线(龙岗线),11号线 - 福田', '1165m', '2号线(蛇口线),9号线 - 景田', '1169m']",22.55300946224,114.05499106471
https://sz.lianjia.com/apartment/5479.html,,,美鹿假日公寓 · 松岗店,"美鹿假日公寓 · 松岗店

          1880元/月起",,,,,"['https://image1.ljcdn.com/rent-user-avatar/4c5f2f21-bdcd-47d1-9ee7-fe75327ac796.1150x.jpg', 'https://s1.ljcdn.com/matrix_lianjia_pc/dist/pc/src/resource/default/1150-450.png?_v=2019062712185388b', 'https://s1.ljcdn.com/matrix_lianjia_pc/dist/pc/src/resource/default/1150-450.png?_v=2019062712185388b', 'https://s1.ljcdn.com/matrix_lianjia_pc/dist/pc/src/resource/default/1150-450.png?_v=2019062712185388b', 'https://s1.ljcdn.com/matrix_lianjia_pc/dist/pc/src/resource/default/1150-450.png?_v=2019062712185388b', 'https://s1.ljcdn.com/matrix_lianjia_pc/dist/pc/src/resource/default/1150-450.png?_v=2019062712185388b', 'https://s1.ljcdn.com/matrix_lianjia_pc/dist/pc/src/resource/default/1150-450.png?_v=2019062712185388b']",,,,,,,,,,,,,[],22.77342,113.86036
https://sz.lianjia.com/apartment/5108.html,,,微家生活公寓 · 上川店,"微家生活公寓 · 上川店

          2050元/月起",,,,,['https://image1.ljcdn.com/rent-user-avatar/5e229a97-4a23-46c1-ad30-d27d817d8728.1150x.jpg'],,,,,,,,,,,,,[],22.58592,113.911709
https://sz.lianjia.com/zufang/SZ2268022975373000704.html,龙岗区,大运新城,整租·中粮祥云 1室0厅 东北,2200元/月 (月付价),整租,1室0厅1卫,37㎡,朝东北,"['https://image1.ljcdn.com/rent-user-avatar/001df5ed-f290-4a78-8f68-aaf58e8c9b03.780x439.jpg', 'https://s1.ljcdn.com/matrix_lianjia_pc/dist/pc/src/resource/default/780-439.png?_v=2019062712185388b', 'https://s1.ljcdn.com/matrix_lianjia_pc/dist/pc/src/resource/default/780-439.png?_v=2019062712185388b', 'https://s1.ljcdn.com/matrix_lianjia_pc/dist/pc/src/resource/default/780-439.png?_v=2019062712185388b']",29天前,随时入住,1~3年,随时可看,10/42层,有,暂无数据,商水,商电,有,暂无数据,"['公寓', '近地铁', '精装', '随时看房']","['3号线(龙岗线) - 爱联', '148m']",22.70236,114.238641
https://sz.lianjia.com/apartment/2495.html,,,四季时代酒店公寓 · 天安花园店,"四季时代酒店公寓 · 天安花园店

          2000元/月起",,,,,['https://image1.ljcdn.com/rent-user-avatar/5c256b2a-31e7-492a-8917-c5d7657089a1.1150x.jpg'],,,,,,,,,,,,,[],22.646881,114.076557
https://sz.lianjia.com/apartment/3902.html,,,朗诗寓 · 雪象店,"朗诗寓 · 雪象店

          1759元/月起",,,,,"['https://image1.ljcdn.com/rent-user-avatar/e6dbb3c7-252a-440d-b763-6ad2e9d33927.1150x.jpg', 'https://s1.ljcdn.com/matrix_lianjia_pc/dist/pc/src/resource/default/1150-450.png?_v=2019062712185388b', 'https://s1.ljcdn.com/matrix_lianjia_pc/dist/pc/src/resource/default/1150-450.png?_v=2019062712185388b', 'https://s1.ljcdn.com/matrix_lianjia_pc/dist/pc/src/resource/default/1150-450.png?_v=2019062712185388b', 'https://s1.ljcdn.com/matrix_lianjia_pc/dist/pc/src/resource/default/1150-450.png?_v=2019062712185388b', 'https://s1.ljcdn.com/matrix_lianjia_pc/dist/pc/src/resource/default/1150-450.png?_v=2019062712185388b', 'https://s1.ljcdn.com/matrix_lianjia_pc/dist/pc/src/resource/default/1150-450.png?_v=2019062712185388b', 'https://s1.ljcdn.com/matrix_lianjia_pc/dist/pc/src/resource/default/1150-450.png?_v=2019062712185388b', 'https://s1.ljcdn.com/matrix_lianjia_pc/dist/pc/src/resource/default/1150-450.png?_v=2019062712185388b', 'https://s1.ljcdn.com/matrix_lianjia_pc/dist/pc/src/resource/default/1150-450.png?_v=2019062712185388b', 'https://s1.ljcdn.com/matrix_lianjia_pc/dist/pc/src/resource/default/1150-450.png?_v=2019062712185388b']",,,,,,,,,,,,,[],22.660974,114.08603
https://sz.lianjia.com/apartment/4506.html,,,美地 · 流塘店,"美地 · 流塘店

          1675元/月起",,,,,"['https://image1.ljcdn.com/rent-user-avatar/06f36dba-60ae-43cf-b604-8acc0dba0823.1150x.jpg', 'https://s1.ljcdn.com/matrix_lianjia_pc/dist/pc/src/resource/default/1150-450.png?_v=2019062712185388b', 'https://s1.ljcdn.com/matrix_lianjia_pc/dist/pc/src/resource/default/1150-450.png?_v=2019062712185388b', 'https://s1.ljcdn.com/matrix_lianjia_pc/dist/pc/src/resource/default/1150-450.png?_v=2019062712185388b', 'https://s1.ljcdn.com/matrix_lianjia_pc/dist/pc/src/resource/default/1150-450.png?_v=2019062712185388b', 'https://s1.ljcdn.com/matrix_lianjia_pc/dist/pc/src/resource/default/1150-450.png?_v=2019062712185388b', 'https://s1.ljcdn.com/matrix_lianjia_pc/dist/pc/src/resource/default/1150-450.png?_v=2019062712185388b', 'https://s1.ljcdn.com/matrix_lianjia_pc/dist/pc/src/resource/default/1150-450.png?_v=2019062712185388b', 'https://s1.ljcdn.com/matrix_lianjia_pc/dist/pc/src/resource/default/1150-450.png?_v=2019062712185388b', 'https://s1.ljcdn.com/matrix_lianjia_pc/dist/pc/src/resource/default/1150-450.png?_v=2019062712185388b', 'https://s1.ljcdn.com/matrix_lianjia_pc/dist/pc/src/resource/default/1150-450.png?_v=2019062712185388b', 'https://s1.ljcdn.com/matrix_lianjia_pc/dist/pc/src/resource/default/1150-450.png?_v=2019062712185388b', 'https://s1.ljcdn.com/matrix_lianjia_pc/dist/pc/src/resource/default/1150-450.png?_v=2019062712185388b', 'https://s1.ljcdn.com/matrix_lianjia_pc/dist/pc/src/resource/default/1150-450.png?_v=2019062712185388b']",,,,,,,,,,,,,[],22.591465,113.895247
https://sz.lianjia.com/apartment/5836.html,,,万年好尚寓 · 西乡店,"万年好尚寓 · 西乡店

          1900元/月起",,,,,"['https://image1.ljcdn.com/rent-user-avatar/d00d41c8-6893-4946-95db-fd7144c22095.1150x.jpg', 'https://s1.ljcdn.com/matrix_lianjia_pc/dist/pc/src/resource/default/1150-450.png?_v=2019062712185388b', 'https://s1.ljcdn.com/matrix_lianjia_pc/dist/pc/src/resource/default/1150-450.png?_v=2019062712185388b', 'https://s1.ljcdn.com/matrix_lianjia_pc/dist/pc/src/resource/default/1150-450.png?_v=2019062712185388b']",,,,,,,,,,,,,[],22.590829,113.884733
https://sz.lianjia.com/apartment/14018.html,,,深圳易居公寓 · 樟坑一区,"深圳易居公寓 · 樟坑一区

          2390元/月起",,,,,['https://image1.ljcdn.com/rent-user-avatar/d748caed-8a4b-49e2-8898-4b42d5ffa691.1150x.jpg'],,,,,,,,,,,,,[],22.620606,114.045149
https://sz.lianjia.com/apartment/7761.html,,,新派公寓 · 1980店,"新派公寓 · 1980店

          2399元/月起",,,,,"['https://image1.ljcdn.com/rent-user-avatar/18abe198-fe7e-4bc6-95e4-fd0f42c8f229.1150x.jpg', 'https://s1.ljcdn.com/matrix_lianjia_pc/dist/pc/src/resource/default/1150-450.png?_v=2019062712185388b', 'https://s1.ljcdn.com/matrix_lianjia_pc/dist/pc/src/resource/default/1150-450.png?_v=2019062712185388b', 'https://s1.ljcdn.com/matrix_lianjia_pc/dist/pc/src/resource/default/1150-450.png?_v=2019062712185388b', 'https://s1.ljcdn.com/matrix_lianjia_pc/dist/pc/src/resource/default/1150-450.png?_v=2019062712185388b', 'https://s1.ljcdn.com/matrix_lianjia_pc/dist/pc/src/resource/default/1150-450.png?_v=2019062712185388b', 'https://s1.ljcdn.com/matrix_lianjia_pc/dist/pc/src/resource/default/1150-450.png?_v=2019062712185388b', 'https://s1.ljcdn.com/matrix_lianjia_pc/dist/pc/src/resource/default/1150-450.png?_v=2019062712185388b']",,,,,,,,,,,,,[],22.652823,114.050857
https://sz.lianjia.com/apartment/17190.html,,,万科泊寓 · 坂田杨美公社,"万科泊寓 · 坂田杨美公社

          2058元/月起",,,,,['https://image1.ljcdn.com/rent-user-avatar/c20d42da-e42f-4999-9384-c8793198b2cf.1150x.jpg'],,,,,,,,,,,,,[],22.631281,114.088864
https://sz.lianjia.com/apartment/15480.html,,,Q家公寓 · 西乡店,"Q家公寓 · 西乡店

          2500元/月起",,,,,"['https://image1.ljcdn.com/rent-user-avatar/0efc583a-9d8e-4c72-9fac-4fe0c76b76e5.1150x.jpg', 'https://s1.ljcdn.com/matrix_lianjia_pc/dist/pc/src/resource/default/1150-450.png?_v=2019062712185388b', 'https://s1.ljcdn.com/matrix_lianjia_pc/dist/pc/src/resource/default/1150-450.png?_v=2019062712185388b', 'https://s1.ljcdn.com/matrix_lianjia_pc/dist/pc/src/resource/default/1150-450.png?_v=2019062712185388b']",,,,,,,,,,,,,[],22.592361,113.865908