房源地址,行政区,位置,标题,租金,租赁方式,户型,面积,朝向,图片列表,发布时间,入住时间,租期,看房时间,楼层,电梯,车位,用水,用电,燃气,采暖,标签,station,latitude,longtitude
https://sz.lianjia.com/apartment/5866.html,,,职业房东 · 大利青年公寓,"
职业房东 · 大利青年公寓

          2100元/月起

",,,,,"['https://image1.ljcdn.com/rent-user-avatar/4e4435d3-5c72-4716-9b9a-924e75dc5eb5.1150x.jpg', 'https://s1.ljcdn.com/matrix_lianjia_pc/dist/pc/src/resource/default/1150-450.png?_v=2019062712185388b']",,,,,,,,,,,,,[],22.538898,113.922664
https://sz.lianjia.com/apartment/5537.html,,,职业房东 · 恒煜公寓翻身店,"
职业房东 · 恒煜公寓翻身店

          1600元/月起

",,,,,['https://image1.ljcdn.com/rent-user-avatar/b8c4e35c-c0f9-4cb5-96dc-7d0bb9191f9f.1150x.jpg'],,,,,,,,,,,,,[],22.567367,113.898888
https://sz.lianjia.com/apartment/5537.html,,,职业房东 · 恒煜公寓翻身店,"
职业房东 · 恒煜公寓翻身店

          1600元/月起

",,,,,['https://image1.ljcdn.com/rent-user-avatar/b8c4e35c-c0f9-4cb5-96dc-7d0bb9191f9f.1150x.jpg'],,,,,,,,,,,,,[],22.567367,113.898888
https://sz.lianjia.com/apartment/16661.html,,,万科泊寓 · 蛇口东角头雷岭公社,"
万科泊寓 · 蛇口东角头雷岭公社

          2748元/月起

",,,,,['https://image1.ljcdn.com/rent-user-avatar/5d4336d7-627b-4daa-8f00-609f173ca0ed.1150x.jpg'],,,,,,,,,,,,,[],22.497493,113.934546
https://sz.lianjia.com/apartment/2651.html,,,鸿都公寓 · 沙尾店,"
鸿都公寓 · 沙尾店

          2500元/月起

",,,,,"['https://image1.ljcdn.com/rent-user-avatar/cadbcaff-c466-4c6f-bc66-e2d771197718.1150x.jpg', 'https://s1.ljcdn.com/matrix_lianjia_pc/dist/pc/src/resource/default/1150-450.png?_v=2019062712185388b', 'https://s1.ljcdn.com/matrix_lianjia_pc/dist/pc/src/resource/default/1150-450.png?_v=2019062712185388b', 'https://s1.ljcdn.com/matrix_lianjia_pc/dist/pc/src/resource/default/1150-450.png?_v=2019062712185388b', 'https://s1.ljcdn.com/matrix_lianjia_pc/dist/pc/src/resource/default/1150-450.png?_v=2019062712185388b', 'https://s1.ljcdn.com/matrix_lianjia_pc/dist/pc/src/resource/default/1150-450.png?_v=2019062712185388b', 'https://s1.ljcdn.com/matrix_lianjia_pc/dist/pc/src/resource/default/1150-450.png?_v=2019062712185388b', 'https://s1.ljcdn.com/matrix_lianjia_pc/dist/pc/src/resource/default/1150-450.png?_v=2019062712185388b', 'https://s1.ljcdn.com/matrix_lianjia_pc/dist/pc/src/resource/default/1150-450.png?_v=2019062712185388b', 'https://s1.ljcdn.com/matrix_lianjia_pc/dist/pc/src/resource/default/1150-450.png?_v=2019062712185388b', 'https://s1.ljcdn.com/matrix_lianjia_pc/dist/pc/src/resource/default/1150-450.png?_v=2019062712185388b', 'https://s1.ljcdn.com/matrix_lianjia_pc/dist/pc/src/resource/default/1150-450.png?_v=2019062712185388b', 'https://s1.ljcdn.com/matrix_lianjia_pc/dist/pc/src/resource/default/1150-450.png?_v=2019062712185388b', 'https://s1.ljcdn.com/matrix_lianjia_pc/dist/pc/src/resource/default/1150-450.png?_v=2019062712185388b', 'https://s1.ljcdn.com/matrix_lianjia_pc/dist/pc/src/resource/default/1150-450.png?_v=2019062712185388b', 'https://s1.ljcdn.com/matrix_lianjia_pc/dist/pc/src/resource/default/1150-450.png?_v=2019062712185388b']",,,,,,,,,,,,,[],22.524853,114.046433
https://sz.lianjia.com/apartment/17894.html,,,职业房东 · 君庭,"
职业房东 · 君庭

          2580元/月起

",,,,,['https://image1.ljcdn.com/rent-user-avatar/5cc5b109-994b-43b2-a62b-9b90f70ac4ca.1150x.jpg'],,,,,,,,,,,,,[],22.602834,113.853253
https://sz.lianjia.com/zufang/SZ2287487032828116992.html,龙岗区,布吉大芬,整租·信和爱琴居 1室0厅 东北,2300元/月 (月付价),整租,1室0厅1卫,30㎡,朝 东北,"['https://image1.ljcdn.com/rent-user-avatar/1cd90a6c-1929-42e4-ad6e-65c7502ea872.780x439.jpg', 'https://s1.ljcdn.com/matrix_lianjia_pc/dist/pc/src/resource/default/780-439.png?_v=2019062712185388b', 'https://s1.ljcdn.com/matrix_lianjia_pc/dist/pc/src/resource/default/780-439.png?_v=2019062712185388b', 'https://s1.ljcdn.com/matrix_lianjia_pc/dist/pc/src/resource/default/780-439.png?_v=2019062712185388b', 'https://s1.ljcdn.com/matrix_lianjia_pc/dist/pc/src/resource/default/780-439.png?_v=2019062712185388b']",2天前,随时入住,3~12个月,随时可看,6/33层,有,暂无数据,民水,民电,有,暂无数据,"['公寓', '月租', '近地铁', '精装', '押一付一', '新上', '随时看房']","['3号线(龙岗线) - 大芬', '533m', '3号线(龙岗线) - 木棉湾', '980m']",22.617928,114.141835
https://sz.lianjia.com/apartment/2175.html,,,宝能华佳公寓 · 宝能科技园,"
宝能华佳公寓 · 宝能科技园

          3000元/月起

",,,,,"['https://image1.ljcdn.com/rent-user-avatar/0e2e5357-ad50-4caa-b67c-b98a902c5bd9.1150x.jpg', 'https://s1.ljcdn.com/matrix_lianjia_pc/dist/pc/src/resource/default/1150-450.png?_v=2019062712185388b', 'https://s1.ljcdn.com/matrix_lianjia_pc/dist/pc/src/resource/default/1150-450.png?_v=2019062712185388b', 'https://s1.ljcdn.com/matrix_lianjia_pc/dist/pc/src/resource/default/1150-450.png?_v=2019062712185388b', 'https://s1.ljcdn.com/matrix_lianjia_pc/dist/pc/src/resource/default/1150-450.png?_v=2019062712185388b', 'https://s1.ljcdn.com/matrix_lianjia_pc/dist/pc/src/resource/default/1150-450.png?_v=2019062712185388b', 'https://s1.ljcdn.com/matrix_lianjia_pc/dist/pc/src/resource/default/1150-450.png?_v=2019062712185388b', 'https://s1.ljcdn.com/matrix_lianjia_pc/dist/pc/src/resource/default/1150-450.png?_v=2019062712185388b', 'https://s1.ljcdn.com/matrix_lianjia_pc/dist/pc/src/resource/default/1150-450.png?_v=2019062712185388b', 'https://s1.ljcdn.com/matrix_lianjia_pc/dist/pc/src/resource/default/1150-450.png?_v=2019062712185388b', 'https://s1.ljcdn.com/matrix_lianjia_pc/dist/pc/src/resource/default/1150-450.png?_v=2019062712185388b', 'https://s1.ljcdn.com/matrix_lianjia_pc/dist/pc/src/resource/default/1150-450.png?_v=2019062712185388b', 'https://s1.ljcdn.com/matrix_lianjia_pc/dist/pc/src/resource/default/1150-450.png?_v=2019062712185388b', 'https://s1.ljcdn.com/matrix_lianjia_pc/dist/pc/src/resource/default/1150-450.png?_v=2019062712185388b', 'https://s1.ljcdn.com/matrix_lianjia_pc/dist/pc/src/resource/default/1150-450.png?_v=2019062712185388b', 'https://s1.ljcdn.com/matrix_lianjia_pc/dist/pc/src/resource/default/1150-450.png?_v=2019062712185388b', 'https://s1.ljcdn.com/matrix_lianjia_pc/dist/pc/src/resource/default/1150-450.png?_v=2019062712185388b', 'https://s1.ljcdn.com/matrix_lianjia_pc/dist/pc/src/resource/default/1150-450.png?_v=2019062712185388b', 'https://s1.ljcdn.com/matrix_lianjia_pc/dist/pc/src/resource/default/1150-450.png?_v=2019062712185388b', 'https://s1.ljcdn.com/matrix_lianjia_pc/dist/pc/src/resource/default/1150-450.png?_v=2019062712185388b']",,,,,,,,,,,,,[],22.678034,114.068882
https://sz.lianjia.com/apartment/8780.html,,,玖壹公馆 · 清湖店,"
玖壹公馆 · 清湖店

          1880元/月起

",,,,,"['https://image1.ljcdn.com/rent-user-avatar/5f67084c-f882-4cd5-8f0c-f14b1efad5a3.1150x.jpg', 'https://s1.ljcdn.com/matrix_lianjia_pc/dist/pc/src/resource/default/1150-450.png?_v=2019062712185388b', 'https://s1.ljcdn.com/matrix_lianjia_pc/dist/pc/src/resource/default/1150-450.png?_v=2019062712185388b', 'https://s1.ljcdn.com/matrix_lianjia_pc/dist/pc/src/resource/default/1150-450.png?_v=2019062712185388b', 'https://s1.ljcdn.com/matrix_lianjia_pc/dist/pc/src/resource/default/1150-450.png?_v=2019062712185388b', 'https://s1.ljcdn.com/matrix_lianjia_pc/dist/pc/src/resource/default/1150-450.png?_v=2019062712185388b', 'https://s1.ljcdn.com/matrix_lianjia_pc/dist/pc/src/resource/default/1150-450.png?_v=2019062712185388b']",,,,,,,,,,,,,[],22.669882,114.042783
https://sz.lianjia.com/apartment/1431.html,,,宝达屋 · 邦凯城店,"
宝达屋 · 邦凯城店

          1620元/月起

",,,,,"['https://image1.ljcdn.com/rent-user-avatar/0faec682-6a79-473f-94a8-eb66aa9a1807.1150x.jpg', 'https://s1.ljcdn.com/matrix_lianjia_pc/dist/pc/src/resource/default/1150-450.png?_v=2019062712185388b', 'https://s1.ljcdn.com/matrix_lianjia_pc/dist/pc/src/resource/default/1150-450.png?_v=2019062712185388b', 'https://s1.ljcdn.com/matrix_lianjia_pc/dist/pc/src/resource/default/1150-450.png?_v=2019062712185388b', 'https://s1.ljcdn.com/matrix_lianjia_pc/dist/pc/src/resource/default/1150-450.png?_v=2019062712185388b', 'https://s1.ljcdn.com/matrix_lianjia_pc/dist/pc/src/resource/default/1150-450.png?_v=2019062712185388b', 'https://s1.ljcdn.com/matrix_lianjia_pc/dist/pc/src/resource/default/1150-450.png?_v=2019062712185388b', 'https://s1.ljcdn.com/matrix_lianjia_pc/dist/pc/src/resource/default/1150-450.png?_v=2019062712185388b', 'https://s1.ljcdn.com/matrix_lianjia_pc/dist/pc/src/resource/default/1150-450.png?_v=2019062712185388b', 'https://s1.ljcdn.com/matrix_lianjia_pc/dist/pc/src/resource/default/1150-450.png?_v=2019062712185388b', 'https://s1.ljcdn.com/matrix_lianjia_pc/dist/pc/src/resource/default/1150-450.png?_v=2019062712185388b']",,,,,,,,,,,,,[],22.747424,113.945274
https://sz.lianjia.com/apartment/6441.html,,,深圳易居公寓 · 深圳易居公寓,"
深圳易居公寓 · 深圳易居公寓

          1800元/月起

",,,,,"['https://image1.ljcdn.com/rent-user-avatar/5eb51afd-cc53-4b06-92f8-f600a7abee41.1150x.jpg', 'https://s1.ljcdn.com/matrix_lianjia_pc/dist/pc/src/resource/default/1150-450.png?_v=2019062712185388b', 'https://s1.ljcdn.com/matrix_lianjia_pc/dist/pc/src/resource/default/1150-450.png?_v=2019062712185388b', 'https://s1.ljcdn.com/matrix_lianjia_pc/dist/pc/src/resource/default/1150-450.png?_v=2019062712185388b', 'https://s1.ljcdn.com/matrix_lianjia_pc/dist/pc/src/resource/default/1150-450.png?_v=2019062712185388b', 'https://s1.ljcdn.com/matrix_lianjia_pc/dist/pc/src/resource/default/1150-450.png?_v=2019062712185388b', 'https://s1.ljcdn.com/matrix_lianjia_pc/dist/pc/src/resource/default/1150-450.png?_v=2019062712185388b']",,,,,,,,,,,,,[],22.626968,114.049601
https://sz.lianjia.com/apartment/16041.html,,,职业房东 · 沙吓店14,"
职业房东 · 沙吓店14

          1950元/月起

",,,,,['https://image1.ljcdn.com/rent-user-avatar/93eea0a4-8fee-47e7-897d-c89ba7d1689a.1150x.jpg'],,,,,,,,,,,,,[],22.632648,114.045976
https://sz.lianjia.com/zufang/SZ2281631422357700608.html,罗湖区,地王,整租·中航凯特公寓 1室0厅 东北,2800元/月 (月付价),整租,1室0厅1卫,25㎡,朝东北,"['https://image1.ljcdn.com/rent-user-avatar/249500c0-efa5-4329-9296-ccf9cacc0fcc.780x439.jpg', 'https://s1.ljcdn.com/matrix_lianjia_pc/dist/pc/src/resource/default/780-439.png?_v=2019062712185388b', 'https://s1.ljcdn.com/matrix_lianjia_pc/dist/pc/src/resource/default/780-439.png?_v=2019062712185388b', 'https://s1.ljcdn.com/matrix_lianjia_pc/dist/pc/src/resource/default/780-439.png?_v=2019062712185388b', 'https://s1.ljcdn.com/matrix_lianjia_pc/dist/pc/src/resource/default/780-439.png?_v=2019062712185388b']",10天前,随时入住,8~12个月,随时可看,17/28层,有,暂无数据,民水,民电,无,暂无数据,"['近地铁', '精装', '随时看房']","['3号线(龙岗线),9号线 - 红岭', '614m', '9号线 - 园岭', '893m']",22.557674427655,114.11533735256
https://sz.lianjia.com/apartment/14120.html,,,职业房东 · 青年社区木棉湾店,"
职业房东 · 青年社区木棉湾店

          1880元/月起

",,,,,['https://image1.ljcdn.com/rent-user-avatar/c73a33bf-459f-42c9-a240-986a1bc03e4f.1150x.jpg'],,,,,,,,,,,,,[],22.607771,114.13815
https://sz.lianjia.com/apartment/17997.html,,,映家公寓 · 西乡2店,"
映家公寓 · 西乡2店

          1984元/月起

",,,,,"['https://image1.ljcdn.com/rent-user-avatar/72611402-bce7-4f47-b860-c828831847b2.1150x.jpg', 'https://s1.ljcdn.com/matrix_lianjia_pc/dist/pc/src/resource/default/1150-450.png?_v=2019062712185388b', 'https://s1.ljcdn.com/matrix_lianjia_pc/dist/pc/src/resource/default/1150-450.png?_v=2019062712185388b', 'https://s1.ljcdn.com/matrix_lianjia_pc/dist/pc/src/resource/default/1150-450.png?_v=2019062712185388b', 'https://s1.ljcdn.com/matrix_lianjia_pc/dist/pc/src/resource/default/1150-450.png?_v=2019062712185388b', 'https://s1.ljcdn.com/matrix_lianjia_pc/dist/pc/src/resource/default/1150-450.png?_v=2019062712185388b', 'https://s1.ljcdn.com/matrix_lianjia_pc/dist/pc/src/resource/default/1150-450.png?_v=2019062712185388b', 'https://s1.ljcdn.com/matrix_lianjia_pc/dist/pc/src/resource/default/1150-450.png?_v=2019062712185388b', 'https://s1.ljcdn.com/matrix_lianjia_pc/dist/pc/src/resource/default/1150-450.png?_v=2019062712185388b', 'https://s1.ljcdn.com/matrix_lianjia_pc/dist/pc/src/resource/default/1150-450.png?_v=2019062712185388b', 'https://s1.ljcdn.com/matrix_lianjia_pc/dist/pc/src/resource/default/1150-450.png?_v=2019062712185388b', 'https://s1.ljcdn.com/matrix_lianjia_pc/dist/pc/src/resource/default/1150-450.png?_v=2019062712185388b', 'https://s1.ljcdn.com/matrix_lianjia_pc/dist/pc/src/resource/default/1150-450.png?_v=2019062712185388b', 'https://s1.ljcdn.com/matrix_lianjia_pc/dist/pc/src/resource/default/1150-450.png?_v=2019062712185388b']",,,,,,,,,,,,,[],22.586204,113.876931
https://sz.lianjia.com/apartment/14120.html,,,职业房东 · 青年社区木棉湾店,"
职业房东 · 青年社区木棉湾店

          1880元/月起

",,,,,['https://image1.ljcdn.com/rent-user-avatar/c73a33bf-459f-42c9-a240-986a1bc03e4f.1150x.jpg'],,,,,,,,,,,,,[],22.607771,114.13815
https://sz.lianjia.com/apartment/12768.html,,,龙辉公寓 · 龙华壹城中心店,"
龙辉公寓 · 龙华壹城中心店

          1380元/月起

",,,,,['https://image1.ljcdn.com/rent-user-avatar/0450a7dc-01b8-4e61-afb3-1fe951a88fd8.1150x.jpg'],,,,,,,,,,,,,[],22.656019,114.038848
https://sz.lianjia.com/apartment/15889.html,,,云+新青年 · 翻身店,"
云+新青年 · 翻身店

          2800元/月起

",,,,,"['https://image1.ljcdn.com/rent-user-avatar/fe5521d9-1843-4e08-b22b-128a4912faaf.1150x.jpg', 'https://s1.ljcdn.com/matrix_lianjia_pc/dist/pc/src/resource/default/1150-450.png?_v=2019062712185388b']",,,,,,,,,,,,,[],22.569084,113.899609
https://sz.lianjia.com/apartment/2971.html,,,E+公馆 · 固戍南昌新村店,"
E+公馆 · 固戍南昌新村店

          1780元/月起

",,,,,"['https://image1.ljcdn.com/rent-user-avatar/14642013-d72d-4e8f-b914-423f66be13f7.1150x.jpg', 'https://s1.ljcdn.com/matrix_lianjia_pc/dist/pc/src/resource/default/1150-450.png?_v=2019062712185388b', 'https://s1.ljcdn.com/matrix_lianjia_pc/dist/pc/src/resource/default/1150-450.png?_v=2019062712185388b', 'https://s1.ljcdn.com/matrix_lianjia_pc/dist/pc/src/resource/default/1150-450.png?_v=2019062712185388b', 'https://s1.ljcdn.com/matrix_lianjia_pc/dist/pc/src/resource/default/1150-450.png?_v=2019062712185388b']",,,,,,,,,,,,,[],22.606953,113.846306
https://sz.lianjia.com/zufang/SZ2195505028402249728.html,龙岗区,龙岗中心城,整租·万科天誉二期 1室0厅 东北,2500元/月 (月付价),整租,1室0厅1卫,40㎡,朝东北,"['https://image1.ljcdn.com/rent-user-avatar/34433293-2a18-4bb0-b9f5-88406ed8cfcf.780x439.jpg', 'https://s1.ljcdn.com/matrix_lianjia_pc/dist/pc/src/resource/default/780-439.png?_v=2019062712185388b', 'https://s1.ljcdn.com/matrix_lianjia_pc/dist/pc/src/resource/default/780-439.png?_v=2019062712185388b', 'https://s1.ljcdn.com/matrix_lianjia_pc/dist/pc/src/resource/default/780-439.png?_v=2019062712185388b', 'https://s1.ljcdn.com/matrix_lianjia_pc/dist/pc/src/resource/default/780-439.png?_v=2019062712185388b', 'https://s1.ljcdn.com/matrix_lianjia_pc/dist/pc/src/resource/default/780-439.png?_v=2019062712185388b', 'https://s1.ljcdn.com/matrix_lianjia_pc/dist/pc/src/resource/default/780-439.png?_v=2019062712185388b']",4个月前,随时入住,1年以上,随时可看,39/42层,有,租用车位,民水,民电,有,自采暖,"['公寓', '近地铁', '精装', '随时看房']","['3号线(龙岗线) - 吉祥', '537m', '3号线(龙岗线) - 龙城广场', '1124m']",22.717501,114.251789
https://sz.lianjia.com/apartment/4772.html,,,辉群公寓 · 固戍一店,"
辉群公寓 · 固戍一店

          1580元/月起

",,,,,['https://image1.ljcdn.com/rent-user-avatar/187734c9-f27f-4bdf-b5ba-fb545312a6d5.1150x.jpg'],,,,,,,,,,,,,[],22.60666,113.845607
https://sz.lianjia.com/apartment/15402.html,,,职业房东 · 龙胜店,"
职业房东 · 龙胜店

          1380元/月起

",,,,,['https://image1.ljcdn.com/rent-user-avatar/9cb2b341-b44c-4a13-bf30-2d4124d99a09.1150x.jpg'],,,,,,,,,,,,,[],22.657743,114.01753
https://sz.lianjia.com/apartment/2495.html,,,四季时代酒店公寓 · 天安花园店,"
四季时代酒店公寓 · 天安花园店

          2000元/月起

",,,,,['https://image1.ljcdn.com/rent-user-avatar/5c256b2a-31e7-492a-8917-c5d7657089a1.1150x.jpg'],,,,,,,,,,,,,[],22.646881,114.076557
https://sz.lianjia.com/apartment/9313.html,,,牛牛之家公寓 · 流塘店,"
牛牛之家公寓 · 流塘店

          2200元/月起

",,,,,"['https://image1.ljcdn.com/rent-user-avatar/bc0fc5d8-258b-44a0-a7bf-5e1c968cfce7.1150x.jpg', 'https://s1.ljcdn.com/matrix_lianjia_pc/dist/pc/src/resource/default/1150-450.png?_v=2019062712185388b', 'https://s1.ljcdn.com/matrix_lianjia_pc/dist/pc/src/resource/default/1150-450.png?_v=2019062712185388b', 'https://s1.ljcdn.com/matrix_lianjia_pc/dist/pc/src/resource/default/1150-450.png?_v=2019062712185388b']",,,,,,,,,,,,,[],22.587398,113.895961
https://sz.lianjia.com/zufang/SZ2266494550241714176.html,龙岗区,龙岗双龙,整租·东方瑞景苑 1室0厅 东北,2000元/月 (月付价),整租,1室0厅1卫,35㎡,朝东北,"['https://image1.ljcdn.com/rent-user-avatar/8ad363dc-472c-4259-ad13-e3cc884b2b39.780x439.jpg', 'https://s1.ljcdn.com/matrix_lianjia_pc/dist/pc/src/resource/default/780-439.png?_v=2019062712185388b']",1个月前,随时入住,1年,随时可看,17/23层,有,暂无数据,民水,民电,有,暂无数据,"['公寓', '近地铁', '随时看房']","['3号线(龙岗线) - 双龙', '1064m', '3号线(龙岗线) - 南联', '1116m']",22.735755,114.275003
https://sz.lianjia.com/apartment/19166.html,,,深圳居无忧公寓 · 横岭24栋店,"
深圳居无忧公寓 · 横岭24栋店

          1680元/月起

",,,,,"['https://image1.ljcdn.com/rent-user-avatar/89918e8a-6401-41a3-becd-165dd26bd268.1150x.jpg', 'https://s1.ljcdn.com/matrix_lianjia_pc/dist/pc/src/resource/default/1150-450.png?_v=2019062712185388b']",,,,,,,,,,,,,[],22.619968,114.049184
https://sz.lianjia.com/apartment/14925.html,,,亚丁公寓 · 共和店,"
亚丁公寓 · 共和店

          1380元/月起

",,,,,"['https://image1.ljcdn.com/rent-user-avatar/b42c1bf2-4452-45a4-827a-1d2ff79783dc.1150x.jpg', 'https://s1.ljcdn.com/matrix_lianjia_pc/dist/pc/src/resource/default/1150-450.png?_v=2019062712185388b', 'https://s1.ljcdn.com/matrix_lianjia_pc/dist/pc/src/resource/default/1150-450.png?_v=2019062712185388b', 'https://s1.ljcdn.com/matrix_lianjia_pc/dist/pc/src/resource/default/1150-450.png?_v=2019062712185388b', 'https://s1.ljcdn.com/matrix_lianjia_pc/dist/pc/src/resource/default/1150-450.png?_v=2019062712185388b']",,,,,,,,,,,,,[],22.654555,114.040319
https://sz.lianjia.com/apartment/2165.html,,,初心公寓 · 龙华中心店,"
初心公寓 · 龙华中心店

          1380元/月起

",,,,,"['https://image1.ljcdn.com/rent-user-avatar/2003cde4-57a2-47c3-b3d9-1133544489bf.1150x.jpg', 'https://s1.ljcdn.com/matrix_lianjia_pc/dist/pc/src/resource/default/1150-450.png?_v=2019062712185388b', 'https://s1.ljcdn.com/matrix_lianjia_pc/dist/pc/src/resource/default/1150-450.png?_v=2019062712185388b', 'https://s1.ljcdn.com/matrix_lianjia_pc/dist/pc/src/resource/default/1150-450.png?_v=2019062712185388b', 'https://s1.ljcdn.com/matrix_lianjia_pc/dist/pc/src/resource/default/1150-450.png?_v=2019062712185388b', 'https://s1.ljcdn.com/matrix_lianjia_pc/dist/pc/src/resource/default/1150-450.png?_v=2019062712185388b', 'https://s1.ljcdn.com/matrix_lianjia_pc/dist/pc/src/resource/default/1150-450.png?_v=2019062712185388b', 'https://s1.ljcdn.com/matrix_lianjia_pc/dist/pc/src/resource/default/1150-450.png?_v=2019062712185388b', 'https://s1.ljcdn.com/matrix_lianjia_pc/dist/pc/src/resource/default/1150-450.png?_v=2019062712185388b', 'https://s1.ljcdn.com/matrix_lianjia_pc/dist/pc/src/resource/default/1150-450.png?_v=2019062712185388b', 'https://s1.ljcdn.com/matrix_lianjia_pc/dist/pc/src/resource/default/1150-450.png?_v=2019062712185388b', 'https://s1.ljcdn.com/matrix_lianjia_pc/dist/pc/src/resource/default/1150-450.png?_v=2019062712185388b', 'https://s1.ljcdn.com/matrix_lianjia_pc/dist/pc/src/resource/default/1150-450.png?_v=2019062712185388b', 'https://s1.ljcdn.com/matrix_lianjia_pc/dist/pc/src/resource/default/1150-450.png?_v=2019062712185388b']",,,,,,,,,,,,,[],22.655426,114.030807
https://sz.lianjia.com/apartment/6441.html,,,深圳易居公寓 · 深圳易居公寓,"
深圳易居公寓 · 深圳易居公寓

          1800元/月起

",,,,,"['https://image1.ljcdn.com/rent-user-avatar/5eb51afd-cc53-4b06-92f8-f600a7abee41.1150x.jpg', 'https://s1.ljcdn.com/matrix_lianjia_pc/dist/pc/src/resource/default/1150-450.png?_v=2019062712185388b', 'https://s1.ljcdn.com/matrix_lianjia_pc/dist/pc/src/resource/default/1150-450.png?_v=2019062712185388b', 'https://s1.ljcdn.com/matrix_lianjia_pc/dist/pc/src/resource/default/1150-450.png?_v=2019062712185388b', 'https://s1.ljcdn.com/matrix_lianjia_pc/dist/pc/src/resource/default/1150-450.png?_v=2019062712185388b', 'https://s1.ljcdn.com/matrix_lianjia_pc/dist/pc/src/resource/default/1150-450.png?_v=2019062712185388b', 'https://s1.ljcdn.com/matrix_lianjia_pc/dist/pc/src/resource/default/1150-450.png?_v=2019062712185388b']",,,,,,,,,,,,,[],22.626968,114.049601
https://sz.lianjia.com/apartment/16275.html,,,玖石公寓 · 西乡店,"
玖石公寓 · 西乡店

          2300元/月起

",,,,,['https://image1.ljcdn.com/rent-user-avatar/5a5723dc-4f8c-4f4d-9100-c53c0a8f3a8f.1150x.jpg'],,,,,,,,,,,,,[],22.580682,113.856386
