房源地址,行政区,位置,标题,租金,租赁方式,户型,面积,朝向,图片列表,发布时间,入住时间,租期,看房时间,楼层,电梯,车位,用水,用电,燃气,采暖,标签,station_0,distance_0,station_1,distance_1,station_2,distance_2,station_3,distance_3,station_4,distance_4,station_5,distance_5,latitude,longtitude
https://sz.lianjia.com/apartment/18007.html,,,深圳爱尚家公寓 · 五和地铁站店,"
深圳爱尚家公寓 · 五和地铁站店

          1280元/月起

",,,,,"['https://image1.ljcdn.com/rent-user-avatar/d6366274-d40f-4eeb-a6f4-2189650d8133.1150x.jpg', 'https://s1.ljcdn.com/matrix_lianjia_pc/dist/pc/src/resource/default/1150-450.png?_v=2019062712185388b', 'https://s1.ljcdn.com/matrix_lianjia_pc/dist/pc/src/resource/default/1150-450.png?_v=2019062712185388b']",,,,,,,,,,,,,,,,,,,,,,,,,22.633199,114.069
https://sz.lianjia.com/zufang/SZ2260810445642539008.html,龙岗区,大运新城,商住楼 1室1厅 东北,1300元/月 ,租赁方式未知,1室1厅1卫,38㎡,朝东北,"['https://image1.ljcdn.com/440300-inspection/444feae5-0974-4c91-86eb-9e3f33dea3b1.jpg.780x439.jpg', 'https://s1.ljcdn.com/matrix_lianjia_pc/dist/pc/src/resource/default/780-439.png?_v=2019062712185388b', 'https://s1.ljcdn.com/matrix_lianjia_pc/dist/pc/src/resource/default/780-439.png?_v=2019062712185388b', 'https://s1.ljcdn.com/matrix_lianjia_pc/dist/pc/src/resource/default/780-439.png?_v=2019062712185388b']",1个月前,随时入住,暂无数据,需提前预约,高楼层/7层,暂无数据,暂无数据,暂无数据,暂无数据,暂无数据,暂无数据,"['近地铁', '随时看房']",3号线(龙岗线) - 爱联,749m,,,,,,,,,,,22.700946,114.236921
https://sz.lianjia.com/zufang/SZ2250010546181521408.html,大鹏新区,大鹏半岛,整租·金众云山栖 3室2厅 东北,1000元/月 (月付价),整租,3室2厅1卫,73㎡,朝东北,['https://image1.ljcdn.com/rent-front-image/1efeae8459c48eeb3fef0bc54884fd1d.png.780x439.jpg'],1个月前,随时入住,1年以内,需提前预约,高楼层/33层,有,暂无数据,民水,民电,有,暂无数据,[],,,,,,,,,,,,,22.641331,114.41469
https://sz.lianjia.com/apartment/17149.html,,,乐乎城市青年社区 · 乐乎有朋·亿家人,"
乐乎城市青年社区 · 乐乎有朋·亿家人

          1080元/月起

",,,,,"['https://image1.ljcdn.com/rent-house-1/492de982d6f30ec08c539e6056309399-1556008551820/b1429a55093652c225ba879d87456928.jpg.1150x.jpg', 'https://s1.ljcdn.com/matrix_lianjia_pc/dist/pc/src/resource/default/1150-450.png?_v=2019062712185388b']",,,,,,,,,,,,,,,,,,,,,,,,,22.66765,113.83054
https://sz.lianjia.com/apartment/1141.html,,,Here house · 爱联店,"
Here house · 爱联店

          1400元/月起

",,,,,"['https://image1.ljcdn.com/rent-user-avatar/f506e6c1-be49-41b1-b623-663de9f34b2a.1150x.jpg', 'https://s1.ljcdn.com/matrix_lianjia_pc/dist/pc/src/resource/default/1150-450.png?_v=2019062712185388b', 'https://s1.ljcdn.com/matrix_lianjia_pc/dist/pc/src/resource/default/1150-450.png?_v=2019062712185388b', 'https://s1.ljcdn.com/matrix_lianjia_pc/dist/pc/src/resource/default/1150-450.png?_v=2019062712185388b', 'https://s1.ljcdn.com/matrix_lianjia_pc/dist/pc/src/resource/default/1150-450.png?_v=2019062712185388b', 'https://s1.ljcdn.com/matrix_lianjia_pc/dist/pc/src/resource/default/1150-450.png?_v=2019062712185388b', 'https://s1.ljcdn.com/matrix_lianjia_pc/dist/pc/src/resource/default/1150-450.png?_v=2019062712185388b', 'https://s1.ljcdn.com/matrix_lianjia_pc/dist/pc/src/resource/default/1150-450.png?_v=2019062712185388b', 'https://s1.ljcdn.com/matrix_lianjia_pc/dist/pc/src/resource/default/1150-450.png?_v=2019062712185388b', 'https://s1.ljcdn.com/matrix_lianjia_pc/dist/pc/src/resource/default/1150-450.png?_v=2019062712185388b', 'https://s1.ljcdn.com/matrix_lianjia_pc/dist/pc/src/resource/default/1150-450.png?_v=2019062712185388b', 'https://s1.ljcdn.com/matrix_lianjia_pc/dist/pc/src/resource/default/1150-450.png?_v=2019062712185388b', 'https://s1.ljcdn.com/matrix_lianjia_pc/dist/pc/src/resource/default/1150-450.png?_v=2019062712185388b', 'https://s1.ljcdn.com/matrix_lianjia_pc/dist/pc/src/resource/default/1150-450.png?_v=2019062712185388b', 'https://s1.ljcdn.com/matrix_lianjia_pc/dist/pc/src/resource/default/1150-450.png?_v=2019062712185388b', 'https://s1.ljcdn.com/matrix_lianjia_pc/dist/pc/src/resource/default/1150-450.png?_v=2019062712185388b', 'https://s1.ljcdn.com/matrix_lianjia_pc/dist/pc/src/resource/default/1150-450.png?_v=2019062712185388b', 'https://s1.ljcdn.com/matrix_lianjia_pc/dist/pc/src/resource/default/1150-450.png?_v=2019062712185388b']",,,,,,,,,,,,,,,,,,,,,,,,,22.704899,114.234523
https://sz.lianjia.com/apartment/5795.html,,,河豚公寓 · 开屏店,"
河豚公寓 · 开屏店

          1500元/月起

",,,,,"['https://image1.ljcdn.com/rent-user-avatar/7000f107-da01-4b82-9e73-6f263545c9f1.1150x.jpg', 'https://s1.ljcdn.com/matrix_lianjia_pc/dist/pc/src/resource/default/1150-450.png?_v=2019062712185388b', 'https://s1.ljcdn.com/matrix_lianjia_pc/dist/pc/src/resource/default/1150-450.png?_v=2019062712185388b']",,,,,,,,,,,,,,,,,,,,,,,,,22.57476,113.889691
https://sz.lianjia.com/apartment/6712.html,,,魔方公寓 · 深圳平湖平安大道店,"
魔方公寓 · 深圳平湖平安大道店

          1000元/月起

",,,,,"['https://image1.ljcdn.com/rent-house-1/068cab695e5a3b3b6e6c4ee2ff47271f-1552382538909/279bee9d143279a2ac3a6c7ec7bd714b.jpg.1150x.jpg', 'https://s1.ljcdn.com/matrix_lianjia_pc/dist/pc/src/resource/default/1150-450.png?_v=2019062712185388b', 'https://s1.ljcdn.com/matrix_lianjia_pc/dist/pc/src/resource/default/1150-450.png?_v=2019062712185388b', 'https://s1.ljcdn.com/matrix_lianjia_pc/dist/pc/src/resource/default/1150-450.png?_v=2019062712185388b', 'https://s1.ljcdn.com/matrix_lianjia_pc/dist/pc/src/resource/default/1150-450.png?_v=2019062712185388b', 'https://s1.ljcdn.com/matrix_lianjia_pc/dist/pc/src/resource/default/1150-450.png?_v=2019062712185388b', 'https://s1.ljcdn.com/matrix_lianjia_pc/dist/pc/src/resource/default/1150-450.png?_v=2019062712185388b']",,,,,,,,,,,,,,,,,,,,,,,,,22.702789,114.129883
https://sz.lianjia.com/apartment/2522.html,,,瞌睡猫公寓 · 平湖店,"
瞌睡猫公寓 · 平湖店

          1035元/月起

",,,,,['https://image1.ljcdn.com/rent-user-avatar/564312c4-4764-46fd-bd3a-634c2b4b2ae5.1150x.jpg'],,,,,,,,,,,,,,,,,,,,,,,,,22.691021,114.151908
https://sz.lianjia.com/apartment/18296.html,,,碧家国际社区 · 爱联地铁站三店,"
碧家国际社区 · 爱联地铁站三店

          969元/月起

",,,,,"['https://image1.ljcdn.com/rent-user-avatar/22e31a1a-0d39-4513-9cc8-3777cb96d077.1150x.jpg', 'https://s1.ljcdn.com/matrix_lianjia_pc/dist/pc/src/resource/default/1150-450.png?_v=2019062712185388b', 'https://s1.ljcdn.com/matrix_lianjia_pc/dist/pc/src/resource/default/1150-450.png?_v=2019062712185388b']",,,,,,,,,,,,,,,,,,,,,,,,,22.708432,114.229695
https://sz.lianjia.com/apartment/16628.html,,,WeWa创享域 · 创享家龙华新区店,"
WeWa创享域 · 创享家龙华新区店

          500元/月起

",,,,,['https://image1.ljcdn.com/rent-user-avatar/86333a1e-dbad-4890-aac7-6bde9b97ead1.1150x.jpg'],,,,,,,,,,,,,,,,,,,,,,,,,22.752513,114.022789
https://sz.lianjia.com/apartment/5795.html,,,河豚公寓 · 开屏店,"
河豚公寓 · 开屏店

          1500元/月起

",,,,,"['https://image1.ljcdn.com/rent-user-avatar/7000f107-da01-4b82-9e73-6f263545c9f1.1150x.jpg', 'https://s1.ljcdn.com/matrix_lianjia_pc/dist/pc/src/resource/default/1150-450.png?_v=2019062712185388b', 'https://s1.ljcdn.com/matrix_lianjia_pc/dist/pc/src/resource/default/1150-450.png?_v=2019062712185388b']",,,,,,,,,,,,,,,,,,,,,,,,,22.57476,113.889691
https://sz.lianjia.com/apartment/3236.html,,,金湖公寓 · 光明城4店,"
金湖公寓 · 光明城4店

          1200元/月起

",,,,,['https://image1.ljcdn.com/rent-user-avatar/2d797a0a-52bf-464f-9a31-f101aea3e812.1150x.jpg'],,,,,,,,,,,,,,,,,,,,,,,,,22.732061,113.954901
https://sz.lianjia.com/apartment/18571.html,,,冠寓 · 深圳荷坳地铁站店,"
冠寓 · 深圳荷坳地铁站店

          1500元/月起

",,,,,"['https://image1.ljcdn.com/rent-house-1/e067d74ca3cefe515bb47a92f8ce9933-1561059963716/b33050557bfffafa7e286b549ffa9aef.jpg.1150x.jpg', 'https://s1.ljcdn.com/matrix_lianjia_pc/dist/pc/src/resource/default/1150-450.png?_v=2019062712185388b', 'https://s1.ljcdn.com/matrix_lianjia_pc/dist/pc/src/resource/default/1150-450.png?_v=2019062712185388b']",,,,,,,,,,,,,,,,,,,,,,,,,22.67389097503075,114.22439581863439
https://sz.lianjia.com/zufang/SZ2222412897135632384.html,宝安区,新安,合租·文汇花园 4居室 东北卧,1460元/月 (季付价),合租,4室1厅1卫,6㎡,朝东北,"['https://image1.ljcdn.com/rent-house-1/636f69b83827f24f7723a443c68fdbb3-1561207084810/fbc668cc0f8328fa7429cfd9572b5a2e.jpg.780x439.jpg', 'https://s1.ljcdn.com/matrix_lianjia_pc/dist/pc/src/resource/default/780-439.png?_v=2019062712185388b', 'https://s1.ljcdn.com/matrix_lianjia_pc/dist/pc/src/resource/default/780-439.png?_v=2019062712185388b', 'https://s1.ljcdn.com/matrix_lianjia_pc/dist/pc/src/resource/default/780-439.png?_v=2019062712185388b', 'https://s1.ljcdn.com/matrix_lianjia_pc/dist/pc/src/resource/default/780-439.png?_v=2019062712185388b']",3个月前,随时入住,1年,随时可看,2/8层,暂无数据,暂无数据,暂无数据,暂无数据,暂无数据,暂无数据,"['公寓', '近地铁', '随时看房']",5号线(环中线) - 灵芝,880m,,,,,,,,,,,22.575179865881,113.90144955034
https://sz.lianjia.com/apartment/18007.html,,,深圳爱尚家公寓 · 五和地铁站店,"
深圳爱尚家公寓 · 五和地铁站店

          1280元/月起

",,,,,"['https://image1.ljcdn.com/rent-user-avatar/d6366274-d40f-4eeb-a6f4-2189650d8133.1150x.jpg', 'https://s1.ljcdn.com/matrix_lianjia_pc/dist/pc/src/resource/default/1150-450.png?_v=2019062712185388b', 'https://s1.ljcdn.com/matrix_lianjia_pc/dist/pc/src/resource/default/1150-450.png?_v=2019062712185388b']",,,,,,,,,,,,,,,,,,,,,,,,,22.633199,114.069
https://sz.lianjia.com/apartment/16667.html,,,乐乎城市青年社区 · 乐乎有朋·小遇西湾公寓,"
乐乎城市青年社区 · 乐乎有朋·小遇西湾公寓

          1300元/月起

",,,,,"['https://image1.ljcdn.com/rent-house-1/492de982d6f30ec08c539e6056309399-1554280081652/d3d0ee62a33e479126b59f9dc5327e87.jpg.1150x.jpg', 'https://s1.ljcdn.com/matrix_lianjia_pc/dist/pc/src/resource/default/1150-450.png?_v=2019062712185388b', 'https://s1.ljcdn.com/matrix_lianjia_pc/dist/pc/src/resource/default/1150-450.png?_v=2019062712185388b', 'https://s1.ljcdn.com/matrix_lianjia_pc/dist/pc/src/resource/default/1150-450.png?_v=2019062712185388b', 'https://s1.ljcdn.com/matrix_lianjia_pc/dist/pc/src/resource/default/1150-450.png?_v=2019062712185388b', 'https://s1.ljcdn.com/matrix_lianjia_pc/dist/pc/src/resource/default/1150-450.png?_v=2019062712185388b', 'https://s1.ljcdn.com/matrix_lianjia_pc/dist/pc/src/resource/default/1150-450.png?_v=2019062712185388b']",,,,,,,,,,,,,,,,,,,,,,,,,22.59480,113.85160
https://sz.lianjia.com/apartment/17961.html,,,金湖公寓 · 光明城1店,"
金湖公寓 · 光明城1店

          800元/月起

",,,,,['https://image1.ljcdn.com/rent-user-avatar/71e3d57f-6b48-4ddf-9178-e655c20d25cc.1150x.jpg'],,,,,,,,,,,,,,,,,,,,,,,,,22.732375,113.95741
https://sz.lianjia.com/apartment/9033.html,,,宏奕公寓 · 南坑店,"
宏奕公寓 · 南坑店

          1480元/月起

",,,,,"['https://image1.ljcdn.com/rent-user-avatar/9fe518fe-8a38-4b5a-8ff3-d373c3195602.1150x.jpg', 'https://s1.ljcdn.com/matrix_lianjia_pc/dist/pc/src/resource/default/1150-450.png?_v=2019062712185388b', 'https://s1.ljcdn.com/matrix_lianjia_pc/dist/pc/src/resource/default/1150-450.png?_v=2019062712185388b']",,,,,,,,,,,,,,,,,,,,,,,,,22.617431,114.06956
https://sz.lianjia.com/apartment/17509.html,,,乐乎城市青年社区 · 乐乎有朋·58公寓,"
乐乎城市青年社区 · 乐乎有朋·58公寓

          700元/月起

",,,,,"['https://image1.ljcdn.com/rent-house-1/492de982d6f30ec08c539e6056309399-1557045256577/d3d0ee62a33e479126b59f9dc5327e87.jpg.1150x.jpg', 'https://s1.ljcdn.com/matrix_lianjia_pc/dist/pc/src/resource/default/1150-450.png?_v=2019062712185388b']",,,,,,,,,,,,,,,,,,,,,,,,,22.73627,114.29759
https://sz.lianjia.com/zufang/SZ2283773360708534272.html,宝安区,碧海,整租·浪漫港湾 1室0厅 东北,1350元/月 (月付价),整租,1室0厅1卫,15㎡,朝 东北,"['https://image1.ljcdn.com/rent-user-avatar/0a644fab-970d-4d44-8c8f-f7243db3f9b5.780x439.jpg', 'https://s1.ljcdn.com/matrix_lianjia_pc/dist/pc/src/resource/default/780-439.png?_v=2019062712185388b', 'https://s1.ljcdn.com/matrix_lianjia_pc/dist/pc/src/resource/default/780-439.png?_v=2019062712185388b', 'https://s1.ljcdn.com/matrix_lianjia_pc/dist/pc/src/resource/default/780-439.png?_v=2019062712185388b']",6天前,随时入住,6个月以上,随时可看,8/10层,暂无数据,暂无数据,暂无数据,暂无数据,暂无数据,暂无数据,"['公寓', '月租', '精装', '新上', '随时看房']",,,,,,,,,,,,,22.566406260194,113.87509828385
https://sz.lianjia.com/zufang/SZ2286776244714610688.html,龙岗区,龙岗中心城,合租·东方明珠城 5居室 东北卧,1190元/月 (月付价),合租,5室1厅2卫,13㎡,朝东北,"['https://image1.ljcdn.com/rent-user-avatar/281a96df-08b7-4238-afb7-66bdeb765bba.780x439.jpg', 'https://s1.ljcdn.com/matrix_lianjia_pc/dist/pc/src/resource/default/780-439.png?_v=2019062712185388b', 'https://s1.ljcdn.com/matrix_lianjia_pc/dist/pc/src/resource/default/780-439.png?_v=2019062712185388b', 'https://s1.ljcdn.com/matrix_lianjia_pc/dist/pc/src/resource/default/780-439.png?_v=2019062712185388b', 'https://s1.ljcdn.com/matrix_lianjia_pc/dist/pc/src/resource/default/780-439.png?_v=2019062712185388b', 'https://s1.ljcdn.com/matrix_lianjia_pc/dist/pc/src/resource/default/780-439.png?_v=2019062712185388b', 'https://s1.ljcdn.com/matrix_lianjia_pc/dist/pc/src/resource/default/780-439.png?_v=2019062712185388b']",2天前,随时入住,1年,随时可看,21/32层,有,暂无数据,民水,民电,无,暂无数据,"['近地铁', '精装', '押一付一', '新上', '随时看房']",3号线(龙岗线) - 龙城广场,198m,,,,,,,,,,,22.724913,114.260902
https://sz.lianjia.com/apartment/15569.html,,,U梦公馆 · 下水径1号店,"
U梦公馆 · 下水径1号店

          1480元/月起

",,,,,"['https://image1.ljcdn.com/rent-user-avatar/60bf2b23-057d-4385-9bba-4be252bdaff4.1150x.jpg', 'https://s1.ljcdn.com/matrix_lianjia_pc/dist/pc/src/resource/default/1150-450.png?_v=2019062712185388b', 'https://s1.ljcdn.com/matrix_lianjia_pc/dist/pc/src/resource/default/1150-450.png?_v=2019062712185388b', 'https://s1.ljcdn.com/matrix_lianjia_pc/dist/pc/src/resource/default/1150-450.png?_v=2019062712185388b', 'https://s1.ljcdn.com/matrix_lianjia_pc/dist/pc/src/resource/default/1150-450.png?_v=2019062712185388b', 'https://s1.ljcdn.com/matrix_lianjia_pc/dist/pc/src/resource/default/1150-450.png?_v=2019062712185388b', 'https://s1.ljcdn.com/matrix_lianjia_pc/dist/pc/src/resource/default/1150-450.png?_v=2019062712185388b', 'https://s1.ljcdn.com/matrix_lianjia_pc/dist/pc/src/resource/default/1150-450.png?_v=2019062712185388b', 'https://s1.ljcdn.com/matrix_lianjia_pc/dist/pc/src/resource/default/1150-450.png?_v=2019062712185388b', 'https://s1.ljcdn.com/matrix_lianjia_pc/dist/pc/src/resource/default/1150-450.png?_v=2019062712185388b']",,,,,,,,,,,,,,,,,,,,,,,,,22.61767,114.113268
https://sz.lianjia.com/apartment/8634.html,,,金地草莓公寓 · 西乡银田家,"
金地草莓公寓 · 西乡银田家

          1337元/月起

",,,,,"['https://image1.ljcdn.com/rent-user-avatar/9f56c1bd-6c5f-486c-8d1d-70fae24117b6.1150x.jpg', 'https://s1.ljcdn.com/matrix_lianjia_pc/dist/pc/src/resource/default/1150-450.png?_v=2019062712185388b']",,,,,,,,,,,,,,,,,,,,,,,,,22.593709,113.868416
https://sz.lianjia.com/apartment/18759.html,,,职业房东 · 海滨新村12号店,"
职业房东 · 海滨新村12号店

          800元/月起

",,,,,"['https://image1.ljcdn.com/rent-user-avatar/db211d4f-5fe2-46d0-bed2-c140e63a1551.1150x.jpg', 'https://s1.ljcdn.com/matrix_lianjia_pc/dist/pc/src/resource/default/1150-450.png?_v=2019062712185388b', 'https://s1.ljcdn.com/matrix_lianjia_pc/dist/pc/src/resource/default/1150-450.png?_v=2019062712185388b', 'https://s1.ljcdn.com/matrix_lianjia_pc/dist/pc/src/resource/default/1150-450.png?_v=2019062712185388b', 'https://s1.ljcdn.com/matrix_lianjia_pc/dist/pc/src/resource/default/1150-450.png?_v=2019062712185388b', 'https://s1.ljcdn.com/matrix_lianjia_pc/dist/pc/src/resource/default/1150-450.png?_v=2019062712185388b']",,,,,,,,,,,,,,,,,,,,,,,,,22.591831,113.850412
https://sz.lianjia.com/apartment/15779.html,,,WeWa创享域 · 观澜富士康一店,"
WeWa创享域 · 观澜富士康一店

          500元/月起

",,,,,"['https://image1.ljcdn.com/rent-user-avatar/9ffee05a-bf58-42b5-8ec9-52adbe9ba761.1150x.jpg', 'https://s1.ljcdn.com/matrix_lianjia_pc/dist/pc/src/resource/default/1150-450.png?_v=2019062712185388b', 'https://s1.ljcdn.com/matrix_lianjia_pc/dist/pc/src/resource/default/1150-450.png?_v=2019062712185388b', 'https://s1.ljcdn.com/matrix_lianjia_pc/dist/pc/src/resource/default/1150-450.png?_v=2019062712185388b']",,,,,,,,,,,,,,,,,,,,,,,,,22.752449,114.022576
https://sz.lianjia.com/apartment/7779.html,,,平台认证机构 · 童心公寓塘尾店,"
平台认证机构 · 童心公寓塘尾店

          1180元/月起

",,,,,['https://image1.ljcdn.com/rent-user-avatar/f1a11ceb-5585-48cc-b3c0-d1c73fb93f18.1150x.jpg'],,,,,,,,,,,,,,,,,,,,,,,,,22.70161,113.821587
https://sz.lianjia.com/zufang/SZ2284282877007380480.html,龙岗区,龙岗中心城,合租·东方明珠城 5居室 东北卧,1160元/月 (月付价),合租,5室1厅2卫,13㎡,朝东北,"['https://image1.ljcdn.com/rent-user-avatar/030a1f02-6d71-4ae7-a1ac-7c4e897effa7.780x439.jpg', 'https://s1.ljcdn.com/matrix_lianjia_pc/dist/pc/src/resource/default/780-439.png?_v=2019062712185388b', 'https://s1.ljcdn.com/matrix_lianjia_pc/dist/pc/src/resource/default/780-439.png?_v=2019062712185388b', 'https://s1.ljcdn.com/matrix_lianjia_pc/dist/pc/src/resource/default/780-439.png?_v=2019062712185388b', 'https://s1.ljcdn.com/matrix_lianjia_pc/dist/pc/src/resource/default/780-439.png?_v=2019062712185388b', 'https://s1.ljcdn.com/matrix_lianjia_pc/dist/pc/src/resource/default/780-439.png?_v=2019062712185388b', 'https://s1.ljcdn.com/matrix_lianjia_pc/dist/pc/src/resource/default/780-439.png?_v=2019062712185388b', 'https://s1.ljcdn.com/matrix_lianjia_pc/dist/pc/src/resource/default/780-439.png?_v=2019062712185388b', 'https://s1.ljcdn.com/matrix_lianjia_pc/dist/pc/src/resource/default/780-439.png?_v=2019062712185388b', 'https://s1.ljcdn.com/matrix_lianjia_pc/dist/pc/src/resource/default/780-439.png?_v=2019062712185388b', 'https://s1.ljcdn.com/matrix_lianjia_pc/dist/pc/src/resource/default/780-439.png?_v=2019062712185388b']",5天前,随时入住,1~24个月,随时可看,6/32层,有,暂无数据,民水,民电,无,暂无数据,"['独立卫生间', '月租', '近地铁', '精装', '押一付一', '新上', '随时看房']",3号线(龙岗线) - 龙城广场,204m,,,,,,,,,,,22.724842,114.260606
https://sz.lianjia.com/apartment/11524.html,,,中际领寓 · 中际领寓 沙井店,"
中际领寓 · 中际领寓 沙井店

          880元/月起

",,,,,"['https://image1.ljcdn.com/rent-user-avatar/7152b3d0-a3dd-4ae2-9203-806c3ccd8c61.1150x.jpg', 'https://s1.ljcdn.com/matrix_lianjia_pc/dist/pc/src/resource/default/1150-450.png?_v=2019062712185388b', 'https://s1.ljcdn.com/matrix_lianjia_pc/dist/pc/src/resource/default/1150-450.png?_v=2019062712185388b', 'https://s1.ljcdn.com/matrix_lianjia_pc/dist/pc/src/resource/default/1150-450.png?_v=2019062712185388b', 'https://s1.ljcdn.com/matrix_lianjia_pc/dist/pc/src/resource/default/1150-450.png?_v=2019062712185388b', 'https://s1.ljcdn.com/matrix_lianjia_pc/dist/pc/src/resource/default/1150-450.png?_v=2019062712185388b', 'https://s1.ljcdn.com/matrix_lianjia_pc/dist/pc/src/resource/default/1150-450.png?_v=2019062712185388b', 'https://s1.ljcdn.com/matrix_lianjia_pc/dist/pc/src/resource/default/1150-450.png?_v=2019062712185388b']",,,,,,,,,,,,,,,,,,,,,,,,,22.742979,113.816912
https://sz.lianjia.com/apartment/18758.html,,,职业房东 · 海滨新村1号A座店,"
职业房东 · 海滨新村1号A座店

          1000元/月起

",,,,,"['https://image1.ljcdn.com/rent-user-avatar/9f4ea752-42e3-4c40-9e5d-dda2fc36e2f5.1150x.jpg', 'https://s1.ljcdn.com/matrix_lianjia_pc/dist/pc/src/resource/default/1150-450.png?_v=2019062712185388b', 'https://s1.ljcdn.com/matrix_lianjia_pc/dist/pc/src/resource/default/1150-450.png?_v=2019062712185388b', 'https://s1.ljcdn.com/matrix_lianjia_pc/dist/pc/src/resource/default/1150-450.png?_v=2019062712185388b', 'https://s1.ljcdn.com/matrix_lianjia_pc/dist/pc/src/resource/default/1150-450.png?_v=2019062712185388b', 'https://s1.ljcdn.com/matrix_lianjia_pc/dist/pc/src/resource/default/1150-450.png?_v=2019062712185388b', 'https://s1.ljcdn.com/matrix_lianjia_pc/dist/pc/src/resource/default/1150-450.png?_v=2019062712185388b']",,,,,,,,,,,,,,,,,,,,,,,,,22.592451,113.850333
https://sz.lianjia.com/zufang/SZ2283152230557696000.html,龙华区,梅林关,合租·万家灯火 4居室 东北卧,1400元/月 (月付价),合租,4室1厅1卫,8㎡,朝东北,"['https://image1.ljcdn.com/rent-user-avatar/39a55abe-47b0-42a3-8a16-7b770a3d6ab1.780x439.jpg', 'https://s1.ljcdn.com/matrix_lianjia_pc/dist/pc/src/resource/default/780-439.png?_v=2019062712185388b', 'https://s1.ljcdn.com/matrix_lianjia_pc/dist/pc/src/resource/default/780-439.png?_v=2019062712185388b', 'https://s1.ljcdn.com/matrix_lianjia_pc/dist/pc/src/resource/default/780-439.png?_v=2019062712185388b', 'https://s1.ljcdn.com/matrix_lianjia_pc/dist/pc/src/resource/default/780-439.png?_v=2019062712185388b', 'https://s1.ljcdn.com/matrix_lianjia_pc/dist/pc/src/resource/default/780-439.png?_v=2019062712185388b', 'https://s1.ljcdn.com/matrix_lianjia_pc/dist/pc/src/resource/default/780-439.png?_v=2019062712185388b', 'https://s1.ljcdn.com/matrix_lianjia_pc/dist/pc/src/resource/default/780-439.png?_v=2019062712185388b']",7天前,随时入住,6~12个月,随时可看,4/7层,无,暂无数据,民水,民电,有,暂无数据,"['月租', '精装', '押一付一', '随时看房']",,,,,,,,,,,,,22.60528,114.061674
