房源地址,行政区,位置,标题,租金,租赁方式,户型,面积,朝向,图片列表,发布时间,入住时间,租期,看房时间,楼层,电梯,车位,用水,用电,燃气,采暖,标签,station,latitude,longtitude
https://sz.lianjia.com/apartment/15653.html,,,张优公寓 · 石厦A店,"
张优公寓 · 石厦A店

          2590元/月起

",,,,,['https://image1.ljcdn.com/rent-user-avatar/7e3eea65-acfc-4880-90ab-a6d43e06149c.1150x.jpg'],,,,,,,,,,,,,[],22.526438,114.057101
https://sz.lianjia.com/zufang/SZ2273161625777209344.html,龙岗区,横岗,荣德SPACE 1室1厅 西北,3700元/月 ,租赁方式未知,1室1厅1卫,42㎡,朝西北,"['https://image1.ljcdn.com/hdic-frame/prod-09e98bce-697d-48b3-abb2-920d29b72171.png.780x439.jpg', 'https://s1.ljcdn.com/matrix_lianjia_pc/dist/pc/src/resource/default/780-439.png?_v=201906280941017d9', 'https://s1.ljcdn.com/matrix_lianjia_pc/dist/pc/src/resource/default/780-439.png?_v=201906280941017d9']",24天前,随时入住,暂无数据,需提前预约,中楼层/25层,有,暂无数据,民水,民电,有,暂无数据,['近地铁'],"['3号线(龙岗线) - 横岗', '187m']",22.656192,114.215774
https://sz.lianjia.com/zufang/SZ2267399251363905536.html,龙岗区,龙岗中心城,风临国际东座 1室1厅 西北,3000元/月 ,租赁方式未知,1室1厅1卫,41㎡,朝西北,"['https://image1.ljcdn.com/hdic-frame/prod-f5130a62-5b7e-4439-aa8f-c49f3107b468.png.780x439.jpg', 'https://s1.ljcdn.com/matrix_lianjia_pc/dist/pc/src/resource/default/780-439.png?_v=201906280941017d9', 'https://s1.ljcdn.com/matrix_lianjia_pc/dist/pc/src/resource/default/780-439.png?_v=201906280941017d9']",1个月前,随时入住,暂无数据,需提前预约,高楼层/29层,有,暂无数据,民水,民电,有,暂无数据,['近地铁'],"['3号线(龙岗线) - 吉祥', '207m']",22.716335813403,114.24975762486
https://sz.lianjia.com/zufang/SZ2209469856506986496.html,龙岗区,大运新城,整租·绿景大公馆 2室1厅 西北,4000元/月 (月付价),整租,2室1厅1卫,55㎡,朝西北,"['https://image1.ljcdn.com/440300-inspection/9820c5db-ec57-4d5e-b8f8-eec6d2b5b768.jpg.780x439.jpg', 'https://s1.ljcdn.com/matrix_lianjia_pc/dist/pc/src/resource/default/780-439.png?_v=201906280941017d9', 'https://s1.ljcdn.com/matrix_lianjia_pc/dist/pc/src/resource/default/780-439.png?_v=201906280941017d9', 'https://s1.ljcdn.com/matrix_lianjia_pc/dist/pc/src/resource/default/780-439.png?_v=201906280941017d9', 'https://s1.ljcdn.com/matrix_lianjia_pc/dist/pc/src/resource/default/780-439.png?_v=201906280941017d9', 'https://s1.ljcdn.com/matrix_lianjia_pc/dist/pc/src/resource/default/780-439.png?_v=201906280941017d9', 'https://s1.ljcdn.com/matrix_lianjia_pc/dist/pc/src/resource/default/780-439.png?_v=201906280941017d9', 'https://s1.ljcdn.com/matrix_lianjia_pc/dist/pc/src/resource/default/780-439.png?_v=201906280941017d9']",2个月前,随时入住,1年以内,需提前预约,高楼层/15层,有,租用车位,民水,民电,有,暂无数据,"['精装', '随时看房']",[],22.702685212094,114.22725324717
https://sz.lianjia.com/zufang/SZ2236979472270639104.html,龙岗区,布吉关,整租·佳兆业大都汇 1室1厅 西北,3000元/月 (月付价),整租,1室1厅1卫,42㎡,朝西北,"['https://image1.ljcdn.com/rent-user-avatar/057d8c4f-4a35-4e1b-a56d-2a671290e843.780x439.jpg', 'https://s1.ljcdn.com/matrix_lianjia_pc/dist/pc/src/resource/default/780-439.png?_v=201906280941017d9', 'https://s1.ljcdn.com/matrix_lianjia_pc/dist/pc/src/resource/default/780-439.png?_v=201906280941017d9', 'https://s1.ljcdn.com/matrix_lianjia_pc/dist/pc/src/resource/default/780-439.png?_v=201906280941017d9', 'https://s1.ljcdn.com/matrix_lianjia_pc/dist/pc/src/resource/default/780-439.png?_v=201906280941017d9', 'https://s1.ljcdn.com/matrix_lianjia_pc/dist/pc/src/resource/default/780-439.png?_v=201906280941017d9', 'https://s1.ljcdn.com/matrix_lianjia_pc/dist/pc/src/resource/default/780-439.png?_v=201906280941017d9']",2个月前,随时入住,1年,随时可看,27/33层,暂无数据,暂无数据,暂无数据,暂无数据,暂无数据,暂无数据,"['近地铁', '精装', '随时看房']","['3号线(龙岗线),5号线(环中线) - 布吉', '16m', '3号线(龙岗线) - 木棉湾', '1029m']",22.607946,114.128902
https://sz.lianjia.com/apartment/8884.html,,,瑞鑫家园青年社区 · 宝安店,"
瑞鑫家园青年社区 · 宝安店

          1300元/月起

",,,,,"['https://image1.ljcdn.com/rent-user-avatar/4766dc44-fa45-4b84-88db-2d1c04654e0c.1150x.jpg', 'https://s1.ljcdn.com/matrix_lianjia_pc/dist/pc/src/resource/default/1150-450.png?_v=201906280941017d9', 'https://s1.ljcdn.com/matrix_lianjia_pc/dist/pc/src/resource/default/1150-450.png?_v=201906280941017d9', 'https://s1.ljcdn.com/matrix_lianjia_pc/dist/pc/src/resource/default/1150-450.png?_v=201906280941017d9', 'https://s1.ljcdn.com/matrix_lianjia_pc/dist/pc/src/resource/default/1150-450.png?_v=201906280941017d9', 'https://s1.ljcdn.com/matrix_lianjia_pc/dist/pc/src/resource/default/1150-450.png?_v=201906280941017d9', 'https://s1.ljcdn.com/matrix_lianjia_pc/dist/pc/src/resource/default/1150-450.png?_v=201906280941017d9', 'https://s1.ljcdn.com/matrix_lianjia_pc/dist/pc/src/resource/default/1150-450.png?_v=201906280941017d9', 'https://s1.ljcdn.com/matrix_lianjia_pc/dist/pc/src/resource/default/1150-450.png?_v=201906280941017d9', 'https://s1.ljcdn.com/matrix_lianjia_pc/dist/pc/src/resource/default/1150-450.png?_v=201906280941017d9', 'https://s1.ljcdn.com/matrix_lianjia_pc/dist/pc/src/resource/default/1150-450.png?_v=201906280941017d9', 'https://s1.ljcdn.com/matrix_lianjia_pc/dist/pc/src/resource/default/1150-450.png?_v=201906280941017d9']",,,,,,,,,,,,,[],22.586375,113.891323
https://sz.lianjia.com/zufang/SZ2212287612356935680.html,龙岗区,龙岗中心城,缤纷世纪 2室2厅 西北,3000元/月 ,租赁方式未知,2室2厅1卫,57㎡,朝西北,"['https://image1.ljcdn.com/440300-inspection/89a7196b-6c85-4f3f-82df-b76deab9b064.jpg.780x439.jpg', 'https://s1.ljcdn.com/matrix_lianjia_pc/dist/pc/src/resource/default/780-439.png?_v=201906280941017d9', 'https://s1.ljcdn.com/matrix_lianjia_pc/dist/pc/src/resource/default/780-439.png?_v=201906280941017d9', 'https://s1.ljcdn.com/matrix_lianjia_pc/dist/pc/src/resource/default/780-439.png?_v=201906280941017d9', 'https://s1.ljcdn.com/matrix_lianjia_pc/dist/pc/src/resource/default/780-439.png?_v=201906280941017d9', 'https://s1.ljcdn.com/matrix_lianjia_pc/dist/pc/src/resource/default/780-439.png?_v=201906280941017d9', 'https://s1.ljcdn.com/matrix_lianjia_pc/dist/pc/src/resource/default/780-439.png?_v=201906280941017d9']",1个月前,随时入住,暂无数据,只能周末看房,低楼层/31层,有,暂无数据,商水,商电,有,暂无数据,['近地铁'],"['3号线(龙岗线) - 爱联', '757m']",22.708636,114.236682
https://sz.lianjia.com/zufang/SZ2145675503552970752.html,龙岗区,大运新城,整租·阳光天健城 1室1厅 西北,3200元/月 (月付价),整租,1室1厅1卫,45㎡,朝西北,"['https://image1.ljcdn.com/440300-inspection/prod-04af9e7d-d2f3-4f6a-ac73-f0660d366a59.jpg.780x439.jpg', 'https://s1.ljcdn.com/matrix_lianjia_pc/dist/pc/src/resource/default/780-439.png?_v=201906280941017d9', 'https://s1.ljcdn.com/matrix_lianjia_pc/dist/pc/src/resource/default/780-439.png?_v=201906280941017d9', 'https://s1.ljcdn.com/matrix_lianjia_pc/dist/pc/src/resource/default/780-439.png?_v=201906280941017d9', 'https://s1.ljcdn.com/matrix_lianjia_pc/dist/pc/src/resource/default/780-439.png?_v=201906280941017d9']",6个月前,随时入住,1年以内,需提前预约,高楼层/27层,有,暂无数据,民水,民电,有,暂无数据,['精装'],[],22.707475939188,114.22691111939
https://sz.lianjia.com/zufang/SZ2226842955396677632.html,龙岗区,龙岗双龙,满京华喜悦里 4室1厅 西北,5000元/月 ,租赁方式未知,4室1厅2卫,88㎡,朝西北,"['http://vrlab-image.ljcdn.com/release/auto3dhd/09cb983c156671644d99580318d51247/screenshot/1551243391_6/pc0_heJfmkp7k.jpg.q_70.jpg', 'https://s1.ljcdn.com/matrix_lianjia_pc/dist/pc/src/resource/default/780-439.png?_v=201906280941017d9', 'https://s1.ljcdn.com/matrix_lianjia_pc/dist/pc/src/resource/default/780-439.png?_v=201906280941017d9', 'https://s1.ljcdn.com/matrix_lianjia_pc/dist/pc/src/resource/default/780-439.png?_v=201906280941017d9', 'https://s1.ljcdn.com/matrix_lianjia_pc/dist/pc/src/resource/default/780-439.png?_v=201906280941017d9', 'https://s1.ljcdn.com/matrix_lianjia_pc/dist/pc/src/resource/default/780-439.png?_v=201906280941017d9', 'https://s1.ljcdn.com/matrix_lianjia_pc/dist/pc/src/resource/default/780-439.png?_v=201906280941017d9']",2个月前,随时入住,暂无数据,暂无数据,低楼层/32层,有,暂无数据,民水,民电,有,暂无数据,"['近地铁', '随时看房']","['3号线(龙岗线) - 南联', '113m']",22.727569,114.27484
https://sz.lianjia.com/apartment/1479.html,,,18Plus公寓 · 红山A栋,"
18Plus公寓 · 红山A栋

          3168元/月起

",,,,,"['https://image1.ljcdn.com/rent-user-avatar/4d74396e-7707-4a3e-ae23-021c0b7d3472.1150x.jpg', 'https://s1.ljcdn.com/matrix_lianjia_pc/dist/pc/src/resource/default/1150-450.png?_v=201906280941017d9', 'https://s1.ljcdn.com/matrix_lianjia_pc/dist/pc/src/resource/default/1150-450.png?_v=201906280941017d9', 'https://s1.ljcdn.com/matrix_lianjia_pc/dist/pc/src/resource/default/1150-450.png?_v=201906280941017d9', 'https://s1.ljcdn.com/matrix_lianjia_pc/dist/pc/src/resource/default/1150-450.png?_v=201906280941017d9', 'https://s1.ljcdn.com/matrix_lianjia_pc/dist/pc/src/resource/default/1150-450.png?_v=201906280941017d9', 'https://s1.ljcdn.com/matrix_lianjia_pc/dist/pc/src/resource/default/1150-450.png?_v=201906280941017d9', 'https://s1.ljcdn.com/matrix_lianjia_pc/dist/pc/src/resource/default/1150-450.png?_v=201906280941017d9', 'https://s1.ljcdn.com/matrix_lianjia_pc/dist/pc/src/resource/default/1150-450.png?_v=201906280941017d9', 'https://s1.ljcdn.com/matrix_lianjia_pc/dist/pc/src/resource/default/1150-450.png?_v=201906280941017d9', 'https://s1.ljcdn.com/matrix_lianjia_pc/dist/pc/src/resource/default/1150-450.png?_v=201906280941017d9', 'https://s1.ljcdn.com/matrix_lianjia_pc/dist/pc/src/resource/default/1150-450.png?_v=201906280941017d9', 'https://s1.ljcdn.com/matrix_lianjia_pc/dist/pc/src/resource/default/1150-450.png?_v=201906280941017d9']",,,,,,,,,,,,,[],22.631407,114.027892
https://sz.lianjia.com/apartment/10214.html,,,馨雅阁公寓 · 远洋新干线店,"
馨雅阁公寓 · 远洋新干线店

          2800元/月起

",,,,,['https://image1.ljcdn.com/rent-user-avatar/d728a5a7-acc1-49e3-aa5c-a65acc905548.1150x.jpg'],,,,,,,,,,,,,[],22.724575,114.26751
https://sz.lianjia.com/zufang/SZ2230278804973568000.html,龙岗区,龙岗中心城,缤纷世纪 2室2厅 西北,3000元/月 ,租赁方式未知,2室2厅1卫,57㎡,朝西北,"['http://vrlab-image.ljcdn.com/release/auto3dhd/5f4b735de2e096020b9322d67eb93a45/screenshot/1554953597_0/pc0_VUNNHYIuS.jpg.q_70.jpg', 'https://s1.ljcdn.com/matrix_lianjia_pc/dist/pc/src/resource/default/780-439.png?_v=201906280941017d9', 'https://s1.ljcdn.com/matrix_lianjia_pc/dist/pc/src/resource/default/780-439.png?_v=201906280941017d9', 'https://s1.ljcdn.com/matrix_lianjia_pc/dist/pc/src/resource/default/780-439.png?_v=201906280941017d9', 'https://s1.ljcdn.com/matrix_lianjia_pc/dist/pc/src/resource/default/780-439.png?_v=201906280941017d9']",2个月前,随时入住,暂无数据,需提前预约,中楼层/31层,有,暂无数据,商水,商电,有,暂无数据,"['近地铁', '随时看房']","['3号线(龙岗线) - 爱联', '757m']",22.708636,114.236682
https://sz.lianjia.com/zufang/SZ2232427874362081280.html,龙岗区,龙岗中心城,风临国际东座 1室1厅 西北,3000元/月 ,租赁方式未知,1室1厅1卫,48㎡,朝西北,"['https://image1.ljcdn.com/440300-inspection/7a91884f-f374-4094-9d2c-9d6d47aba097.jpg.780x439.jpg', 'https://s1.ljcdn.com/matrix_lianjia_pc/dist/pc/src/resource/default/780-439.png?_v=201906280941017d9', 'https://s1.ljcdn.com/matrix_lianjia_pc/dist/pc/src/resource/default/780-439.png?_v=201906280941017d9', 'https://s1.ljcdn.com/matrix_lianjia_pc/dist/pc/src/resource/default/780-439.png?_v=201906280941017d9', 'https://s1.ljcdn.com/matrix_lianjia_pc/dist/pc/src/resource/default/780-439.png?_v=201906280941017d9', 'https://s1.ljcdn.com/matrix_lianjia_pc/dist/pc/src/resource/default/780-439.png?_v=201906280941017d9', 'https://s1.ljcdn.com/matrix_lianjia_pc/dist/pc/src/resource/default/780-439.png?_v=201906280941017d9']",2个月前,随时入住,暂无数据,需提前预约,中楼层/29层,有,暂无数据,民水,民电,有,暂无数据,['近地铁'],"['3号线(龙岗线) - 吉祥', '207m']",22.716335813403,114.24975762486
https://sz.lianjia.com/zufang/SZ2274497995741331456.html,龙岗区,大运新城,中海康城国际一期 3室1厅 西北,3400元/月 ,租赁方式未知,3室1厅1卫,74㎡,朝西北,"['https://image1.ljcdn.com/440300-inspection/d683b498-ede6-4bf1-9740-53515c8c1b15.jpg.780x439.jpg', 'https://s1.ljcdn.com/matrix_lianjia_pc/dist/pc/src/resource/default/780-439.png?_v=201906280941017d9', 'https://s1.ljcdn.com/matrix_lianjia_pc/dist/pc/src/resource/default/780-439.png?_v=201906280941017d9', 'https://s1.ljcdn.com/matrix_lianjia_pc/dist/pc/src/resource/default/780-439.png?_v=201906280941017d9', 'https://s1.ljcdn.com/matrix_lianjia_pc/dist/pc/src/resource/default/780-439.png?_v=201906280941017d9', 'https://s1.ljcdn.com/matrix_lianjia_pc/dist/pc/src/resource/default/780-439.png?_v=201906280941017d9', 'https://s1.ljcdn.com/matrix_lianjia_pc/dist/pc/src/resource/default/780-439.png?_v=201906280941017d9']",22天前,随时入住,暂无数据,暂无数据,中楼层/33层,有,暂无数据,民水,民电,有,暂无数据,[],[],22.712830704194,114.21316487334
https://sz.lianjia.com/apartment/2495.html,,,四季时代酒店公寓 · 天安花园店,"
四季时代酒店公寓 · 天安花园店

          2000元/月起

",,,,,['https://image1.ljcdn.com/rent-user-avatar/5c256b2a-31e7-492a-8917-c5d7657089a1.1150x.jpg'],,,,,,,,,,,,,[],22.646881,114.076557
https://sz.lianjia.com/apartment/2495.html,,,四季时代酒店公寓 · 天安花园店,"
四季时代酒店公寓 · 天安花园店

          2000元/月起

",,,,,['https://image1.ljcdn.com/rent-user-avatar/5c256b2a-31e7-492a-8917-c5d7657089a1.1150x.jpg'],,,,,,,,,,,,,[],22.646881,114.076557
https://sz.lianjia.com/zufang/SZ2271166199247142912.html,龙华区,观澜,华盛观荟 4室2厅 西北,4300元/月 ,租赁方式未知,4室2厅2卫,87㎡,朝西北,"['https://image1.ljcdn.com/440300-inspection/1d1d88fc-7679-4e03-8bbb-f7cbeff884f1.jpg.780x439.jpg', 'https://s1.ljcdn.com/matrix_lianjia_pc/dist/pc/src/resource/default/780-439.png?_v=201906280941017d9', 'https://s1.ljcdn.com/matrix_lianjia_pc/dist/pc/src/resource/default/780-439.png?_v=201906280941017d9', 'https://s1.ljcdn.com/matrix_lianjia_pc/dist/pc/src/resource/default/780-439.png?_v=201906280941017d9', 'https://s1.ljcdn.com/matrix_lianjia_pc/dist/pc/src/resource/default/780-439.png?_v=201906280941017d9', 'https://s1.ljcdn.com/matrix_lianjia_pc/dist/pc/src/resource/default/780-439.png?_v=201906280941017d9', 'https://s1.ljcdn.com/matrix_lianjia_pc/dist/pc/src/resource/default/780-439.png?_v=201906280941017d9', 'https://s1.ljcdn.com/matrix_lianjia_pc/dist/pc/src/resource/default/780-439.png?_v=201906280941017d9', 'https://s1.ljcdn.com/matrix_lianjia_pc/dist/pc/src/resource/default/780-439.png?_v=201906280941017d9', 'https://s1.ljcdn.com/matrix_lianjia_pc/dist/pc/src/resource/default/780-439.png?_v=201906280941017d9']",27天前,随时入住,暂无数据,一般下班后可看,高楼层/32层,暂无数据,暂无数据,民水,民电,有,暂无数据,[],[],22.717521,114.047962
https://sz.lianjia.com/zufang/SZ2232285514290446336.html,龙岗区,龙岗中心城,整租·名居广场 3室2厅 西北,5000元/月 (月付价),整租,3室2厅1卫,88㎡,朝西北,"['https://image1.ljcdn.com/440300-inspection/6a230823-f783-4f6f-968d-521115228371.jpg.780x439.jpg', 'https://s1.ljcdn.com/matrix_lianjia_pc/dist/pc/src/resource/default/780-439.png?_v=201906280941017d9', 'https://s1.ljcdn.com/matrix_lianjia_pc/dist/pc/src/resource/default/780-439.png?_v=201906280941017d9', 'https://s1.ljcdn.com/matrix_lianjia_pc/dist/pc/src/resource/default/780-439.png?_v=201906280941017d9', 'https://s1.ljcdn.com/matrix_lianjia_pc/dist/pc/src/resource/default/780-439.png?_v=201906280941017d9', 'https://s1.ljcdn.com/matrix_lianjia_pc/dist/pc/src/resource/default/780-439.png?_v=201906280941017d9', 'https://s1.ljcdn.com/matrix_lianjia_pc/dist/pc/src/resource/default/780-439.png?_v=201906280941017d9', 'https://s1.ljcdn.com/matrix_lianjia_pc/dist/pc/src/resource/default/780-439.png?_v=201906280941017d9', 'https://s1.ljcdn.com/matrix_lianjia_pc/dist/pc/src/resource/default/780-439.png?_v=201906280941017d9']",2个月前,随时入住,1年以内,需提前预约,高楼层/30层,有,免费使用,民水,民电,有,暂无数据,"['精装', '随时看房']",[],22.704719,114.240139
https://sz.lianjia.com/zufang/SZ2254396044090032128.html,龙岗区,大运新城,森泉雅轩 4室2厅 西北,4500元/月 ,租赁方式未知,4室2厅2卫,88㎡,朝西北,"['https://image1.ljcdn.com/440300-inspection/517363dd-18cf-475e-a921-3ae5f30c267c.jpg.780x439.jpg', 'https://s1.ljcdn.com/matrix_lianjia_pc/dist/pc/src/resource/default/780-439.png?_v=201906280941017d9', 'https://s1.ljcdn.com/matrix_lianjia_pc/dist/pc/src/resource/default/780-439.png?_v=201906280941017d9', 'https://s1.ljcdn.com/matrix_lianjia_pc/dist/pc/src/resource/default/780-439.png?_v=201906280941017d9', 'https://s1.ljcdn.com/matrix_lianjia_pc/dist/pc/src/resource/default/780-439.png?_v=201906280941017d9', 'https://s1.ljcdn.com/matrix_lianjia_pc/dist/pc/src/resource/default/780-439.png?_v=201906280941017d9', 'https://s1.ljcdn.com/matrix_lianjia_pc/dist/pc/src/resource/default/780-439.png?_v=201906280941017d9', 'https://s1.ljcdn.com/matrix_lianjia_pc/dist/pc/src/resource/default/780-439.png?_v=201906280941017d9', 'https://s1.ljcdn.com/matrix_lianjia_pc/dist/pc/src/resource/default/780-439.png?_v=201906280941017d9', 'https://s1.ljcdn.com/matrix_lianjia_pc/dist/pc/src/resource/default/780-439.png?_v=201906280941017d9']",1个月前,随时入住,暂无数据,需提前预约,低楼层/24层,有,暂无数据,民水,民电,有,暂无数据,['近地铁'],"['3号线(龙岗线) - 荷坳', '582m', '3号线(龙岗线) - 大运', '1166m']",22.683869,114.233674
https://sz.lianjia.com/zufang/SZ2265729278983544832.html,龙岗区,龙岗中心城,整租·星河上寓 1室1厅 西北,3100元/月 (月付价),整租,1室1厅1卫,51㎡,朝西北,"['https://image1.ljcdn.com/rent-user-avatar/1276d28b-c56d-4f75-8ed6-a777b6a005d7.780x439.jpg', 'https://s1.ljcdn.com/matrix_lianjia_pc/dist/pc/src/resource/default/780-439.png?_v=201906280941017d9', 'https://s1.ljcdn.com/matrix_lianjia_pc/dist/pc/src/resource/default/780-439.png?_v=201906280941017d9', 'https://s1.ljcdn.com/matrix_lianjia_pc/dist/pc/src/resource/default/780-439.png?_v=201906280941017d9', 'https://s1.ljcdn.com/matrix_lianjia_pc/dist/pc/src/resource/default/780-439.png?_v=201906280941017d9']",1个月前,随时入住,1年以上,随时可看,29/33层,暂无数据,暂无数据,商水,商电,有,暂无数据,"['精装', '随时看房']",[],22.725152,114.243847
https://sz.lianjia.com/apartment/6441.html,,,深圳易居公寓 · 深圳易居公寓,"
深圳易居公寓 · 深圳易居公寓

          1800元/月起

",,,,,"['https://image1.ljcdn.com/rent-user-avatar/5eb51afd-cc53-4b06-92f8-f600a7abee41.1150x.jpg', 'https://s1.ljcdn.com/matrix_lianjia_pc/dist/pc/src/resource/default/1150-450.png?_v=201906280941017d9', 'https://s1.ljcdn.com/matrix_lianjia_pc/dist/pc/src/resource/default/1150-450.png?_v=201906280941017d9', 'https://s1.ljcdn.com/matrix_lianjia_pc/dist/pc/src/resource/default/1150-450.png?_v=201906280941017d9', 'https://s1.ljcdn.com/matrix_lianjia_pc/dist/pc/src/resource/default/1150-450.png?_v=201906280941017d9', 'https://s1.ljcdn.com/matrix_lianjia_pc/dist/pc/src/resource/default/1150-450.png?_v=201906280941017d9', 'https://s1.ljcdn.com/matrix_lianjia_pc/dist/pc/src/resource/default/1150-450.png?_v=201906280941017d9']",,,,,,,,,,,,,[],22.626968,114.049601
https://sz.lianjia.com/zufang/SZ2289751055061762048.html,龙岗区,横岗,荣德SPACE 2室1厅 西北,4100元/月 ,租赁方式未知,2室1厅1卫,67㎡,朝西北,['https://image1.ljcdn.com/rent-front-image/1efeae8459c48eeb3fef0bc54884fd1d.png.780x439.jpg'],1天前,随时入住,暂无数据,需提前预约,高楼层/26层,有,暂无数据,民水,民电,有,暂无数据,"['近地铁', '新上']","['3号线(龙岗线) - 横岗', '187m']",22.656192,114.215774
https://sz.lianjia.com/zufang/SZ2285225983483052032.html,宝安区,宝安中心,花样年花乡 1室1厅 西北,4800元/月 ,租赁方式未知,1室1厅1卫,38㎡,朝西北,['https://image1.ljcdn.com/rent-front-image/1efeae8459c48eeb3fef0bc54884fd1d.png.780x439.jpg'],7天前,2019-07-18,暂无数据,暂无数据,高楼层/25层,有,暂无数据,民水,民电,有,暂无数据,['近地铁'],"['1号线(罗宝线) - 宝体', '697m']",22.571537204019,113.88928419408
https://sz.lianjia.com/zufang/SZ2280210181625757696.html,福田区,皇岗,水畔紫云阁 1室0厅 西北,4300元/月 ,租赁方式未知,1室0厅1卫,38㎡,朝西北,['https://image1.ljcdn.com/rent-front-image/1efeae8459c48eeb3fef0bc54884fd1d.png.780x439.jpg'],14天前,随时入住,暂无数据,暂无数据,低楼层/25层,有,暂无数据,民水,民电,有,暂无数据,['近地铁'],"['7号线 - 赤尾', '667m']",22.533678800523,114.08892687807
https://sz.lianjia.com/zufang/SZ2195491388626845696.html,龙岗区,龙岗中心城,整租·万科天誉二期 3室1厅 复式 西北,4500元/月 (月付价),整租,3室1厅1卫,66㎡,朝西北,"['https://image1.ljcdn.com/rent-user-avatar/dc62eabb-3e16-483f-a75b-bdd95a53ac75.780x439.jpg', 'https://s1.ljcdn.com/matrix_lianjia_pc/dist/pc/src/resource/default/780-439.png?_v=201906280941017d9', 'https://s1.ljcdn.com/matrix_lianjia_pc/dist/pc/src/resource/default/780-439.png?_v=201906280941017d9', 'https://s1.ljcdn.com/matrix_lianjia_pc/dist/pc/src/resource/default/780-439.png?_v=201906280941017d9', 'https://s1.ljcdn.com/matrix_lianjia_pc/dist/pc/src/resource/default/780-439.png?_v=201906280941017d9', 'https://s1.ljcdn.com/matrix_lianjia_pc/dist/pc/src/resource/default/780-439.png?_v=201906280941017d9', 'https://s1.ljcdn.com/matrix_lianjia_pc/dist/pc/src/resource/default/780-439.png?_v=201906280941017d9', 'https://s1.ljcdn.com/matrix_lianjia_pc/dist/pc/src/resource/default/780-439.png?_v=201906280941017d9', 'https://s1.ljcdn.com/matrix_lianjia_pc/dist/pc/src/resource/default/780-439.png?_v=201906280941017d9']",4个月前,随时入住,1年以上,随时可看,15/33层,有,租用车位,暂无数据,暂无数据,有,自采暖,"['公寓', '近地铁', '精装', '随时看房']","['3号线(龙岗线) - 吉祥', '537m', '3号线(龙岗线) - 龙城广场', '1124m']",22.717501,114.251789
https://sz.lianjia.com/zufang/SZ2265734863388942336.html,龙岗区,龙岗中心城,整租·星河上寓 1室1厅 西北,3100元/月 (月付价),整租,1室1厅1卫,51㎡,朝西北,"['https://image1.ljcdn.com/rent-user-avatar/b28666ec-c2b7-4d35-ba73-1aca1ea1516b.780x439.jpg', 'https://s1.ljcdn.com/matrix_lianjia_pc/dist/pc/src/resource/default/780-439.png?_v=201906280941017d9', 'https://s1.ljcdn.com/matrix_lianjia_pc/dist/pc/src/resource/default/780-439.png?_v=201906280941017d9', 'https://s1.ljcdn.com/matrix_lianjia_pc/dist/pc/src/resource/default/780-439.png?_v=201906280941017d9', 'https://s1.ljcdn.com/matrix_lianjia_pc/dist/pc/src/resource/default/780-439.png?_v=201906280941017d9', 'https://s1.ljcdn.com/matrix_lianjia_pc/dist/pc/src/resource/default/780-439.png?_v=201906280941017d9', 'https://s1.ljcdn.com/matrix_lianjia_pc/dist/pc/src/resource/default/780-439.png?_v=201906280941017d9']",1个月前,随时入住,1年以上,随时可看,17/33层,暂无数据,暂无数据,商水,商电,有,暂无数据,"['精装', '随时看房']",[],22.725152,114.243847
https://sz.lianjia.com/zufang/SZ2290334949061951488.html,龙岗区,布吉关,佳兆业可园五期 3室1厅 西北,5000元/月 ,租赁方式未知,3室1厅1卫,76㎡,朝西北,"['https://image1.ljcdn.com/440300-inspection/74c6491c-29f0-4f18-a596-29ad7bb6caa5.jpg.780x439.jpg', 'https://s1.ljcdn.com/matrix_lianjia_pc/dist/pc/src/resource/default/780-439.png?_v=201906280941017d9', 'https://s1.ljcdn.com/matrix_lianjia_pc/dist/pc/src/resource/default/780-439.png?_v=201906280941017d9', 'https://s1.ljcdn.com/matrix_lianjia_pc/dist/pc/src/resource/default/780-439.png?_v=201906280941017d9', 'https://s1.ljcdn.com/matrix_lianjia_pc/dist/pc/src/resource/default/780-439.png?_v=201906280941017d9', 'https://s1.ljcdn.com/matrix_lianjia_pc/dist/pc/src/resource/default/780-439.png?_v=201906280941017d9', 'https://s1.ljcdn.com/matrix_lianjia_pc/dist/pc/src/resource/default/780-439.png?_v=201906280941017d9']",今天,2019-07-10,暂无数据,需提前预约,低楼层/30层,有,暂无数据,民水,民电,有,暂无数据,"['近地铁', '新上']","['5号线(环中线) - 百鸽笼', '777m']",22.605839,114.142228
https://sz.lianjia.com/zufang/SZ2290583398181781504.html,罗湖区,东门,旺业豪苑 2室1厅 西北,5000元/月 ,租赁方式未知,2室1厅1卫,49㎡,朝西北,"['https://image1.ljcdn.com/440300-inspection/3f832549-e710-49d2-9ff7-fc0b83661030.png.780x439.jpg', 'https://s1.ljcdn.com/matrix_lianjia_pc/dist/pc/src/resource/default/780-439.png?_v=201906280941017d9', 'https://s1.ljcdn.com/matrix_lianjia_pc/dist/pc/src/resource/default/780-439.png?_v=201906280941017d9', 'https://s1.ljcdn.com/matrix_lianjia_pc/dist/pc/src/resource/default/780-439.png?_v=201906280941017d9', 'https://s1.ljcdn.com/matrix_lianjia_pc/dist/pc/src/resource/default/780-439.png?_v=201906280941017d9', 'https://s1.ljcdn.com/matrix_lianjia_pc/dist/pc/src/resource/default/780-439.png?_v=201906280941017d9']",今天,随时入住,暂无数据,暂无数据,低楼层/33层,有,暂无数据,民水,民电,有,暂无数据,"['近地铁', '新上', '随时看房']","['3号线(龙岗线) - 晒布', '581m', '3号线(龙岗线) - 翠竹', '640m']",22.560864696665,114.13228716422
https://sz.lianjia.com/apartment/8884.html,,,瑞鑫家园青年社区 · 宝安店,"
瑞鑫家园青年社区 · 宝安店

          1300元/月起

",,,,,"['https://image1.ljcdn.com/rent-user-avatar/4766dc44-fa45-4b84-88db-2d1c04654e0c.1150x.jpg', 'https://s1.ljcdn.com/matrix_lianjia_pc/dist/pc/src/resource/default/1150-450.png?_v=201906280941017d9', 'https://s1.ljcdn.com/matrix_lianjia_pc/dist/pc/src/resource/default/1150-450.png?_v=201906280941017d9', 'https://s1.ljcdn.com/matrix_lianjia_pc/dist/pc/src/resource/default/1150-450.png?_v=201906280941017d9', 'https://s1.ljcdn.com/matrix_lianjia_pc/dist/pc/src/resource/default/1150-450.png?_v=201906280941017d9', 'https://s1.ljcdn.com/matrix_lianjia_pc/dist/pc/src/resource/default/1150-450.png?_v=201906280941017d9', 'https://s1.ljcdn.com/matrix_lianjia_pc/dist/pc/src/resource/default/1150-450.png?_v=201906280941017d9', 'https://s1.ljcdn.com/matrix_lianjia_pc/dist/pc/src/resource/default/1150-450.png?_v=201906280941017d9', 'https://s1.ljcdn.com/matrix_lianjia_pc/dist/pc/src/resource/default/1150-450.png?_v=201906280941017d9', 'https://s1.ljcdn.com/matrix_lianjia_pc/dist/pc/src/resource/default/1150-450.png?_v=201906280941017d9', 'https://s1.ljcdn.com/matrix_lianjia_pc/dist/pc/src/resource/default/1150-450.png?_v=201906280941017d9', 'https://s1.ljcdn.com/matrix_lianjia_pc/dist/pc/src/resource/default/1150-450.png?_v=201906280941017d9']",,,,,,,,,,,,,[],22.586375,113.891323
https://sz.lianjia.com/apartment/7761.html,,,新派公寓 · 1980店,"
新派公寓 · 1980店

          2399元/月起

",,,,,"['https://image1.ljcdn.com/rent-user-avatar/18abe198-fe7e-4bc6-95e4-fd0f42c8f229.1150x.jpg', 'https://s1.ljcdn.com/matrix_lianjia_pc/dist/pc/src/resource/default/1150-450.png?_v=201906280941017d9', 'https://s1.ljcdn.com/matrix_lianjia_pc/dist/pc/src/resource/default/1150-450.png?_v=201906280941017d9', 'https://s1.ljcdn.com/matrix_lianjia_pc/dist/pc/src/resource/default/1150-450.png?_v=201906280941017d9', 'https://s1.ljcdn.com/matrix_lianjia_pc/dist/pc/src/resource/default/1150-450.png?_v=201906280941017d9', 'https://s1.ljcdn.com/matrix_lianjia_pc/dist/pc/src/resource/default/1150-450.png?_v=201906280941017d9', 'https://s1.ljcdn.com/matrix_lianjia_pc/dist/pc/src/resource/default/1150-450.png?_v=201906280941017d9', 'https://s1.ljcdn.com/matrix_lianjia_pc/dist/pc/src/resource/default/1150-450.png?_v=201906280941017d9']",,,,,,,,,,,,,[],22.652823,114.050857
