房源地址,行政区,位置,标题,租金,租赁方式,户型,面积,朝向,图片列表,发布时间,入住时间,租期,看房时间,楼层,电梯,车位,用水,用电,燃气,采暖,标签,station,latitude,longtitude
https://sz.lianjia.com/zufang/SZ2276727372126355456.html,福田区,石厦,整租·众孚花园 1室0厅 西北,3190元/月 (月付价),整租,1室0厅1卫,26㎡,朝 西北,"['https://image1.ljcdn.com/rent-user-avatar/f8643187-1b05-48c2-9e21-1599754e9586.780x439.jpg', 'https://s1.ljcdn.com/matrix_lianjia_pc/dist/pc/src/resource/default/780-439.png?_v=201906280941017d9', 'https://s1.ljcdn.com/matrix_lianjia_pc/dist/pc/src/resource/default/780-439.png?_v=201906280941017d9', 'https://s1.ljcdn.com/matrix_lianjia_pc/dist/pc/src/resource/default/780-439.png?_v=201906280941017d9', 'https://s1.ljcdn.com/matrix_lianjia_pc/dist/pc/src/resource/default/780-439.png?_v=201906280941017d9', 'https://s1.ljcdn.com/matrix_lianjia_pc/dist/pc/src/resource/default/780-439.png?_v=201906280941017d9', 'https://s1.ljcdn.com/matrix_lianjia_pc/dist/pc/src/resource/default/780-439.png?_v=201906280941017d9', 'https://s1.ljcdn.com/matrix_lianjia_pc/dist/pc/src/resource/default/780-439.png?_v=201906280941017d9', 'https://s1.ljcdn.com/matrix_lianjia_pc/dist/pc/src/resource/default/780-439.png?_v=201906280941017d9', 'https://s1.ljcdn.com/matrix_lianjia_pc/dist/pc/src/resource/default/780-439.png?_v=201906280941017d9']",19天前,随时入住,1年,随时可看,2/8层,暂无数据,暂无数据,民水,民电,有,暂无数据,"['近地铁', '精装', '随时看房']","['3号线(龙岗线),7号线 - 石厦', '304m', '7号线 - 皇岗村', '818m', '3号线(龙岗线) - 益田', '879m', '7号线 - 沙尾', '1035m']",22.528196082256,114.05706375016
https://sz.lianjia.com/zufang/SZ2287535888441548800.html,龙岗区,布吉关,万科红一期 1室0厅 西北,3300元/月 ,租赁方式未知,1室0厅1卫,34㎡,朝西北,"['https://image1.ljcdn.com/hdic-frame/prod-173961b0-c551-4480-9eaf-2df787f4dba3.png.780x439.jpg', 'https://s1.ljcdn.com/matrix_lianjia_pc/dist/pc/src/resource/default/780-439.png?_v=201906280941017d9', 'https://s1.ljcdn.com/matrix_lianjia_pc/dist/pc/src/resource/default/780-439.png?_v=201906280941017d9']",4天前,2019-07-14,暂无数据,需提前预约,中楼层/31层,有,暂无数据,民水,民电,有,暂无数据,"['近地铁', '新上']","['5号线(环中线) - 百鸽笼', '571m']",22.605705,114.134009
https://sz.lianjia.com/zufang/SZ2289127438913118208.html,宝安区,宝安中心,花样年花乡 1室0厅 西北,3300元/月 ,租赁方式未知,1室0厅1卫,28㎡,朝西北,"['https://image1.ljcdn.com/hdic-frame/prod-fd319162-345e-4c81-9653-084621c2a3dd.png.780x439.jpg', 'https://s1.ljcdn.com/matrix_lianjia_pc/dist/pc/src/resource/default/780-439.png?_v=201906280941017d9', 'https://s1.ljcdn.com/matrix_lianjia_pc/dist/pc/src/resource/default/780-439.png?_v=201906280941017d9', 'https://s1.ljcdn.com/matrix_lianjia_pc/dist/pc/src/resource/default/780-439.png?_v=201906280941017d9', 'https://s1.ljcdn.com/matrix_lianjia_pc/dist/pc/src/resource/default/780-439.png?_v=201906280941017d9']",2天前,随时入住,暂无数据,需提前预约,中楼层/20层,有,暂无数据,民水,民电,有,暂无数据,"['近地铁', '新上', '随时看房']","['1号线(罗宝线) - 宝体', '697m']",22.571537204019,113.88928419408
https://sz.lianjia.com/zufang/SZ2283808139876761600.html,罗湖区,新秀,京基东方都会 1室1厅 西北,4000元/月 ,租赁方式未知,1室1厅1卫,36㎡,朝西北,"['https://image1.ljcdn.com/440300-inspection/6987dba6-67eb-41dd-92da-2d704fb907fc.jpg.780x439.jpg', 'https://s1.ljcdn.com/matrix_lianjia_pc/dist/pc/src/resource/default/780-439.png?_v=201906280941017d9', 'https://s1.ljcdn.com/matrix_lianjia_pc/dist/pc/src/resource/default/780-439.png?_v=201906280941017d9', 'https://s1.ljcdn.com/matrix_lianjia_pc/dist/pc/src/resource/default/780-439.png?_v=201906280941017d9', 'https://s1.ljcdn.com/matrix_lianjia_pc/dist/pc/src/resource/default/780-439.png?_v=201906280941017d9']",5天前,随时入住,暂无数据,暂无数据,高楼层/32层,有,暂无数据,民水,民电,有,暂无数据,"['近地铁', '新上']","['2号线(蛇口线) - 新秀', '567m', '2号线(蛇口线),5号线(环中线) - 黄贝岭', '779m', '5号线(环中线) - 怡景', '991m']",22.554348512843,114.14956451953
https://sz.lianjia.com/apartment/6800.html,,,魔方公寓 · 深圳四海公园店,"
魔方公寓 · 深圳四海公园店

          3000元/月起

",,,,,"['https://image1.ljcdn.com/rent-house-1/068cab695e5a3b3b6e6c4ee2ff47271f-1552383338650/6e345a6a8af6f9b863b1591ac1841ac2.jpg.1150x.jpg', 'https://s1.ljcdn.com/matrix_lianjia_pc/dist/pc/src/resource/default/1150-450.png?_v=201906280941017d9', 'https://s1.ljcdn.com/matrix_lianjia_pc/dist/pc/src/resource/default/1150-450.png?_v=201906280941017d9', 'https://s1.ljcdn.com/matrix_lianjia_pc/dist/pc/src/resource/default/1150-450.png?_v=201906280941017d9', 'https://s1.ljcdn.com/matrix_lianjia_pc/dist/pc/src/resource/default/1150-450.png?_v=201906280941017d9', 'https://s1.ljcdn.com/matrix_lianjia_pc/dist/pc/src/resource/default/1150-450.png?_v=201906280941017d9', 'https://s1.ljcdn.com/matrix_lianjia_pc/dist/pc/src/resource/default/1150-450.png?_v=201906280941017d9']",,,,,,,,,,,,,[],22.498812,113.934238
https://sz.lianjia.com/apartment/1480.html,,,本地共和社区 · 42号公寓,"
本地共和社区 · 42号公寓

          3000元/月起

",,,,,"['https://image1.ljcdn.com/rent-user-avatar/716aee6b-84d7-442b-bd87-03a173ed9522.1150x.jpg', 'https://s1.ljcdn.com/matrix_lianjia_pc/dist/pc/src/resource/default/1150-450.png?_v=201906280941017d9', 'https://s1.ljcdn.com/matrix_lianjia_pc/dist/pc/src/resource/default/1150-450.png?_v=201906280941017d9', 'https://s1.ljcdn.com/matrix_lianjia_pc/dist/pc/src/resource/default/1150-450.png?_v=201906280941017d9']",,,,,,,,,,,,,[],22.561933,114.051315
https://sz.lianjia.com/zufang/SZ2284708516520534016.html,龙岗区,坂田,整租·万科城三期 1室1厅 西北,4200元/月 ,整租,1室1厅1卫,51㎡,朝西北,"['http://vrlab-image.ljcdn.com/release/vradmin/1000000023111279/images/c2008008-634f-464e-8ec9-e30e226ed8ad.png.q_70.jpg', 'https://s1.ljcdn.com/matrix_lianjia_pc/dist/pc/src/resource/default/780-439.png?_v=201906280941017d9', 'https://s1.ljcdn.com/matrix_lianjia_pc/dist/pc/src/resource/default/780-439.png?_v=201906280941017d9', 'https://s1.ljcdn.com/matrix_lianjia_pc/dist/pc/src/resource/default/780-439.png?_v=201906280941017d9']",5天前,随时入住,1年以内,需提前预约,低楼层/21层,有,租用车位,民水,民电,有,暂无数据,"['精装', '新上', '随时看房']",[],22.650988,114.077847
https://sz.lianjia.com/zufang/SZ2285522656889675776.html,福田区,梅林,翰岭院 1室1厅 西北,4800元/月 ,租赁方式未知,1室1厅1卫,41㎡,朝西北,"['https://image1.ljcdn.com/440300-inspection/prod-bbf17881-2c28-4e38-a878-f76acf1f2a16.jpg.780x439.jpg', 'https://s1.ljcdn.com/matrix_lianjia_pc/dist/pc/src/resource/default/780-439.png?_v=201906280941017d9', 'https://s1.ljcdn.com/matrix_lianjia_pc/dist/pc/src/resource/default/780-439.png?_v=201906280941017d9', 'https://s1.ljcdn.com/matrix_lianjia_pc/dist/pc/src/resource/default/780-439.png?_v=201906280941017d9']",4天前,随时入住,暂无数据,需提前预约,中楼层/16层,有,暂无数据,民水,民电,有,暂无数据,"['近地铁', '新上']","['9号线 - 孖岭', '344m', '4号线(龙华线),9号线 - 上梅林', '898m']",22.577886930098,114.07535194494
https://sz.lianjia.com/zufang/SZ2274332555497185280.html,宝安区,西乡,财富港大厦 1室1厅 西北,3600元/月 ,租赁方式未知,1室1厅1卫,31㎡,朝西北,"['https://image1.ljcdn.com/440300-inspection/880f44c1-c68c-4200-9512-161b83fcf333.jpg.780x439.jpg', 'https://s1.ljcdn.com/matrix_lianjia_pc/dist/pc/src/resource/default/780-439.png?_v=201906280941017d9', 'https://s1.ljcdn.com/matrix_lianjia_pc/dist/pc/src/resource/default/780-439.png?_v=201906280941017d9', 'https://s1.ljcdn.com/matrix_lianjia_pc/dist/pc/src/resource/default/780-439.png?_v=201906280941017d9', 'https://s1.ljcdn.com/matrix_lianjia_pc/dist/pc/src/resource/default/780-439.png?_v=201906280941017d9']",9天前,随时入住,暂无数据,暂无数据,低楼层/33层,有,暂无数据,民水,民电,有,暂无数据,"['近地铁', '随时看房']","['1号线(罗宝线) - 坪洲', '345m']",22.574039,113.874584
https://sz.lianjia.com/zufang/SZ2276738515989430272.html,福田区,石厦,整租·众孚花园 1室0厅 东南/南/西南/西/西北,3490元/月 (月付价),整租,1室0厅1卫,26㎡,朝东南 南 西南 西 西北,"['https://image1.ljcdn.com/rent-user-avatar/4661800a-f935-440d-a720-a965b5ab32ba.780x439.jpg', 'https://s1.ljcdn.com/matrix_lianjia_pc/dist/pc/src/resource/default/780-439.png?_v=201906280941017d9', 'https://s1.ljcdn.com/matrix_lianjia_pc/dist/pc/src/resource/default/780-439.png?_v=201906280941017d9', 'https://s1.ljcdn.com/matrix_lianjia_pc/dist/pc/src/resource/default/780-439.png?_v=201906280941017d9']",19天前,随时入住,1年,随时可看,2/8层,暂无数据,暂无数据,民水,民电,有,暂无数据,"['近地铁', '精装', '随时看房']","['3号线(龙岗线),7号线 - 石厦', '333m', '7号线 - 皇岗村', '847m', '3号线(龙岗线) - 益田', '850m', '7号线 - 沙尾', '1095m']",22.527951697448,114.05709482345
https://sz.lianjia.com/apartment/1480.html,,,本地共和社区 · 42号公寓,"
本地共和社区 · 42号公寓

          3000元/月起

",,,,,"['https://image1.ljcdn.com/rent-user-avatar/716aee6b-84d7-442b-bd87-03a173ed9522.1150x.jpg', 'https://s1.ljcdn.com/matrix_lianjia_pc/dist/pc/src/resource/default/1150-450.png?_v=201906280941017d9', 'https://s1.ljcdn.com/matrix_lianjia_pc/dist/pc/src/resource/default/1150-450.png?_v=201906280941017d9', 'https://s1.ljcdn.com/matrix_lianjia_pc/dist/pc/src/resource/default/1150-450.png?_v=201906280941017d9']",,,,,,,,,,,,,[],22.561933,114.051315
https://sz.lianjia.com/zufang/SZ2273168391105945600.html,宝安区,西乡,白金假日公寓 2室1厅 复式 西北,4500元/月 ,租赁方式未知,2室1厅1卫,43㎡,朝西北,"['http://vrlab-image.ljcdn.com/release/auto3dhd/c68a05fe6212496b2a49c4a4bf78697d/screenshot/1545537923_7/pc0_t3dL8xARI.jpg.q_70.jpg', 'https://s1.ljcdn.com/matrix_lianjia_pc/dist/pc/src/resource/default/780-439.png?_v=201906280941017d9', 'https://s1.ljcdn.com/matrix_lianjia_pc/dist/pc/src/resource/default/780-439.png?_v=201906280941017d9', 'https://s1.ljcdn.com/matrix_lianjia_pc/dist/pc/src/resource/default/780-439.png?_v=201906280941017d9', 'https://s1.ljcdn.com/matrix_lianjia_pc/dist/pc/src/resource/default/780-439.png?_v=201906280941017d9', 'https://s1.ljcdn.com/matrix_lianjia_pc/dist/pc/src/resource/default/780-439.png?_v=201906280941017d9', 'https://s1.ljcdn.com/matrix_lianjia_pc/dist/pc/src/resource/default/780-439.png?_v=201906280941017d9', 'https://s1.ljcdn.com/matrix_lianjia_pc/dist/pc/src/resource/default/780-439.png?_v=201906280941017d9']",24天前,随时入住,暂无数据,需提前预约,高楼层/28层,有,暂无数据,民水,民电,有,暂无数据,"['近地铁', '随时看房']","['1号线(罗宝线) - 坪洲', '454m']",22.573984,113.875451
https://sz.lianjia.com/zufang/SZ2289646438340100096.html,福田区,赤尾,京基御景华城 1室1厅 西北,5000元/月 ,租赁方式未知,1室1厅1卫,34㎡,朝西北,"['https://image1.ljcdn.com/440300-inspection/prod-73defafe-3223-4ae1-9c10-a51d68def32a.jpg.780x439.jpg', 'https://s1.ljcdn.com/matrix_lianjia_pc/dist/pc/src/resource/default/780-439.png?_v=201906280941017d9', 'https://s1.ljcdn.com/matrix_lianjia_pc/dist/pc/src/resource/default/780-439.png?_v=201906280941017d9', 'https://s1.ljcdn.com/matrix_lianjia_pc/dist/pc/src/resource/default/780-439.png?_v=201906280941017d9']",1天前,2019-07-20,暂无数据,一般下班后可看,中楼层/34层,有,暂无数据,民水,民电,有,暂无数据,"['近地铁', '新上']","['7号线 - 赤尾', '135m', '7号线 - 华强南', '591m', '1号线(罗宝线) - 华强路', '1002m']",22.538761462211,114.09214392421
https://sz.lianjia.com/zufang/SZ2207265659367735296.html,宝安区,碧海,前海铂寓 2室1厅 西南/西北,3800元/月 ,租赁方式未知,2室1厅1卫,56㎡,朝西南 西北,"['https://image1.ljcdn.com/440300-inspection/prod-0e564fd1-405a-47f4-8593-3267d08f1bbb.jpg.780x439.jpg', 'https://s1.ljcdn.com/matrix_lianjia_pc/dist/pc/src/resource/default/780-439.png?_v=201906280941017d9', 'https://s1.ljcdn.com/matrix_lianjia_pc/dist/pc/src/resource/default/780-439.png?_v=201906280941017d9', 'https://s1.ljcdn.com/matrix_lianjia_pc/dist/pc/src/resource/default/780-439.png?_v=201906280941017d9', 'https://s1.ljcdn.com/matrix_lianjia_pc/dist/pc/src/resource/default/780-439.png?_v=201906280941017d9']",3个月前,随时入住,暂无数据,暂无数据,中楼层/15层,暂无数据,暂无数据,商水,商电,有,暂无数据,[],[],22.561203,113.868775
https://sz.lianjia.com/apartment/16369.html,,,城家公寓 · 深圳留仙洞店,"
城家公寓 · 深圳留仙洞店

          3000元/月起

",,,,,"['https://image1.ljcdn.com/rent-user-avatar/99f0561a-0576-41a2-baf6-a6d9ee520b2c.1150x.jpg', 'https://s1.ljcdn.com/matrix_lianjia_pc/dist/pc/src/resource/default/1150-450.png?_v=201906280941017d9', 'https://s1.ljcdn.com/matrix_lianjia_pc/dist/pc/src/resource/default/1150-450.png?_v=201906280941017d9', 'https://s1.ljcdn.com/matrix_lianjia_pc/dist/pc/src/resource/default/1150-450.png?_v=201906280941017d9', 'https://s1.ljcdn.com/matrix_lianjia_pc/dist/pc/src/resource/default/1150-450.png?_v=201906280941017d9', 'https://s1.ljcdn.com/matrix_lianjia_pc/dist/pc/src/resource/default/1150-450.png?_v=201906280941017d9', 'https://s1.ljcdn.com/matrix_lianjia_pc/dist/pc/src/resource/default/1150-450.png?_v=201906280941017d9', 'https://s1.ljcdn.com/matrix_lianjia_pc/dist/pc/src/resource/default/1150-450.png?_v=201906280941017d9', 'https://s1.ljcdn.com/matrix_lianjia_pc/dist/pc/src/resource/default/1150-450.png?_v=201906280941017d9', 'https://s1.ljcdn.com/matrix_lianjia_pc/dist/pc/src/resource/default/1150-450.png?_v=201906280941017d9', 'https://s1.ljcdn.com/matrix_lianjia_pc/dist/pc/src/resource/default/1150-450.png?_v=201906280941017d9', 'https://s1.ljcdn.com/matrix_lianjia_pc/dist/pc/src/resource/default/1150-450.png?_v=201906280941017d9', 'https://s1.ljcdn.com/matrix_lianjia_pc/dist/pc/src/resource/default/1150-450.png?_v=201906280941017d9', 'https://s1.ljcdn.com/matrix_lianjia_pc/dist/pc/src/resource/default/1150-450.png?_v=201906280941017d9', 'https://s1.ljcdn.com/matrix_lianjia_pc/dist/pc/src/resource/default/1150-450.png?_v=201906280941017d9']",,,,,,,,,,,,,[],22.582769,113.931625
https://sz.lianjia.com/apartment/6759.html,,,魔方公寓 · 深圳国贸店,"
魔方公寓 · 深圳国贸店

          2800元/月起

",,,,,"['https://image1.ljcdn.com/rent-house-1/068cab695e5a3b3b6e6c4ee2ff47271f-1552383078721/fb47811956f0e17ab3cf2837e68a3779.jpg.1150x.jpg', 'https://s1.ljcdn.com/matrix_lianjia_pc/dist/pc/src/resource/default/1150-450.png?_v=201906280941017d9', 'https://s1.ljcdn.com/matrix_lianjia_pc/dist/pc/src/resource/default/1150-450.png?_v=201906280941017d9', 'https://s1.ljcdn.com/matrix_lianjia_pc/dist/pc/src/resource/default/1150-450.png?_v=201906280941017d9']",,,,,,,,,,,,,[],22.543796,114.123704
https://sz.lianjia.com/zufang/SZ2286702458065928192.html,宝安区,碧海,碧海富通城三期 2室1厅 西北,5000元/月 ,租赁方式未知,2室1厅1卫,57㎡,朝西北,"['https://image1.ljcdn.com/440300-inspection/6fcbd40e-3704-4c3c-a86c-98cfeb4d568e.jpg.780x439.jpg', 'https://s1.ljcdn.com/matrix_lianjia_pc/dist/pc/src/resource/default/780-439.png?_v=201906280941017d9', 'https://s1.ljcdn.com/matrix_lianjia_pc/dist/pc/src/resource/default/780-439.png?_v=201906280941017d9', 'https://s1.ljcdn.com/matrix_lianjia_pc/dist/pc/src/resource/default/780-439.png?_v=201906280941017d9', 'https://s1.ljcdn.com/matrix_lianjia_pc/dist/pc/src/resource/default/780-439.png?_v=201906280941017d9', 'https://s1.ljcdn.com/matrix_lianjia_pc/dist/pc/src/resource/default/780-439.png?_v=201906280941017d9', 'https://s1.ljcdn.com/matrix_lianjia_pc/dist/pc/src/resource/default/780-439.png?_v=201906280941017d9', 'https://s1.ljcdn.com/matrix_lianjia_pc/dist/pc/src/resource/default/780-439.png?_v=201906280941017d9']",5天前,随时入住,暂无数据,需提前预约,中楼层/24层,有,暂无数据,民水,民电,有,暂无数据,"['近地铁', '新上', '随时看房']","['11号线 - 碧海湾', '914m', '1号线(罗宝线) - 西乡', '1176m']",22.573121,113.861957
https://sz.lianjia.com/zufang/SZ2290265950966259712.html,罗湖区,螺岭,金城华庭 1室1厅 西北,4000元/月 ,租赁方式未知,1室1厅1卫,36㎡,朝西北,"['http://vrlab-image.ljcdn.com/release/auto3dhd/f84e004dc13952a6f07b11092d8d3898/screenshot/1546753652_0/pc0_9wPhxuKrS.jpg.q_70.jpg', 'https://s1.ljcdn.com/matrix_lianjia_pc/dist/pc/src/resource/default/780-439.png?_v=201906280941017d9', 'https://s1.ljcdn.com/matrix_lianjia_pc/dist/pc/src/resource/default/780-439.png?_v=201906280941017d9', 'https://s1.ljcdn.com/matrix_lianjia_pc/dist/pc/src/resource/default/780-439.png?_v=201906280941017d9']",今天,随时入住,暂无数据,需提前预约,高楼层/24层,有,暂无数据,民水,民电,有,暂无数据,"['近地铁', '新上', '随时看房']","['2号线(蛇口线),5号线(环中线) - 黄贝岭', '498m', '9号线 - 文锦', '825m', '5号线(环中线) - 怡景', '1008m', '3号线(龙岗线) - 翠竹', '1014m', '2号线(蛇口线) - 湖贝', '1027m', '3号线(龙岗线) - 晒布', '1135m']",22.555512338618,114.14032816351
https://sz.lianjia.com/zufang/SZ2287661251909918720.html,宝安区,碧海,广兴源圣拿威 1室1厅 东南/西北,4300元/月 ,租赁方式未知,1室1厅1卫,33㎡,朝东南 西北,"['https://image1.ljcdn.com/440300-inspection/228c5506-a2f5-42d8-91ac-eb56aa975010.jpg.780x439.jpg', 'https://s1.ljcdn.com/matrix_lianjia_pc/dist/pc/src/resource/default/780-439.png?_v=201906280941017d9', 'https://s1.ljcdn.com/matrix_lianjia_pc/dist/pc/src/resource/default/780-439.png?_v=201906280941017d9', 'https://s1.ljcdn.com/matrix_lianjia_pc/dist/pc/src/resource/default/780-439.png?_v=201906280941017d9', 'https://s1.ljcdn.com/matrix_lianjia_pc/dist/pc/src/resource/default/780-439.png?_v=201906280941017d9', 'https://s1.ljcdn.com/matrix_lianjia_pc/dist/pc/src/resource/default/780-439.png?_v=201906280941017d9']",2天前,随时入住,暂无数据,需提前预约,低楼层/31层,有,暂无数据,民水,民电,有,暂无数据,"['近地铁', '新上']","['1号线(罗宝线) - 坪洲', '762m']",22.569467,113.873842
https://sz.lianjia.com/apartment/16189.html,,,金地草莓社区 · 上梅林店,"
金地草莓社区 · 上梅林店

          2580元/月起

",,,,,"['https://image1.ljcdn.com/rent-user-avatar/2d7c28b6-98e8-4070-97a4-9559523e7c53.1150x.jpg', 'https://s1.ljcdn.com/matrix_lianjia_pc/dist/pc/src/resource/default/1150-450.png?_v=201906280941017d9', 'https://s1.ljcdn.com/matrix_lianjia_pc/dist/pc/src/resource/default/1150-450.png?_v=201906280941017d9', 'https://s1.ljcdn.com/matrix_lianjia_pc/dist/pc/src/resource/default/1150-450.png?_v=201906280941017d9', 'https://s1.ljcdn.com/matrix_lianjia_pc/dist/pc/src/resource/default/1150-450.png?_v=201906280941017d9', 'https://s1.ljcdn.com/matrix_lianjia_pc/dist/pc/src/resource/default/1150-450.png?_v=201906280941017d9']",,,,,,,,,,,,,[],22.571943,114.058116
https://sz.lianjia.com/apartment/4678.html,,,壹+青年创享社区 · 麻布新村店,"
壹+青年创享社区 · 麻布新村店

          2500元/月起

",,,,,"['https://image1.ljcdn.com/rent-user-avatar/ceefd1a2-36a7-4aa8-ac4d-2effa93cc961.1150x.jpg', 'https://s1.ljcdn.com/matrix_lianjia_pc/dist/pc/src/resource/default/1150-450.png?_v=201906280941017d9', 'https://s1.ljcdn.com/matrix_lianjia_pc/dist/pc/src/resource/default/1150-450.png?_v=201906280941017d9', 'https://s1.ljcdn.com/matrix_lianjia_pc/dist/pc/src/resource/default/1150-450.png?_v=201906280941017d9', 'https://s1.ljcdn.com/matrix_lianjia_pc/dist/pc/src/resource/default/1150-450.png?_v=201906280941017d9', 'https://s1.ljcdn.com/matrix_lianjia_pc/dist/pc/src/resource/default/1150-450.png?_v=201906280941017d9', 'https://s1.ljcdn.com/matrix_lianjia_pc/dist/pc/src/resource/default/1150-450.png?_v=201906280941017d9', 'https://s1.ljcdn.com/matrix_lianjia_pc/dist/pc/src/resource/default/1150-450.png?_v=201906280941017d9']",,,,,,,,,,,,,[],22.57698,113.876625
https://sz.lianjia.com/zufang/SZ2287381189188648960.html,龙岗区,坂田,万科第五园一期 2室2厅 西北,4800元/月 ,租赁方式未知,2室2厅1卫,75㎡,朝西北,"['https://image1.ljcdn.com/440300-inspection/5d098ac4-75b4-46a6-9d35-cb94753415bc.jpg.780x439.jpg', 'https://s1.ljcdn.com/matrix_lianjia_pc/dist/pc/src/resource/default/780-439.png?_v=201906280941017d9', 'https://s1.ljcdn.com/matrix_lianjia_pc/dist/pc/src/resource/default/780-439.png?_v=201906280941017d9', 'https://s1.ljcdn.com/matrix_lianjia_pc/dist/pc/src/resource/default/780-439.png?_v=201906280941017d9', 'https://s1.ljcdn.com/matrix_lianjia_pc/dist/pc/src/resource/default/780-439.png?_v=201906280941017d9', 'https://s1.ljcdn.com/matrix_lianjia_pc/dist/pc/src/resource/default/780-439.png?_v=201906280941017d9', 'https://s1.ljcdn.com/matrix_lianjia_pc/dist/pc/src/resource/default/780-439.png?_v=201906280941017d9', 'https://s1.ljcdn.com/matrix_lianjia_pc/dist/pc/src/resource/default/780-439.png?_v=201906280941017d9']",4天前,随时入住,暂无数据,需提前预约,中楼层/6层,无,暂无数据,民水,民电,有,暂无数据,"['新上', '随时看房']",[],22.621661,114.077844
https://sz.lianjia.com/zufang/SZ2287680887401488384.html,龙岗区,坂田,万科城三期 1室0厅 西北,3100元/月 ,租赁方式未知,1室0厅1卫,34㎡,朝西北,"['https://image1.ljcdn.com/440300-inspection/d8e9d890-d377-4fb7-b9c1-9f5001514d8a.jpg.780x439.jpg', 'https://s1.ljcdn.com/matrix_lianjia_pc/dist/pc/src/resource/default/780-439.png?_v=201906280941017d9', 'https://s1.ljcdn.com/matrix_lianjia_pc/dist/pc/src/resource/default/780-439.png?_v=201906280941017d9', 'https://s1.ljcdn.com/matrix_lianjia_pc/dist/pc/src/resource/default/780-439.png?_v=201906280941017d9', 'https://s1.ljcdn.com/matrix_lianjia_pc/dist/pc/src/resource/default/780-439.png?_v=201906280941017d9']",3天前,2019-07-26,暂无数据,暂无数据,高楼层/21层,有,暂无数据,民水,民电,有,暂无数据,['新上'],[],22.650988,114.077847
https://sz.lianjia.com/zufang/SZ2289722301723181056.html,光明区,公明,光明1号 2室1厅 南/西南/西北,3800元/月 ,租赁方式未知,2室1厅1卫,72㎡,朝南 西南 西北,"['https://image1.ljcdn.com/440300-inspection/ba82372e-34c3-4a07-a97d-a9e0c668b82f.jpg.780x439.jpg', 'https://s1.ljcdn.com/matrix_lianjia_pc/dist/pc/src/resource/default/780-439.png?_v=201906280941017d9', 'https://s1.ljcdn.com/matrix_lianjia_pc/dist/pc/src/resource/default/780-439.png?_v=201906280941017d9', 'https://s1.ljcdn.com/matrix_lianjia_pc/dist/pc/src/resource/default/780-439.png?_v=201906280941017d9', 'https://s1.ljcdn.com/matrix_lianjia_pc/dist/pc/src/resource/default/780-439.png?_v=201906280941017d9']",1天前,随时入住,暂无数据,需提前预约,高楼层/33层,有,暂无数据,民水,民电,有,暂无数据,"['新上', '随时看房']",[],22.740888,113.935798
https://sz.lianjia.com/apartment/2772.html,,,职业房东 · 荣泰公寓蛇口店,"
职业房东 · 荣泰公寓蛇口店

          2600元/月起

",,,,,"['https://image1.ljcdn.com/rent-user-avatar/5ea42d0e-4bb6-49a8-82e1-89c5e61f23f5.1150x.jpg', 'https://s1.ljcdn.com/matrix_lianjia_pc/dist/pc/src/resource/default/1150-450.png?_v=201906280941017d9', 'https://s1.ljcdn.com/matrix_lianjia_pc/dist/pc/src/resource/default/1150-450.png?_v=201906280941017d9', 'https://s1.ljcdn.com/matrix_lianjia_pc/dist/pc/src/resource/default/1150-450.png?_v=201906280941017d9', 'https://s1.ljcdn.com/matrix_lianjia_pc/dist/pc/src/resource/default/1150-450.png?_v=201906280941017d9', 'https://s1.ljcdn.com/matrix_lianjia_pc/dist/pc/src/resource/default/1150-450.png?_v=201906280941017d9', 'https://s1.ljcdn.com/matrix_lianjia_pc/dist/pc/src/resource/default/1150-450.png?_v=201906280941017d9']",,,,,,,,,,,,,[],22.49538,113.928382
https://sz.lianjia.com/zufang/SZ2276723265097433088.html,福田区,石厦,整租·众孚花园 1室0厅 西北,3190元/月 (月付价),整租,1室0厅1卫,26㎡,朝 西北,"['https://image1.ljcdn.com/rent-user-avatar/cf422b2e-ab6e-4ab6-9028-edbfc7b02733.780x439.jpg', 'https://s1.ljcdn.com/matrix_lianjia_pc/dist/pc/src/resource/default/780-439.png?_v=201906280941017d9', 'https://s1.ljcdn.com/matrix_lianjia_pc/dist/pc/src/resource/default/780-439.png?_v=201906280941017d9', 'https://s1.ljcdn.com/matrix_lianjia_pc/dist/pc/src/resource/default/780-439.png?_v=201906280941017d9', 'https://s1.ljcdn.com/matrix_lianjia_pc/dist/pc/src/resource/default/780-439.png?_v=201906280941017d9', 'https://s1.ljcdn.com/matrix_lianjia_pc/dist/pc/src/resource/default/780-439.png?_v=201906280941017d9', 'https://s1.ljcdn.com/matrix_lianjia_pc/dist/pc/src/resource/default/780-439.png?_v=201906280941017d9', 'https://s1.ljcdn.com/matrix_lianjia_pc/dist/pc/src/resource/default/780-439.png?_v=201906280941017d9', 'https://s1.ljcdn.com/matrix_lianjia_pc/dist/pc/src/resource/default/780-439.png?_v=201906280941017d9', 'https://s1.ljcdn.com/matrix_lianjia_pc/dist/pc/src/resource/default/780-439.png?_v=201906280941017d9']",19天前,随时入住,1年,随时可看,2/8层,暂无数据,暂无数据,民水,民电,有,暂无数据,"['近地铁', '精装', '随时看房']","['3号线(龙岗线),7号线 - 石厦', '304m', '7号线 - 皇岗村', '818m', '3号线(龙岗线) - 益田', '879m', '7号线 - 沙尾', '1035m']",22.528196082256,114.05706375016
https://sz.lianjia.com/zufang/SZ2289545971278807040.html,盐田区,盐田港,金水湾御园 2室1厅 西北,3500元/月 ,租赁方式未知,2室1厅1卫,47㎡,朝西北,"['http://vrlab-image.ljcdn.com/release/auto3dhd/9ccf758c59e290684ba7639e03e627e9/screenshot/1558935569_5/pc0_UdGLIN69G.jpg.q_70.jpg', 'https://s1.ljcdn.com/matrix_lianjia_pc/dist/pc/src/resource/default/780-439.png?_v=201906280941017d9', 'https://s1.ljcdn.com/matrix_lianjia_pc/dist/pc/src/resource/default/780-439.png?_v=201906280941017d9', 'https://s1.ljcdn.com/matrix_lianjia_pc/dist/pc/src/resource/default/780-439.png?_v=201906280941017d9', 'https://s1.ljcdn.com/matrix_lianjia_pc/dist/pc/src/resource/default/780-439.png?_v=201906280941017d9']",1天前,随时入住,暂无数据,需提前预约,低楼层/23层,有,暂无数据,民水,民电,有,暂无数据,"['新上', '随时看房']",[],22.597453,114.263697
https://sz.lianjia.com/zufang/SZ2289621136587096064.html,宝安区,西乡,金港华庭 2室2厅 西北,4700元/月 ,租赁方式未知,2室2厅1卫,64㎡,朝西北,"['http://vrlab-image.ljcdn.com/release/auto3dhd/1dd723f9b9029014027e137637e30513/screenshot/1560660087_0/pc0_3KagdVUB9.jpg.q_70.jpg', 'https://s1.ljcdn.com/matrix_lianjia_pc/dist/pc/src/resource/default/780-439.png?_v=201906280941017d9', 'https://s1.ljcdn.com/matrix_lianjia_pc/dist/pc/src/resource/default/780-439.png?_v=201906280941017d9', 'https://s1.ljcdn.com/matrix_lianjia_pc/dist/pc/src/resource/default/780-439.png?_v=201906280941017d9', 'https://s1.ljcdn.com/matrix_lianjia_pc/dist/pc/src/resource/default/780-439.png?_v=201906280941017d9']",1天前,随时入住,暂无数据,需提前预约,高楼层/31层,有,暂无数据,民水,民电,有,暂无数据,"['近地铁', '新上', '随时看房']","['1号线(罗宝线) - 西乡', '791m', '11号线 - 碧海湾', '962m']",22.588634,113.867739
https://sz.lianjia.com/zufang/SZ2277341385222782976.html,福田区,赤尾,京基御景华城 1室1厅 西北,4700元/月 ,租赁方式未知,1室1厅1卫,34㎡,朝西北,"['https://image1.ljcdn.com/440300-inspection/61e81be8-c2c2-43c5-8e56-15922cc244a2.jpg.780x439.jpg', 'https://s1.ljcdn.com/matrix_lianjia_pc/dist/pc/src/resource/default/780-439.png?_v=201906280941017d9', 'https://s1.ljcdn.com/matrix_lianjia_pc/dist/pc/src/resource/default/780-439.png?_v=201906280941017d9', 'https://s1.ljcdn.com/matrix_lianjia_pc/dist/pc/src/resource/default/780-439.png?_v=201906280941017d9', 'https://s1.ljcdn.com/matrix_lianjia_pc/dist/pc/src/resource/default/780-439.png?_v=201906280941017d9', 'https://s1.ljcdn.com/matrix_lianjia_pc/dist/pc/src/resource/default/780-439.png?_v=201906280941017d9']",17天前,随时入住,暂无数据,暂无数据,中楼层/34层,有,暂无数据,民水,民电,有,暂无数据,['近地铁'],"['7号线 - 赤尾', '135m', '7号线 - 华强南', '591m', '1号线(罗宝线) - 华强路', '1002m']",22.538761462211,114.09214392421
https://sz.lianjia.com/zufang/SZ2283354617611812864.html,宝安区,碧海,广兴源圣拿威 1室1厅 西北,4300元/月 ,租赁方式未知,1室1厅1卫,33㎡,朝西北,"['http://vrlab-image.ljcdn.com/release/auto3dhd/448df406667a2fdab9c2a617994a019b/screenshot/1556163177_4/pc0_WS9WHMm2R.jpg.q_70.jpg', 'https://s1.ljcdn.com/matrix_lianjia_pc/dist/pc/src/resource/default/780-439.png?_v=201906280941017d9', 'https://s1.ljcdn.com/matrix_lianjia_pc/dist/pc/src/resource/default/780-439.png?_v=201906280941017d9', 'https://s1.ljcdn.com/matrix_lianjia_pc/dist/pc/src/resource/default/780-439.png?_v=201906280941017d9', 'https://s1.ljcdn.com/matrix_lianjia_pc/dist/pc/src/resource/default/780-439.png?_v=201906280941017d9', 'https://s1.ljcdn.com/matrix_lianjia_pc/dist/pc/src/resource/default/780-439.png?_v=201906280941017d9']",10天前,随时入住,暂无数据,需提前预约,低楼层/31层,有,暂无数据,民水,民电,有,暂无数据,"['近地铁', '随时看房']","['1号线(罗宝线) - 坪洲', '762m']",22.569467,113.873842
