房源地址,行政区,位置,标题,租金,租赁方式,户型,面积,朝向,图片列表,发布时间,入住时间,租期,看房时间,楼层,电梯,车位,用水,用电,燃气,采暖,标签,station,latitude,longtitude
https://sz.lianjia.com/zufang/SZ2268106133983985664.html,龙岗区,龙岗中心城,整租·万科天誉二期 2室2厅 东/东南/南/西南/西,4000元/月 (月付价),整租,2室2厅2卫,66㎡,朝东 东南 南 西南 西,"['https://image1.ljcdn.com/rent-user-avatar/0d7737ce-9f57-4f42-80cd-abf3b03f1364.780x439.jpg', 'https://s1.ljcdn.com/matrix_lianjia_pc/dist/pc/src/resource/default/780-439.png?_v=201906280941017d9', 'https://s1.ljcdn.com/matrix_lianjia_pc/dist/pc/src/resource/default/780-439.png?_v=201906280941017d9', 'https://s1.ljcdn.com/matrix_lianjia_pc/dist/pc/src/resource/default/780-439.png?_v=201906280941017d9', 'https://s1.ljcdn.com/matrix_lianjia_pc/dist/pc/src/resource/default/780-439.png?_v=201906280941017d9', 'https://s1.ljcdn.com/matrix_lianjia_pc/dist/pc/src/resource/default/780-439.png?_v=201906280941017d9', 'https://s1.ljcdn.com/matrix_lianjia_pc/dist/pc/src/resource/default/780-439.png?_v=201906280941017d9', 'https://s1.ljcdn.com/matrix_lianjia_pc/dist/pc/src/resource/default/780-439.png?_v=201906280941017d9', 'https://s1.ljcdn.com/matrix_lianjia_pc/dist/pc/src/resource/default/780-439.png?_v=201906280941017d9', 'https://s1.ljcdn.com/matrix_lianjia_pc/dist/pc/src/resource/default/780-439.png?_v=201906280941017d9', 'https://s1.ljcdn.com/matrix_lianjia_pc/dist/pc/src/resource/default/780-439.png?_v=201906280941017d9', 'https://s1.ljcdn.com/matrix_lianjia_pc/dist/pc/src/resource/default/780-439.png?_v=201906280941017d9', 'https://s1.ljcdn.com/matrix_lianjia_pc/dist/pc/src/resource/default/780-439.png?_v=201906280941017d9']",1个月前,随时入住,1年,随时可看,10/33层,有,暂无数据,暂无数据,暂无数据,有,暂无数据,"['公寓', '近地铁', '精装', '双卫生间', '随时看房']","['3号线(龙岗线) - 吉祥', '537m', '3号线(龙岗线) - 龙城广场', '1124m']",22.717501,114.251789
https://sz.lianjia.com/apartment/6441.html,,,深圳易居公寓 · 深圳易居公寓,"
深圳易居公寓 · 深圳易居公寓

          1800元/月起

",,,,,"['https://image1.ljcdn.com/rent-user-avatar/5eb51afd-cc53-4b06-92f8-f600a7abee41.1150x.jpg', 'https://s1.ljcdn.com/matrix_lianjia_pc/dist/pc/src/resource/default/1150-450.png?_v=201906280941017d9', 'https://s1.ljcdn.com/matrix_lianjia_pc/dist/pc/src/resource/default/1150-450.png?_v=201906280941017d9', 'https://s1.ljcdn.com/matrix_lianjia_pc/dist/pc/src/resource/default/1150-450.png?_v=201906280941017d9', 'https://s1.ljcdn.com/matrix_lianjia_pc/dist/pc/src/resource/default/1150-450.png?_v=201906280941017d9', 'https://s1.ljcdn.com/matrix_lianjia_pc/dist/pc/src/resource/default/1150-450.png?_v=201906280941017d9', 'https://s1.ljcdn.com/matrix_lianjia_pc/dist/pc/src/resource/default/1150-450.png?_v=201906280941017d9']",,,,,,,,,,,,,[],22.626968,114.049601
https://sz.lianjia.com/apartment/8884.html,,,瑞鑫家园青年社区 · 宝安店,"
瑞鑫家园青年社区 · 宝安店

          1300元/月起

",,,,,"['https://image1.ljcdn.com/rent-user-avatar/4766dc44-fa45-4b84-88db-2d1c04654e0c.1150x.jpg', 'https://s1.ljcdn.com/matrix_lianjia_pc/dist/pc/src/resource/default/1150-450.png?_v=201906280941017d9', 'https://s1.ljcdn.com/matrix_lianjia_pc/dist/pc/src/resource/default/1150-450.png?_v=201906280941017d9', 'https://s1.ljcdn.com/matrix_lianjia_pc/dist/pc/src/resource/default/1150-450.png?_v=201906280941017d9', 'https://s1.ljcdn.com/matrix_lianjia_pc/dist/pc/src/resource/default/1150-450.png?_v=201906280941017d9', 'https://s1.ljcdn.com/matrix_lianjia_pc/dist/pc/src/resource/default/1150-450.png?_v=201906280941017d9', 'https://s1.ljcdn.com/matrix_lianjia_pc/dist/pc/src/resource/default/1150-450.png?_v=201906280941017d9', 'https://s1.ljcdn.com/matrix_lianjia_pc/dist/pc/src/resource/default/1150-450.png?_v=201906280941017d9', 'https://s1.ljcdn.com/matrix_lianjia_pc/dist/pc/src/resource/default/1150-450.png?_v=201906280941017d9', 'https://s1.ljcdn.com/matrix_lianjia_pc/dist/pc/src/resource/default/1150-450.png?_v=201906280941017d9', 'https://s1.ljcdn.com/matrix_lianjia_pc/dist/pc/src/resource/default/1150-450.png?_v=201906280941017d9', 'https://s1.ljcdn.com/matrix_lianjia_pc/dist/pc/src/resource/default/1150-450.png?_v=201906280941017d9']",,,,,,,,,,,,,[],22.586375,113.891323
https://sz.lianjia.com/zufang/SZ2249864831203557376.html,龙岗区,龙岗中心城,整租·金地龙城中央二期 2室1厅 东/东南/南/西南/西,3700元/月 (月付价),整租,2室1厅1卫,69㎡,朝东 东南 南 西南 西,"['https://image1.ljcdn.com/rent-user-avatar/0b117247-0651-4663-82f3-62b6f7cf8afa.780x439.jpg', 'https://s1.ljcdn.com/matrix_lianjia_pc/dist/pc/src/resource/default/780-439.png?_v=201906280941017d9', 'https://s1.ljcdn.com/matrix_lianjia_pc/dist/pc/src/resource/default/780-439.png?_v=201906280941017d9', 'https://s1.ljcdn.com/matrix_lianjia_pc/dist/pc/src/resource/default/780-439.png?_v=201906280941017d9', 'https://s1.ljcdn.com/matrix_lianjia_pc/dist/pc/src/resource/default/780-439.png?_v=201906280941017d9', 'https://s1.ljcdn.com/matrix_lianjia_pc/dist/pc/src/resource/default/780-439.png?_v=201906280941017d9', 'https://s1.ljcdn.com/matrix_lianjia_pc/dist/pc/src/resource/default/780-439.png?_v=201906280941017d9', 'https://s1.ljcdn.com/matrix_lianjia_pc/dist/pc/src/resource/default/780-439.png?_v=201906280941017d9', 'https://s1.ljcdn.com/matrix_lianjia_pc/dist/pc/src/resource/default/780-439.png?_v=201906280941017d9']",1个月前,随时入住,1年,随时可看,32/41层,有,暂无数据,商水,商电,有,暂无数据,"['公寓', '近地铁', '精装', '随时看房']","['3号线(龙岗线) - 龙城广场', '559m', '3号线(龙岗线) - 吉祥', '904m']",22.719084,114.258273
https://sz.lianjia.com/zufang/SZ2216483969661411328.html,龙岗区,龙岗中心城,整租·万科时代广场 2室1厅 东,3500元/月 (月付价),整租,2室1厅1卫,66㎡,朝东,"['https://image1.ljcdn.com/rent-user-avatar/1fd804f4-271b-4717-a697-6f6b7001bf79.780x439.jpg', 'https://s1.ljcdn.com/matrix_lianjia_pc/dist/pc/src/resource/default/780-439.png?_v=201906280941017d9', 'https://s1.ljcdn.com/matrix_lianjia_pc/dist/pc/src/resource/default/780-439.png?_v=201906280941017d9', 'https://s1.ljcdn.com/matrix_lianjia_pc/dist/pc/src/resource/default/780-439.png?_v=201906280941017d9', 'https://s1.ljcdn.com/matrix_lianjia_pc/dist/pc/src/resource/default/780-439.png?_v=201906280941017d9', 'https://s1.ljcdn.com/matrix_lianjia_pc/dist/pc/src/resource/default/780-439.png?_v=201906280941017d9', 'https://s1.ljcdn.com/matrix_lianjia_pc/dist/pc/src/resource/default/780-439.png?_v=201906280941017d9']",3个月前,随时入住,1年以上,随时可看,30/32层,有,暂无数据,商水,商电,有,暂无数据,"['公寓', '近地铁', '精装', '随时看房']","['3号线(龙岗线) - 龙城广场', '1085m', '3号线(龙岗线) - 吉祥', '1147m']",22.723471,114.252572
https://sz.lianjia.com/zufang/SZ2245601260612878336.html,龙岗区,龙岗中心城,整租·万科时代广场 2室1厅 东/东南/南/西南/西,4000元/月 (月付价),整租,2室1厅1卫,68㎡,朝东 东南 南 西南 西,"['https://image1.ljcdn.com/rent-user-avatar/0d6b0422-97ba-474c-97e4-022ba66d71d1.780x439.jpg', 'https://s1.ljcdn.com/matrix_lianjia_pc/dist/pc/src/resource/default/780-439.png?_v=201906280941017d9', 'https://s1.ljcdn.com/matrix_lianjia_pc/dist/pc/src/resource/default/780-439.png?_v=201906280941017d9', 'https://s1.ljcdn.com/matrix_lianjia_pc/dist/pc/src/resource/default/780-439.png?_v=201906280941017d9', 'https://s1.ljcdn.com/matrix_lianjia_pc/dist/pc/src/resource/default/780-439.png?_v=201906280941017d9']",2个月前,随时入住,1年,需提前预约,44/46层,暂无数据,暂无数据,商水,商电,有,暂无数据,"['公寓', '近地铁', '精装']","['3号线(龙岗线) - 龙城广场', '1085m', '3号线(龙岗线) - 吉祥', '1147m']",22.723471,114.252572
https://sz.lianjia.com/apartment/2495.html,,,四季时代酒店公寓 · 天安花园店,"
四季时代酒店公寓 · 天安花园店

          2000元/月起

",,,,,['https://image1.ljcdn.com/rent-user-avatar/5c256b2a-31e7-492a-8917-c5d7657089a1.1150x.jpg'],,,,,,,,,,,,,[],22.646881,114.076557
https://sz.lianjia.com/zufang/SZ2264248907649794048.html,龙岗区,龙岗中心城,整租·金地龙城中央二期 3室1厅 东/西,4000元/月 (月付价),整租,3室1厅1卫,89㎡,朝东 西,"['https://image1.ljcdn.com/rent-user-avatar/04a26350-7b7b-40ba-b744-4a0cebb71d5e.780x439.jpg', 'https://s1.ljcdn.com/matrix_lianjia_pc/dist/pc/src/resource/default/780-439.png?_v=201906280941017d9', 'https://s1.ljcdn.com/matrix_lianjia_pc/dist/pc/src/resource/default/780-439.png?_v=201906280941017d9', 'https://s1.ljcdn.com/matrix_lianjia_pc/dist/pc/src/resource/default/780-439.png?_v=201906280941017d9', 'https://s1.ljcdn.com/matrix_lianjia_pc/dist/pc/src/resource/default/780-439.png?_v=201906280941017d9', 'https://s1.ljcdn.com/matrix_lianjia_pc/dist/pc/src/resource/default/780-439.png?_v=201906280941017d9', 'https://s1.ljcdn.com/matrix_lianjia_pc/dist/pc/src/resource/default/780-439.png?_v=201906280941017d9', 'https://s1.ljcdn.com/matrix_lianjia_pc/dist/pc/src/resource/default/780-439.png?_v=201906280941017d9']",1个月前,随时入住,1年以上,随时可看,4/33层,暂无数据,暂无数据,民水,民电,有,暂无数据,"['近地铁', '精装', '随时看房']","['3号线(龙岗线) - 龙城广场', '559m', '3号线(龙岗线) - 吉祥', '904m']",22.719084,114.258273
https://sz.lianjia.com/zufang/SZ2272244647751319552.html,龙岗区,龙岗中心城,整租·万科时代广场 2室1厅 东/东南/南/西南/西,4000元/月 (月付价),整租,2室1厅1卫,67㎡,朝东 东南 南 西南 西,"['https://image1.ljcdn.com/rent-user-avatar/2e46b670-498e-42bb-9ab5-20907dcde8e5.780x439.jpg', 'https://s1.ljcdn.com/matrix_lianjia_pc/dist/pc/src/resource/default/780-439.png?_v=201906280941017d9', 'https://s1.ljcdn.com/matrix_lianjia_pc/dist/pc/src/resource/default/780-439.png?_v=201906280941017d9', 'https://s1.ljcdn.com/matrix_lianjia_pc/dist/pc/src/resource/default/780-439.png?_v=201906280941017d9', 'https://s1.ljcdn.com/matrix_lianjia_pc/dist/pc/src/resource/default/780-439.png?_v=201906280941017d9', 'https://s1.ljcdn.com/matrix_lianjia_pc/dist/pc/src/resource/default/780-439.png?_v=201906280941017d9', 'https://s1.ljcdn.com/matrix_lianjia_pc/dist/pc/src/resource/default/780-439.png?_v=201906280941017d9']",24天前,随时入住,1年,随时可看,24/46层,暂无数据,暂无数据,商水,商电,有,暂无数据,"['公寓', '近地铁', '精装', '随时看房']","['3号线(龙岗线) - 龙城广场', '1085m', '3号线(龙岗线) - 吉祥', '1147m']",22.723471,114.252572
https://sz.lianjia.com/zufang/SZ2268108030581686272.html,龙岗区,龙岗中心城,整租·万科天誉二期 3室2厅 东/东南/南/西南/西,5000元/月 (月付价),整租,3室2厅2卫,86㎡,朝东 东南 南 西南 西,"['https://image1.ljcdn.com/rent-user-avatar/04e4edf4-8a6b-4fee-a4e1-b82b4378a1b3.780x439.jpg', 'https://s1.ljcdn.com/matrix_lianjia_pc/dist/pc/src/resource/default/780-439.png?_v=201906280941017d9', 'https://s1.ljcdn.com/matrix_lianjia_pc/dist/pc/src/resource/default/780-439.png?_v=201906280941017d9', 'https://s1.ljcdn.com/matrix_lianjia_pc/dist/pc/src/resource/default/780-439.png?_v=201906280941017d9', 'https://s1.ljcdn.com/matrix_lianjia_pc/dist/pc/src/resource/default/780-439.png?_v=201906280941017d9', 'https://s1.ljcdn.com/matrix_lianjia_pc/dist/pc/src/resource/default/780-439.png?_v=201906280941017d9', 'https://s1.ljcdn.com/matrix_lianjia_pc/dist/pc/src/resource/default/780-439.png?_v=201906280941017d9', 'https://s1.ljcdn.com/matrix_lianjia_pc/dist/pc/src/resource/default/780-439.png?_v=201906280941017d9', 'https://s1.ljcdn.com/matrix_lianjia_pc/dist/pc/src/resource/default/780-439.png?_v=201906280941017d9', 'https://s1.ljcdn.com/matrix_lianjia_pc/dist/pc/src/resource/default/780-439.png?_v=201906280941017d9', 'https://s1.ljcdn.com/matrix_lianjia_pc/dist/pc/src/resource/default/780-439.png?_v=201906280941017d9', 'https://s1.ljcdn.com/matrix_lianjia_pc/dist/pc/src/resource/default/780-439.png?_v=201906280941017d9', 'https://s1.ljcdn.com/matrix_lianjia_pc/dist/pc/src/resource/default/780-439.png?_v=201906280941017d9']",1个月前,随时入住,1年,随时可看,10/33层,有,暂无数据,暂无数据,暂无数据,有,暂无数据,"['公寓', '近地铁', '精装', '双卫生间', '随时看房']","['3号线(龙岗线) - 吉祥', '537m', '3号线(龙岗线) - 龙城广场', '1124m']",22.717501,114.251789
https://sz.lianjia.com/zufang/SZ2230916097421885440.html,龙岗区,龙岗中心城,整租·万科时代广场 2室1厅 东/东南/南/西南/西,4000元/月 (月付价),整租,2室1厅1卫,66㎡,朝东 东南 南 西南 西,"['https://image1.ljcdn.com/rent-user-avatar/010a455d-f84d-4e95-ae0f-82a348c7c8b8.780x439.jpg', 'https://s1.ljcdn.com/matrix_lianjia_pc/dist/pc/src/resource/default/780-439.png?_v=201906280941017d9', 'https://s1.ljcdn.com/matrix_lianjia_pc/dist/pc/src/resource/default/780-439.png?_v=201906280941017d9', 'https://s1.ljcdn.com/matrix_lianjia_pc/dist/pc/src/resource/default/780-439.png?_v=201906280941017d9', 'https://s1.ljcdn.com/matrix_lianjia_pc/dist/pc/src/resource/default/780-439.png?_v=201906280941017d9', 'https://s1.ljcdn.com/matrix_lianjia_pc/dist/pc/src/resource/default/780-439.png?_v=201906280941017d9', 'https://s1.ljcdn.com/matrix_lianjia_pc/dist/pc/src/resource/default/780-439.png?_v=201906280941017d9', 'https://s1.ljcdn.com/matrix_lianjia_pc/dist/pc/src/resource/default/780-439.png?_v=201906280941017d9', 'https://s1.ljcdn.com/matrix_lianjia_pc/dist/pc/src/resource/default/780-439.png?_v=201906280941017d9']",2个月前,随时入住,1年,需提前预约,28/46层,有,暂无数据,商水,商电,有,暂无数据,"['公寓', '近地铁', '精装']","['3号线(龙岗线) - 龙城广场', '1085m', '3号线(龙岗线) - 吉祥', '1147m']",22.723471,114.252572
https://sz.lianjia.com/zufang/SZ2268104960074334208.html,龙岗区,龙岗中心城,整租·万科天誉二期 2室2厅 东/东南/南/西南/西,4000元/月 (月付价),整租,2室2厅2卫,66㎡,朝东 东南 南 西南 西,"['https://image1.ljcdn.com/rent-user-avatar/1febe1f2-39a3-4f52-a1f7-2a41e9dc6968.780x439.jpg', 'https://s1.ljcdn.com/matrix_lianjia_pc/dist/pc/src/resource/default/780-439.png?_v=201906280941017d9', 'https://s1.ljcdn.com/matrix_lianjia_pc/dist/pc/src/resource/default/780-439.png?_v=201906280941017d9', 'https://s1.ljcdn.com/matrix_lianjia_pc/dist/pc/src/resource/default/780-439.png?_v=201906280941017d9', 'https://s1.ljcdn.com/matrix_lianjia_pc/dist/pc/src/resource/default/780-439.png?_v=201906280941017d9', 'https://s1.ljcdn.com/matrix_lianjia_pc/dist/pc/src/resource/default/780-439.png?_v=201906280941017d9', 'https://s1.ljcdn.com/matrix_lianjia_pc/dist/pc/src/resource/default/780-439.png?_v=201906280941017d9', 'https://s1.ljcdn.com/matrix_lianjia_pc/dist/pc/src/resource/default/780-439.png?_v=201906280941017d9', 'https://s1.ljcdn.com/matrix_lianjia_pc/dist/pc/src/resource/default/780-439.png?_v=201906280941017d9', 'https://s1.ljcdn.com/matrix_lianjia_pc/dist/pc/src/resource/default/780-439.png?_v=201906280941017d9', 'https://s1.ljcdn.com/matrix_lianjia_pc/dist/pc/src/resource/default/780-439.png?_v=201906280941017d9', 'https://s1.ljcdn.com/matrix_lianjia_pc/dist/pc/src/resource/default/780-439.png?_v=201906280941017d9']",1个月前,随时入住,1年,随时可看,26/33层,有,暂无数据,暂无数据,暂无数据,有,暂无数据,"['公寓', '近地铁', '精装', '双卫生间', '随时看房']","['3号线(龙岗线) - 吉祥', '537m', '3号线(龙岗线) - 龙城广场', '1124m']",22.717501,114.251789
https://sz.lianjia.com/zufang/SZ2268107039660318720.html,龙岗区,龙岗中心城,整租·万科天誉二期 2室2厅 东/东南/南/西南/西,4000元/月 (月付价),整租,2室2厅2卫,66㎡,朝东 东南 南 西南 西,"['https://image1.ljcdn.com/rent-user-avatar/0ea22c83-abb6-4149-8c52-6a65de6d57ff.780x439.jpg', 'https://s1.ljcdn.com/matrix_lianjia_pc/dist/pc/src/resource/default/780-439.png?_v=201906280941017d9', 'https://s1.ljcdn.com/matrix_lianjia_pc/dist/pc/src/resource/default/780-439.png?_v=201906280941017d9', 'https://s1.ljcdn.com/matrix_lianjia_pc/dist/pc/src/resource/default/780-439.png?_v=201906280941017d9', 'https://s1.ljcdn.com/matrix_lianjia_pc/dist/pc/src/resource/default/780-439.png?_v=201906280941017d9', 'https://s1.ljcdn.com/matrix_lianjia_pc/dist/pc/src/resource/default/780-439.png?_v=201906280941017d9', 'https://s1.ljcdn.com/matrix_lianjia_pc/dist/pc/src/resource/default/780-439.png?_v=201906280941017d9', 'https://s1.ljcdn.com/matrix_lianjia_pc/dist/pc/src/resource/default/780-439.png?_v=201906280941017d9', 'https://s1.ljcdn.com/matrix_lianjia_pc/dist/pc/src/resource/default/780-439.png?_v=201906280941017d9', 'https://s1.ljcdn.com/matrix_lianjia_pc/dist/pc/src/resource/default/780-439.png?_v=201906280941017d9']",1个月前,随时入住,1年,随时可看,10/33层,有,暂无数据,暂无数据,暂无数据,有,暂无数据,"['公寓', '近地铁', '精装', '双卫生间', '随时看房']","['3号线(龙岗线) - 吉祥', '537m', '3号线(龙岗线) - 龙城广场', '1124m']",22.717501,114.251789
https://sz.lianjia.com/zufang/SZ2247775040936345600.html,龙岗区,龙岗中心城,整租·名居广场 3室1厅 东/东南/南/西南/西,4800元/月 (月付价),整租,3室1厅1卫,89㎡,朝东 东南 南 西南 西,"['https://image1.ljcdn.com/rent-user-avatar/145747e1-e9d6-4a15-a13f-25930108bcf8.780x439.jpg', 'https://s1.ljcdn.com/matrix_lianjia_pc/dist/pc/src/resource/default/780-439.png?_v=201906280941017d9', 'https://s1.ljcdn.com/matrix_lianjia_pc/dist/pc/src/resource/default/780-439.png?_v=201906280941017d9', 'https://s1.ljcdn.com/matrix_lianjia_pc/dist/pc/src/resource/default/780-439.png?_v=201906280941017d9', 'https://s1.ljcdn.com/matrix_lianjia_pc/dist/pc/src/resource/default/780-439.png?_v=201906280941017d9', 'https://s1.ljcdn.com/matrix_lianjia_pc/dist/pc/src/resource/default/780-439.png?_v=201906280941017d9', 'https://s1.ljcdn.com/matrix_lianjia_pc/dist/pc/src/resource/default/780-439.png?_v=201906280941017d9', 'https://s1.ljcdn.com/matrix_lianjia_pc/dist/pc/src/resource/default/780-439.png?_v=201906280941017d9', 'https://s1.ljcdn.com/matrix_lianjia_pc/dist/pc/src/resource/default/780-439.png?_v=201906280941017d9', 'https://s1.ljcdn.com/matrix_lianjia_pc/dist/pc/src/resource/default/780-439.png?_v=201906280941017d9']",1个月前,随时入住,1年,随时可看,25/31层,有,暂无数据,民水,民电,有,暂无数据,"['公寓', '精装', '随时看房']",[],22.704719,114.240139
https://sz.lianjia.com/zufang/SZ2242464373207465984.html,龙岗区,龙岗中心城,整租·万科时代广场 2室1厅 东/东南/南/西南/西,4000元/月 (月付价),整租,2室1厅1卫,69㎡,朝东 东南 南 西南 西,"['https://image1.ljcdn.com/rent-user-avatar/123762d0-429a-4222-9038-720894ad9ec5.780x439.jpg', 'https://s1.ljcdn.com/matrix_lianjia_pc/dist/pc/src/resource/default/780-439.png?_v=201906280941017d9', 'https://s1.ljcdn.com/matrix_lianjia_pc/dist/pc/src/resource/default/780-439.png?_v=201906280941017d9', 'https://s1.ljcdn.com/matrix_lianjia_pc/dist/pc/src/resource/default/780-439.png?_v=201906280941017d9', 'https://s1.ljcdn.com/matrix_lianjia_pc/dist/pc/src/resource/default/780-439.png?_v=201906280941017d9', 'https://s1.ljcdn.com/matrix_lianjia_pc/dist/pc/src/resource/default/780-439.png?_v=201906280941017d9', 'https://s1.ljcdn.com/matrix_lianjia_pc/dist/pc/src/resource/default/780-439.png?_v=201906280941017d9', 'https://s1.ljcdn.com/matrix_lianjia_pc/dist/pc/src/resource/default/780-439.png?_v=201906280941017d9', 'https://s1.ljcdn.com/matrix_lianjia_pc/dist/pc/src/resource/default/780-439.png?_v=201906280941017d9']",2个月前,随时入住,1年,需提前预约,23/46层,有,暂无数据,商水,商电,有,暂无数据,"['公寓', '近地铁', '精装']","['3号线(龙岗线) - 龙城广场', '1085m', '3号线(龙岗线) - 吉祥', '1147m']",22.723471,114.252572
https://sz.lianjia.com/zufang/SZ2230918764612812800.html,龙岗区,龙岗中心城,整租·万科时代广场 2室1厅 东/东南/南/西南/西,4000元/月 (月付价),整租,2室1厅1卫,68㎡,朝东 东南 南 西南 西,"['https://image1.ljcdn.com/rent-user-avatar/14f79019-833a-42e7-a64f-92d61dcab293.780x439.jpg', 'https://s1.ljcdn.com/matrix_lianjia_pc/dist/pc/src/resource/default/780-439.png?_v=201906280941017d9', 'https://s1.ljcdn.com/matrix_lianjia_pc/dist/pc/src/resource/default/780-439.png?_v=201906280941017d9', 'https://s1.ljcdn.com/matrix_lianjia_pc/dist/pc/src/resource/default/780-439.png?_v=201906280941017d9', 'https://s1.ljcdn.com/matrix_lianjia_pc/dist/pc/src/resource/default/780-439.png?_v=201906280941017d9', 'https://s1.ljcdn.com/matrix_lianjia_pc/dist/pc/src/resource/default/780-439.png?_v=201906280941017d9', 'https://s1.ljcdn.com/matrix_lianjia_pc/dist/pc/src/resource/default/780-439.png?_v=201906280941017d9']",2个月前,随时入住,1年,随时可看,27/46层,有,暂无数据,商水,商电,有,暂无数据,"['公寓', '近地铁', '精装', '随时看房']","['3号线(龙岗线) - 龙城广场', '1085m', '3号线(龙岗线) - 吉祥', '1147m']",22.723471,114.252572
https://sz.lianjia.com/zufang/SZ2269340422918635520.html,龙岗区,龙岗中心城,整租·万科时代广场 2室1厅 东,4100元/月 (月付价),整租,2室1厅1卫,69㎡,朝东,"['https://image1.ljcdn.com/rent-user-avatar/23ae8cb1-1dfd-4d6d-8744-2fa26ce4227e.780x439.jpg', 'https://s1.ljcdn.com/matrix_lianjia_pc/dist/pc/src/resource/default/780-439.png?_v=201906280941017d9', 'https://s1.ljcdn.com/matrix_lianjia_pc/dist/pc/src/resource/default/780-439.png?_v=201906280941017d9', 'https://s1.ljcdn.com/matrix_lianjia_pc/dist/pc/src/resource/default/780-439.png?_v=201906280941017d9', 'https://s1.ljcdn.com/matrix_lianjia_pc/dist/pc/src/resource/default/780-439.png?_v=201906280941017d9']",28天前,随时入住,1年以上,随时可看,21/32层,有,暂无数据,商水,商电,有,暂无数据,"['近地铁', '精装', '随时看房']","['3号线(龙岗线) - 龙城广场', '1085m', '3号线(龙岗线) - 吉祥', '1147m']",22.723471,114.252572
https://sz.lianjia.com/zufang/SZ2230920974826741760.html,龙岗区,龙岗中心城,整租·万科时代广场 2室1厅 东/东南/南/西南/西,4100元/月 (月付价),整租,2室1厅1卫,66㎡,朝东 东南 南 西南 西,"['https://image1.ljcdn.com/rent-user-avatar/5472922f-7a43-4370-b147-e9ab6cdcdbcf.780x439.jpg', 'https://s1.ljcdn.com/matrix_lianjia_pc/dist/pc/src/resource/default/780-439.png?_v=201906280941017d9', 'https://s1.ljcdn.com/matrix_lianjia_pc/dist/pc/src/resource/default/780-439.png?_v=201906280941017d9', 'https://s1.ljcdn.com/matrix_lianjia_pc/dist/pc/src/resource/default/780-439.png?_v=201906280941017d9', 'https://s1.ljcdn.com/matrix_lianjia_pc/dist/pc/src/resource/default/780-439.png?_v=201906280941017d9', 'https://s1.ljcdn.com/matrix_lianjia_pc/dist/pc/src/resource/default/780-439.png?_v=201906280941017d9', 'https://s1.ljcdn.com/matrix_lianjia_pc/dist/pc/src/resource/default/780-439.png?_v=201906280941017d9']",2个月前,随时入住,1年,随时可看,32/46层,有,暂无数据,商水,商电,有,暂无数据,"['公寓', '近地铁', '精装', '随时看房']","['3号线(龙岗线) - 龙城广场', '1085m', '3号线(龙岗线) - 吉祥', '1147m']",22.723471,114.252572
https://sz.lianjia.com/zufang/SZ2244198838279872512.html,龙岗区,龙岗中心城,整租·万科时代广场 2室1厅 东/东南/南/西南/西,4100元/月 (月付价),整租,2室1厅1卫,68㎡,朝东 东南 南 西南 西,"['https://image1.ljcdn.com/rent-user-avatar/00d66ed8-0cd8-491e-8d7e-bf2d0c9f6b2d.780x439.jpg', 'https://s1.ljcdn.com/matrix_lianjia_pc/dist/pc/src/resource/default/780-439.png?_v=201906280941017d9', 'https://s1.ljcdn.com/matrix_lianjia_pc/dist/pc/src/resource/default/780-439.png?_v=201906280941017d9', 'https://s1.ljcdn.com/matrix_lianjia_pc/dist/pc/src/resource/default/780-439.png?_v=201906280941017d9', 'https://s1.ljcdn.com/matrix_lianjia_pc/dist/pc/src/resource/default/780-439.png?_v=201906280941017d9', 'https://s1.ljcdn.com/matrix_lianjia_pc/dist/pc/src/resource/default/780-439.png?_v=201906280941017d9']",2个月前,随时入住,1年,随时可看,23/32层,有,暂无数据,商水,商电,有,暂无数据,"['公寓', '近地铁', '精装', '随时看房']","['3号线(龙岗线) - 龙城广场', '1085m', '3号线(龙岗线) - 吉祥', '1147m']",22.723471,114.252572
https://sz.lianjia.com/zufang/SZ2255702422616023040.html,龙岗区,龙岗中心城,整租·万科时代广场 2室1厅 东/东南/南/西南/西,4200元/月 (月付价),整租,2室1厅1卫,67㎡,朝东 东南 南 西南 西,"['https://image1.ljcdn.com/rent-user-avatar/21b83c27-7ff8-4fff-b52e-f96c8c83afcb.780x439.jpg', 'https://s1.ljcdn.com/matrix_lianjia_pc/dist/pc/src/resource/default/780-439.png?_v=201906280941017d9', 'https://s1.ljcdn.com/matrix_lianjia_pc/dist/pc/src/resource/default/780-439.png?_v=201906280941017d9', 'https://s1.ljcdn.com/matrix_lianjia_pc/dist/pc/src/resource/default/780-439.png?_v=201906280941017d9', 'https://s1.ljcdn.com/matrix_lianjia_pc/dist/pc/src/resource/default/780-439.png?_v=201906280941017d9', 'https://s1.ljcdn.com/matrix_lianjia_pc/dist/pc/src/resource/default/780-439.png?_v=201906280941017d9', 'https://s1.ljcdn.com/matrix_lianjia_pc/dist/pc/src/resource/default/780-439.png?_v=201906280941017d9', 'https://s1.ljcdn.com/matrix_lianjia_pc/dist/pc/src/resource/default/780-439.png?_v=201906280941017d9', 'https://s1.ljcdn.com/matrix_lianjia_pc/dist/pc/src/resource/default/780-439.png?_v=201906280941017d9']",1个月前,随时入住,1年,随时可看,25/46层,有,暂无数据,商水,商电,有,暂无数据,"['公寓', '近地铁', '精装', '随时看房']","['3号线(龙岗线) - 龙城广场', '1085m', '3号线(龙岗线) - 吉祥', '1147m']",22.723471,114.252572
https://sz.lianjia.com/zufang/SZ2278136431476490240.html,龙岗区,龙岗中心城,整租·万科时代广场 2室2厅 东,3900元/月 (月付价),整租,2室2厅1卫,67㎡,朝 东,"['https://image1.ljcdn.com/rent-user-avatar/7126be0d-e234-44ba-bd7e-b7391126480c.780x439.jpg', 'https://s1.ljcdn.com/matrix_lianjia_pc/dist/pc/src/resource/default/780-439.png?_v=201906280941017d9', 'https://s1.ljcdn.com/matrix_lianjia_pc/dist/pc/src/resource/default/780-439.png?_v=201906280941017d9', 'https://s1.ljcdn.com/matrix_lianjia_pc/dist/pc/src/resource/default/780-439.png?_v=201906280941017d9', 'https://s1.ljcdn.com/matrix_lianjia_pc/dist/pc/src/resource/default/780-439.png?_v=201906280941017d9', 'https://s1.ljcdn.com/matrix_lianjia_pc/dist/pc/src/resource/default/780-439.png?_v=201906280941017d9', 'https://s1.ljcdn.com/matrix_lianjia_pc/dist/pc/src/resource/default/780-439.png?_v=201906280941017d9', 'https://s1.ljcdn.com/matrix_lianjia_pc/dist/pc/src/resource/default/780-439.png?_v=201906280941017d9', 'https://s1.ljcdn.com/matrix_lianjia_pc/dist/pc/src/resource/default/780-439.png?_v=201906280941017d9']",16天前,随时入住,1~2年,随时可看,20/46层,暂无数据,暂无数据,商水,商电,有,暂无数据,"['近地铁', '精装', '随时看房']","['3号线(龙岗线) - 龙城广场', '1085m', '3号线(龙岗线) - 吉祥', '1147m']",22.723471,114.252572
https://sz.lianjia.com/zufang/SZ2249919982702174208.html,龙岗区,龙岗中心城,整租·万科时代广场 2室1厅 东/东南/南/西南/西,4000元/月 (月付价),整租,2室1厅1卫,67㎡,朝东 东南 南 西南 西,"['https://image1.ljcdn.com/rent-user-avatar/0383fff6-0d89-47fa-9c96-0895a4205868.780x439.jpg', 'https://s1.ljcdn.com/matrix_lianjia_pc/dist/pc/src/resource/default/780-439.png?_v=201906280941017d9', 'https://s1.ljcdn.com/matrix_lianjia_pc/dist/pc/src/resource/default/780-439.png?_v=201906280941017d9', 'https://s1.ljcdn.com/matrix_lianjia_pc/dist/pc/src/resource/default/780-439.png?_v=201906280941017d9', 'https://s1.ljcdn.com/matrix_lianjia_pc/dist/pc/src/resource/default/780-439.png?_v=201906280941017d9', 'https://s1.ljcdn.com/matrix_lianjia_pc/dist/pc/src/resource/default/780-439.png?_v=201906280941017d9', 'https://s1.ljcdn.com/matrix_lianjia_pc/dist/pc/src/resource/default/780-439.png?_v=201906280941017d9', 'https://s1.ljcdn.com/matrix_lianjia_pc/dist/pc/src/resource/default/780-439.png?_v=201906280941017d9', 'https://s1.ljcdn.com/matrix_lianjia_pc/dist/pc/src/resource/default/780-439.png?_v=201906280941017d9']",1个月前,随时入住,1年,随时可看,11/46层,暂无数据,暂无数据,商水,商电,有,暂无数据,"['公寓', '近地铁', '精装', '随时看房']","['3号线(龙岗线) - 龙城广场', '1085m', '3号线(龙岗线) - 吉祥', '1147m']",22.723471,114.252572
https://sz.lianjia.com/zufang/SZ2247773161427320832.html,龙岗区,龙岗中心城,整租·名居广场 3室1厅 东/东南/南/西南/西,4600元/月 (月付价),整租,3室1厅1卫,76㎡,朝东 东南 南 西南 西,"['https://image1.ljcdn.com/rent-user-avatar/020b9698-e35a-4112-90e6-5bbdeb9b50b2.780x439.jpg', 'https://s1.ljcdn.com/matrix_lianjia_pc/dist/pc/src/resource/default/780-439.png?_v=201906280941017d9', 'https://s1.ljcdn.com/matrix_lianjia_pc/dist/pc/src/resource/default/780-439.png?_v=201906280941017d9', 'https://s1.ljcdn.com/matrix_lianjia_pc/dist/pc/src/resource/default/780-439.png?_v=201906280941017d9', 'https://s1.ljcdn.com/matrix_lianjia_pc/dist/pc/src/resource/default/780-439.png?_v=201906280941017d9', 'https://s1.ljcdn.com/matrix_lianjia_pc/dist/pc/src/resource/default/780-439.png?_v=201906280941017d9', 'https://s1.ljcdn.com/matrix_lianjia_pc/dist/pc/src/resource/default/780-439.png?_v=201906280941017d9', 'https://s1.ljcdn.com/matrix_lianjia_pc/dist/pc/src/resource/default/780-439.png?_v=201906280941017d9', 'https://s1.ljcdn.com/matrix_lianjia_pc/dist/pc/src/resource/default/780-439.png?_v=201906280941017d9']",1个月前,随时入住,1年,随时可看,27/31层,有,暂无数据,民水,民电,有,暂无数据,"['公寓', '精装', '随时看房']",[],22.704719,114.240139
