房源地址,行政区,位置,标题,租金,租赁方式,户型,面积,朝向,图片列表,发布时间,入住时间,租期,看房时间,楼层,电梯,车位,用水,用电,燃气,采暖,标签,station,latitude,longtitude
https://sz.lianjia.com/apartment/18205.html,,,八号季 · 洪湖店,"
八号季 · 洪湖店

          3380元/月起

",,,,,"['https://image1.ljcdn.com/rent-user-avatar/6651a335-aa60-40ff-b944-87899899ed0d.1150x.jpg', 'https://s1.ljcdn.com/matrix_lianjia_pc/dist/pc/src/resource/default/1150-450.png?_v=201906280941017d9', 'https://s1.ljcdn.com/matrix_lianjia_pc/dist/pc/src/resource/default/1150-450.png?_v=201906280941017d9', 'https://s1.ljcdn.com/matrix_lianjia_pc/dist/pc/src/resource/default/1150-450.png?_v=201906280941017d9', 'https://s1.ljcdn.com/matrix_lianjia_pc/dist/pc/src/resource/default/1150-450.png?_v=201906280941017d9', 'https://s1.ljcdn.com/matrix_lianjia_pc/dist/pc/src/resource/default/1150-450.png?_v=201906280941017d9', 'https://s1.ljcdn.com/matrix_lianjia_pc/dist/pc/src/resource/default/1150-450.png?_v=201906280941017d9', 'https://s1.ljcdn.com/matrix_lianjia_pc/dist/pc/src/resource/default/1150-450.png?_v=201906280941017d9', 'https://s1.ljcdn.com/matrix_lianjia_pc/dist/pc/src/resource/default/1150-450.png?_v=201906280941017d9', 'https://s1.ljcdn.com/matrix_lianjia_pc/dist/pc/src/resource/default/1150-450.png?_v=201906280941017d9', 'https://s1.ljcdn.com/matrix_lianjia_pc/dist/pc/src/resource/default/1150-450.png?_v=201906280941017d9', 'https://s1.ljcdn.com/matrix_lianjia_pc/dist/pc/src/resource/default/1150-450.png?_v=201906280941017d9', 'https://s1.ljcdn.com/matrix_lianjia_pc/dist/pc/src/resource/default/1150-450.png?_v=201906280941017d9', 'https://s1.ljcdn.com/matrix_lianjia_pc/dist/pc/src/resource/default/1150-450.png?_v=201906280941017d9', 'https://s1.ljcdn.com/matrix_lianjia_pc/dist/pc/src/resource/default/1150-450.png?_v=201906280941017d9', 'https://s1.ljcdn.com/matrix_lianjia_pc/dist/pc/src/resource/default/1150-450.png?_v=201906280941017d9', 'https://s1.ljcdn.com/matrix_lianjia_pc/dist/pc/src/resource/default/1150-450.png?_v=201906280941017d9', 'https://s1.ljcdn.com/matrix_lianjia_pc/dist/pc/src/resource/default/1150-450.png?_v=201906280941017d9', 'https://s1.ljcdn.com/matrix_lianjia_pc/dist/pc/src/resource/default/1150-450.png?_v=201906280941017d9', 'https://s1.ljcdn.com/matrix_lianjia_pc/dist/pc/src/resource/default/1150-450.png?_v=201906280941017d9', 'https://s1.ljcdn.com/matrix_lianjia_pc/dist/pc/src/resource/default/1150-450.png?_v=201906280941017d9', 'https://s1.ljcdn.com/matrix_lianjia_pc/dist/pc/src/resource/default/1150-450.png?_v=201906280941017d9', 'https://s1.ljcdn.com/matrix_lianjia_pc/dist/pc/src/resource/default/1150-450.png?_v=201906280941017d9']",,,,,,,,,,,,,[],22.566753,114.128272
https://sz.lianjia.com/zufang/SZ2278939032442912768.html,福田区,皇岗,晨晖家园 1室1厅 东,4800元/月 ,租赁方式未知,1室1厅1卫,31㎡,朝东,"['https://image1.ljcdn.com/440300-inspection/95c2d40f-6ea2-49db-b1ae-ea5bbc72b983.jpg.780x439.jpg', 'https://s1.ljcdn.com/matrix_lianjia_pc/dist/pc/src/resource/default/780-439.png?_v=201906280941017d9', 'https://s1.ljcdn.com/matrix_lianjia_pc/dist/pc/src/resource/default/780-439.png?_v=201906280941017d9', 'https://s1.ljcdn.com/matrix_lianjia_pc/dist/pc/src/resource/default/780-439.png?_v=201906280941017d9', 'https://s1.ljcdn.com/matrix_lianjia_pc/dist/pc/src/resource/default/780-439.png?_v=201906280941017d9', 'https://s1.ljcdn.com/matrix_lianjia_pc/dist/pc/src/resource/default/780-439.png?_v=201906280941017d9']",9天前,2019-07-01,暂无数据,暂无数据,低楼层/18层,有,暂无数据,民水,民电,有,暂无数据,"['近地铁', '随时看房']","['7号线 - 皇岗村', '712m', '4号线(龙华线),7号线 - 福民', '713m', '3号线(龙岗线),7号线 - 石厦', '1169m', '4号线(龙华线) - 福田口岸', '1187m']",22.525557756796,114.06774623111
https://sz.lianjia.com/zufang/SZ2285284846496653312.html,福田区,福田中心,彩天名苑 1室0厅 东,4500元/月 ,租赁方式未知,1室0厅1卫,33㎡,朝东,"['https://image1.ljcdn.com/hdic-frame/fb4c171c-c4c9-42f9-aea9-97a5d98fb8a1.png.780x439.jpg', 'https://s1.ljcdn.com/matrix_lianjia_pc/dist/pc/src/resource/default/780-439.png?_v=201906280941017d9', 'https://s1.ljcdn.com/matrix_lianjia_pc/dist/pc/src/resource/default/780-439.png?_v=201906280941017d9', 'https://s1.ljcdn.com/matrix_lianjia_pc/dist/pc/src/resource/default/780-439.png?_v=201906280941017d9', 'https://s1.ljcdn.com/matrix_lianjia_pc/dist/pc/src/resource/default/780-439.png?_v=201906280941017d9', 'https://s1.ljcdn.com/matrix_lianjia_pc/dist/pc/src/resource/default/780-439.png?_v=201906280941017d9', 'https://s1.ljcdn.com/matrix_lianjia_pc/dist/pc/src/resource/default/780-439.png?_v=201906280941017d9']",6天前,随时入住,暂无数据,一般下班后可看,高楼层/32层,有,暂无数据,民水,民电,有,暂无数据,"['近地铁', '新上', '随时看房']","['1号线(罗宝线) - 岗厦', '273m', '2号线(蛇口线) - 岗厦北', '644m', '1号线(罗宝线),4号线(龙华线) - 会展中心', '816m']",22.543256550912,114.07509021666
https://sz.lianjia.com/zufang/SZ2279407816747778048.html,福田区,福田中心,彩天名苑 1室0厅 东,5000元/月 ,租赁方式未知,1室0厅1卫,33㎡,朝东,"['https://image1.ljcdn.com/hdic-frame/test-1fa9b10a-fcc6-460c-94c5-18f50c54e14d.png.780x439.jpg', 'https://s1.ljcdn.com/matrix_lianjia_pc/dist/pc/src/resource/default/780-439.png?_v=201906280941017d9', 'https://s1.ljcdn.com/matrix_lianjia_pc/dist/pc/src/resource/default/780-439.png?_v=201906280941017d9']",14天前,随时入住,暂无数据,需提前预约,中楼层/32层,有,暂无数据,民水,民电,有,暂无数据,['近地铁'],"['1号线(罗宝线) - 岗厦', '273m', '2号线(蛇口线) - 岗厦北', '644m', '1号线(罗宝线),4号线(龙华线) - 会展中心', '816m']",22.543256550912,114.07509021666
https://sz.lianjia.com/apartment/6706.html,,,魔方公寓 · 深圳福田联合广场店,"
魔方公寓 · 深圳福田联合广场店

          4580元/月起

",,,,,"['https://image1.ljcdn.com/rent-user-avatar/cf79b03d-2037-4296-9f89-9b5c1c55869d.1150x.jpg', 'https://s1.ljcdn.com/matrix_lianjia_pc/dist/pc/src/resource/default/1150-450.png?_v=201906280941017d9', 'https://s1.ljcdn.com/matrix_lianjia_pc/dist/pc/src/resource/default/1150-450.png?_v=201906280941017d9']",,,,,,,,,,,,,[],22.535324,114.07586
https://sz.lianjia.com/apartment/18480.html,,,职业房东 · 石厦城家园B店,"
职业房东 · 石厦城家园B店

          3290元/月起

",,,,,"['https://image1.ljcdn.com/rent-user-avatar/b43bca4f-8244-4ee8-ab22-9ebe977cf9df.1150x.jpg', 'https://s1.ljcdn.com/matrix_lianjia_pc/dist/pc/src/resource/default/1150-450.png?_v=201906280941017d9']",,,,,,,,,,,,,[],22.525918,114.05482
https://sz.lianjia.com/zufang/SZ2202175064294555648.html,龙岗区,大运新城,颐安都会中央一期 3室2厅 东/西,4400元/月 ,租赁方式未知,3室2厅1卫,89㎡,朝东 西,"['https://image1.ljcdn.com/440300-inspection/1bf0443a-d011-4135-bd5d-3bdfab70a112.png.780x439.jpg', 'https://s1.ljcdn.com/matrix_lianjia_pc/dist/pc/src/resource/default/780-439.png?_v=201906280941017d9', 'https://s1.ljcdn.com/matrix_lianjia_pc/dist/pc/src/resource/default/780-439.png?_v=201906280941017d9', 'https://s1.ljcdn.com/matrix_lianjia_pc/dist/pc/src/resource/default/780-439.png?_v=201906280941017d9', 'https://s1.ljcdn.com/matrix_lianjia_pc/dist/pc/src/resource/default/780-439.png?_v=201906280941017d9', 'https://s1.ljcdn.com/matrix_lianjia_pc/dist/pc/src/resource/default/780-439.png?_v=201906280941017d9', 'https://s1.ljcdn.com/matrix_lianjia_pc/dist/pc/src/resource/default/780-439.png?_v=201906280941017d9', 'https://s1.ljcdn.com/matrix_lianjia_pc/dist/pc/src/resource/default/780-439.png?_v=201906280941017d9', 'https://s1.ljcdn.com/matrix_lianjia_pc/dist/pc/src/resource/default/780-439.png?_v=201906280941017d9']",4个月前,随时入住,暂无数据,需提前预约,高楼层/31层,有,暂无数据,民水,民电,有,暂无数据,['近地铁'],"['3号线(龙岗线) - 大运', '834m']",22.693462,114.229357
https://sz.lianjia.com/zufang/SZ2261396479795544064.html,龙岗区,龙岗中心城,阅山华府 3室1厅 东,4200元/月 ,租赁方式未知,3室1厅1卫,88㎡,朝东,"['https://image1.ljcdn.com/440300-inspection/41a7117d-f272-4ed3-a61f-f8838699a657.jpg.780x439.jpg', 'https://s1.ljcdn.com/matrix_lianjia_pc/dist/pc/src/resource/default/780-439.png?_v=201906280941017d9', 'https://s1.ljcdn.com/matrix_lianjia_pc/dist/pc/src/resource/default/780-439.png?_v=201906280941017d9', 'https://s1.ljcdn.com/matrix_lianjia_pc/dist/pc/src/resource/default/780-439.png?_v=201906280941017d9', 'https://s1.ljcdn.com/matrix_lianjia_pc/dist/pc/src/resource/default/780-439.png?_v=201906280941017d9', 'https://s1.ljcdn.com/matrix_lianjia_pc/dist/pc/src/resource/default/780-439.png?_v=201906280941017d9', 'https://s1.ljcdn.com/matrix_lianjia_pc/dist/pc/src/resource/default/780-439.png?_v=201906280941017d9']",1个月前,随时入住,暂无数据,需提前预约,中楼层/32层,有,暂无数据,民水,民电,有,暂无数据,['随时看房'],"['3号线(龙岗线) - 龙城广场', '591m']",22.740665984734,114.25204346955
https://sz.lianjia.com/zufang/SZ2285339496935325696.html,龙岗区,布吉大芬,怡康家园 3室1厅 东,4500元/月 ,租赁方式未知,3室1厅1卫,69㎡,朝东,"['https://image1.ljcdn.com/440300-inspection/ba2ab110-53a9-40be-b638-111adfb3d25d.png.780x439.jpg', 'https://s1.ljcdn.com/matrix_lianjia_pc/dist/pc/src/resource/default/780-439.png?_v=201906280941017d9', 'https://s1.ljcdn.com/matrix_lianjia_pc/dist/pc/src/resource/default/780-439.png?_v=201906280941017d9', 'https://s1.ljcdn.com/matrix_lianjia_pc/dist/pc/src/resource/default/780-439.png?_v=201906280941017d9', 'https://s1.ljcdn.com/matrix_lianjia_pc/dist/pc/src/resource/default/780-439.png?_v=201906280941017d9', 'https://s1.ljcdn.com/matrix_lianjia_pc/dist/pc/src/resource/default/780-439.png?_v=201906280941017d9', 'https://s1.ljcdn.com/matrix_lianjia_pc/dist/pc/src/resource/default/780-439.png?_v=201906280941017d9', 'https://s1.ljcdn.com/matrix_lianjia_pc/dist/pc/src/resource/default/780-439.png?_v=201906280941017d9']",6天前,2019-07-15,暂无数据,需提前预约,高楼层/30层,有,暂无数据,民水,民电,有,暂无数据,"['近地铁', '新上']","['3号线(龙岗线) - 大芬', '244m', '3号线(龙岗线) - 木棉湾', '1186m']",22.620278570176,114.14366220514
https://sz.lianjia.com/zufang/SZ2278278461069983744.html,南山区,前海,整租·观峰阁 2室1厅 东/东南,5000元/月 (月付价),整租,2室1厅1卫,72㎡,朝东 东南,"['https://image1.ljcdn.com/rent-user-avatar/0714d3e0-c08d-4d29-b378-a6bd68779f62.780x439.jpg', 'https://s1.ljcdn.com/matrix_lianjia_pc/dist/pc/src/resource/default/780-439.png?_v=201906280941017d9', 'https://s1.ljcdn.com/matrix_lianjia_pc/dist/pc/src/resource/default/780-439.png?_v=201906280941017d9', 'https://s1.ljcdn.com/matrix_lianjia_pc/dist/pc/src/resource/default/780-439.png?_v=201906280941017d9', 'https://s1.ljcdn.com/matrix_lianjia_pc/dist/pc/src/resource/default/780-439.png?_v=201906280941017d9', 'https://s1.ljcdn.com/matrix_lianjia_pc/dist/pc/src/resource/default/780-439.png?_v=201906280941017d9', 'https://s1.ljcdn.com/matrix_lianjia_pc/dist/pc/src/resource/default/780-439.png?_v=201906280941017d9', 'https://s1.ljcdn.com/matrix_lianjia_pc/dist/pc/src/resource/default/780-439.png?_v=201906280941017d9']",16天前,随时入住,1年以上,随时可看,8/8层,无,暂无数据,暂无数据,暂无数据,有,暂无数据,"['公寓', '精装', '随时看房']",[],22.503438,113.900304
https://sz.lianjia.com/zufang/SZ2279613904973996032.html,福田区,皇岗,整租·集华花园 1室0厅 东,3000元/月 (月付价),整租,1室0厅1卫,25㎡,朝东,"['https://image1.ljcdn.com/rent-user-avatar/257c603c-08fb-4bc1-b4de-875a35638cdf.780x439.jpg', 'https://s1.ljcdn.com/matrix_lianjia_pc/dist/pc/src/resource/default/780-439.png?_v=201906280941017d9', 'https://s1.ljcdn.com/matrix_lianjia_pc/dist/pc/src/resource/default/780-439.png?_v=201906280941017d9', 'https://s1.ljcdn.com/matrix_lianjia_pc/dist/pc/src/resource/default/780-439.png?_v=201906280941017d9', 'https://s1.ljcdn.com/matrix_lianjia_pc/dist/pc/src/resource/default/780-439.png?_v=201906280941017d9', 'https://s1.ljcdn.com/matrix_lianjia_pc/dist/pc/src/resource/default/780-439.png?_v=201906280941017d9', 'https://s1.ljcdn.com/matrix_lianjia_pc/dist/pc/src/resource/default/780-439.png?_v=201906280941017d9']",14天前,随时入住,1年,随时可看,20/20层,有,暂无数据,民水,民电,有,暂无数据,"['近地铁', '精装', '随时看房']","['4号线(龙华线),7号线 - 福民', '402m', '7号线 - 皇岗村', '1049m']",22.531975,114.071186
https://sz.lianjia.com/zufang/SZ2286690374963699712.html,福田区,梅林,御锦公馆 1室0厅 东,5000元/月 ,租赁方式未知,1室0厅1卫,37㎡,朝东,"['https://image1.ljcdn.com/hdic-frame/7e10966d-393b-4347-9140-5dee8bcad48e.png.780x439.jpg', 'https://s1.ljcdn.com/matrix_lianjia_pc/dist/pc/src/resource/default/780-439.png?_v=201906280941017d9', 'https://s1.ljcdn.com/matrix_lianjia_pc/dist/pc/src/resource/default/780-439.png?_v=201906280941017d9', 'https://s1.ljcdn.com/matrix_lianjia_pc/dist/pc/src/resource/default/780-439.png?_v=201906280941017d9', 'https://s1.ljcdn.com/matrix_lianjia_pc/dist/pc/src/resource/default/780-439.png?_v=201906280941017d9', 'https://s1.ljcdn.com/matrix_lianjia_pc/dist/pc/src/resource/default/780-439.png?_v=201906280941017d9']",4天前,随时入住,暂无数据,暂无数据,低楼层/30层,有,暂无数据,商水,商电,有,暂无数据,"['近地铁', '新上']","['4号线(龙华线),9号线 - 上梅林', '172m', '9号线 - 梅村', '960m']",22.576731,114.064487
https://sz.lianjia.com/zufang/SZ2267998950726844416.html,龙华区,龙华中心,银泉花园 1室1厅 东,3400元/月 ,租赁方式未知,1室1厅1卫,45㎡,朝东,"['https://image1.ljcdn.com/440300-inspection/63fc93bd-834c-4ca3-b250-1bd55837f89c.jpg.780x439.jpg', 'https://s1.ljcdn.com/matrix_lianjia_pc/dist/pc/src/resource/default/780-439.png?_v=201906280941017d9', 'https://s1.ljcdn.com/matrix_lianjia_pc/dist/pc/src/resource/default/780-439.png?_v=201906280941017d9', 'https://s1.ljcdn.com/matrix_lianjia_pc/dist/pc/src/resource/default/780-439.png?_v=201906280941017d9', 'https://s1.ljcdn.com/matrix_lianjia_pc/dist/pc/src/resource/default/780-439.png?_v=201906280941017d9', 'https://s1.ljcdn.com/matrix_lianjia_pc/dist/pc/src/resource/default/780-439.png?_v=201906280941017d9']",1个月前,随时入住,暂无数据,需提前预约,低楼层/11层,有,暂无数据,民水,民电,有,暂无数据,['随时看房'],[],22.645676096316,114.03249920096
https://sz.lianjia.com/zufang/SZ2273090323901595648.html,龙岗区,布吉大芬,康达尔花园四期 3室2厅 东,5000元/月 ,租赁方式未知,3室2厅1卫,85㎡,朝东,"['https://image1.ljcdn.com/440300-inspection/6c062d4f-57b2-4642-a6c7-5dbf10f9067d.jpg.780x439.jpg', 'https://s1.ljcdn.com/matrix_lianjia_pc/dist/pc/src/resource/default/780-439.png?_v=201906280941017d9', 'https://s1.ljcdn.com/matrix_lianjia_pc/dist/pc/src/resource/default/780-439.png?_v=201906280941017d9', 'https://s1.ljcdn.com/matrix_lianjia_pc/dist/pc/src/resource/default/780-439.png?_v=201906280941017d9', 'https://s1.ljcdn.com/matrix_lianjia_pc/dist/pc/src/resource/default/780-439.png?_v=201906280941017d9', 'https://s1.ljcdn.com/matrix_lianjia_pc/dist/pc/src/resource/default/780-439.png?_v=201906280941017d9', 'https://s1.ljcdn.com/matrix_lianjia_pc/dist/pc/src/resource/default/780-439.png?_v=201906280941017d9', 'https://s1.ljcdn.com/matrix_lianjia_pc/dist/pc/src/resource/default/780-439.png?_v=201906280941017d9']",23天前,随时入住,暂无数据,需提前预约,低楼层/24层,有,暂无数据,民水,民电,有,暂无数据,['近地铁'],"['3号线(龙岗线) - 大芬', '284m']",22.622278,114.143423
https://sz.lianjia.com/apartment/6802.html,,,魔方公寓 · 深圳万众城店,"
魔方公寓 · 深圳万众城店

          2300元/月起

",,,,,"['https://image1.ljcdn.com/rent-house-1/068cab695e5a3b3b6e6c4ee2ff47271f-1552383343272/8d7145fa9636cf5008a2451df657d5e6.jpg.1150x.jpg', 'https://s1.ljcdn.com/matrix_lianjia_pc/dist/pc/src/resource/default/1150-450.png?_v=201906280941017d9', 'https://s1.ljcdn.com/matrix_lianjia_pc/dist/pc/src/resource/default/1150-450.png?_v=201906280941017d9', 'https://s1.ljcdn.com/matrix_lianjia_pc/dist/pc/src/resource/default/1150-450.png?_v=201906280941017d9', 'https://s1.ljcdn.com/matrix_lianjia_pc/dist/pc/src/resource/default/1150-450.png?_v=201906280941017d9', 'https://s1.ljcdn.com/matrix_lianjia_pc/dist/pc/src/resource/default/1150-450.png?_v=201906280941017d9', 'https://s1.ljcdn.com/matrix_lianjia_pc/dist/pc/src/resource/default/1150-450.png?_v=201906280941017d9', 'https://s1.ljcdn.com/matrix_lianjia_pc/dist/pc/src/resource/default/1150-450.png?_v=201906280941017d9']",,,,,,,,,,,,,[],22.639959,114.038099
https://sz.lianjia.com/zufang/SZ2280932195936256000.html,龙岗区,坂田,整租·佳华领汇广场king公馆 1室1厅 复式 东,4000元/月 (月付价),整租,1室1厅1卫,35㎡,朝东,"['https://image1.ljcdn.com/rent-user-avatar/20884e31-cc61-4318-beb0-1ccb48f2b549.780x439.jpg', 'https://s1.ljcdn.com/matrix_lianjia_pc/dist/pc/src/resource/default/780-439.png?_v=201906280941017d9', 'https://s1.ljcdn.com/matrix_lianjia_pc/dist/pc/src/resource/default/780-439.png?_v=201906280941017d9', 'https://s1.ljcdn.com/matrix_lianjia_pc/dist/pc/src/resource/default/780-439.png?_v=201906280941017d9', 'https://s1.ljcdn.com/matrix_lianjia_pc/dist/pc/src/resource/default/780-439.png?_v=201906280941017d9']",12天前,随时入住,6~12个月,随时可看,10/21层,暂无数据,暂无数据,商水,商电,有,暂无数据,"['公寓', '月租', '近地铁', '精装', '押一付一', '随时看房']","['5号线(环中线) - 五和', '602m']",22.638489,114.066196
https://sz.lianjia.com/zufang/SZ2266586456317501440.html,罗湖区,螺岭,缤纷时代家园 1室2厅 东,4200元/月 ,租赁方式未知,1室2厅1卫,37㎡,朝东,"['https://image1.ljcdn.com/440300-inspection/23599dad-9a7d-485e-b9ab-6568bb8add4c.jpg.780x439.jpg', 'https://s1.ljcdn.com/matrix_lianjia_pc/dist/pc/src/resource/default/780-439.png?_v=201906280941017d9', 'https://s1.ljcdn.com/matrix_lianjia_pc/dist/pc/src/resource/default/780-439.png?_v=201906280941017d9', 'https://s1.ljcdn.com/matrix_lianjia_pc/dist/pc/src/resource/default/780-439.png?_v=201906280941017d9', 'https://s1.ljcdn.com/matrix_lianjia_pc/dist/pc/src/resource/default/780-439.png?_v=201906280941017d9', 'https://s1.ljcdn.com/matrix_lianjia_pc/dist/pc/src/resource/default/780-439.png?_v=201906280941017d9', 'https://s1.ljcdn.com/matrix_lianjia_pc/dist/pc/src/resource/default/780-439.png?_v=201906280941017d9']",23天前,随时入住,暂无数据,需提前预约,低楼层/32层,有,暂无数据,民水,民电,有,暂无数据,"['近地铁', '随时看房']","['3号线(龙岗线) - 晒布', '296m', '3号线(龙岗线) - 翠竹', '865m', '2号线(蛇口线) - 湖贝', '1147m']",22.557711485701,114.13163679628
https://sz.lianjia.com/zufang/SZ2261558237264887808.html,福田区,梅林,海康大厦 1室0厅 东,4500元/月 ,租赁方式未知,1室0厅1卫,32㎡,朝东,"['http://vrlab-image.ljcdn.com/release/auto3dhd/d9b02f75284846dadd65d8d3d5307c01/screenshot/1553935457_1/pc0_Mp8lL9fot.jpg.q_70.jpg', 'https://s1.ljcdn.com/matrix_lianjia_pc/dist/pc/src/resource/default/780-439.png?_v=201906280941017d9', 'https://s1.ljcdn.com/matrix_lianjia_pc/dist/pc/src/resource/default/780-439.png?_v=201906280941017d9']",1个月前,随时入住,暂无数据,需提前预约,低楼层/31层,有,暂无数据,民水,民电,有,暂无数据,"['近地铁', '随时看房']","['4号线(龙华线),9号线 - 上梅林', '417m', '9号线 - 孖岭', '740m', '9号线 - 梅村', '763m', '4号线(龙华线) - 莲花北', '965m']",22.573689352747,114.06802245668
https://sz.lianjia.com/zufang/SZ2260007435764760576.html,龙岗区,布吉大芬,怡康家园 3室2厅 东,4500元/月 ,租赁方式未知,3室2厅1卫,71㎡,朝东,"['https://image1.ljcdn.com/440300-inspection/4d493580-9e01-4f28-be4f-64ac98e62542.jpg.780x439.jpg', 'https://s1.ljcdn.com/matrix_lianjia_pc/dist/pc/src/resource/default/780-439.png?_v=201906280941017d9', 'https://s1.ljcdn.com/matrix_lianjia_pc/dist/pc/src/resource/default/780-439.png?_v=201906280941017d9', 'https://s1.ljcdn.com/matrix_lianjia_pc/dist/pc/src/resource/default/780-439.png?_v=201906280941017d9', 'https://s1.ljcdn.com/matrix_lianjia_pc/dist/pc/src/resource/default/780-439.png?_v=201906280941017d9', 'https://s1.ljcdn.com/matrix_lianjia_pc/dist/pc/src/resource/default/780-439.png?_v=201906280941017d9', 'https://s1.ljcdn.com/matrix_lianjia_pc/dist/pc/src/resource/default/780-439.png?_v=201906280941017d9', 'https://s1.ljcdn.com/matrix_lianjia_pc/dist/pc/src/resource/default/780-439.png?_v=201906280941017d9', 'https://s1.ljcdn.com/matrix_lianjia_pc/dist/pc/src/resource/default/780-439.png?_v=201906280941017d9']",7天前,2019-07-01,暂无数据,只能周末看房,中楼层/30层,有,暂无数据,民水,民电,有,暂无数据,"['近地铁', '随时看房']","['3号线(龙岗线) - 大芬', '244m', '3号线(龙岗线) - 木棉湾', '1186m']",22.620278570176,114.14366220514
https://sz.lianjia.com/zufang/SZ2256420571346632704.html,福田区,新洲,整租·蜜园 1室1厅 东,4890元/月 (季付价),整租,1室1厅1卫,34㎡,朝东,"['https://image1.ljcdn.com/rent-house-1/636f69b83827f24f7723a443c68fdbb3-1561351636240/01774a7e6aabce3ebb9d5956d8f3af4b.jpg.780x439.jpg', 'https://s1.ljcdn.com/matrix_lianjia_pc/dist/pc/src/resource/default/780-439.png?_v=201906280941017d9', 'https://s1.ljcdn.com/matrix_lianjia_pc/dist/pc/src/resource/default/780-439.png?_v=201906280941017d9', 'https://s1.ljcdn.com/matrix_lianjia_pc/dist/pc/src/resource/default/780-439.png?_v=201906280941017d9', 'https://s1.ljcdn.com/matrix_lianjia_pc/dist/pc/src/resource/default/780-439.png?_v=201906280941017d9', 'https://s1.ljcdn.com/matrix_lianjia_pc/dist/pc/src/resource/default/780-439.png?_v=201906280941017d9', 'https://s1.ljcdn.com/matrix_lianjia_pc/dist/pc/src/resource/default/780-439.png?_v=201906280941017d9']",1个月前,随时入住,3~12个月,随时可看,15/33层,暂无数据,暂无数据,暂无数据,暂无数据,暂无数据,暂无数据,"['公寓', '月租', '近地铁', '随时看房']","['7号线 - 沙尾', '526m', '7号线 - 上沙', '886m']",22.52988,114.049916
https://sz.lianjia.com/zufang/SZ2282554070168780800.html,南山区,蛇口,整租·集悦城荔山公寓 1室1厅 复式 东/东南,3000元/月 (月付价),整租,1室1厅1卫,25㎡,朝东 东南,"['https://image1.ljcdn.com/rent-user-avatar/00542e65-093d-4291-a27b-22f2aba5885f.780x439.jpg', 'https://s1.ljcdn.com/matrix_lianjia_pc/dist/pc/src/resource/default/780-439.png?_v=201906280941017d9', 'https://s1.ljcdn.com/matrix_lianjia_pc/dist/pc/src/resource/default/780-439.png?_v=201906280941017d9', 'https://s1.ljcdn.com/matrix_lianjia_pc/dist/pc/src/resource/default/780-439.png?_v=201906280941017d9', 'https://s1.ljcdn.com/matrix_lianjia_pc/dist/pc/src/resource/default/780-439.png?_v=201906280941017d9', 'https://s1.ljcdn.com/matrix_lianjia_pc/dist/pc/src/resource/default/780-439.png?_v=201906280941017d9', 'https://s1.ljcdn.com/matrix_lianjia_pc/dist/pc/src/resource/default/780-439.png?_v=201906280941017d9', 'https://s1.ljcdn.com/matrix_lianjia_pc/dist/pc/src/resource/default/780-439.png?_v=201906280941017d9']",10天前,随时入住,6~12个月,随时可看,1/4层,暂无数据,暂无数据,暂无数据,暂无数据,暂无数据,暂无数据,"['公寓', '月租', '精装', '随时看房']",[],22.497171,113.899866
https://sz.lianjia.com/zufang/SZ2272235047626997760.html,宝安区,新安,西城品阁 1室0厅 东,3300元/月 ,租赁方式未知,1室0厅1卫,36㎡,朝东,"['https://image1.ljcdn.com/hdic-frame/e9f0d622-e802-446a-ac03-ed7a4cd2cd02.png.780x439.jpg', 'https://s1.ljcdn.com/matrix_lianjia_pc/dist/pc/src/resource/default/780-439.png?_v=201906280941017d9', 'https://s1.ljcdn.com/matrix_lianjia_pc/dist/pc/src/resource/default/780-439.png?_v=201906280941017d9', 'https://s1.ljcdn.com/matrix_lianjia_pc/dist/pc/src/resource/default/780-439.png?_v=201906280941017d9', 'https://s1.ljcdn.com/matrix_lianjia_pc/dist/pc/src/resource/default/780-439.png?_v=201906280941017d9', 'https://s1.ljcdn.com/matrix_lianjia_pc/dist/pc/src/resource/default/780-439.png?_v=201906280941017d9']",22天前,2019-07-01,暂无数据,需提前预约,中楼层/8层,有,暂无数据,民水,民电,有,暂无数据,['随时看房'],[],22.583205,113.899273
https://sz.lianjia.com/zufang/SZ2242714252215590912.html,罗湖区,莲塘,名骏豪庭 2室1厅 东,5000元/月 ,租赁方式未知,2室1厅1卫,70㎡,朝东,"['https://image1.ljcdn.com/440300-inspection/82b576b6-e1f5-4ef6-81bc-e9d9726b6905.jpg.780x439.jpg', 'https://s1.ljcdn.com/matrix_lianjia_pc/dist/pc/src/resource/default/780-439.png?_v=201906280941017d9', 'https://s1.ljcdn.com/matrix_lianjia_pc/dist/pc/src/resource/default/780-439.png?_v=201906280941017d9', 'https://s1.ljcdn.com/matrix_lianjia_pc/dist/pc/src/resource/default/780-439.png?_v=201906280941017d9', 'https://s1.ljcdn.com/matrix_lianjia_pc/dist/pc/src/resource/default/780-439.png?_v=201906280941017d9', 'https://s1.ljcdn.com/matrix_lianjia_pc/dist/pc/src/resource/default/780-439.png?_v=201906280941017d9', 'https://s1.ljcdn.com/matrix_lianjia_pc/dist/pc/src/resource/default/780-439.png?_v=201906280941017d9', 'https://s1.ljcdn.com/matrix_lianjia_pc/dist/pc/src/resource/default/780-439.png?_v=201906280941017d9']",17天前,随时入住,暂无数据,需提前预约,中楼层/28层,有,暂无数据,民水,民电,有,暂无数据,['随时看房'],[],22.564981451872,114.17874017756
https://sz.lianjia.com/zufang/SZ2262173781684658176.html,南山区,后海,后海名苑居北区 1室1厅 东,4200元/月 ,租赁方式未知,1室1厅1卫,33㎡,朝东,"['https://image1.ljcdn.com/440300-inspection/a3762c5e-da18-4a20-a499-368b946ccefc.jpg.780x439.jpg', 'https://s1.ljcdn.com/matrix_lianjia_pc/dist/pc/src/resource/default/780-439.png?_v=201906280941017d9', 'https://s1.ljcdn.com/matrix_lianjia_pc/dist/pc/src/resource/default/780-439.png?_v=201906280941017d9', 'https://s1.ljcdn.com/matrix_lianjia_pc/dist/pc/src/resource/default/780-439.png?_v=201906280941017d9']",1个月前,随时入住,暂无数据,需提前预约,中楼层/7层,无,暂无数据,民水,民电,有,暂无数据,"['近地铁', '随时看房']","['2号线(蛇口线) - 登良', '682m']",22.517180553111,113.93865767212
https://sz.lianjia.com/zufang/SZ2246131379492356096.html,福田区,八卦岭,整租·八卦岭宿舍 1室1厅 东,3990元/月 (季付价),整租,1室1厅1卫,50㎡,朝东,"['https://image1.ljcdn.com/rent-house-1/636f69b83827f24f7723a443c68fdbb3-1561203170033/1245c18c34a987f0e93de8b2c692aaa1.jpg.780x439.jpg', 'https://s1.ljcdn.com/matrix_lianjia_pc/dist/pc/src/resource/default/780-439.png?_v=201906280941017d9', 'https://s1.ljcdn.com/matrix_lianjia_pc/dist/pc/src/resource/default/780-439.png?_v=201906280941017d9', 'https://s1.ljcdn.com/matrix_lianjia_pc/dist/pc/src/resource/default/780-439.png?_v=201906280941017d9', 'https://s1.ljcdn.com/matrix_lianjia_pc/dist/pc/src/resource/default/780-439.png?_v=201906280941017d9', 'https://s1.ljcdn.com/matrix_lianjia_pc/dist/pc/src/resource/default/780-439.png?_v=201906280941017d9', 'https://s1.ljcdn.com/matrix_lianjia_pc/dist/pc/src/resource/default/780-439.png?_v=201906280941017d9']",2个月前,随时入住,1年,随时可看,6/8层,暂无数据,暂无数据,暂无数据,暂无数据,暂无数据,暂无数据,"['公寓', '近地铁', '随时看房']","['7号线,9号线 - 红岭北', '172m', '9号线 - 园岭', '470m', '7号线 - 八卦岭', '609m', '7号线 - 笋岗', '764m', '9号线 - 泥岗', '986m']",22.566662199503,114.10796306524
https://sz.lianjia.com/apartment/13957.html,,,金地草莓公寓 · 西乡海湾家1号楼,"
金地草莓公寓 · 西乡海湾家1号楼

          1986元/月起

",,,,,"['https://image1.ljcdn.com/rent-user-avatar/cbac6ab2-310c-409d-8cb6-1d22c54b8dd0.1150x.jpg', 'https://s1.ljcdn.com/matrix_lianjia_pc/dist/pc/src/resource/default/1150-450.png?_v=201906280941017d9', 'https://s1.ljcdn.com/matrix_lianjia_pc/dist/pc/src/resource/default/1150-450.png?_v=201906280941017d9', 'https://s1.ljcdn.com/matrix_lianjia_pc/dist/pc/src/resource/default/1150-450.png?_v=201906280941017d9', 'https://s1.ljcdn.com/matrix_lianjia_pc/dist/pc/src/resource/default/1150-450.png?_v=201906280941017d9', 'https://s1.ljcdn.com/matrix_lianjia_pc/dist/pc/src/resource/default/1150-450.png?_v=201906280941017d9']",,,,,,,,,,,,,[],22.585876,113.866058
https://sz.lianjia.com/zufang/SZ2273779177574637568.html,罗湖区,螺岭,金城华庭 1室1厅 东,4300元/月 ,租赁方式未知,1室1厅1卫,39㎡,朝东,"['http://vrlab-image.ljcdn.com/release/auto3dhd/4805985e099f21c5ebfd8a3e1e8ae856/screenshot/1559288364_0/pc0_osKrFLu5N.jpg.q_70.jpg', 'https://s1.ljcdn.com/matrix_lianjia_pc/dist/pc/src/resource/default/780-439.png?_v=201906280941017d9', 'https://s1.ljcdn.com/matrix_lianjia_pc/dist/pc/src/resource/default/780-439.png?_v=201906280941017d9', 'https://s1.ljcdn.com/matrix_lianjia_pc/dist/pc/src/resource/default/780-439.png?_v=201906280941017d9']",22天前,随时入住,暂无数据,需提前预约,高楼层/24层,有,暂无数据,民水,民电,无,暂无数据,"['近地铁', '随时看房']","['2号线(蛇口线),5号线(环中线) - 黄贝岭', '498m', '9号线 - 文锦', '825m', '5号线(环中线) - 怡景', '1008m', '3号线(龙岗线) - 翠竹', '1014m', '2号线(蛇口线) - 湖贝', '1027m', '3号线(龙岗线) - 晒布', '1135m']",22.555512338618,114.14032816351
https://sz.lianjia.com/zufang/SZ2251342944273973248.html,龙岗区,龙岗中心城,东方明珠城 2室2厅 东,3800元/月 ,租赁方式未知,2室2厅1卫,73㎡,朝东,"['https://image1.ljcdn.com/440300-inspection/0d56da80-ce9b-4952-95ab-9c9e07d023f2.jpg.780x439.jpg', 'https://s1.ljcdn.com/matrix_lianjia_pc/dist/pc/src/resource/default/780-439.png?_v=201906280941017d9', 'https://s1.ljcdn.com/matrix_lianjia_pc/dist/pc/src/resource/default/780-439.png?_v=201906280941017d9', 'https://s1.ljcdn.com/matrix_lianjia_pc/dist/pc/src/resource/default/780-439.png?_v=201906280941017d9', 'https://s1.ljcdn.com/matrix_lianjia_pc/dist/pc/src/resource/default/780-439.png?_v=201906280941017d9', 'https://s1.ljcdn.com/matrix_lianjia_pc/dist/pc/src/resource/default/780-439.png?_v=201906280941017d9', 'https://s1.ljcdn.com/matrix_lianjia_pc/dist/pc/src/resource/default/780-439.png?_v=201906280941017d9', 'https://s1.ljcdn.com/matrix_lianjia_pc/dist/pc/src/resource/default/780-439.png?_v=201906280941017d9', 'https://s1.ljcdn.com/matrix_lianjia_pc/dist/pc/src/resource/default/780-439.png?_v=201906280941017d9', 'https://s1.ljcdn.com/matrix_lianjia_pc/dist/pc/src/resource/default/780-439.png?_v=201906280941017d9']",1个月前,随时入住,暂无数据,需提前预约,低楼层/32层,有,暂无数据,民水,民电,无,暂无数据,['近地铁'],"['3号线(龙岗线) - 龙城广场', '179m']",22.72516903961,114.26058199785
https://sz.lianjia.com/zufang/SZ2284126920998395904.html,宝安区,福永,整租·福永政永楼 3室1厅 东,3800元/月 ,整租,3室1厅1卫,86㎡,朝东,"['https://image1.ljcdn.com/440300-inspection/5395aa2f-2fc3-4eb5-ad9b-182a92432c09.jpg.780x439.jpg', 'https://s1.ljcdn.com/matrix_lianjia_pc/dist/pc/src/resource/default/780-439.png?_v=201906280941017d9', 'https://s1.ljcdn.com/matrix_lianjia_pc/dist/pc/src/resource/default/780-439.png?_v=201906280941017d9', 'https://s1.ljcdn.com/matrix_lianjia_pc/dist/pc/src/resource/default/780-439.png?_v=201906280941017d9', 'https://s1.ljcdn.com/matrix_lianjia_pc/dist/pc/src/resource/default/780-439.png?_v=201906280941017d9', 'https://s1.ljcdn.com/matrix_lianjia_pc/dist/pc/src/resource/default/780-439.png?_v=201906280941017d9', 'https://s1.ljcdn.com/matrix_lianjia_pc/dist/pc/src/resource/default/780-439.png?_v=201906280941017d9', 'https://s1.ljcdn.com/matrix_lianjia_pc/dist/pc/src/resource/default/780-439.png?_v=201906280941017d9', 'https://s1.ljcdn.com/matrix_lianjia_pc/dist/pc/src/resource/default/780-439.png?_v=201906280941017d9']",6天前,2019-07-01,1年以内,需提前预约,高楼层/8层,有,租用车位,民水,民电,有,暂无数据,['新上'],[],22.676626796459,113.82628607312
https://sz.lianjia.com/zufang/SZ2251332003331055616.html,龙岗区,龙岗中心城,远洋新天地 3室2厅 东/南,4500元/月 ,租赁方式未知,3室2厅1卫,90㎡,朝东 南,"['http://vrlab-image.ljcdn.com/release/auto3dhd/bf26b81f750453156f26a39c661ae78b/screenshot/1558587092_0/pc0_G2X6DGtNy.jpg.q_70.jpg', 'https://s1.ljcdn.com/matrix_lianjia_pc/dist/pc/src/resource/default/780-439.png?_v=201906280941017d9', 'https://s1.ljcdn.com/matrix_lianjia_pc/dist/pc/src/resource/default/780-439.png?_v=201906280941017d9', 'https://s1.ljcdn.com/matrix_lianjia_pc/dist/pc/src/resource/default/780-439.png?_v=201906280941017d9', 'https://s1.ljcdn.com/matrix_lianjia_pc/dist/pc/src/resource/default/780-439.png?_v=201906280941017d9', 'https://s1.ljcdn.com/matrix_lianjia_pc/dist/pc/src/resource/default/780-439.png?_v=201906280941017d9']",1个月前,随时入住,暂无数据,需提前预约,低楼层/40层,有,暂无数据,民水,民电,暂无数据,暂无数据,['随时看房'],[],22.73554,114.265138
