房源地址,行政区,位置,标题,租金,租赁方式,户型,面积,朝向,图片列表,发布时间,入住时间,租期,看房时间,楼层,电梯,车位,用水,用电,燃气,采暖,标签,station,latitude,longtitude
https://sz.lianjia.com/zufang/SZ2164304895879430144.html,福田区,华强南,整租·桐林公寓 1室1厅 东,4190元/月 (季付价),整租,1室1厅1卫,19㎡,朝东,"['https://image1.ljcdn.com/rent-house-1/636f69b83827f24f7723a443c68fdbb3-1560829902293/0036981ef54d2efa0896f420cd9e40f9.jpg.780x439.jpg', 'https://s1.ljcdn.com/matrix_lianjia_pc/dist/pc/src/resource/default/780-439.png?_v=201906280941017d9', 'https://s1.ljcdn.com/matrix_lianjia_pc/dist/pc/src/resource/default/780-439.png?_v=201906280941017d9', 'https://s1.ljcdn.com/matrix_lianjia_pc/dist/pc/src/resource/default/780-439.png?_v=201906280941017d9', 'https://s1.ljcdn.com/matrix_lianjia_pc/dist/pc/src/resource/default/780-439.png?_v=201906280941017d9', 'https://s1.ljcdn.com/matrix_lianjia_pc/dist/pc/src/resource/default/780-439.png?_v=201906280941017d9']",5个月前,随时入住,3~12个月,随时可看,21/29层,暂无数据,暂无数据,暂无数据,暂无数据,暂无数据,暂无数据,"['公寓', '月租', '近地铁', '随时看房']","['7号线 - 赤尾', '646m']",22.538115,114.085263
https://sz.lianjia.com/apartment/7573.html,,,职业房东 · 名仕公寓,"
职业房东 · 名仕公寓

          1280元/月起

",,,,,"['https://image1.ljcdn.com/rent-user-avatar/0fef54c6-f0de-4eb4-b112-d13213326b1b.1150x.jpg', 'https://s1.ljcdn.com/matrix_lianjia_pc/dist/pc/src/resource/default/1150-450.png?_v=201906280941017d9', 'https://s1.ljcdn.com/matrix_lianjia_pc/dist/pc/src/resource/default/1150-450.png?_v=201906280941017d9', 'https://s1.ljcdn.com/matrix_lianjia_pc/dist/pc/src/resource/default/1150-450.png?_v=201906280941017d9', 'https://s1.ljcdn.com/matrix_lianjia_pc/dist/pc/src/resource/default/1150-450.png?_v=201906280941017d9', 'https://s1.ljcdn.com/matrix_lianjia_pc/dist/pc/src/resource/default/1150-450.png?_v=201906280941017d9']",,,,,,,,,,,,,[],22.604341,113.853176
https://sz.lianjia.com/zufang/SZ2285258617223651328.html,罗湖区,螺岭,整租·京基东方华都 1室1厅 东,4890元/月 (季付价),整租,1室1厅1卫,41㎡,朝东,"['https://image1.ljcdn.com/rent-house-1/636f69b83827f24f7723a443c68fdbb3-1561212754544/cf57fa0b1b5c2d5a0f488c144203aedd.jpg.780x439.jpg', 'https://s1.ljcdn.com/matrix_lianjia_pc/dist/pc/src/resource/default/780-439.png?_v=201906280941017d9', 'https://s1.ljcdn.com/matrix_lianjia_pc/dist/pc/src/resource/default/780-439.png?_v=201906280941017d9', 'https://s1.ljcdn.com/matrix_lianjia_pc/dist/pc/src/resource/default/780-439.png?_v=201906280941017d9', 'https://s1.ljcdn.com/matrix_lianjia_pc/dist/pc/src/resource/default/780-439.png?_v=201906280941017d9', 'https://s1.ljcdn.com/matrix_lianjia_pc/dist/pc/src/resource/default/780-439.png?_v=201906280941017d9', 'https://s1.ljcdn.com/matrix_lianjia_pc/dist/pc/src/resource/default/780-439.png?_v=201906280941017d9', 'https://s1.ljcdn.com/matrix_lianjia_pc/dist/pc/src/resource/default/780-439.png?_v=201906280941017d9', 'https://s1.ljcdn.com/matrix_lianjia_pc/dist/pc/src/resource/default/780-439.png?_v=201906280941017d9']",6天前,随时入住,1年,随时可看,22/32层,暂无数据,暂无数据,暂无数据,暂无数据,暂无数据,暂无数据,"['公寓', '近地铁', '新上', '随时看房']","['3号线(龙岗线) - 晒布', '765m', '3号线(龙岗线) - 翠竹', '801m', '9号线 - 文锦', '1014m', '2号线(蛇口线) - 湖贝', '1106m']",22.557678768925,114.13591220381
https://sz.lianjia.com/zufang/SZ2281652596949123072.html,福田区,石厦,整租·石厦村 1室0厅 东,4000元/月 (月付价),整租,1室0厅1卫,25㎡,朝东,"['https://image1.ljcdn.com/rent-user-avatar/0a390f1c-4170-4645-a3ef-df1da159bb2d.780x439.jpg', 'https://s1.ljcdn.com/matrix_lianjia_pc/dist/pc/src/resource/default/780-439.png?_v=201906280941017d9', 'https://s1.ljcdn.com/matrix_lianjia_pc/dist/pc/src/resource/default/780-439.png?_v=201906280941017d9', 'https://s1.ljcdn.com/matrix_lianjia_pc/dist/pc/src/resource/default/780-439.png?_v=201906280941017d9', 'https://s1.ljcdn.com/matrix_lianjia_pc/dist/pc/src/resource/default/780-439.png?_v=201906280941017d9', 'https://s1.ljcdn.com/matrix_lianjia_pc/dist/pc/src/resource/default/780-439.png?_v=201906280941017d9', 'https://s1.ljcdn.com/matrix_lianjia_pc/dist/pc/src/resource/default/780-439.png?_v=201906280941017d9']",11天前,随时入住,1年,需提前预约,2/6层,暂无数据,暂无数据,暂无数据,暂无数据,暂无数据,暂无数据,"['公寓', '精装']",[],22.527451,114.056288
https://sz.lianjia.com/apartment/626.html,,,集悦城@塘朗总店 · B9栋,"
集悦城@塘朗总店 · B9栋

          1700元/月起

",,,,,"['https://image1.ljcdn.com/rent-user-avatar/daa7287d-abeb-4a4c-a851-06daa753402f.1150x.jpg', 'https://s1.ljcdn.com/matrix_lianjia_pc/dist/pc/src/resource/default/1150-450.png?_v=201906280941017d9', 'https://s1.ljcdn.com/matrix_lianjia_pc/dist/pc/src/resource/default/1150-450.png?_v=201906280941017d9', 'https://s1.ljcdn.com/matrix_lianjia_pc/dist/pc/src/resource/default/1150-450.png?_v=201906280941017d9', 'https://s1.ljcdn.com/matrix_lianjia_pc/dist/pc/src/resource/default/1150-450.png?_v=201906280941017d9', 'https://s1.ljcdn.com/matrix_lianjia_pc/dist/pc/src/resource/default/1150-450.png?_v=201906280941017d9', 'https://s1.ljcdn.com/matrix_lianjia_pc/dist/pc/src/resource/default/1150-450.png?_v=201906280941017d9', 'https://s1.ljcdn.com/matrix_lianjia_pc/dist/pc/src/resource/default/1150-450.png?_v=201906280941017d9', 'https://s1.ljcdn.com/matrix_lianjia_pc/dist/pc/src/resource/default/1150-450.png?_v=201906280941017d9', 'https://s1.ljcdn.com/matrix_lianjia_pc/dist/pc/src/resource/default/1150-450.png?_v=201906280941017d9', 'https://s1.ljcdn.com/matrix_lianjia_pc/dist/pc/src/resource/default/1150-450.png?_v=201906280941017d9', 'https://s1.ljcdn.com/matrix_lianjia_pc/dist/pc/src/resource/default/1150-450.png?_v=201906280941017d9', 'https://s1.ljcdn.com/matrix_lianjia_pc/dist/pc/src/resource/default/1150-450.png?_v=201906280941017d9', 'https://s1.ljcdn.com/matrix_lianjia_pc/dist/pc/src/resource/default/1150-450.png?_v=201906280941017d9']",,,,,,,,,,,,,[],22.593965,113.991743
https://sz.lianjia.com/zufang/SZ2272479660904284160.html,宝安区,宝安中心,合租·金泓凯旋城一期 4居室 东卧,3590元/月 (季付价),合租,4室1厅2卫,17㎡,朝东,"['https://image1.ljcdn.com/rent-house-1/636f69b83827f24f7723a443c68fdbb3-1561352751784/6ad0f5a33bc87e648e5337b3682501a2.jpg.780x439.jpg', 'https://s1.ljcdn.com/matrix_lianjia_pc/dist/pc/src/resource/default/780-439.png?_v=201906280941017d9', 'https://s1.ljcdn.com/matrix_lianjia_pc/dist/pc/src/resource/default/780-439.png?_v=201906280941017d9', 'https://s1.ljcdn.com/matrix_lianjia_pc/dist/pc/src/resource/default/780-439.png?_v=201906280941017d9', 'https://s1.ljcdn.com/matrix_lianjia_pc/dist/pc/src/resource/default/780-439.png?_v=201906280941017d9', 'https://s1.ljcdn.com/matrix_lianjia_pc/dist/pc/src/resource/default/780-439.png?_v=201906280941017d9', 'https://s1.ljcdn.com/matrix_lianjia_pc/dist/pc/src/resource/default/780-439.png?_v=201906280941017d9', 'https://s1.ljcdn.com/matrix_lianjia_pc/dist/pc/src/resource/default/780-439.png?_v=201906280941017d9', 'https://s1.ljcdn.com/matrix_lianjia_pc/dist/pc/src/resource/default/780-439.png?_v=201906280941017d9']",24天前,随时入住,3~12个月,随时可看,17/23层,暂无数据,暂无数据,暂无数据,暂无数据,暂无数据,暂无数据,"['公寓', '独立卫生间', '月租', '近地铁', '独立阳台', '随时看房']","['1号线(罗宝线) - 新安', '350m']",22.553384740388,113.90530633921
https://sz.lianjia.com/zufang/SZ2085302173897867264.html,南山区,华侨城,合租·锦绣花园一期 4居室 东卧,3390元/月 (季付价),合租,4室1厅2卫,15㎡,朝东,"['https://image1.ljcdn.com/rent-house-1/636f69b83827f24f7723a443c68fdbb3-1561200612302/a7a34c4f7b8dce01d69278ae20d2493d.jpg.780x439.jpg', 'https://s1.ljcdn.com/matrix_lianjia_pc/dist/pc/src/resource/default/780-439.png?_v=201906280941017d9', 'https://s1.ljcdn.com/matrix_lianjia_pc/dist/pc/src/resource/default/780-439.png?_v=201906280941017d9', 'https://s1.ljcdn.com/matrix_lianjia_pc/dist/pc/src/resource/default/780-439.png?_v=201906280941017d9', 'https://s1.ljcdn.com/matrix_lianjia_pc/dist/pc/src/resource/default/780-439.png?_v=201906280941017d9', 'https://s1.ljcdn.com/matrix_lianjia_pc/dist/pc/src/resource/default/780-439.png?_v=201906280941017d9', 'https://s1.ljcdn.com/matrix_lianjia_pc/dist/pc/src/resource/default/780-439.png?_v=201906280941017d9', 'https://s1.ljcdn.com/matrix_lianjia_pc/dist/pc/src/resource/default/780-439.png?_v=201906280941017d9']",9个月前,随时入住,1年,随时可看,19/33层,暂无数据,暂无数据,暂无数据,暂无数据,暂无数据,暂无数据,"['公寓', '近地铁', '独立阳台', '随时看房']","['1号线(罗宝线) - 侨城东', '391m', '1号线(罗宝线) - 华侨城', '1165m']",22.540831210075,114.00171293774
https://sz.lianjia.com/zufang/SZ2118559769014321152.html,罗湖区,黄贝岭,整租·新天地名居 1室1厅 东,4830元/月 (季付价),整租,1室1厅1卫,39㎡,朝东,"['https://image1.ljcdn.com/rent-house-1/636f69b83827f24f7723a443c68fdbb3-1561109994325/4969bcba8f2e7fece8c47a18f55b69fd.jpg.780x439.jpg', 'https://s1.ljcdn.com/matrix_lianjia_pc/dist/pc/src/resource/default/780-439.png?_v=201906280941017d9', 'https://s1.ljcdn.com/matrix_lianjia_pc/dist/pc/src/resource/default/780-439.png?_v=201906280941017d9', 'https://s1.ljcdn.com/matrix_lianjia_pc/dist/pc/src/resource/default/780-439.png?_v=201906280941017d9', 'https://s1.ljcdn.com/matrix_lianjia_pc/dist/pc/src/resource/default/780-439.png?_v=201906280941017d9', 'https://s1.ljcdn.com/matrix_lianjia_pc/dist/pc/src/resource/default/780-439.png?_v=201906280941017d9', 'https://s1.ljcdn.com/matrix_lianjia_pc/dist/pc/src/resource/default/780-439.png?_v=201906280941017d9']",7个月前,随时入住,1年,随时可看,10/31层,暂无数据,暂无数据,暂无数据,暂无数据,暂无数据,暂无数据,"['公寓', '近地铁', '随时看房']","['2号线(蛇口线),5号线(环中线) - 黄贝岭', '291m', '9号线 - 文锦', '377m', '2号线(蛇口线) - 湖贝', '809m', '9号线 - 向西村', '973m']",22.550579256152,114.14065166716
https://sz.lianjia.com/zufang/SZ2246128324478763008.html,福田区,八卦岭,整租·城市主场 1室1厅 东,4790元/月 (季付价),整租,1室1厅1卫,35㎡,朝东,"['https://image1.ljcdn.com/rent-house-1/636f69b83827f24f7723a443c68fdbb3-1561202362021/11820198fcb27697fa37137bef1bb897.jpg.780x439.jpg', 'https://s1.ljcdn.com/matrix_lianjia_pc/dist/pc/src/resource/default/780-439.png?_v=201906280941017d9', 'https://s1.ljcdn.com/matrix_lianjia_pc/dist/pc/src/resource/default/780-439.png?_v=201906280941017d9', 'https://s1.ljcdn.com/matrix_lianjia_pc/dist/pc/src/resource/default/780-439.png?_v=201906280941017d9', 'https://s1.ljcdn.com/matrix_lianjia_pc/dist/pc/src/resource/default/780-439.png?_v=201906280941017d9', 'https://s1.ljcdn.com/matrix_lianjia_pc/dist/pc/src/resource/default/780-439.png?_v=201906280941017d9', 'https://s1.ljcdn.com/matrix_lianjia_pc/dist/pc/src/resource/default/780-439.png?_v=201906280941017d9', 'https://s1.ljcdn.com/matrix_lianjia_pc/dist/pc/src/resource/default/780-439.png?_v=201906280941017d9']",2个月前,随时入住,1年,随时可看,13/33层,暂无数据,暂无数据,暂无数据,暂无数据,暂无数据,暂无数据,"['公寓', '近地铁', '随时看房']","['7号线 - 八卦岭', '403m', '9号线 - 园岭', '1018m', '3号线(龙岗线) - 通新岭', '1127m']",22.564206158589,114.10237700279
https://sz.lianjia.com/zufang/SZ2285926024422096896.html,福田区,石厦,整租·石厦村 1室0厅 东,3100元/月 (月付价),整租,1室0厅1卫,15㎡,朝东,"['https://image1.ljcdn.com/rent-user-avatar/173759e7-68d1-4716-8040-2055a2a2d737.780x439.jpg', 'https://s1.ljcdn.com/matrix_lianjia_pc/dist/pc/src/resource/default/780-439.png?_v=201906280941017d9', 'https://s1.ljcdn.com/matrix_lianjia_pc/dist/pc/src/resource/default/780-439.png?_v=201906280941017d9', 'https://s1.ljcdn.com/matrix_lianjia_pc/dist/pc/src/resource/default/780-439.png?_v=201906280941017d9', 'https://s1.ljcdn.com/matrix_lianjia_pc/dist/pc/src/resource/default/780-439.png?_v=201906280941017d9']",6天前,随时入住,1年,需提前预约,5/6层,暂无数据,暂无数据,暂无数据,暂无数据,暂无数据,暂无数据,"['公寓', '精装', '新上']",[],22.528059,114.056213
https://sz.lianjia.com/apartment/17215.html,,,柚米国际社区 · 八卦岭店,"
柚米国际社区 · 八卦岭店

          4000元/月起

",,,,,"['https://image1.ljcdn.com/rent-user-avatar/a04e7c62-f101-42c7-b839-707b7745a2db.1150x.jpg', 'https://s1.ljcdn.com/matrix_lianjia_pc/dist/pc/src/resource/default/1150-450.png?_v=201906280941017d9', 'https://s1.ljcdn.com/matrix_lianjia_pc/dist/pc/src/resource/default/1150-450.png?_v=201906280941017d9', 'https://s1.ljcdn.com/matrix_lianjia_pc/dist/pc/src/resource/default/1150-450.png?_v=201906280941017d9', 'https://s1.ljcdn.com/matrix_lianjia_pc/dist/pc/src/resource/default/1150-450.png?_v=201906280941017d9', 'https://s1.ljcdn.com/matrix_lianjia_pc/dist/pc/src/resource/default/1150-450.png?_v=201906280941017d9', 'https://s1.ljcdn.com/matrix_lianjia_pc/dist/pc/src/resource/default/1150-450.png?_v=201906280941017d9', 'https://s1.ljcdn.com/matrix_lianjia_pc/dist/pc/src/resource/default/1150-450.png?_v=201906280941017d9', 'https://s1.ljcdn.com/matrix_lianjia_pc/dist/pc/src/resource/default/1150-450.png?_v=201906280941017d9', 'https://s1.ljcdn.com/matrix_lianjia_pc/dist/pc/src/resource/default/1150-450.png?_v=201906280941017d9']",,,,,,,,,,,,,[],22.564266,114.107711
https://sz.lianjia.com/zufang/SZ2085246158665687040.html,龙岗区,布吉关,整租·理想家园 2室1厅 东,4990元/月 (季付价),整租,2室1厅1卫,57㎡,朝东,"['https://image1.ljcdn.com/rent-house-1/636f69b83827f24f7723a443c68fdbb3-1561172176755/dbc83f66ea528e271fb84f06798144ca.jpg.780x439.jpg', 'https://s1.ljcdn.com/matrix_lianjia_pc/dist/pc/src/resource/default/780-439.png?_v=201906280941017d9', 'https://s1.ljcdn.com/matrix_lianjia_pc/dist/pc/src/resource/default/780-439.png?_v=201906280941017d9', 'https://s1.ljcdn.com/matrix_lianjia_pc/dist/pc/src/resource/default/780-439.png?_v=201906280941017d9', 'https://s1.ljcdn.com/matrix_lianjia_pc/dist/pc/src/resource/default/780-439.png?_v=201906280941017d9', 'https://s1.ljcdn.com/matrix_lianjia_pc/dist/pc/src/resource/default/780-439.png?_v=201906280941017d9']",9个月前,随时入住,3~12个月,随时可看,8/11层,暂无数据,暂无数据,暂无数据,暂无数据,暂无数据,暂无数据,"['公寓', '月租', '近地铁', '随时看房']","['5号线(环中线) - 百鸽笼', '964m']",22.59601,114.133627
https://sz.lianjia.com/zufang/SZ2065112570956103680.html,龙岗区,龙岗中心城,整租·东方明珠城 2室1厅 东,3830元/月 (季付价),整租,2室1厅1卫,70㎡,朝东,"['https://image1.ljcdn.com/rent-house-1/636f69b83827f24f7723a443c68fdbb3-1561364501315/ca282e8bd5c54843255ccf1f6e90d02f.jpg.780x439.jpg', 'https://s1.ljcdn.com/matrix_lianjia_pc/dist/pc/src/resource/default/780-439.png?_v=201906280941017d9', 'https://s1.ljcdn.com/matrix_lianjia_pc/dist/pc/src/resource/default/780-439.png?_v=201906280941017d9', 'https://s1.ljcdn.com/matrix_lianjia_pc/dist/pc/src/resource/default/780-439.png?_v=201906280941017d9', 'https://s1.ljcdn.com/matrix_lianjia_pc/dist/pc/src/resource/default/780-439.png?_v=201906280941017d9', 'https://s1.ljcdn.com/matrix_lianjia_pc/dist/pc/src/resource/default/780-439.png?_v=201906280941017d9', 'https://s1.ljcdn.com/matrix_lianjia_pc/dist/pc/src/resource/default/780-439.png?_v=201906280941017d9']",10个月前,随时入住,1年,随时可看,26/32层,暂无数据,暂无数据,暂无数据,暂无数据,暂无数据,暂无数据,"['公寓', '近地铁', '随时看房']","['3号线(龙岗线) - 龙城广场', '179m']",22.72516903961,114.26058199785
https://sz.lianjia.com/zufang/SZ2279545787346599936.html,福田区,皇岗,整租·华明楼 1室0厅 东,3000元/月 (月付价),整租,1室0厅1卫,23㎡,朝 东,"['https://image1.ljcdn.com/rent-user-avatar/49253af1-be2b-459e-aefc-4f3a1ecbdf68.780x439.jpg', 'https://s1.ljcdn.com/matrix_lianjia_pc/dist/pc/src/resource/default/780-439.png?_v=201906280941017d9', 'https://s1.ljcdn.com/matrix_lianjia_pc/dist/pc/src/resource/default/780-439.png?_v=201906280941017d9', 'https://s1.ljcdn.com/matrix_lianjia_pc/dist/pc/src/resource/default/780-439.png?_v=201906280941017d9']",14天前,随时入住,1年,随时可看,3/20层,有,暂无数据,民水,民电,有,暂无数据,"['近地铁', '精装', '随时看房']","['4号线(龙华线),7号线 - 福民', '662m']",22.532662451839,114.0725599607
https://sz.lianjia.com/apartment/15947.html,,,碧家国际社区 · 龙华地铁二店,"
碧家国际社区 · 龙华地铁二店

          2380元/月起

",,,,,"['https://image1.ljcdn.com/rent-user-avatar/847b9b34-ad3f-4366-a2cb-be61e7bc3aab.1150x.jpg', 'https://s1.ljcdn.com/matrix_lianjia_pc/dist/pc/src/resource/default/1150-450.png?_v=201906280941017d9', 'https://s1.ljcdn.com/matrix_lianjia_pc/dist/pc/src/resource/default/1150-450.png?_v=201906280941017d9', 'https://s1.ljcdn.com/matrix_lianjia_pc/dist/pc/src/resource/default/1150-450.png?_v=201906280941017d9', 'https://s1.ljcdn.com/matrix_lianjia_pc/dist/pc/src/resource/default/1150-450.png?_v=201906280941017d9', 'https://s1.ljcdn.com/matrix_lianjia_pc/dist/pc/src/resource/default/1150-450.png?_v=201906280941017d9', 'https://s1.ljcdn.com/matrix_lianjia_pc/dist/pc/src/resource/default/1150-450.png?_v=201906280941017d9', 'https://s1.ljcdn.com/matrix_lianjia_pc/dist/pc/src/resource/default/1150-450.png?_v=201906280941017d9']",,,,,,,,,,,,,[],22.655296,114.031109
https://sz.lianjia.com/apartment/16405.html,,,招商蛇口品牌公寓 · 壹间·福永意库,"
招商蛇口品牌公寓 · 壹间·福永意库

          2588元/月起

",,,,,"['https://image1.ljcdn.com/rent-user-avatar/6557d4e8-c9ba-48fc-8cc1-0ee4c9bb0f64.1150x.jpg', 'https://s1.ljcdn.com/matrix_lianjia_pc/dist/pc/src/resource/default/1150-450.png?_v=201906280941017d9', 'https://s1.ljcdn.com/matrix_lianjia_pc/dist/pc/src/resource/default/1150-450.png?_v=201906280941017d9', 'https://s1.ljcdn.com/matrix_lianjia_pc/dist/pc/src/resource/default/1150-450.png?_v=201906280941017d9']",,,,,,,,,,,,,[],22.68015,113.815939
https://sz.lianjia.com/apartment/19107.html,,,平台认证机构 · 龙塘新村2店,"
平台认证机构 · 龙塘新村2店

          1980元/月起

",,,,,['https://image1.ljcdn.com/rent-user-avatar/b37be7ea-4241-49b8-a1e5-9590f6c7feb7.1150x.jpg'],,,,,,,,,,,,,[],22.640158,114.020734
https://sz.lianjia.com/zufang/SZ2283184724702658560.html,福田区,香蜜湖,合租·万科温馨家园 4居室 东卧,3630元/月 (季付价),合租,4室1厅2卫,13㎡,朝东,"['https://image1.ljcdn.com/rent-house-1/636f69b83827f24f7723a443c68fdbb3-1560989185761/5b8e53557f382240ff803cc763e63b37.jpg.780x439.jpg', 'https://s1.ljcdn.com/matrix_lianjia_pc/dist/pc/src/resource/default/780-439.png?_v=201906280941017d9', 'https://s1.ljcdn.com/matrix_lianjia_pc/dist/pc/src/resource/default/780-439.png?_v=201906280941017d9', 'https://s1.ljcdn.com/matrix_lianjia_pc/dist/pc/src/resource/default/780-439.png?_v=201906280941017d9', 'https://s1.ljcdn.com/matrix_lianjia_pc/dist/pc/src/resource/default/780-439.png?_v=201906280941017d9', 'https://s1.ljcdn.com/matrix_lianjia_pc/dist/pc/src/resource/default/780-439.png?_v=201906280941017d9', 'https://s1.ljcdn.com/matrix_lianjia_pc/dist/pc/src/resource/default/780-439.png?_v=201906280941017d9', 'https://s1.ljcdn.com/matrix_lianjia_pc/dist/pc/src/resource/default/780-439.png?_v=201906280941017d9', 'https://s1.ljcdn.com/matrix_lianjia_pc/dist/pc/src/resource/default/780-439.png?_v=201906280941017d9']",9天前,随时入住,3~12个月,随时可看,11/15层,暂无数据,暂无数据,暂无数据,暂无数据,暂无数据,暂无数据,"['公寓', '月租', '近地铁', '独立阳台', '随时看房']","['2号线(蛇口线) - 香蜜', '450m', '2号线(蛇口线) - 侨香', '944m', '2号线(蛇口线),7号线 - 安托山', '967m']",22.560612938934,114.02604096397
https://sz.lianjia.com/apartment/14841.html,,,鑫海公寓 · CD栋,"
鑫海公寓 · CD栋

          2750元/月起

",,,,,"['https://image1.ljcdn.com/rent-user-avatar/474b36f2-a5b3-40d9-971e-33ddbbe8a078.1150x.jpg', 'https://s1.ljcdn.com/matrix_lianjia_pc/dist/pc/src/resource/default/1150-450.png?_v=201906280941017d9', 'https://s1.ljcdn.com/matrix_lianjia_pc/dist/pc/src/resource/default/1150-450.png?_v=201906280941017d9', 'https://s1.ljcdn.com/matrix_lianjia_pc/dist/pc/src/resource/default/1150-450.png?_v=201906280941017d9']",,,,,,,,,,,,,[],22.608781,114.050446
https://sz.lianjia.com/zufang/SZ2283104766932557824.html,龙华区,梅林关,合租·星河盛世 4居室 东卧,3060元/月 (季付价),合租,4室1厅2卫,15㎡,朝东,"['https://image1.ljcdn.com/rent-house-1/636f69b83827f24f7723a443c68fdbb3-1561184772325/732dbd7ef400ce80b1fa1b5c4ff242e4.jpg.780x439.jpg', 'https://s1.ljcdn.com/matrix_lianjia_pc/dist/pc/src/resource/default/780-439.png?_v=201906280941017d9', 'https://s1.ljcdn.com/matrix_lianjia_pc/dist/pc/src/resource/default/780-439.png?_v=201906280941017d9', 'https://s1.ljcdn.com/matrix_lianjia_pc/dist/pc/src/resource/default/780-439.png?_v=201906280941017d9', 'https://s1.ljcdn.com/matrix_lianjia_pc/dist/pc/src/resource/default/780-439.png?_v=201906280941017d9', 'https://s1.ljcdn.com/matrix_lianjia_pc/dist/pc/src/resource/default/780-439.png?_v=201906280941017d9', 'https://s1.ljcdn.com/matrix_lianjia_pc/dist/pc/src/resource/default/780-439.png?_v=201906280941017d9']",9天前,随时入住,3~12个月,随时可看,21/30层,暂无数据,暂无数据,暂无数据,暂无数据,暂无数据,暂无数据,"['公寓', '独立卫生间', '月租', '近地铁', '随时看房']","['4号线(龙华线) - 白石龙', '609m', '4号线(龙华线) - 民乐', '882m']",22.608614,114.052767
https://sz.lianjia.com/zufang/SZ2145002910205870080.html,南山区,后海,合租·南粤明珠海洋之心 4居室 东卧,3360元/月 (季付价),合租,4室1厅2卫,12㎡,朝东,"['https://image1.ljcdn.com/rent-house-1/636f69b83827f24f7723a443c68fdbb3-1561213156474/dd9a35ec14f98ba62b7480255820430b.jpg.780x439.jpg', 'https://s1.ljcdn.com/matrix_lianjia_pc/dist/pc/src/resource/default/780-439.png?_v=201906280941017d9', 'https://s1.ljcdn.com/matrix_lianjia_pc/dist/pc/src/resource/default/780-439.png?_v=201906280941017d9', 'https://s1.ljcdn.com/matrix_lianjia_pc/dist/pc/src/resource/default/780-439.png?_v=201906280941017d9', 'https://s1.ljcdn.com/matrix_lianjia_pc/dist/pc/src/resource/default/780-439.png?_v=201906280941017d9', 'https://s1.ljcdn.com/matrix_lianjia_pc/dist/pc/src/resource/default/780-439.png?_v=201906280941017d9', 'https://s1.ljcdn.com/matrix_lianjia_pc/dist/pc/src/resource/default/780-439.png?_v=201906280941017d9', 'https://s1.ljcdn.com/matrix_lianjia_pc/dist/pc/src/resource/default/780-439.png?_v=201906280941017d9']",6个月前,随时入住,3~12个月,随时可看,4/32层,暂无数据,暂无数据,暂无数据,暂无数据,暂无数据,暂无数据,"['公寓', '月租', '近地铁', '独立阳台', '随时看房']","['2号线(蛇口线),11号线 - 后海', '950m', '2号线(蛇口线) - 登良', '951m']",22.519637,113.93984
https://sz.lianjia.com/zufang/SZ2173994263145357312.html,宝安区,西乡,整租·龙珠花园 2室1厅 东,4290元/月 (季付价),整租,2室1厅1卫,59㎡,朝东,"['https://image1.ljcdn.com/rent-house-1/636f69b83827f24f7723a443c68fdbb3-1561155104211/c5df2756c29870df4374ae20d957720e.jpg.780x439.jpg', 'https://s1.ljcdn.com/matrix_lianjia_pc/dist/pc/src/resource/default/780-439.png?_v=201906280941017d9', 'https://s1.ljcdn.com/matrix_lianjia_pc/dist/pc/src/resource/default/780-439.png?_v=201906280941017d9', 'https://s1.ljcdn.com/matrix_lianjia_pc/dist/pc/src/resource/default/780-439.png?_v=201906280941017d9', 'https://s1.ljcdn.com/matrix_lianjia_pc/dist/pc/src/resource/default/780-439.png?_v=201906280941017d9', 'https://s1.ljcdn.com/matrix_lianjia_pc/dist/pc/src/resource/default/780-439.png?_v=201906280941017d9', 'https://s1.ljcdn.com/matrix_lianjia_pc/dist/pc/src/resource/default/780-439.png?_v=201906280941017d9']",5个月前,随时入住,3~12个月,随时可看,28/30层,暂无数据,暂无数据,暂无数据,暂无数据,暂无数据,暂无数据,"['公寓', '月租', '随时看房']",[],22.586933073201,113.88468794859
https://sz.lianjia.com/zufang/SZ2281597819615707136.html,福田区,石厦,整租·石厦村 1室0厅 东,3020元/月 (月付价),整租,1室0厅1卫,15㎡,朝东,"['https://image1.ljcdn.com/rent-user-avatar/33ef8177-2e80-41de-aa83-8c524fd35037.780x439.jpg', 'https://s1.ljcdn.com/matrix_lianjia_pc/dist/pc/src/resource/default/780-439.png?_v=201906280941017d9', 'https://s1.ljcdn.com/matrix_lianjia_pc/dist/pc/src/resource/default/780-439.png?_v=201906280941017d9', 'https://s1.ljcdn.com/matrix_lianjia_pc/dist/pc/src/resource/default/780-439.png?_v=201906280941017d9']",11天前,随时入住,1年,需提前预约,6/6层,暂无数据,暂无数据,暂无数据,暂无数据,暂无数据,暂无数据,"['公寓', '精装']",[],22.527451,114.056288
https://sz.lianjia.com/apartment/4211.html,,,窝趣轻社区 · 窝趣清湖轻社区,"
窝趣轻社区 · 窝趣清湖轻社区

          2000元/月起

",,,,,"['https://image1.ljcdn.com/rent-house-1/93e010098a3496c0039a35ff7699957d-1556523511242/313133feac389372e8b7b5af3a347b38.jpg.1150x.jpg', 'https://s1.ljcdn.com/matrix_lianjia_pc/dist/pc/src/resource/default/1150-450.png?_v=201906280941017d9', 'https://s1.ljcdn.com/matrix_lianjia_pc/dist/pc/src/resource/default/1150-450.png?_v=201906280941017d9', 'https://s1.ljcdn.com/matrix_lianjia_pc/dist/pc/src/resource/default/1150-450.png?_v=201906280941017d9', 'https://s1.ljcdn.com/matrix_lianjia_pc/dist/pc/src/resource/default/1150-450.png?_v=201906280941017d9', 'https://s1.ljcdn.com/matrix_lianjia_pc/dist/pc/src/resource/default/1150-450.png?_v=201906280941017d9', 'https://s1.ljcdn.com/matrix_lianjia_pc/dist/pc/src/resource/default/1150-450.png?_v=201906280941017d9', 'https://s1.ljcdn.com/matrix_lianjia_pc/dist/pc/src/resource/default/1150-450.png?_v=201906280941017d9', 'https://s1.ljcdn.com/matrix_lianjia_pc/dist/pc/src/resource/default/1150-450.png?_v=201906280941017d9', 'https://s1.ljcdn.com/matrix_lianjia_pc/dist/pc/src/resource/default/1150-450.png?_v=201906280941017d9', 'https://s1.ljcdn.com/matrix_lianjia_pc/dist/pc/src/resource/default/1150-450.png?_v=201906280941017d9', 'https://s1.ljcdn.com/matrix_lianjia_pc/dist/pc/src/resource/default/1150-450.png?_v=201906280941017d9', 'https://s1.ljcdn.com/matrix_lianjia_pc/dist/pc/src/resource/default/1150-450.png?_v=201906280941017d9', 'https://s1.ljcdn.com/matrix_lianjia_pc/dist/pc/src/resource/default/1150-450.png?_v=201906280941017d9', 'https://s1.ljcdn.com/matrix_lianjia_pc/dist/pc/src/resource/default/1150-450.png?_v=201906280941017d9', 'https://s1.ljcdn.com/matrix_lianjia_pc/dist/pc/src/resource/default/1150-450.png?_v=201906280941017d9']",,,,,,,,,,,,,[],22.6743830,114.0476840
https://sz.lianjia.com/zufang/SZ2252965735691730944.html,龙岗区,布吉水径,整租·赛格ECO中心 2室2厅 东,4200元/月 (月付价),整租,2室2厅1卫,56㎡,朝东,"['https://image1.ljcdn.com/rent-user-avatar/649ae2ef-b3ce-47de-9ca8-d55b40a98984.780x439.jpg', 'https://s1.ljcdn.com/matrix_lianjia_pc/dist/pc/src/resource/default/780-439.png?_v=201906280941017d9', 'https://s1.ljcdn.com/matrix_lianjia_pc/dist/pc/src/resource/default/780-439.png?_v=201906280941017d9', 'https://s1.ljcdn.com/matrix_lianjia_pc/dist/pc/src/resource/default/780-439.png?_v=201906280941017d9', 'https://s1.ljcdn.com/matrix_lianjia_pc/dist/pc/src/resource/default/780-439.png?_v=201906280941017d9', 'https://s1.ljcdn.com/matrix_lianjia_pc/dist/pc/src/resource/default/780-439.png?_v=201906280941017d9', 'https://s1.ljcdn.com/matrix_lianjia_pc/dist/pc/src/resource/default/780-439.png?_v=201906280941017d9', 'https://s1.ljcdn.com/matrix_lianjia_pc/dist/pc/src/resource/default/780-439.png?_v=201906280941017d9']",1个月前,随时入住,1~3年,随时可看,3/32层,暂无数据,暂无数据,商水,商电,暂无数据,暂无数据,"['公寓', '精装', '随时看房']",[],22.62681,114.121356
https://sz.lianjia.com/zufang/SZ2068187927644741632.html,福田区,上步,整租·佳兆业中心 1室1厅 东,4730元/月 (季付价),整租,1室1厅1卫,40㎡,朝东,"['https://image1.ljcdn.com/rent-house-1/636f69b83827f24f7723a443c68fdbb3-1561242705139/cbaafd2506f73f15ff85547f9cf04317.jpg.780x439.jpg', 'https://s1.ljcdn.com/matrix_lianjia_pc/dist/pc/src/resource/default/780-439.png?_v=201906280941017d9', 'https://s1.ljcdn.com/matrix_lianjia_pc/dist/pc/src/resource/default/780-439.png?_v=201906280941017d9', 'https://s1.ljcdn.com/matrix_lianjia_pc/dist/pc/src/resource/default/780-439.png?_v=201906280941017d9', 'https://s1.ljcdn.com/matrix_lianjia_pc/dist/pc/src/resource/default/780-439.png?_v=201906280941017d9']",10个月前,随时入住,3~12个月,随时可看,25/29层,暂无数据,暂无数据,暂无数据,暂无数据,暂无数据,暂无数据,"['公寓', '月租', '近地铁', '随时看房']","['1号线(罗宝线) - 科学馆', '352m', '2号线(蛇口线) - 燕南', '909m', '9号线 - 红岭南', '939m', '7号线 - 华强南', '1085m', '3号线(龙岗线) - 通新岭', '1161m']",22.545851,114.103355
https://sz.lianjia.com/zufang/SZ2283293907200778240.html,福田区,梅林,合租·通业花园 4居室 东卧,3290元/月 (季付价),合租,4室1厅2卫,15㎡,朝东,"['https://image1.ljcdn.com/rent-house-1/636f69b83827f24f7723a443c68fdbb3-1561057181299/1dbc53814d7062244dd1f91d1afde690.jpg.780x439.jpg', 'https://s1.ljcdn.com/matrix_lianjia_pc/dist/pc/src/resource/default/780-439.png?_v=201906280941017d9', 'https://s1.ljcdn.com/matrix_lianjia_pc/dist/pc/src/resource/default/780-439.png?_v=201906280941017d9', 'https://s1.ljcdn.com/matrix_lianjia_pc/dist/pc/src/resource/default/780-439.png?_v=201906280941017d9', 'https://s1.ljcdn.com/matrix_lianjia_pc/dist/pc/src/resource/default/780-439.png?_v=201906280941017d9', 'https://s1.ljcdn.com/matrix_lianjia_pc/dist/pc/src/resource/default/780-439.png?_v=201906280941017d9', 'https://s1.ljcdn.com/matrix_lianjia_pc/dist/pc/src/resource/default/780-439.png?_v=201906280941017d9', 'https://s1.ljcdn.com/matrix_lianjia_pc/dist/pc/src/resource/default/780-439.png?_v=201906280941017d9', 'https://s1.ljcdn.com/matrix_lianjia_pc/dist/pc/src/resource/default/780-439.png?_v=201906280941017d9', 'https://s1.ljcdn.com/matrix_lianjia_pc/dist/pc/src/resource/default/780-439.png?_v=201906280941017d9', 'https://s1.ljcdn.com/matrix_lianjia_pc/dist/pc/src/resource/default/780-439.png?_v=201906280941017d9', 'https://s1.ljcdn.com/matrix_lianjia_pc/dist/pc/src/resource/default/780-439.png?_v=201906280941017d9']",9天前,随时入住,1年,随时可看,5/10层,暂无数据,暂无数据,暂无数据,暂无数据,暂无数据,暂无数据,"['公寓', '独立卫生间', '近地铁', '随时看房']","['9号线 - 梅景', '234m', '9号线 - 下梅林', '724m']",22.566655643252,114.0420583206
https://sz.lianjia.com/zufang/SZ2246295691343708160.html,南山区,科技园,合租·华润城润府一期 4居室 东卧,4290元/月 (季付价),合租,4室1厅2卫,11㎡,朝东,"['https://image1.ljcdn.com/rent-house-1/636f69b83827f24f7723a443c68fdbb3-1560821503397/5ca30c2644c593a68ad775163a44314a.jpg.780x439.jpg', 'https://s1.ljcdn.com/matrix_lianjia_pc/dist/pc/src/resource/default/780-439.png?_v=201906280941017d9', 'https://s1.ljcdn.com/matrix_lianjia_pc/dist/pc/src/resource/default/780-439.png?_v=201906280941017d9', 'https://s1.ljcdn.com/matrix_lianjia_pc/dist/pc/src/resource/default/780-439.png?_v=201906280941017d9', 'https://s1.ljcdn.com/matrix_lianjia_pc/dist/pc/src/resource/default/780-439.png?_v=201906280941017d9', 'https://s1.ljcdn.com/matrix_lianjia_pc/dist/pc/src/resource/default/780-439.png?_v=201906280941017d9', 'https://s1.ljcdn.com/matrix_lianjia_pc/dist/pc/src/resource/default/780-439.png?_v=201906280941017d9', 'https://s1.ljcdn.com/matrix_lianjia_pc/dist/pc/src/resource/default/780-439.png?_v=201906280941017d9', 'https://s1.ljcdn.com/matrix_lianjia_pc/dist/pc/src/resource/default/780-439.png?_v=201906280941017d9']",2个月前,随时入住,3~12个月,随时可看,12/53层,暂无数据,暂无数据,暂无数据,暂无数据,暂无数据,暂无数据,"['公寓', '独立卫生间', '月租', '近地铁', '随时看房']","['1号线(罗宝线) - 高新园', '373m']",22.553981,113.9611
https://sz.lianjia.com/zufang/SZ2260040881539661824.html,福田区,石厦,整租·缔馨园 1室1厅 东,4690元/月 (季付价),整租,1室1厅1卫,34㎡,朝东,"['https://image1.ljcdn.com/rent-house-1/636f69b83827f24f7723a443c68fdbb3-1561303984245/3503d9b44eb89bf95ba5035a6bfc0a80.jpg.780x439.jpg', 'https://s1.ljcdn.com/matrix_lianjia_pc/dist/pc/src/resource/default/780-439.png?_v=201906280941017d9', 'https://s1.ljcdn.com/matrix_lianjia_pc/dist/pc/src/resource/default/780-439.png?_v=201906280941017d9', 'https://s1.ljcdn.com/matrix_lianjia_pc/dist/pc/src/resource/default/780-439.png?_v=201906280941017d9', 'https://s1.ljcdn.com/matrix_lianjia_pc/dist/pc/src/resource/default/780-439.png?_v=201906280941017d9', 'https://s1.ljcdn.com/matrix_lianjia_pc/dist/pc/src/resource/default/780-439.png?_v=201906280941017d9', 'https://s1.ljcdn.com/matrix_lianjia_pc/dist/pc/src/resource/default/780-439.png?_v=201906280941017d9']",1个月前,随时入住,1年,随时可看,3/18层,暂无数据,暂无数据,暂无数据,暂无数据,暂无数据,暂无数据,"['公寓', '近地铁', '随时看房']","['3号线(龙岗线),7号线 - 石厦', '265m', '7号线 - 皇岗村', '881m']",22.530806126763,114.05834367437
https://sz.lianjia.com/zufang/SZ2207313439494512640.html,罗湖区,罗湖口岸,整租·庐山花园 1室1厅 东,4290元/月 (季付价),整租,1室1厅1卫,45㎡,朝东,"['https://image1.ljcdn.com/rent-house-1/636f69b83827f24f7723a443c68fdbb3-1561375770277/6a8b9e8c376994c4783477a2bb57f238.jpg.780x439.jpg', 'https://s1.ljcdn.com/matrix_lianjia_pc/dist/pc/src/resource/default/780-439.png?_v=201906280941017d9', 'https://s1.ljcdn.com/matrix_lianjia_pc/dist/pc/src/resource/default/780-439.png?_v=201906280941017d9', 'https://s1.ljcdn.com/matrix_lianjia_pc/dist/pc/src/resource/default/780-439.png?_v=201906280941017d9', 'https://s1.ljcdn.com/matrix_lianjia_pc/dist/pc/src/resource/default/780-439.png?_v=201906280941017d9', 'https://s1.ljcdn.com/matrix_lianjia_pc/dist/pc/src/resource/default/780-439.png?_v=201906280941017d9', 'https://s1.ljcdn.com/matrix_lianjia_pc/dist/pc/src/resource/default/780-439.png?_v=201906280941017d9', 'https://s1.ljcdn.com/matrix_lianjia_pc/dist/pc/src/resource/default/780-439.png?_v=201906280941017d9']",3个月前,随时入住,1年,随时可看,7/27层,暂无数据,暂无数据,暂无数据,暂无数据,暂无数据,暂无数据,"['公寓', '近地铁', '随时看房']","['9号线 - 向西村', '305m', '9号线 - 人民南', '630m', '1号线(罗宝线) - 国贸', '732m', '1号线(罗宝线) - 罗湖', '815m', '2号线(蛇口线) - 湖贝', '1001m', '9号线 - 文锦', '1090m']",22.54297,114.130528
