房源地址,行政区,位置,标题,租金,租赁方式,户型,面积,朝向,图片列表,发布时间,入住时间,租期,看房时间,楼层,电梯,车位,用水,用电,燃气,采暖,标签,station,latitude,longtitude
https://sz.lianjia.com/apartment/19290.html,,,金地草莓社区 · 横岭6店,"
金地草莓社区 · 横岭6店

          1650元/月起

",,,,,['https://image1.ljcdn.com/rent-user-avatar/38835462-6572-4659-b3fe-eef86c38be9e.1150x.jpg'],,,,,,,,,,,,,[],22.614777,114.053374
https://sz.lianjia.com/apartment/12923.html,,,职业房东 · 水尾三区,"
职业房东 · 水尾三区

          1500元/月起

",,,,,['https://image1.ljcdn.com/rent-user-avatar/bb568d7d-a39d-4aba-a297-b7da790ee6a0.1150x.jpg'],,,,,,,,,,,,,[],22.633937,114.042489
https://sz.lianjia.com/zufang/SZ2287554828039094272.html,宝安区,西乡,整租·冠寓（固戍地铁站店） 1室0厅 东南,1600元/月 (月付价),整租,1室0厅1卫,42㎡,朝 东南,"['https://image1.ljcdn.com/rent-user-avatar/41476f36-34c5-4736-ae8d-1ae7f9beebe0.780x439.jpg', 'https://s1.ljcdn.com/matrix_lianjia_pc/dist/pc/src/resource/default/780-439.png?_v=201906280941017d9', 'https://s1.ljcdn.com/matrix_lianjia_pc/dist/pc/src/resource/default/780-439.png?_v=201906280941017d9', 'https://s1.ljcdn.com/matrix_lianjia_pc/dist/pc/src/resource/default/780-439.png?_v=201906280941017d9']",3天前,随时入住,3~12个月,随时可看,2/7层,暂无数据,暂无数据,暂无数据,暂无数据,暂无数据,暂无数据,"['公寓', '月租', '精装', '新上', '随时看房']",[],22.605032,113.851313
https://sz.lianjia.com/zufang/SZ2287850348850978816.html,龙华区,龙华中心,整租·港铁天颂 1室0厅 东/东南/南/西南/西,1900元/月 (月付价),整租,1室0厅1卫,30㎡,朝东 东南 南 西南 西,"['https://image1.ljcdn.com/rent-user-avatar/1321b0fe-ecc9-437e-88fb-46859f160ecc.780x439.jpg', 'https://s1.ljcdn.com/matrix_lianjia_pc/dist/pc/src/resource/default/780-439.png?_v=201906280941017d9', 'https://s1.ljcdn.com/matrix_lianjia_pc/dist/pc/src/resource/default/780-439.png?_v=201906280941017d9', 'https://s1.ljcdn.com/matrix_lianjia_pc/dist/pc/src/resource/default/780-439.png?_v=201906280941017d9', 'https://s1.ljcdn.com/matrix_lianjia_pc/dist/pc/src/resource/default/780-439.png?_v=201906280941017d9', 'https://s1.ljcdn.com/matrix_lianjia_pc/dist/pc/src/resource/default/780-439.png?_v=201906280941017d9', 'https://s1.ljcdn.com/matrix_lianjia_pc/dist/pc/src/resource/default/780-439.png?_v=201906280941017d9']",2天前,随时入住,1年,随时可看,5/6层,暂无数据,暂无数据,暂无数据,暂无数据,有,暂无数据,"['公寓', '近地铁', '精装', '新上', '随时看房']","['4号线(龙华线) - 龙胜', '197m', '4号线(龙华线) - 上塘', '746m']",22.649136,114.018183
https://sz.lianjia.com/apartment/5832.html,,,河豚公寓 · 上合五店,"
河豚公寓 · 上合五店

          1580元/月起

",,,,,"['https://image1.ljcdn.com/rent-user-avatar/64fd630e-0159-4661-9d14-5aba75185b30.1150x.jpg', 'https://s1.ljcdn.com/matrix_lianjia_pc/dist/pc/src/resource/default/1150-450.png?_v=201906280941017d9', 'https://s1.ljcdn.com/matrix_lianjia_pc/dist/pc/src/resource/default/1150-450.png?_v=201906280941017d9', 'https://s1.ljcdn.com/matrix_lianjia_pc/dist/pc/src/resource/default/1150-450.png?_v=201906280941017d9', 'https://s1.ljcdn.com/matrix_lianjia_pc/dist/pc/src/resource/default/1150-450.png?_v=201906280941017d9']",,,,,,,,,,,,,[],22.586894,113.903104
https://sz.lianjia.com/apartment/15942.html,,,万昌公寓 · 首月立减1000元,"
万昌公寓 · 首月立减1000元

          1700元/月起

",,,,,"['https://image1.ljcdn.com/rent-user-avatar/ff3c1999-8e68-4dcc-86f3-c48bc15a78f0.1150x.jpg', 'https://s1.ljcdn.com/matrix_lianjia_pc/dist/pc/src/resource/default/1150-450.png?_v=201906280941017d9', 'https://s1.ljcdn.com/matrix_lianjia_pc/dist/pc/src/resource/default/1150-450.png?_v=201906280941017d9', 'https://s1.ljcdn.com/matrix_lianjia_pc/dist/pc/src/resource/default/1150-450.png?_v=201906280941017d9', 'https://s1.ljcdn.com/matrix_lianjia_pc/dist/pc/src/resource/default/1150-450.png?_v=201906280941017d9', 'https://s1.ljcdn.com/matrix_lianjia_pc/dist/pc/src/resource/default/1150-450.png?_v=201906280941017d9', 'https://s1.ljcdn.com/matrix_lianjia_pc/dist/pc/src/resource/default/1150-450.png?_v=201906280941017d9']",,,,,,,,,,,,,[],22.66004,114.034324
https://sz.lianjia.com/apartment/8088.html,,,职业房东 · 民治樟坑青年公寓,"
职业房东 · 民治樟坑青年公寓

          1580元/月起

",,,,,"['https://image1.ljcdn.com/rent-user-avatar/ed8ded5b-4a61-43ee-8fc1-8ec7dab562b1.1150x.jpg', 'https://s1.ljcdn.com/matrix_lianjia_pc/dist/pc/src/resource/default/1150-450.png?_v=201906280941017d9', 'https://s1.ljcdn.com/matrix_lianjia_pc/dist/pc/src/resource/default/1150-450.png?_v=201906280941017d9']",,,,,,,,,,,,,[],22.619609,114.044376
https://sz.lianjia.com/zufang/SZ2287518114272772096.html,宝安区,福永,整租·同泰时代中心 1室0厅 东/东南/南/西南/西,1700元/月 (月付价),整租,1室0厅1卫,25㎡,朝东 东南 南 西南 西,"['https://image1.ljcdn.com/rent-user-avatar/640e61e2-c4b7-47c8-9f2f-5ad36b4c30a8.780x439.jpg', 'https://s1.ljcdn.com/matrix_lianjia_pc/dist/pc/src/resource/default/780-439.png?_v=201906280941017d9', 'https://s1.ljcdn.com/matrix_lianjia_pc/dist/pc/src/resource/default/780-439.png?_v=201906280941017d9', 'https://s1.ljcdn.com/matrix_lianjia_pc/dist/pc/src/resource/default/780-439.png?_v=201906280941017d9']",3天前,随时入住,1~12个月,随时可看,8/8层,暂无数据,暂无数据,商水,商电,无,暂无数据,"['公寓', '月租', '近地铁', '精装', '押一付一', '新上', '随时看房']","['11号线 - 福永', '665m', '11号线 - 桥头', '937m']",22.685842,113.813126
https://sz.lianjia.com/apartment/18899.html,,,吉祥e家 · 吉祥店,"
吉祥e家 · 吉祥店

          1280元/月起

",,,,,"['https://image1.ljcdn.com/rent-user-avatar/233eb97a-d1db-4dcb-96f4-cfc543361e38.1150x.jpg', 'https://s1.ljcdn.com/matrix_lianjia_pc/dist/pc/src/resource/default/1150-450.png?_v=201906280941017d9', 'https://s1.ljcdn.com/matrix_lianjia_pc/dist/pc/src/resource/default/1150-450.png?_v=201906280941017d9', 'https://s1.ljcdn.com/matrix_lianjia_pc/dist/pc/src/resource/default/1150-450.png?_v=201906280941017d9', 'https://s1.ljcdn.com/matrix_lianjia_pc/dist/pc/src/resource/default/1150-450.png?_v=201906280941017d9', 'https://s1.ljcdn.com/matrix_lianjia_pc/dist/pc/src/resource/default/1150-450.png?_v=201906280941017d9']",,,,,,,,,,,,,[],22.713558,114.247006
https://sz.lianjia.com/zufang/SZ2288227959036977152.html,宝安区,福永,整租·同泰时代中心 1室0厅 东/东南/南/西南/西,1700元/月 (月付价),整租,1室0厅1卫,25㎡,朝东 东南 南 西南 西,"['https://image1.ljcdn.com/rent-user-avatar/2e219538-39d8-4d42-881c-bfd17eea9556.780x439.jpg', 'https://s1.ljcdn.com/matrix_lianjia_pc/dist/pc/src/resource/default/780-439.png?_v=201906280941017d9', 'https://s1.ljcdn.com/matrix_lianjia_pc/dist/pc/src/resource/default/780-439.png?_v=201906280941017d9', 'https://s1.ljcdn.com/matrix_lianjia_pc/dist/pc/src/resource/default/780-439.png?_v=201906280941017d9', 'https://s1.ljcdn.com/matrix_lianjia_pc/dist/pc/src/resource/default/780-439.png?_v=201906280941017d9', 'https://s1.ljcdn.com/matrix_lianjia_pc/dist/pc/src/resource/default/780-439.png?_v=201906280941017d9', 'https://s1.ljcdn.com/matrix_lianjia_pc/dist/pc/src/resource/default/780-439.png?_v=201906280941017d9', 'https://s1.ljcdn.com/matrix_lianjia_pc/dist/pc/src/resource/default/780-439.png?_v=201906280941017d9', 'https://s1.ljcdn.com/matrix_lianjia_pc/dist/pc/src/resource/default/780-439.png?_v=201906280941017d9', 'https://s1.ljcdn.com/matrix_lianjia_pc/dist/pc/src/resource/default/780-439.png?_v=201906280941017d9', 'https://s1.ljcdn.com/matrix_lianjia_pc/dist/pc/src/resource/default/780-439.png?_v=201906280941017d9']",2天前,随时入住,1~12个月,随时可看,8/8层,暂无数据,暂无数据,商水,商电,无,暂无数据,"['公寓', '月租', '近地铁', '精装', '押一付一', '新上', '随时看房']","['11号线 - 福永', '665m', '11号线 - 桥头', '937m']",22.685842,113.813126
https://sz.lianjia.com/apartment/18116.html,,,碧家国际社区 · 爱联地铁站二店,"
碧家国际社区 · 爱联地铁站二店

          1330元/月起

",,,,,"['https://image1.ljcdn.com/rent-user-avatar/721ed98b-888f-45e4-a5d0-5c2fea9bf416.1150x.jpg', 'https://s1.ljcdn.com/matrix_lianjia_pc/dist/pc/src/resource/default/1150-450.png?_v=201906280941017d9', 'https://s1.ljcdn.com/matrix_lianjia_pc/dist/pc/src/resource/default/1150-450.png?_v=201906280941017d9']",,,,,,,,,,,,,[],22.709144,114.230288
https://sz.lianjia.com/apartment/15563.html,,,169公寓 · 下水径店,"
169公寓 · 下水径店

          1780元/月起

",,,,,"['https://image1.ljcdn.com/rent-user-avatar/f8d0d60c-4d5a-4f54-9ac7-ca4b19f1890e.1150x.jpg', 'https://s1.ljcdn.com/matrix_lianjia_pc/dist/pc/src/resource/default/1150-450.png?_v=201906280941017d9', 'https://s1.ljcdn.com/matrix_lianjia_pc/dist/pc/src/resource/default/1150-450.png?_v=201906280941017d9', 'https://s1.ljcdn.com/matrix_lianjia_pc/dist/pc/src/resource/default/1150-450.png?_v=201906280941017d9', 'https://s1.ljcdn.com/matrix_lianjia_pc/dist/pc/src/resource/default/1150-450.png?_v=201906280941017d9']",,,,,,,,,,,,,[],22.617927,114.115683
https://sz.lianjia.com/apartment/6697.html,,,小航湾公寓 · 南昌店,"
小航湾公寓 · 南昌店

          1300元/月起

",,,,,"['https://image1.ljcdn.com/rent-user-avatar/64776350-7744-4ce2-a4ce-299cb4e3575e.1150x.jpg', 'https://s1.ljcdn.com/matrix_lianjia_pc/dist/pc/src/resource/default/1150-450.png?_v=201906280941017d9', 'https://s1.ljcdn.com/matrix_lianjia_pc/dist/pc/src/resource/default/1150-450.png?_v=201906280941017d9', 'https://s1.ljcdn.com/matrix_lianjia_pc/dist/pc/src/resource/default/1150-450.png?_v=201906280941017d9', 'https://s1.ljcdn.com/matrix_lianjia_pc/dist/pc/src/resource/default/1150-450.png?_v=201906280941017d9']",,,,,,,,,,,,,[],22.602945,113.845882
https://sz.lianjia.com/zufang/SZ2286240521255133184.html,宝安区,新安,合租·中粮天悦壹号 4居室 东南卧,1890元/月 (季付价),合租,4室1厅2卫,7㎡,朝东南,"['https://image1.ljcdn.com/rent-house-1/636f69b83827f24f7723a443c68fdbb3-1561154859242/2f0d1c040f4705662028000657b24c4e.jpg.780x439.jpg', 'https://s1.ljcdn.com/matrix_lianjia_pc/dist/pc/src/resource/default/780-439.png?_v=201906280941017d9', 'https://s1.ljcdn.com/matrix_lianjia_pc/dist/pc/src/resource/default/780-439.png?_v=201906280941017d9', 'https://s1.ljcdn.com/matrix_lianjia_pc/dist/pc/src/resource/default/780-439.png?_v=201906280941017d9', 'https://s1.ljcdn.com/matrix_lianjia_pc/dist/pc/src/resource/default/780-439.png?_v=201906280941017d9', 'https://s1.ljcdn.com/matrix_lianjia_pc/dist/pc/src/resource/default/780-439.png?_v=201906280941017d9']",4天前,随时入住,3~12个月,随时可看,16/45层,暂无数据,暂无数据,暂无数据,暂无数据,暂无数据,暂无数据,"['公寓', '月租', '近地铁', '新上', '随时看房']","['5号线(环中线) - 洪浪北', '857m']",22.576451,113.919485
https://sz.lianjia.com/apartment/16447.html,,,职业房东 · 南昌五巷二号公寓,"
职业房东 · 南昌五巷二号公寓

          1300元/月起

",,,,,['https://image1.ljcdn.com/rent-user-avatar/285b6e37-2947-4ba9-9c9d-30df8f483570.1150x.jpg'],,,,,,,,,,,,,[],22.606043,113.847193
https://sz.lianjia.com/apartment/3251.html,,,鲤鱼公寓 · 龙华2号店,"
鲤鱼公寓 · 龙华2号店

          1480元/月起

",,,,,"['https://image1.ljcdn.com/rent-user-avatar/180b6f0f-c2cb-47e5-b9dc-779dc7dbc7ab.1150x.jpg', 'https://s1.ljcdn.com/matrix_lianjia_pc/dist/pc/src/resource/default/1150-450.png?_v=201906280941017d9', 'https://s1.ljcdn.com/matrix_lianjia_pc/dist/pc/src/resource/default/1150-450.png?_v=201906280941017d9', 'https://s1.ljcdn.com/matrix_lianjia_pc/dist/pc/src/resource/default/1150-450.png?_v=201906280941017d9', 'https://s1.ljcdn.com/matrix_lianjia_pc/dist/pc/src/resource/default/1150-450.png?_v=201906280941017d9', 'https://s1.ljcdn.com/matrix_lianjia_pc/dist/pc/src/resource/default/1150-450.png?_v=201906280941017d9']",,,,,,,,,,,,,[],22.654149,114.043101
https://sz.lianjia.com/apartment/6714.html,,,魔方公寓 · 深圳平湖凤安路店,"
魔方公寓 · 深圳平湖凤安路店

          1990元/月起

",,,,,"['https://image1.ljcdn.com/rent-house-1/068cab695e5a3b3b6e6c4ee2ff47271f-1552382582016/4b28197546887dd406f49d0503a73a3b.jpg.1150x.jpg', 'https://s1.ljcdn.com/matrix_lianjia_pc/dist/pc/src/resource/default/1150-450.png?_v=201906280941017d9', 'https://s1.ljcdn.com/matrix_lianjia_pc/dist/pc/src/resource/default/1150-450.png?_v=201906280941017d9']",,,,,,,,,,,,,[],22.68144,114.145314
https://sz.lianjia.com/apartment/16809.html,,,金地草莓社区 · 横岭2店,"
金地草莓社区 · 横岭2店

          1750元/月起

",,,,,"['https://image1.ljcdn.com/rent-user-avatar/053656de-9ed8-4ebb-aeda-b2adcf6538b8.1150x.jpg', 'https://s1.ljcdn.com/matrix_lianjia_pc/dist/pc/src/resource/default/1150-450.png?_v=201906280941017d9']",,,,,,,,,,,,,[],22.613249,114.05276
https://sz.lianjia.com/apartment/18281.html,,,乐乎城市青年社区 · 乐乎有朋·Z+house,"
乐乎城市青年社区 · 乐乎有朋·Z+house

          980元/月起

",,,,,"['https://image1.ljcdn.com/rent-house-1/492de982d6f30ec08c539e6056309399-1558592986674/d3d0ee62a33e479126b59f9dc5327e87.jpg.1150x.jpg', 'https://s1.ljcdn.com/matrix_lianjia_pc/dist/pc/src/resource/default/1150-450.png?_v=201906280941017d9']",,,,,,,,,,,,,[],22.71176,113.82015
https://sz.lianjia.com/zufang/SZ2288228499548545024.html,宝安区,福永,整租·同泰时代中心 1室0厅 东/东南/南/西南/西,1700元/月 (月付价),整租,1室0厅1卫,25㎡,朝东 东南 南 西南 西,"['https://image1.ljcdn.com/rent-user-avatar/6bfdc355-2b26-448d-a124-098542163d2f.780x439.jpg', 'https://s1.ljcdn.com/matrix_lianjia_pc/dist/pc/src/resource/default/780-439.png?_v=201906280941017d9', 'https://s1.ljcdn.com/matrix_lianjia_pc/dist/pc/src/resource/default/780-439.png?_v=201906280941017d9', 'https://s1.ljcdn.com/matrix_lianjia_pc/dist/pc/src/resource/default/780-439.png?_v=201906280941017d9', 'https://s1.ljcdn.com/matrix_lianjia_pc/dist/pc/src/resource/default/780-439.png?_v=201906280941017d9', 'https://s1.ljcdn.com/matrix_lianjia_pc/dist/pc/src/resource/default/780-439.png?_v=201906280941017d9', 'https://s1.ljcdn.com/matrix_lianjia_pc/dist/pc/src/resource/default/780-439.png?_v=201906280941017d9']",2天前,随时入住,1~12个月,随时可看,8/8层,暂无数据,暂无数据,商水,商电,无,暂无数据,"['公寓', '月租', '近地铁', '精装', '押一付一', '新上', '随时看房']","['11号线 - 福永', '665m', '11号线 - 桥头', '937m']",22.685842,113.813126
https://sz.lianjia.com/apartment/18915.html,,,平台认证机构 · 固戍店,"
平台认证机构 · 固戍店

          1680元/月起

",,,,,"['https://image1.ljcdn.com/rent-user-avatar/6b6ebb95-dffc-4baa-81c5-4b8f87d6ea4c.1150x.jpg', 'https://s1.ljcdn.com/matrix_lianjia_pc/dist/pc/src/resource/default/1150-450.png?_v=201906280941017d9']",,,,,,,,,,,,,[],22.605463,113.847995
https://sz.lianjia.com/zufang/SZ2288373435048665088.html,龙岗区,大运新城,整租·中粮祥云 1室0厅 东南,1999元/月 (月付价),整租,1室0厅1卫,38㎡,朝东南,"['https://image1.ljcdn.com/rent-user-avatar/30eb3f54-24a4-42c1-9f61-e8becdc93a13.780x439.jpg', 'https://s1.ljcdn.com/matrix_lianjia_pc/dist/pc/src/resource/default/780-439.png?_v=201906280941017d9', 'https://s1.ljcdn.com/matrix_lianjia_pc/dist/pc/src/resource/default/780-439.png?_v=201906280941017d9', 'https://s1.ljcdn.com/matrix_lianjia_pc/dist/pc/src/resource/default/780-439.png?_v=201906280941017d9']",1天前,随时入住,1年,随时可看,7/40层,有,暂无数据,商水,商电,有,暂无数据,"['公寓', '精装', '新上', '随时看房']",[],22.702339,114.238825
https://sz.lianjia.com/apartment/5587.html,,,久居公寓 · 大浪商业中心店,"
久居公寓 · 大浪商业中心店

          1580元/月起

",,,,,"['https://image1.ljcdn.com/rent-user-avatar/f90ef830-a0a8-4ebd-ab7f-e28e26eeb815.1150x.jpg', 'https://s1.ljcdn.com/matrix_lianjia_pc/dist/pc/src/resource/default/1150-450.png?_v=201906280941017d9', 'https://s1.ljcdn.com/matrix_lianjia_pc/dist/pc/src/resource/default/1150-450.png?_v=201906280941017d9', 'https://s1.ljcdn.com/matrix_lianjia_pc/dist/pc/src/resource/default/1150-450.png?_v=201906280941017d9', 'https://s1.ljcdn.com/matrix_lianjia_pc/dist/pc/src/resource/default/1150-450.png?_v=201906280941017d9', 'https://s1.ljcdn.com/matrix_lianjia_pc/dist/pc/src/resource/default/1150-450.png?_v=201906280941017d9']",,,,,,,,,,,,,[],22.679071,114.000175
https://sz.lianjia.com/apartment/17408.html,,,职业房东 · 龙华店,"
职业房东 · 龙华店

          1300元/月起

",,,,,"['https://image1.ljcdn.com/rent-user-avatar/2df264ec-ee24-4c09-aea9-f0606e3493b8.1150x.jpg', 'https://s1.ljcdn.com/matrix_lianjia_pc/dist/pc/src/resource/default/1150-450.png?_v=201906280941017d9', 'https://s1.ljcdn.com/matrix_lianjia_pc/dist/pc/src/resource/default/1150-450.png?_v=201906280941017d9', 'https://s1.ljcdn.com/matrix_lianjia_pc/dist/pc/src/resource/default/1150-450.png?_v=201906280941017d9', 'https://s1.ljcdn.com/matrix_lianjia_pc/dist/pc/src/resource/default/1150-450.png?_v=201906280941017d9', 'https://s1.ljcdn.com/matrix_lianjia_pc/dist/pc/src/resource/default/1150-450.png?_v=201906280941017d9']",,,,,,,,,,,,,[],22.655093,114.039989
https://sz.lianjia.com/apartment/15933.html,,,驿住公寓 · 全球公寓 爱联店,"
驿住公寓 · 全球公寓 爱联店

          1200元/月起

",,,,,"['https://image1.ljcdn.com/rent-user-avatar/c0867555-ac48-44af-944b-e735aeb93ff6.1150x.jpg', 'https://s1.ljcdn.com/matrix_lianjia_pc/dist/pc/src/resource/default/1150-450.png?_v=201906280941017d9', 'https://s1.ljcdn.com/matrix_lianjia_pc/dist/pc/src/resource/default/1150-450.png?_v=201906280941017d9', 'https://s1.ljcdn.com/matrix_lianjia_pc/dist/pc/src/resource/default/1150-450.png?_v=201906280941017d9', 'https://s1.ljcdn.com/matrix_lianjia_pc/dist/pc/src/resource/default/1150-450.png?_v=201906280941017d9', 'https://s1.ljcdn.com/matrix_lianjia_pc/dist/pc/src/resource/default/1150-450.png?_v=201906280941017d9', 'https://s1.ljcdn.com/matrix_lianjia_pc/dist/pc/src/resource/default/1150-450.png?_v=201906280941017d9', 'https://s1.ljcdn.com/matrix_lianjia_pc/dist/pc/src/resource/default/1150-450.png?_v=201906280941017d9']",,,,,,,,,,,,,[],22.69979,114.240075
https://sz.lianjia.com/apartment/18915.html,,,平台认证机构 · 固戍店,"
平台认证机构 · 固戍店

          1680元/月起

",,,,,"['https://image1.ljcdn.com/rent-user-avatar/6b6ebb95-dffc-4baa-81c5-4b8f87d6ea4c.1150x.jpg', 'https://s1.ljcdn.com/matrix_lianjia_pc/dist/pc/src/resource/default/1150-450.png?_v=201906280941017d9']",,,,,,,,,,,,,[],22.605463,113.847995
https://sz.lianjia.com/apartment/16225.html,,,铂乐公寓 · 坂田店,"
铂乐公寓 · 坂田店

          1900元/月起

",,,,,"['https://image1.ljcdn.com/rent-user-avatar/740ab840-3a47-4962-bdeb-4b26a623cb5b.1150x.jpg', 'https://s1.ljcdn.com/matrix_lianjia_pc/dist/pc/src/resource/default/1150-450.png?_v=201906280941017d9', 'https://s1.ljcdn.com/matrix_lianjia_pc/dist/pc/src/resource/default/1150-450.png?_v=201906280941017d9', 'https://s1.ljcdn.com/matrix_lianjia_pc/dist/pc/src/resource/default/1150-450.png?_v=201906280941017d9', 'https://s1.ljcdn.com/matrix_lianjia_pc/dist/pc/src/resource/default/1150-450.png?_v=201906280941017d9', 'https://s1.ljcdn.com/matrix_lianjia_pc/dist/pc/src/resource/default/1150-450.png?_v=201906280941017d9', 'https://s1.ljcdn.com/matrix_lianjia_pc/dist/pc/src/resource/default/1150-450.png?_v=201906280941017d9', 'https://s1.ljcdn.com/matrix_lianjia_pc/dist/pc/src/resource/default/1150-450.png?_v=201906280941017d9', 'https://s1.ljcdn.com/matrix_lianjia_pc/dist/pc/src/resource/default/1150-450.png?_v=201906280941017d9']",,,,,,,,,,,,,[],22.622369,114.065181
https://sz.lianjia.com/apartment/4311.html,,,华洲公寓 · 南坑1号店,"
华洲公寓 · 南坑1号店

          1300元/月起

",,,,,['https://image1.ljcdn.com/rent-user-avatar/c3ebceec-31ae-4d3c-b18a-fd27771c985c.1150x.jpg'],,,,,,,,,,,,,[],22.615748,114.07151
https://sz.lianjia.com/apartment/6810.html,,,魔方公寓 · 深圳坂田华为基地店,"
魔方公寓 · 深圳坂田华为基地店

          2000元/月起

",,,,,"['https://image1.ljcdn.com/rent-house-1/068cab695e5a3b3b6e6c4ee2ff47271f-1552383394295/87d8f8a6ba8fa854c90aa45a93078da7.jpg.1150x.jpg', 'https://s1.ljcdn.com/matrix_lianjia_pc/dist/pc/src/resource/default/1150-450.png?_v=201906280941017d9', 'https://s1.ljcdn.com/matrix_lianjia_pc/dist/pc/src/resource/default/1150-450.png?_v=201906280941017d9']",,,,,,,,,,,,,[],22.66597,114.064835
https://sz.lianjia.com/apartment/6416.html,,,河豚公寓 · 盐田店,"
河豚公寓 · 盐田店

          1400元/月起

",,,,,['https://image1.ljcdn.com/rent-user-avatar/5c2bbd78-a21b-4e2d-9e5b-886786bd85e5.1150x.jpg'],,,,,,,,,,,,,[],22.588377,113.86657
