房源地址,行政区,位置,标题,租金,租赁方式,户型,面积,朝向,图片列表,发布时间,入住时间,租期,看房时间,楼层,电梯,车位,用水,用电,燃气,采暖,标签,station,latitude,longtitude
https://sz.lianjia.com/apartment/15792.html,,,驿住公寓 · 华寓 松岗店,"
驿住公寓 · 华寓 松岗店

          1000元/月起

",,,,,"['https://image1.ljcdn.com/rent-user-avatar/63b8ff0a-2418-4608-8003-28d2718f2779.1150x.jpg', 'https://s1.ljcdn.com/matrix_lianjia_pc/dist/pc/src/resource/default/1150-450.png?_v=201906280941017d9', 'https://s1.ljcdn.com/matrix_lianjia_pc/dist/pc/src/resource/default/1150-450.png?_v=201906280941017d9', 'https://s1.ljcdn.com/matrix_lianjia_pc/dist/pc/src/resource/default/1150-450.png?_v=201906280941017d9', 'https://s1.ljcdn.com/matrix_lianjia_pc/dist/pc/src/resource/default/1150-450.png?_v=201906280941017d9']",,,,,,,,,,,,,[],22.773227,113.838483
https://sz.lianjia.com/apartment/6810.html,,,魔方公寓 · 深圳坂田华为基地店,"
魔方公寓 · 深圳坂田华为基地店

          2000元/月起

",,,,,"['https://image1.ljcdn.com/rent-house-1/068cab695e5a3b3b6e6c4ee2ff47271f-1552383394295/87d8f8a6ba8fa854c90aa45a93078da7.jpg.1150x.jpg', 'https://s1.ljcdn.com/matrix_lianjia_pc/dist/pc/src/resource/default/1150-450.png?_v=201906280941017d9', 'https://s1.ljcdn.com/matrix_lianjia_pc/dist/pc/src/resource/default/1150-450.png?_v=201906280941017d9']",,,,,,,,,,,,,[],22.66597,114.064835
https://sz.lianjia.com/apartment/15951.html,,,职业房东 · 小江公寓（龙华地铁店）,"
职业房东 · 小江公寓（龙华地铁店）

          1100元/月起

",,,,,['https://image1.ljcdn.com/rent-user-avatar/87143d25-a2e1-4fd2-bb38-f10640b40abd.1150x.jpg'],,,,,,,,,,,,,[],22.6542,114.030189
https://sz.lianjia.com/apartment/3093.html,,,幸福里公寓 · 幸福里公寓坂田店,"
幸福里公寓 · 幸福里公寓坂田店

          700元/月起

",,,,,['https://image1.ljcdn.com/rent-user-avatar/f6c4583f-7b98-4152-8f86-06dbaed00376.1150x.jpg'],,,,,,,,,,,,,[],22.623729,114.073296
https://sz.lianjia.com/apartment/7538.html,,,湾流国际青年社区 · 1980店,"
湾流国际青年社区 · 1980店

          1350元/月起

",,,,,"['https://image1.ljcdn.com/rent-user-avatar/f9236db8-542c-4446-b0d1-488846b32cd8.1150x.jpg', 'https://s1.ljcdn.com/matrix_lianjia_pc/dist/pc/src/resource/default/1150-450.png?_v=201906280941017d9', 'https://s1.ljcdn.com/matrix_lianjia_pc/dist/pc/src/resource/default/1150-450.png?_v=201906280941017d9', 'https://s1.ljcdn.com/matrix_lianjia_pc/dist/pc/src/resource/default/1150-450.png?_v=201906280941017d9', 'https://s1.ljcdn.com/matrix_lianjia_pc/dist/pc/src/resource/default/1150-450.png?_v=201906280941017d9', 'https://s1.ljcdn.com/matrix_lianjia_pc/dist/pc/src/resource/default/1150-450.png?_v=201906280941017d9', 'https://s1.ljcdn.com/matrix_lianjia_pc/dist/pc/src/resource/default/1150-450.png?_v=201906280941017d9', 'https://s1.ljcdn.com/matrix_lianjia_pc/dist/pc/src/resource/default/1150-450.png?_v=201906280941017d9', 'https://s1.ljcdn.com/matrix_lianjia_pc/dist/pc/src/resource/default/1150-450.png?_v=201906280941017d9', 'https://s1.ljcdn.com/matrix_lianjia_pc/dist/pc/src/resource/default/1150-450.png?_v=201906280941017d9', 'https://s1.ljcdn.com/matrix_lianjia_pc/dist/pc/src/resource/default/1150-450.png?_v=201906280941017d9']",,,,,,,,,,,,,[],22.651569,114.051056
https://sz.lianjia.com/apartment/17441.html,,,WeWa创享域 · 白石龙店,"
WeWa创享域 · 白石龙店

          1550元/月起

",,,,,"['https://image1.ljcdn.com/rent-user-avatar/b4fcd2cd-a5f7-4cb0-a295-04b78e7a7928.1150x.jpg', 'https://s1.ljcdn.com/matrix_lianjia_pc/dist/pc/src/resource/default/1150-450.png?_v=201906280941017d9']",,,,,,,,,,,,,[],22.60709,114.042814
https://sz.lianjia.com/apartment/15272.html,,,职业房东 · 阳光公寓,"
职业房东 · 阳光公寓

          1100元/月起

",,,,,"['https://image1.ljcdn.com/rent-user-avatar/c5d03890-e2d2-4c1f-af3f-363b8a88f914.1150x.jpg', 'https://s1.ljcdn.com/matrix_lianjia_pc/dist/pc/src/resource/default/1150-450.png?_v=201906280941017d9', 'https://s1.ljcdn.com/matrix_lianjia_pc/dist/pc/src/resource/default/1150-450.png?_v=201906280941017d9', 'https://s1.ljcdn.com/matrix_lianjia_pc/dist/pc/src/resource/default/1150-450.png?_v=201906280941017d9']",,,,,,,,,,,,,[],22.678903,113.994337
https://sz.lianjia.com/apartment/8831.html,,,职业房东 · 喜乐公寓（龙胜地铁站店）,"
职业房东 · 喜乐公寓（龙胜地铁站店）

          1280元/月起

",,,,,"['https://image1.ljcdn.com/rent-user-avatar/ed88052e-d107-4783-a521-dec84bd939d3.1150x.jpg', 'https://s1.ljcdn.com/matrix_lianjia_pc/dist/pc/src/resource/default/1150-450.png?_v=201906280941017d9', 'https://s1.ljcdn.com/matrix_lianjia_pc/dist/pc/src/resource/default/1150-450.png?_v=201906280941017d9']",,,,,,,,,,,,,[],22.656038,114.015276
https://sz.lianjia.com/apartment/860.html,,,1918民生公寓 · 上塘店,"
1918民生公寓 · 上塘店

          1180元/月起

",,,,,"['https://image1.ljcdn.com/rent-user-avatar/014c35fe-3dcd-4a79-98a7-b01c83fc62bd.1150x.jpg', 'https://s1.ljcdn.com/matrix_lianjia_pc/dist/pc/src/resource/default/1150-450.png?_v=201906280941017d9']",,,,,,,,,,,,,[],22.646122,114.026082
https://sz.lianjia.com/apartment/19085.html,,,诚鑫公寓 · 固戍十四店,"
诚鑫公寓 · 固戍十四店

          1280元/月起

",,,,,['https://image1.ljcdn.com/rent-user-avatar/21572af3-5e0d-45eb-84b7-4d2aa4a40909.1150x.jpg'],,,,,,,,,,,,,[],22.604943,113.846274
https://sz.lianjia.com/apartment/18711.html,,,职业房东 · 合福苑b栋,"
职业房东 · 合福苑b栋

          700元/月起

",,,,,"['https://image1.ljcdn.com/rent-user-avatar/9363d10d-864a-4ccc-bfcf-1afeea71c9b7.1150x.jpg', 'https://s1.ljcdn.com/matrix_lianjia_pc/dist/pc/src/resource/default/1150-450.png?_v=201906280941017d9', 'https://s1.ljcdn.com/matrix_lianjia_pc/dist/pc/src/resource/default/1150-450.png?_v=201906280941017d9']",,,,,,,,,,,,,[],22.790566,113.889719
https://sz.lianjia.com/apartment/18254.html,,,宏奕公寓 · 星奕公寓-星河店,"
宏奕公寓 · 星奕公寓-星河店

          1480元/月起

",,,,,"['https://image1.ljcdn.com/rent-user-avatar/002e4d26-18c5-41f8-9637-55d356c53a95.1150x.jpg', 'https://s1.ljcdn.com/matrix_lianjia_pc/dist/pc/src/resource/default/1150-450.png?_v=201906280941017d9']",,,,,,,,,,,,,[],22.613664,114.067768
https://sz.lianjia.com/apartment/6803.html,,,魔方公寓 · 深圳横岗店,"
魔方公寓 · 深圳横岗店

          1800元/月起

",,,,,"['https://image1.ljcdn.com/rent-house-1/068cab695e5a3b3b6e6c4ee2ff47271f-1552383356933/6f203f569c9c97d8a0e2cbee10788723.jpg.1150x.jpg', 'https://s1.ljcdn.com/matrix_lianjia_pc/dist/pc/src/resource/default/1150-450.png?_v=201906280941017d9', 'https://s1.ljcdn.com/matrix_lianjia_pc/dist/pc/src/resource/default/1150-450.png?_v=201906280941017d9']",,,,,,,,,,,,,[],22.657165,114.209605
https://sz.lianjia.com/apartment/18759.html,,,职业房东 · 海滨新村12号店,"
职业房东 · 海滨新村12号店

          800元/月起

",,,,,"['https://image1.ljcdn.com/rent-user-avatar/db211d4f-5fe2-46d0-bed2-c140e63a1551.1150x.jpg', 'https://s1.ljcdn.com/matrix_lianjia_pc/dist/pc/src/resource/default/1150-450.png?_v=201906280941017d9', 'https://s1.ljcdn.com/matrix_lianjia_pc/dist/pc/src/resource/default/1150-450.png?_v=201906280941017d9', 'https://s1.ljcdn.com/matrix_lianjia_pc/dist/pc/src/resource/default/1150-450.png?_v=201906280941017d9', 'https://s1.ljcdn.com/matrix_lianjia_pc/dist/pc/src/resource/default/1150-450.png?_v=201906280941017d9', 'https://s1.ljcdn.com/matrix_lianjia_pc/dist/pc/src/resource/default/1150-450.png?_v=201906280941017d9']",,,,,,,,,,,,,[],22.591831,113.850412
https://sz.lianjia.com/apartment/3931.html,,,来休公寓 · 下围园店,"
来休公寓 · 下围园店

          1680元/月起

",,,,,['https://image1.ljcdn.com/rent-user-avatar/a8e37063-4275-47dc-ad13-d66df9b3d9e7.1150x.jpg'],,,,,,,,,,,,,[],22.603659,113.852844
https://sz.lianjia.com/apartment/3910.html,,,职业房东 · 乐山公寓,"
职业房东 · 乐山公寓

          1550元/月起

",,,,,['https://image1.ljcdn.com/rent-user-avatar/68d37f67-ce0b-4c9f-a941-f62459165adc.1150x.jpg'],,,,,,,,,,,,,[],22.629562,114.070931
https://sz.lianjia.com/apartment/15090.html,,,职业房东 · 龙胜店,"
职业房东 · 龙胜店

          1350元/月起

",,,,,"['https://image1.ljcdn.com/rent-user-avatar/b58e1975-980e-4903-87eb-209ac64f1558.1150x.jpg', 'https://s1.ljcdn.com/matrix_lianjia_pc/dist/pc/src/resource/default/1150-450.png?_v=201906280941017d9', 'https://s1.ljcdn.com/matrix_lianjia_pc/dist/pc/src/resource/default/1150-450.png?_v=201906280941017d9', 'https://s1.ljcdn.com/matrix_lianjia_pc/dist/pc/src/resource/default/1150-450.png?_v=201906280941017d9', 'https://s1.ljcdn.com/matrix_lianjia_pc/dist/pc/src/resource/default/1150-450.png?_v=201906280941017d9']",,,,,,,,,,,,,[],22.648327,114.024692
https://sz.lianjia.com/apartment/10619.html,,,盛寓 · 西乡地铁口店,"
盛寓 · 西乡地铁口店

          1550元/月起

",,,,,['https://image1.ljcdn.com/rent-user-avatar/f8225c06-b2c7-43f0-9c7c-c095db5a52e2.1150x.jpg'],,,,,,,,,,,,,[],22.583351,113.872399
https://sz.lianjia.com/apartment/18314.html,,,乐乎城市青年社区 · 乐乎有朋·麻布二店,"
乐乎城市青年社区 · 乐乎有朋·麻布二店

          1850元/月起

",,,,,['https://image1.ljcdn.com/rent-house-1/492de982d6f30ec08c539e6056309399-1558592986674/d3d0ee62a33e479126b59f9dc5327e87.jpg.1150x.jpg'],,,,,,,,,,,,,[],22.57950,113.87760
https://sz.lianjia.com/apartment/15090.html,,,职业房东 · 龙胜店,"
职业房东 · 龙胜店

          1350元/月起

",,,,,"['https://image1.ljcdn.com/rent-user-avatar/b58e1975-980e-4903-87eb-209ac64f1558.1150x.jpg', 'https://s1.ljcdn.com/matrix_lianjia_pc/dist/pc/src/resource/default/1150-450.png?_v=201906280941017d9', 'https://s1.ljcdn.com/matrix_lianjia_pc/dist/pc/src/resource/default/1150-450.png?_v=201906280941017d9', 'https://s1.ljcdn.com/matrix_lianjia_pc/dist/pc/src/resource/default/1150-450.png?_v=201906280941017d9', 'https://s1.ljcdn.com/matrix_lianjia_pc/dist/pc/src/resource/default/1150-450.png?_v=201906280941017d9']",,,,,,,,,,,,,[],22.648327,114.024692
https://sz.lianjia.com/apartment/4183.html,,,职业房东 · 瑞月居,"
职业房东 · 瑞月居

          1199元/月起

",,,,,"['https://image1.ljcdn.com/rent-user-avatar/8bcdb212-6774-4472-afd5-a356e2ad47bc.1150x.jpg', 'https://s1.ljcdn.com/matrix_lianjia_pc/dist/pc/src/resource/default/1150-450.png?_v=201906280941017d9', 'https://s1.ljcdn.com/matrix_lianjia_pc/dist/pc/src/resource/default/1150-450.png?_v=201906280941017d9']",,,,,,,,,,,,,[],22.608171,113.857996
https://sz.lianjia.com/apartment/16562.html,,,WeWa创享域 · 创享家·深圳杨美店,"
WeWa创享域 · 创享家·深圳杨美店

          880元/月起

",,,,,"['https://image1.ljcdn.com/rent-user-avatar/2d37eab2-3cc2-4ab0-abf7-d504ad5a2a25.1150x.jpg', 'https://s1.ljcdn.com/matrix_lianjia_pc/dist/pc/src/resource/default/1150-450.png?_v=201906280941017d9', 'https://s1.ljcdn.com/matrix_lianjia_pc/dist/pc/src/resource/default/1150-450.png?_v=201906280941017d9', 'https://s1.ljcdn.com/matrix_lianjia_pc/dist/pc/src/resource/default/1150-450.png?_v=201906280941017d9']",,,,,,,,,,,,,[],22.657367,114.088089
https://sz.lianjia.com/apartment/844.html,,,趣客公寓 · 海雅缤纷城店,"
趣客公寓 · 海雅缤纷城店

          1680元/月起

",,,,,"['https://image1.ljcdn.com/rent-user-avatar/4da128b2-5d1a-477d-8a38-710ec2885124.1150x.jpg', 'https://s1.ljcdn.com/matrix_lianjia_pc/dist/pc/src/resource/default/1150-450.png?_v=201906280941017d9', 'https://s1.ljcdn.com/matrix_lianjia_pc/dist/pc/src/resource/default/1150-450.png?_v=201906280941017d9', 'https://s1.ljcdn.com/matrix_lianjia_pc/dist/pc/src/resource/default/1150-450.png?_v=201906280941017d9']",,,,,,,,,,,,,[],22.568411,113.911181
https://sz.lianjia.com/apartment/19023.html,,,壹家公寓 · 福永一分店,"
壹家公寓 · 福永一分店

          1380元/月起

",,,,,"['https://image1.ljcdn.com/rent-user-avatar/06d4df92-d33a-460f-b272-c8f74aa533f8.1150x.jpg', 'https://s1.ljcdn.com/matrix_lianjia_pc/dist/pc/src/resource/default/1150-450.png?_v=201906280941017d9', 'https://s1.ljcdn.com/matrix_lianjia_pc/dist/pc/src/resource/default/1150-450.png?_v=201906280941017d9', 'https://s1.ljcdn.com/matrix_lianjia_pc/dist/pc/src/resource/default/1150-450.png?_v=201906280941017d9', 'https://s1.ljcdn.com/matrix_lianjia_pc/dist/pc/src/resource/default/1150-450.png?_v=201906280941017d9', 'https://s1.ljcdn.com/matrix_lianjia_pc/dist/pc/src/resource/default/1150-450.png?_v=201906280941017d9', 'https://s1.ljcdn.com/matrix_lianjia_pc/dist/pc/src/resource/default/1150-450.png?_v=201906280941017d9', 'https://s1.ljcdn.com/matrix_lianjia_pc/dist/pc/src/resource/default/1150-450.png?_v=201906280941017d9', 'https://s1.ljcdn.com/matrix_lianjia_pc/dist/pc/src/resource/default/1150-450.png?_v=201906280941017d9', 'https://s1.ljcdn.com/matrix_lianjia_pc/dist/pc/src/resource/default/1150-450.png?_v=201906280941017d9', 'https://s1.ljcdn.com/matrix_lianjia_pc/dist/pc/src/resource/default/1150-450.png?_v=201906280941017d9', 'https://s1.ljcdn.com/matrix_lianjia_pc/dist/pc/src/resource/default/1150-450.png?_v=201906280941017d9']",,,,,,,,,,,,,[],22.68583,113.818612
https://sz.lianjia.com/apartment/1269.html,,,宝德公寓 · 金竹店,"
宝德公寓 · 金竹店

          1350元/月起

",,,,,"['https://image1.ljcdn.com/rent-user-avatar/bf8db78a-9bec-4440-9de3-4c478904f4b2.1150x.jpg', 'https://s1.ljcdn.com/matrix_lianjia_pc/dist/pc/src/resource/default/1150-450.png?_v=201906280941017d9', 'https://s1.ljcdn.com/matrix_lianjia_pc/dist/pc/src/resource/default/1150-450.png?_v=201906280941017d9', 'https://s1.ljcdn.com/matrix_lianjia_pc/dist/pc/src/resource/default/1150-450.png?_v=201906280941017d9', 'https://s1.ljcdn.com/matrix_lianjia_pc/dist/pc/src/resource/default/1150-450.png?_v=201906280941017d9']",,,,,,,,,,,,,[],22.63606,114.08519
https://sz.lianjia.com/apartment/4520.html,,,职业房东 · 茉莉花公寓,"
职业房东 · 茉莉花公寓

          1280元/月起

",,,,,"['https://image1.ljcdn.com/rent-user-avatar/ec540c2b-a334-4beb-b166-6a71b4bb92f6.1150x.jpg', 'https://s1.ljcdn.com/matrix_lianjia_pc/dist/pc/src/resource/default/1150-450.png?_v=201906280941017d9']",,,,,,,,,,,,,[],22.599869,113.855685
https://sz.lianjia.com/apartment/18250.html,,,来休公寓 · 径贝店,"
来休公寓 · 径贝店

          1880元/月起

",,,,,"['https://image1.ljcdn.com/rent-user-avatar/307d1a22-a18a-40fc-a8a7-2de22a2cf4b3.1150x.jpg', 'https://s1.ljcdn.com/matrix_lianjia_pc/dist/pc/src/resource/default/1150-450.png?_v=201906280941017d9', 'https://s1.ljcdn.com/matrix_lianjia_pc/dist/pc/src/resource/default/1150-450.png?_v=201906280941017d9', 'https://s1.ljcdn.com/matrix_lianjia_pc/dist/pc/src/resource/default/1150-450.png?_v=201906280941017d9', 'https://s1.ljcdn.com/matrix_lianjia_pc/dist/pc/src/resource/default/1150-450.png?_v=201906280941017d9', 'https://s1.ljcdn.com/matrix_lianjia_pc/dist/pc/src/resource/default/1150-450.png?_v=201906280941017d9', 'https://s1.ljcdn.com/matrix_lianjia_pc/dist/pc/src/resource/default/1150-450.png?_v=201906280941017d9', 'https://s1.ljcdn.com/matrix_lianjia_pc/dist/pc/src/resource/default/1150-450.png?_v=201906280941017d9', 'https://s1.ljcdn.com/matrix_lianjia_pc/dist/pc/src/resource/default/1150-450.png?_v=201906280941017d9', 'https://s1.ljcdn.com/matrix_lianjia_pc/dist/pc/src/resource/default/1150-450.png?_v=201906280941017d9']",,,,,,,,,,,,,[],22.575189,113.88361
https://sz.lianjia.com/apartment/19157.html,,,平台认证机构 · 七星遇见公寓（兴东店）,"
平台认证机构 · 七星遇见公寓（兴东店）

          1700元/月起

",,,,,"['https://image1.ljcdn.com/rent-user-avatar/85de6a41-b832-4dce-bea8-df2562a2a14f.1150x.jpg', 'https://s1.ljcdn.com/matrix_lianjia_pc/dist/pc/src/resource/default/1150-450.png?_v=201906280941017d9', 'https://s1.ljcdn.com/matrix_lianjia_pc/dist/pc/src/resource/default/1150-450.png?_v=201906280941017d9', 'https://s1.ljcdn.com/matrix_lianjia_pc/dist/pc/src/resource/default/1150-450.png?_v=201906280941017d9', 'https://s1.ljcdn.com/matrix_lianjia_pc/dist/pc/src/resource/default/1150-450.png?_v=201906280941017d9', 'https://s1.ljcdn.com/matrix_lianjia_pc/dist/pc/src/resource/default/1150-450.png?_v=201906280941017d9', 'https://s1.ljcdn.com/matrix_lianjia_pc/dist/pc/src/resource/default/1150-450.png?_v=201906280941017d9', 'https://s1.ljcdn.com/matrix_lianjia_pc/dist/pc/src/resource/default/1150-450.png?_v=201906280941017d9', 'https://s1.ljcdn.com/matrix_lianjia_pc/dist/pc/src/resource/default/1150-450.png?_v=201906280941017d9', 'https://s1.ljcdn.com/matrix_lianjia_pc/dist/pc/src/resource/default/1150-450.png?_v=201906280941017d9']",,,,,,,,,,,,,[],22.589881,113.919673
https://sz.lianjia.com/apartment/16910.html,,,集悦城@荔山店 · 8栋,"
集悦城@荔山店 · 8栋

          2000元/月起

",,,,,"['https://image1.ljcdn.com/rent-user-avatar/107fa70f-15af-4356-b5cb-9eb175157a0b.1150x.jpg', 'https://s1.ljcdn.com/matrix_lianjia_pc/dist/pc/src/resource/default/1150-450.png?_v=201906280941017d9', 'https://s1.ljcdn.com/matrix_lianjia_pc/dist/pc/src/resource/default/1150-450.png?_v=201906280941017d9', 'https://s1.ljcdn.com/matrix_lianjia_pc/dist/pc/src/resource/default/1150-450.png?_v=201906280941017d9', 'https://s1.ljcdn.com/matrix_lianjia_pc/dist/pc/src/resource/default/1150-450.png?_v=201906280941017d9', 'https://s1.ljcdn.com/matrix_lianjia_pc/dist/pc/src/resource/default/1150-450.png?_v=201906280941017d9', 'https://s1.ljcdn.com/matrix_lianjia_pc/dist/pc/src/resource/default/1150-450.png?_v=201906280941017d9', 'https://s1.ljcdn.com/matrix_lianjia_pc/dist/pc/src/resource/default/1150-450.png?_v=201906280941017d9', 'https://s1.ljcdn.com/matrix_lianjia_pc/dist/pc/src/resource/default/1150-450.png?_v=201906280941017d9', 'https://s1.ljcdn.com/matrix_lianjia_pc/dist/pc/src/resource/default/1150-450.png?_v=201906280941017d9', 'https://s1.ljcdn.com/matrix_lianjia_pc/dist/pc/src/resource/default/1150-450.png?_v=201906280941017d9', 'https://s1.ljcdn.com/matrix_lianjia_pc/dist/pc/src/resource/default/1150-450.png?_v=201906280941017d9', 'https://s1.ljcdn.com/matrix_lianjia_pc/dist/pc/src/resource/default/1150-450.png?_v=201906280941017d9', 'https://s1.ljcdn.com/matrix_lianjia_pc/dist/pc/src/resource/default/1150-450.png?_v=201906280941017d9', 'https://s1.ljcdn.com/matrix_lianjia_pc/dist/pc/src/resource/default/1150-450.png?_v=201906280941017d9', 'https://s1.ljcdn.com/matrix_lianjia_pc/dist/pc/src/resource/default/1150-450.png?_v=201906280941017d9', 'https://s1.ljcdn.com/matrix_lianjia_pc/dist/pc/src/resource/default/1150-450.png?_v=201906280941017d9', 'https://s1.ljcdn.com/matrix_lianjia_pc/dist/pc/src/resource/default/1150-450.png?_v=201906280941017d9', 'https://s1.ljcdn.com/matrix_lianjia_pc/dist/pc/src/resource/default/1150-450.png?_v=201906280941017d9', 'https://s1.ljcdn.com/matrix_lianjia_pc/dist/pc/src/resource/default/1150-450.png?_v=201906280941017d9', 'https://s1.ljcdn.com/matrix_lianjia_pc/dist/pc/src/resource/default/1150-450.png?_v=201906280941017d9', 'https://s1.ljcdn.com/matrix_lianjia_pc/dist/pc/src/resource/default/1150-450.png?_v=201906280941017d9', 'https://s1.ljcdn.com/matrix_lianjia_pc/dist/pc/src/resource/default/1150-450.png?_v=201906280941017d9', 'https://s1.ljcdn.com/matrix_lianjia_pc/dist/pc/src/resource/default/1150-450.png?_v=201906280941017d9']",,,,,,,,,,,,,[],22.497209,113.899852
https://sz.lianjia.com/apartment/7002.html,,,魔方公寓 · 深圳平湖华南城店,"
魔方公寓 · 深圳平湖华南城店

          1800元/月起

",,,,,"['https://image1.ljcdn.com/rent-user-avatar/477c22b2-371d-4ee1-9214-d38b07f6da9c.1150x.jpg', 'https://s1.ljcdn.com/matrix_lianjia_pc/dist/pc/src/resource/default/1150-450.png?_v=201906280941017d9', 'https://s1.ljcdn.com/matrix_lianjia_pc/dist/pc/src/resource/default/1150-450.png?_v=201906280941017d9', 'https://s1.ljcdn.com/matrix_lianjia_pc/dist/pc/src/resource/default/1150-450.png?_v=201906280941017d9', 'https://s1.ljcdn.com/matrix_lianjia_pc/dist/pc/src/resource/default/1150-450.png?_v=201906280941017d9']",,,,,,,,,,,,,[],22.69256,114.128926
