房源地址,行政区,位置,标题,租金,租赁方式,户型,面积,朝向,图片列表,发布时间,入住时间,租期,看房时间,楼层,电梯,车位,用水,用电,燃气,采暖,标签,station,latitude,longtitude
https://sz.lianjia.com/apartment/17177.html,,,云客公寓 · 云简公寓坪洲店,"
云客公寓 · 云简公寓坪洲店

          1900元/月起

",,,,,['https://image1.ljcdn.com/rent-user-avatar/61c07d88-6899-4e32-816e-7db71483190e.1150x.jpg'],,,,,,,,,,,,,[],22.575436,113.874463
https://sz.lianjia.com/apartment/14454.html,,,合景昕舍 · 六约店,"
合景昕舍 · 六约店

          1000元/月起

",,,,,"['https://image1.ljcdn.com/rent-user-avatar/439c4854-80ac-4fba-83a3-e8faeb778207.1150x.jpg', 'https://s1.ljcdn.com/matrix_lianjia_pc/dist/pc/src/resource/default/1150-450.png?_v=201906280941017d9', 'https://s1.ljcdn.com/matrix_lianjia_pc/dist/pc/src/resource/default/1150-450.png?_v=201906280941017d9', 'https://s1.ljcdn.com/matrix_lianjia_pc/dist/pc/src/resource/default/1150-450.png?_v=201906280941017d9', 'https://s1.ljcdn.com/matrix_lianjia_pc/dist/pc/src/resource/default/1150-450.png?_v=201906280941017d9', 'https://s1.ljcdn.com/matrix_lianjia_pc/dist/pc/src/resource/default/1150-450.png?_v=201906280941017d9', 'https://s1.ljcdn.com/matrix_lianjia_pc/dist/pc/src/resource/default/1150-450.png?_v=201906280941017d9', 'https://s1.ljcdn.com/matrix_lianjia_pc/dist/pc/src/resource/default/1150-450.png?_v=201906280941017d9', 'https://s1.ljcdn.com/matrix_lianjia_pc/dist/pc/src/resource/default/1150-450.png?_v=201906280941017d9', 'https://s1.ljcdn.com/matrix_lianjia_pc/dist/pc/src/resource/default/1150-450.png?_v=201906280941017d9']",,,,,,,,,,,,,[],22.628159,114.197607
https://sz.lianjia.com/apartment/7577.html,,,职业房东 · 塘尾 11区 千之公寓,"
职业房东 · 塘尾 11区 千之公寓

          1800元/月起

",,,,,"['https://image1.ljcdn.com/rent-user-avatar/0b712ea9-062b-4cbc-9d9a-a9e59fbd5102.1150x.jpg', 'https://s1.ljcdn.com/matrix_lianjia_pc/dist/pc/src/resource/default/1150-450.png?_v=201906280941017d9', 'https://s1.ljcdn.com/matrix_lianjia_pc/dist/pc/src/resource/default/1150-450.png?_v=201906280941017d9', 'https://s1.ljcdn.com/matrix_lianjia_pc/dist/pc/src/resource/default/1150-450.png?_v=201906280941017d9']",,,,,,,,,,,,,[],22.711208,113.820046
https://sz.lianjia.com/zufang/SZ2284558061811548160.html,宝安区,西乡,整租·富民新苑 1室0厅 东南,1580元/月 (月付价),整租,1室0厅1卫,20㎡,朝 东南,"['https://image1.ljcdn.com/rent-user-avatar/2ed9cc4f-a671-4eaf-8961-368b863cbcc3.780x439.jpg', 'https://s1.ljcdn.com/matrix_lianjia_pc/dist/pc/src/resource/default/780-439.png?_v=201906280941017d9', 'https://s1.ljcdn.com/matrix_lianjia_pc/dist/pc/src/resource/default/780-439.png?_v=201906280941017d9', 'https://s1.ljcdn.com/matrix_lianjia_pc/dist/pc/src/resource/default/780-439.png?_v=201906280941017d9', 'https://s1.ljcdn.com/matrix_lianjia_pc/dist/pc/src/resource/default/780-439.png?_v=201906280941017d9', 'https://s1.ljcdn.com/matrix_lianjia_pc/dist/pc/src/resource/default/780-439.png?_v=201906280941017d9', 'https://s1.ljcdn.com/matrix_lianjia_pc/dist/pc/src/resource/default/780-439.png?_v=201906280941017d9', 'https://s1.ljcdn.com/matrix_lianjia_pc/dist/pc/src/resource/default/780-439.png?_v=201906280941017d9', 'https://s1.ljcdn.com/matrix_lianjia_pc/dist/pc/src/resource/default/780-439.png?_v=201906280941017d9', 'https://s1.ljcdn.com/matrix_lianjia_pc/dist/pc/src/resource/default/780-439.png?_v=201906280941017d9', 'https://s1.ljcdn.com/matrix_lianjia_pc/dist/pc/src/resource/default/780-439.png?_v=201906280941017d9', 'https://s1.ljcdn.com/matrix_lianjia_pc/dist/pc/src/resource/default/780-439.png?_v=201906280941017d9', 'https://s1.ljcdn.com/matrix_lianjia_pc/dist/pc/src/resource/default/780-439.png?_v=201906280941017d9', 'https://s1.ljcdn.com/matrix_lianjia_pc/dist/pc/src/resource/default/780-439.png?_v=201906280941017d9']",7天前,随时入住,1年,随时可看,6/12层,暂无数据,暂无数据,暂无数据,暂无数据,暂无数据,暂无数据,"['精装', '随时看房']",[],22.598666,113.854018
https://sz.lianjia.com/apartment/17513.html,,,今•寓 · 横岗公园店,"
今•寓 · 横岗公园店

          1080元/月起

",,,,,"['https://image1.ljcdn.com/rent-user-avatar/e72049e1-1123-4f46-b2f6-2d13d21e1424.1150x.jpg', 'https://s1.ljcdn.com/matrix_lianjia_pc/dist/pc/src/resource/default/1150-450.png?_v=201906280941017d9', 'https://s1.ljcdn.com/matrix_lianjia_pc/dist/pc/src/resource/default/1150-450.png?_v=201906280941017d9', 'https://s1.ljcdn.com/matrix_lianjia_pc/dist/pc/src/resource/default/1150-450.png?_v=201906280941017d9', 'https://s1.ljcdn.com/matrix_lianjia_pc/dist/pc/src/resource/default/1150-450.png?_v=201906280941017d9', 'https://s1.ljcdn.com/matrix_lianjia_pc/dist/pc/src/resource/default/1150-450.png?_v=201906280941017d9', 'https://s1.ljcdn.com/matrix_lianjia_pc/dist/pc/src/resource/default/1150-450.png?_v=201906280941017d9', 'https://s1.ljcdn.com/matrix_lianjia_pc/dist/pc/src/resource/default/1150-450.png?_v=201906280941017d9', 'https://s1.ljcdn.com/matrix_lianjia_pc/dist/pc/src/resource/default/1150-450.png?_v=201906280941017d9', 'https://s1.ljcdn.com/matrix_lianjia_pc/dist/pc/src/resource/default/1150-450.png?_v=201906280941017d9', 'https://s1.ljcdn.com/matrix_lianjia_pc/dist/pc/src/resource/default/1150-450.png?_v=201906280941017d9', 'https://s1.ljcdn.com/matrix_lianjia_pc/dist/pc/src/resource/default/1150-450.png?_v=201906280941017d9', 'https://s1.ljcdn.com/matrix_lianjia_pc/dist/pc/src/resource/default/1150-450.png?_v=201906280941017d9', 'https://s1.ljcdn.com/matrix_lianjia_pc/dist/pc/src/resource/default/1150-450.png?_v=201906280941017d9', 'https://s1.ljcdn.com/matrix_lianjia_pc/dist/pc/src/resource/default/1150-450.png?_v=201906280941017d9']",,,,,,,,,,,,,[],22.652929,114.216756
https://sz.lianjia.com/apartment/15788.html,,,万科泊寓 · 布吉大芬黄金公社,"
万科泊寓 · 布吉大芬黄金公社

          1568元/月起

",,,,,"['https://image1.ljcdn.com/rent-user-avatar/e3ce102c-8d5f-4d4f-ae0d-8db13398f1f2.1150x.jpg', 'https://s1.ljcdn.com/matrix_lianjia_pc/dist/pc/src/resource/default/1150-450.png?_v=201906280941017d9', 'https://s1.ljcdn.com/matrix_lianjia_pc/dist/pc/src/resource/default/1150-450.png?_v=201906280941017d9', 'https://s1.ljcdn.com/matrix_lianjia_pc/dist/pc/src/resource/default/1150-450.png?_v=201906280941017d9']",,,,,,,,,,,,,[],22.614222,114.148753
https://sz.lianjia.com/apartment/11650.html,,,乐豆公寓 · 坂田君（五和地铁站）,"
乐豆公寓 · 坂田君（五和地铁站）

          1280元/月起

",,,,,"['https://image1.ljcdn.com/rent-user-avatar/c955b878-ffcd-4ccd-bd94-6fde6f39caec.1150x.jpg', 'https://s1.ljcdn.com/matrix_lianjia_pc/dist/pc/src/resource/default/1150-450.png?_v=201906280941017d9', 'https://s1.ljcdn.com/matrix_lianjia_pc/dist/pc/src/resource/default/1150-450.png?_v=201906280941017d9', 'https://s1.ljcdn.com/matrix_lianjia_pc/dist/pc/src/resource/default/1150-450.png?_v=201906280941017d9', 'https://s1.ljcdn.com/matrix_lianjia_pc/dist/pc/src/resource/default/1150-450.png?_v=201906280941017d9']",,,,,,,,,,,,,[],22.637228,114.067409
https://sz.lianjia.com/apartment/19160.html,,,汉坤公寓 · 花园坪店,"
汉坤公寓 · 花园坪店

          950元/月起

",,,,,"['https://image1.ljcdn.com/rent-user-avatar/f73df0cf-f36f-449e-8ca1-3c254c48a316.1150x.jpg', 'https://s1.ljcdn.com/matrix_lianjia_pc/dist/pc/src/resource/default/1150-450.png?_v=201906280941017d9', 'https://s1.ljcdn.com/matrix_lianjia_pc/dist/pc/src/resource/default/1150-450.png?_v=201906280941017d9', 'https://s1.ljcdn.com/matrix_lianjia_pc/dist/pc/src/resource/default/1150-450.png?_v=201906280941017d9', 'https://s1.ljcdn.com/matrix_lianjia_pc/dist/pc/src/resource/default/1150-450.png?_v=201906280941017d9', 'https://s1.ljcdn.com/matrix_lianjia_pc/dist/pc/src/resource/default/1150-450.png?_v=201906280941017d9', 'https://s1.ljcdn.com/matrix_lianjia_pc/dist/pc/src/resource/default/1150-450.png?_v=201906280941017d9', 'https://s1.ljcdn.com/matrix_lianjia_pc/dist/pc/src/resource/default/1150-450.png?_v=201906280941017d9', 'https://s1.ljcdn.com/matrix_lianjia_pc/dist/pc/src/resource/default/1150-450.png?_v=201906280941017d9']",,,,,,,,,,,,,[],22.712943,114.236119
https://sz.lianjia.com/zufang/SZ2257340371393069056.html,龙岗区,龙岗中心城,整租·南联新村 1室0厅 东南,1650元/月 (月付价),整租,1室0厅1卫,35㎡,朝东南,"['https://image1.ljcdn.com/rent-user-avatar/1a01ed72-0a41-4ae0-82c1-98f181557308.780x439.jpg', 'https://s1.ljcdn.com/matrix_lianjia_pc/dist/pc/src/resource/default/780-439.png?_v=201906280941017d9', 'https://s1.ljcdn.com/matrix_lianjia_pc/dist/pc/src/resource/default/780-439.png?_v=201906280941017d9', 'https://s1.ljcdn.com/matrix_lianjia_pc/dist/pc/src/resource/default/780-439.png?_v=201906280941017d9', 'https://s1.ljcdn.com/matrix_lianjia_pc/dist/pc/src/resource/default/780-439.png?_v=201906280941017d9', 'https://s1.ljcdn.com/matrix_lianjia_pc/dist/pc/src/resource/default/780-439.png?_v=201906280941017d9']",1个月前,随时入住,1~12个月,随时可看,15/17层,暂无数据,暂无数据,暂无数据,暂无数据,暂无数据,暂无数据,"['公寓', '月租', '近地铁', '精装', '押一付一', '随时看房']","['3号线(龙岗线) - 龙城广场', '930m']",22.716963,114.265805
https://sz.lianjia.com/apartment/3716.html,,,华昌公寓 · 后瑞店,"
华昌公寓 · 后瑞店

          1500元/月起

",,,,,"['https://image1.ljcdn.com/rent-user-avatar/8fd19445-1e8f-422e-ac4b-b7b9c2a4f14a.1150x.jpg', 'https://s1.ljcdn.com/matrix_lianjia_pc/dist/pc/src/resource/default/1150-450.png?_v=201906280941017d9', 'https://s1.ljcdn.com/matrix_lianjia_pc/dist/pc/src/resource/default/1150-450.png?_v=201906280941017d9', 'https://s1.ljcdn.com/matrix_lianjia_pc/dist/pc/src/resource/default/1150-450.png?_v=201906280941017d9', 'https://s1.ljcdn.com/matrix_lianjia_pc/dist/pc/src/resource/default/1150-450.png?_v=201906280941017d9', 'https://s1.ljcdn.com/matrix_lianjia_pc/dist/pc/src/resource/default/1150-450.png?_v=201906280941017d9']",,,,,,,,,,,,,[],22.6275,113.847483
https://sz.lianjia.com/apartment/16596.html,,,职业房东 · 喜客公寓民治店,"
职业房东 · 喜客公寓民治店

          1500元/月起

",,,,,"['https://image1.ljcdn.com/rent-user-avatar/71c2c54c-8624-4636-af37-ab4b4e9522fc.1150x.jpg', 'https://s1.ljcdn.com/matrix_lianjia_pc/dist/pc/src/resource/default/1150-450.png?_v=201906280941017d9', 'https://s1.ljcdn.com/matrix_lianjia_pc/dist/pc/src/resource/default/1150-450.png?_v=201906280941017d9', 'https://s1.ljcdn.com/matrix_lianjia_pc/dist/pc/src/resource/default/1150-450.png?_v=201906280941017d9']",,,,,,,,,,,,,[],22.629073,114.04415
https://sz.lianjia.com/apartment/9563.html,,,职业房东 · 公寓,"
职业房东 · 公寓

          750元/月起

",,,,,"['https://image1.ljcdn.com/rent-user-avatar/857f5068-3ab5-4c40-89bc-f58ce97cac8f.1150x.jpg', 'https://s1.ljcdn.com/matrix_lianjia_pc/dist/pc/src/resource/default/1150-450.png?_v=201906280941017d9', 'https://s1.ljcdn.com/matrix_lianjia_pc/dist/pc/src/resource/default/1150-450.png?_v=201906280941017d9', 'https://s1.ljcdn.com/matrix_lianjia_pc/dist/pc/src/resource/default/1150-450.png?_v=201906280941017d9', 'https://s1.ljcdn.com/matrix_lianjia_pc/dist/pc/src/resource/default/1150-450.png?_v=201906280941017d9', 'https://s1.ljcdn.com/matrix_lianjia_pc/dist/pc/src/resource/default/1150-450.png?_v=201906280941017d9', 'https://s1.ljcdn.com/matrix_lianjia_pc/dist/pc/src/resource/default/1150-450.png?_v=201906280941017d9', 'https://s1.ljcdn.com/matrix_lianjia_pc/dist/pc/src/resource/default/1150-450.png?_v=201906280941017d9', 'https://s1.ljcdn.com/matrix_lianjia_pc/dist/pc/src/resource/default/1150-450.png?_v=201906280941017d9', 'https://s1.ljcdn.com/matrix_lianjia_pc/dist/pc/src/resource/default/1150-450.png?_v=201906280941017d9']",,,,,,,,,,,,,[],22.635518,114.164776
https://sz.lianjia.com/apartment/14723.html,,,职业房东 · 固戍地铁站店,"
职业房东 · 固戍地铁站店

          1400元/月起

",,,,,"['https://image1.ljcdn.com/rent-user-avatar/6907a2dc-6e7b-4839-ab70-e9f8641b97e4.1150x.jpg', 'https://s1.ljcdn.com/matrix_lianjia_pc/dist/pc/src/resource/default/1150-450.png?_v=201906280941017d9', 'https://s1.ljcdn.com/matrix_lianjia_pc/dist/pc/src/resource/default/1150-450.png?_v=201906280941017d9', 'https://s1.ljcdn.com/matrix_lianjia_pc/dist/pc/src/resource/default/1150-450.png?_v=201906280941017d9']",,,,,,,,,,,,,[],22.599027,113.858149
https://sz.lianjia.com/zufang/SZ2282519984662396928.html,宝安区,翻身,整租·宝海花园 1室0厅 东/东南/南/西南,1980元/月 (月付价),整租,1室0厅1卫,24㎡,朝东 东南 南 西南,"['https://image1.ljcdn.com/rent-user-avatar/3d9bc0f6-bc9c-4fc0-b9aa-4266f361669b.780x439.jpg', 'https://s1.ljcdn.com/matrix_lianjia_pc/dist/pc/src/resource/default/780-439.png?_v=201906280941017d9', 'https://s1.ljcdn.com/matrix_lianjia_pc/dist/pc/src/resource/default/780-439.png?_v=201906280941017d9', 'https://s1.ljcdn.com/matrix_lianjia_pc/dist/pc/src/resource/default/780-439.png?_v=201906280941017d9', 'https://s1.ljcdn.com/matrix_lianjia_pc/dist/pc/src/resource/default/780-439.png?_v=201906280941017d9', 'https://s1.ljcdn.com/matrix_lianjia_pc/dist/pc/src/resource/default/780-439.png?_v=201906280941017d9', 'https://s1.ljcdn.com/matrix_lianjia_pc/dist/pc/src/resource/default/780-439.png?_v=201906280941017d9']",9天前,随时入住,6~12个月,随时可看,3/7层,无,暂无数据,民水,民电,有,暂无数据,"['公寓', '月租', '精装', '随时看房']",[],22.563868,113.909281
https://sz.lianjia.com/apartment/11284.html,,,梅沙海琴湾公寓 · 小梅沙,"
梅沙海琴湾公寓 · 小梅沙

          1700元/月起

",,,,,"['https://image1.ljcdn.com/rent-user-avatar/29ca60b4-b19a-45a8-b068-486885375298.1150x.jpg', 'https://s1.ljcdn.com/matrix_lianjia_pc/dist/pc/src/resource/default/1150-450.png?_v=201906280941017d9']",,,,,,,,,,,,,[],22.606869,114.329632
https://sz.lianjia.com/apartment/16831.html,,,桔子公寓（深圳） · 横岗6号管,"
桔子公寓（深圳） · 横岗6号管

          1480元/月起

",,,,,"['https://image1.ljcdn.com/rent-user-avatar/6b9e3e78-d3ac-4f11-a200-8c9b2bb781b3.1150x.jpg', 'https://s1.ljcdn.com/matrix_lianjia_pc/dist/pc/src/resource/default/1150-450.png?_v=201906280941017d9']",,,,,,,,,,,,,[],22.657599,114.208236
https://sz.lianjia.com/apartment/11794.html,,,职业房东 · 南园村店,"
职业房东 · 南园村店

          1750元/月起

",,,,,"['https://image1.ljcdn.com/rent-user-avatar/ee49efb6-00ac-4f5c-8991-9c0d8c1e2875.1150x.jpg', 'https://s1.ljcdn.com/matrix_lianjia_pc/dist/pc/src/resource/default/1150-450.png?_v=201906280941017d9', 'https://s1.ljcdn.com/matrix_lianjia_pc/dist/pc/src/resource/default/1150-450.png?_v=201906280941017d9']",,,,,,,,,,,,,[],22.52376,113.923599
https://sz.lianjia.com/apartment/8306.html,,,瑞和公寓 · 福永白石厦店,"
瑞和公寓 · 福永白石厦店

          880元/月起

",,,,,"['https://image1.ljcdn.com/rent-user-avatar/b9a5a9f9-8011-4d89-8ab5-fb93d16af9ff.1150x.jpg', 'https://s1.ljcdn.com/matrix_lianjia_pc/dist/pc/src/resource/default/1150-450.png?_v=201906280941017d9', 'https://s1.ljcdn.com/matrix_lianjia_pc/dist/pc/src/resource/default/1150-450.png?_v=201906280941017d9', 'https://s1.ljcdn.com/matrix_lianjia_pc/dist/pc/src/resource/default/1150-450.png?_v=201906280941017d9']",,,,,,,,,,,,,[],22.681103,113.828882
https://sz.lianjia.com/apartment/17158.html,,,青果寓 · 麻布新村店,"
青果寓 · 麻布新村店

          2000元/月起

",,,,,['https://image1.ljcdn.com/rent-user-avatar/a348bf0e-03b3-4c35-bc9a-b93374ab4ca4.1150x.jpg'],,,,,,,,,,,,,[],22.577948,113.875956
https://sz.lianjia.com/apartment/17160.html,,,青果寓 · 轻铁西店,"
青果寓 · 轻铁西店

          1980元/月起

",,,,,['https://image1.ljcdn.com/rent-user-avatar/a643f453-b4f7-4fc0-b597-eb2e5a4daf3f.1150x.jpg'],,,,,,,,,,,,,[],22.576016,113.874966
https://sz.lianjia.com/apartment/14925.html,,,亚丁公寓 · 共和店,"
亚丁公寓 · 共和店

          1380元/月起

",,,,,"['https://image1.ljcdn.com/rent-user-avatar/b42c1bf2-4452-45a4-827a-1d2ff79783dc.1150x.jpg', 'https://s1.ljcdn.com/matrix_lianjia_pc/dist/pc/src/resource/default/1150-450.png?_v=201906280941017d9', 'https://s1.ljcdn.com/matrix_lianjia_pc/dist/pc/src/resource/default/1150-450.png?_v=201906280941017d9', 'https://s1.ljcdn.com/matrix_lianjia_pc/dist/pc/src/resource/default/1150-450.png?_v=201906280941017d9', 'https://s1.ljcdn.com/matrix_lianjia_pc/dist/pc/src/resource/default/1150-450.png?_v=201906280941017d9']",,,,,,,,,,,,,[],22.654555,114.040319
https://sz.lianjia.com/apartment/2292.html,,,初心公寓 · 智加店,"
初心公寓 · 智加店

          1800元/月起

",,,,,"['https://image1.ljcdn.com/rent-user-avatar/56bd5528-e944-4ef2-aaa9-f3753ef95e00.1150x.jpg', 'https://s1.ljcdn.com/matrix_lianjia_pc/dist/pc/src/resource/default/1150-450.png?_v=201906280941017d9', 'https://s1.ljcdn.com/matrix_lianjia_pc/dist/pc/src/resource/default/1150-450.png?_v=201906280941017d9', 'https://s1.ljcdn.com/matrix_lianjia_pc/dist/pc/src/resource/default/1150-450.png?_v=201906280941017d9']",,,,,,,,,,,,,[],22.650627,114.027713
https://sz.lianjia.com/apartment/17812.html,,,万科泊寓 · 坂田山塘排公社,"
万科泊寓 · 坂田山塘排公社

          1548元/月起

",,,,,"['https://image1.ljcdn.com/rent-user-avatar/f8e899cc-04eb-4172-94f3-fc42ae240990.1150x.jpg', 'https://s1.ljcdn.com/matrix_lianjia_pc/dist/pc/src/resource/default/1150-450.png?_v=201906280941017d9']",,,,,,,,,,,,,[],22.644943,114.076857
https://sz.lianjia.com/apartment/8109.html,,,锦荣居 · 新安上川119号店,"
锦荣居 · 新安上川119号店

          1600元/月起

",,,,,"['https://image1.ljcdn.com/rent-user-avatar/b345e6fe-9ddc-4423-9cc3-ceaa9eebcf3a.1150x.jpg', 'https://s1.ljcdn.com/matrix_lianjia_pc/dist/pc/src/resource/default/1150-450.png?_v=201906280941017d9', 'https://s1.ljcdn.com/matrix_lianjia_pc/dist/pc/src/resource/default/1150-450.png?_v=201906280941017d9', 'https://s1.ljcdn.com/matrix_lianjia_pc/dist/pc/src/resource/default/1150-450.png?_v=201906280941017d9', 'https://s1.ljcdn.com/matrix_lianjia_pc/dist/pc/src/resource/default/1150-450.png?_v=201906280941017d9', 'https://s1.ljcdn.com/matrix_lianjia_pc/dist/pc/src/resource/default/1150-450.png?_v=201906280941017d9']",,,,,,,,,,,,,[],22.584214,113.913349
https://sz.lianjia.com/apartment/16707.html,,,职业房东 · 桥头店,"
职业房东 · 桥头店

          890元/月起

",,,,,['https://image1.ljcdn.com/rent-user-avatar/5d81d0ac-f48b-4337-8d4b-36dab905a675.1150x.jpg'],,,,,,,,,,,,,[],22.698372,113.818674
https://sz.lianjia.com/apartment/3146.html,,,Odin微社区 · 布吉店,"
Odin微社区 · 布吉店

          1580元/月起

",,,,,"['https://image1.ljcdn.com/rent-user-avatar/0c280bb1-e58a-45ae-8c7c-27a447a9f0a1.1150x.jpg', 'https://s1.ljcdn.com/matrix_lianjia_pc/dist/pc/src/resource/default/1150-450.png?_v=201906280941017d9', 'https://s1.ljcdn.com/matrix_lianjia_pc/dist/pc/src/resource/default/1150-450.png?_v=201906280941017d9', 'https://s1.ljcdn.com/matrix_lianjia_pc/dist/pc/src/resource/default/1150-450.png?_v=201906280941017d9', 'https://s1.ljcdn.com/matrix_lianjia_pc/dist/pc/src/resource/default/1150-450.png?_v=201906280941017d9', 'https://s1.ljcdn.com/matrix_lianjia_pc/dist/pc/src/resource/default/1150-450.png?_v=201906280941017d9', 'https://s1.ljcdn.com/matrix_lianjia_pc/dist/pc/src/resource/default/1150-450.png?_v=201906280941017d9']",,,,,,,,,,,,,[],22.62471,114.163711
https://sz.lianjia.com/apartment/10343.html,,,桔子青年公寓 · 康乐店,"
桔子青年公寓 · 康乐店

          1100元/月起

",,,,,"['https://image1.ljcdn.com/rent-user-avatar/e30e95cf-bc24-4da1-bd3e-a444e3b93587.1150x.jpg', 'https://s1.ljcdn.com/matrix_lianjia_pc/dist/pc/src/resource/default/1150-450.png?_v=201906280941017d9', 'https://s1.ljcdn.com/matrix_lianjia_pc/dist/pc/src/resource/default/1150-450.png?_v=201906280941017d9', 'https://s1.ljcdn.com/matrix_lianjia_pc/dist/pc/src/resource/default/1150-450.png?_v=201906280941017d9', 'https://s1.ljcdn.com/matrix_lianjia_pc/dist/pc/src/resource/default/1150-450.png?_v=201906280941017d9', 'https://s1.ljcdn.com/matrix_lianjia_pc/dist/pc/src/resource/default/1150-450.png?_v=201906280941017d9', 'https://s1.ljcdn.com/matrix_lianjia_pc/dist/pc/src/resource/default/1150-450.png?_v=201906280941017d9', 'https://s1.ljcdn.com/matrix_lianjia_pc/dist/pc/src/resource/default/1150-450.png?_v=201906280941017d9', 'https://s1.ljcdn.com/matrix_lianjia_pc/dist/pc/src/resource/default/1150-450.png?_v=201906280941017d9']",,,,,,,,,,,,,[],22.650255,114.19636
https://sz.lianjia.com/apartment/3553.html,,,平台认证机构 · 宝汇公寓,"
平台认证机构 · 宝汇公寓

          1100元/月起

",,,,,"['https://image1.ljcdn.com/rent-user-avatar/73444ac2-2c4b-4d65-b7dd-5c519e423adb.1150x.jpg', 'https://s1.ljcdn.com/matrix_lianjia_pc/dist/pc/src/resource/default/1150-450.png?_v=201906280941017d9', 'https://s1.ljcdn.com/matrix_lianjia_pc/dist/pc/src/resource/default/1150-450.png?_v=201906280941017d9', 'https://s1.ljcdn.com/matrix_lianjia_pc/dist/pc/src/resource/default/1150-450.png?_v=201906280941017d9']",,,,,,,,,,,,,[],22.582229,113.892698
https://sz.lianjia.com/apartment/18198.html,,,职业房东 · 坂田国际中心店,"
职业房东 · 坂田国际中心店

          1499元/月起

",,,,,"['https://image1.ljcdn.com/rent-user-avatar/a2cd9566-c3b3-4898-a3f8-8c2a637edd15.1150x.jpg', 'https://s1.ljcdn.com/matrix_lianjia_pc/dist/pc/src/resource/default/1150-450.png?_v=201906280941017d9', 'https://s1.ljcdn.com/matrix_lianjia_pc/dist/pc/src/resource/default/1150-450.png?_v=201906280941017d9', 'https://s1.ljcdn.com/matrix_lianjia_pc/dist/pc/src/resource/default/1150-450.png?_v=201906280941017d9', 'https://s1.ljcdn.com/matrix_lianjia_pc/dist/pc/src/resource/default/1150-450.png?_v=201906280941017d9', 'https://s1.ljcdn.com/matrix_lianjia_pc/dist/pc/src/resource/default/1150-450.png?_v=201906280941017d9', 'https://s1.ljcdn.com/matrix_lianjia_pc/dist/pc/src/resource/default/1150-450.png?_v=201906280941017d9', 'https://s1.ljcdn.com/matrix_lianjia_pc/dist/pc/src/resource/default/1150-450.png?_v=201906280941017d9', 'https://s1.ljcdn.com/matrix_lianjia_pc/dist/pc/src/resource/default/1150-450.png?_v=201906280941017d9', 'https://s1.ljcdn.com/matrix_lianjia_pc/dist/pc/src/resource/default/1150-450.png?_v=201906280941017d9', 'https://s1.ljcdn.com/matrix_lianjia_pc/dist/pc/src/resource/default/1150-450.png?_v=201906280941017d9', 'https://s1.ljcdn.com/matrix_lianjia_pc/dist/pc/src/resource/default/1150-450.png?_v=201906280941017d9', 'https://s1.ljcdn.com/matrix_lianjia_pc/dist/pc/src/resource/default/1150-450.png?_v=201906280941017d9', 'https://s1.ljcdn.com/matrix_lianjia_pc/dist/pc/src/resource/default/1150-450.png?_v=201906280941017d9']",,,,,,,,,,,,,[],22.624644,114.085363
https://sz.lianjia.com/apartment/16876.html,,,暖家公寓 · 暖家公寓B栋,"
暖家公寓 · 暖家公寓B栋

          1980元/月起

",,,,,"['https://image1.ljcdn.com/rent-user-avatar/cba1e2d8-c2ae-4c03-bfa5-5f4b61f472cd.1150x.jpg', 'https://s1.ljcdn.com/matrix_lianjia_pc/dist/pc/src/resource/default/1150-450.png?_v=201906280941017d9', 'https://s1.ljcdn.com/matrix_lianjia_pc/dist/pc/src/resource/default/1150-450.png?_v=201906280941017d9', 'https://s1.ljcdn.com/matrix_lianjia_pc/dist/pc/src/resource/default/1150-450.png?_v=201906280941017d9', 'https://s1.ljcdn.com/matrix_lianjia_pc/dist/pc/src/resource/default/1150-450.png?_v=201906280941017d9', 'https://s1.ljcdn.com/matrix_lianjia_pc/dist/pc/src/resource/default/1150-450.png?_v=201906280941017d9', 'https://s1.ljcdn.com/matrix_lianjia_pc/dist/pc/src/resource/default/1150-450.png?_v=201906280941017d9', 'https://s1.ljcdn.com/matrix_lianjia_pc/dist/pc/src/resource/default/1150-450.png?_v=201906280941017d9', 'https://s1.ljcdn.com/matrix_lianjia_pc/dist/pc/src/resource/default/1150-450.png?_v=201906280941017d9', 'https://s1.ljcdn.com/matrix_lianjia_pc/dist/pc/src/resource/default/1150-450.png?_v=201906280941017d9', 'https://s1.ljcdn.com/matrix_lianjia_pc/dist/pc/src/resource/default/1150-450.png?_v=201906280941017d9', 'https://s1.ljcdn.com/matrix_lianjia_pc/dist/pc/src/resource/default/1150-450.png?_v=201906280941017d9', 'https://s1.ljcdn.com/matrix_lianjia_pc/dist/pc/src/resource/default/1150-450.png?_v=201906280941017d9', 'https://s1.ljcdn.com/matrix_lianjia_pc/dist/pc/src/resource/default/1150-450.png?_v=201906280941017d9', 'https://s1.ljcdn.com/matrix_lianjia_pc/dist/pc/src/resource/default/1150-450.png?_v=201906280941017d9', 'https://s1.ljcdn.com/matrix_lianjia_pc/dist/pc/src/resource/default/1150-450.png?_v=201906280941017d9']",,,,,,,,,,,,,[],22.58738,113.906926
