房源地址,行政区,位置,标题,租金,租赁方式,户型,面积,朝向,图片列表,发布时间,入住时间,租期,看房时间,楼层,电梯,车位,用水,用电,燃气,采暖,标签,station,latitude,longtitude
https://sz.lianjia.com/apartment/16869.html,,,泰鑫商务公寓 · 白石龙总店,"
泰鑫商务公寓 · 白石龙总店

          1444元/月起

",,,,,['https://image1.ljcdn.com/rent-user-avatar/1dfe19e0-b303-4c1e-b6fb-f6871d1b89fa.1150x.jpg'],,,,,,,,,,,,,[],22.610977,114.043659
https://sz.lianjia.com/zufang/SZ2275426925889994752.html,龙岗区,坂田,万科四季花城四期 1室0厅 南/北,1500元/月 ,租赁方式未知,1室0厅0卫,9㎡,朝南 北,"['https://image1.ljcdn.com/440300-inspection/2cbc6022-e3bf-4c8d-b407-622aeda15138.jpg.780x439.jpg', 'https://s1.ljcdn.com/matrix_lianjia_pc/dist/pc/src/resource/default/780-439.png?_v=201906280941017d9', 'https://s1.ljcdn.com/matrix_lianjia_pc/dist/pc/src/resource/default/780-439.png?_v=201906280941017d9', 'https://s1.ljcdn.com/matrix_lianjia_pc/dist/pc/src/resource/default/780-439.png?_v=201906280941017d9', 'https://s1.ljcdn.com/matrix_lianjia_pc/dist/pc/src/resource/default/780-439.png?_v=201906280941017d9', 'https://s1.ljcdn.com/matrix_lianjia_pc/dist/pc/src/resource/default/780-439.png?_v=201906280941017d9', 'https://s1.ljcdn.com/matrix_lianjia_pc/dist/pc/src/resource/default/780-439.png?_v=201906280941017d9']",19天前,随时入住,暂无数据,需提前预约,中楼层/6层,无,暂无数据,民水,民电,有,暂无数据,['近地铁'],"['5号线(环中线) - 五和', '682m']",22.630072,114.062113
https://sz.lianjia.com/zufang/SZ2094900429119815680.html,龙岗区,坂田,佳兆业悦峰 1室1厅 南/北,1700元/月 ,租赁方式未知,1室1厅2卫,85㎡,朝南 北,"['https://image1.ljcdn.com/440300-inspection/41560511-eb7d-4fc4-83d7-8546afd5f5a0.jpg.780x439.jpg', 'https://s1.ljcdn.com/matrix_lianjia_pc/dist/pc/src/resource/default/780-439.png?_v=201906280941017d9', 'https://s1.ljcdn.com/matrix_lianjia_pc/dist/pc/src/resource/default/780-439.png?_v=201906280941017d9', 'https://s1.ljcdn.com/matrix_lianjia_pc/dist/pc/src/resource/default/780-439.png?_v=201906280941017d9', 'https://s1.ljcdn.com/matrix_lianjia_pc/dist/pc/src/resource/default/780-439.png?_v=201906280941017d9', 'https://s1.ljcdn.com/matrix_lianjia_pc/dist/pc/src/resource/default/780-439.png?_v=201906280941017d9']",8个月前,随时入住,暂无数据,暂无数据,低楼层/27层,有,暂无数据,民水,民电,有,暂无数据,['近地铁'],[],22.633567,114.093921
https://sz.lianjia.com/zufang/SZ2281715028837548032.html,龙岗区,布吉街,整租·丽廷豪苑 1室0厅 南/北,1800元/月 ,整租,1室0厅1卫,24㎡,朝南 北,"['https://image1.ljcdn.com/hdic-frame/prod-5066de56-51ac-419e-ae1c-cf9e1a275654.png.780x439.jpg', 'https://s1.ljcdn.com/matrix_lianjia_pc/dist/pc/src/resource/default/780-439.png?_v=201906280941017d9', 'https://s1.ljcdn.com/matrix_lianjia_pc/dist/pc/src/resource/default/780-439.png?_v=201906280941017d9', 'https://s1.ljcdn.com/matrix_lianjia_pc/dist/pc/src/resource/default/780-439.png?_v=201906280941017d9', 'https://s1.ljcdn.com/matrix_lianjia_pc/dist/pc/src/resource/default/780-439.png?_v=201906280941017d9']",11天前,随时入住,1年以内,需提前预约,低楼层/32层,有,暂无数据,民水,民电,有,暂无数据,"['近地铁', '随时看房']","['5号线(环中线) - 长龙', '273m', '5号线(环中线) - 下水径', '1035m']",22.612479,114.119324
https://sz.lianjia.com/apartment/18007.html,,,深圳爱尚家公寓 · 五和地铁站店,"
深圳爱尚家公寓 · 五和地铁站店

          1280元/月起

",,,,,"['https://image1.ljcdn.com/rent-user-avatar/d6366274-d40f-4eeb-a6f4-2189650d8133.1150x.jpg', 'https://s1.ljcdn.com/matrix_lianjia_pc/dist/pc/src/resource/default/1150-450.png?_v=201906280941017d9', 'https://s1.ljcdn.com/matrix_lianjia_pc/dist/pc/src/resource/default/1150-450.png?_v=201906280941017d9']",,,,,,,,,,,,,[],22.633199,114.069
https://sz.lianjia.com/apartment/18263.html,,,Mix-Valley·融寓 · 石厦西村店,"
Mix-Valley·融寓 · 石厦西村店

          1800元/月起

",,,,,"['https://image1.ljcdn.com/rent-user-avatar/1e8e9fe2-9bb3-4ad7-ac9c-cfc797776b3b.1150x.jpg', 'https://s1.ljcdn.com/matrix_lianjia_pc/dist/pc/src/resource/default/1150-450.png?_v=201906280941017d9', 'https://s1.ljcdn.com/matrix_lianjia_pc/dist/pc/src/resource/default/1150-450.png?_v=201906280941017d9', 'https://s1.ljcdn.com/matrix_lianjia_pc/dist/pc/src/resource/default/1150-450.png?_v=201906280941017d9', 'https://s1.ljcdn.com/matrix_lianjia_pc/dist/pc/src/resource/default/1150-450.png?_v=201906280941017d9', 'https://s1.ljcdn.com/matrix_lianjia_pc/dist/pc/src/resource/default/1150-450.png?_v=201906280941017d9', 'https://s1.ljcdn.com/matrix_lianjia_pc/dist/pc/src/resource/default/1150-450.png?_v=201906280941017d9', 'https://s1.ljcdn.com/matrix_lianjia_pc/dist/pc/src/resource/default/1150-450.png?_v=201906280941017d9', 'https://s1.ljcdn.com/matrix_lianjia_pc/dist/pc/src/resource/default/1150-450.png?_v=201906280941017d9', 'https://s1.ljcdn.com/matrix_lianjia_pc/dist/pc/src/resource/default/1150-450.png?_v=201906280941017d9']",,,,,,,,,,,,,[],22.527275,114.056002
https://sz.lianjia.com/zufang/SZ2262076479602950144.html,福田区,园岭,园岭新村 1室0厅 南/北,1800元/月 ,租赁方式未知,1室0厅1卫,12㎡,朝南 北,"['https://image1.ljcdn.com/hdic-frame/13313102-2ff4-4449-b3f8-23fcf5e84d09.png.780x439.jpg', 'https://s1.ljcdn.com/matrix_lianjia_pc/dist/pc/src/resource/default/780-439.png?_v=201906280941017d9', 'https://s1.ljcdn.com/matrix_lianjia_pc/dist/pc/src/resource/default/780-439.png?_v=201906280941017d9', 'https://s1.ljcdn.com/matrix_lianjia_pc/dist/pc/src/resource/default/780-439.png?_v=201906280941017d9', 'https://s1.ljcdn.com/matrix_lianjia_pc/dist/pc/src/resource/default/780-439.png?_v=201906280941017d9']",1个月前,随时入住,暂无数据,需提前预约,低楼层/8层,无,暂无数据,民水,民电,有,暂无数据,"['近地铁', '随时看房']","['3号线(龙岗线),9号线 - 红岭', '3m', '3号线(龙岗线) - 通新岭', '18m', '9号线 - 园岭', '222m', '7号线,9号线 - 红岭北', '891m', '7号线 - 八卦岭', '906m', '2号线(蛇口线) - 燕南', '918m', '3号线(龙岗线),7号线 - 华新', '1007m', '1号线(罗宝线) - 科学馆', '1098m', '9号线 - 红岭南', '1115m', '1号线(罗宝线),2号线(蛇口线) - 大剧院', '1186m']",22.559617,114.107419
https://sz.lianjia.com/zufang/SZ2259961100676374528.html,龙华区,龙华中心,合租·鸿荣源·壹城中心第九区 7居室 南/北卧,1600元/月 ,合租,7室2厅2卫,106㎡,朝南 北,"['https://image1.ljcdn.com/440300-inspection/78c70339-7e21-4418-92d7-ea641a8236e5.jpg.780x439.jpg', 'https://s1.ljcdn.com/matrix_lianjia_pc/dist/pc/src/resource/default/780-439.png?_v=201906280941017d9', 'https://s1.ljcdn.com/matrix_lianjia_pc/dist/pc/src/resource/default/780-439.png?_v=201906280941017d9', 'https://s1.ljcdn.com/matrix_lianjia_pc/dist/pc/src/resource/default/780-439.png?_v=201906280941017d9', 'https://s1.ljcdn.com/matrix_lianjia_pc/dist/pc/src/resource/default/780-439.png?_v=201906280941017d9', 'https://s1.ljcdn.com/matrix_lianjia_pc/dist/pc/src/resource/default/780-439.png?_v=201906280941017d9', 'https://s1.ljcdn.com/matrix_lianjia_pc/dist/pc/src/resource/default/780-439.png?_v=201906280941017d9', 'https://s1.ljcdn.com/matrix_lianjia_pc/dist/pc/src/resource/default/780-439.png?_v=201906280941017d9', 'https://s1.ljcdn.com/matrix_lianjia_pc/dist/pc/src/resource/default/780-439.png?_v=201906280941017d9', 'https://s1.ljcdn.com/matrix_lianjia_pc/dist/pc/src/resource/default/780-439.png?_v=201906280941017d9', 'https://s1.ljcdn.com/matrix_lianjia_pc/dist/pc/src/resource/default/780-439.png?_v=201906280941017d9', 'https://s1.ljcdn.com/matrix_lianjia_pc/dist/pc/src/resource/default/780-439.png?_v=201906280941017d9']",1个月前,随时入住,1年以内,需提前预约,低楼层/48层,有,租用车位,民水,民电,有,暂无数据,"['近地铁', '精装', '随时看房']","['4号线(龙华线) - 龙华', '670m']",22.655875,114.034306
https://sz.lianjia.com/zufang/SZ2239675474177695744.html,龙岗区,坂田,阳明公寓 1室1厅 北,2000元/月 ,租赁方式未知,1室1厅1卫,43㎡,朝北,"['https://image1.ljcdn.com/440300-inspection/5e7750d9-70a3-42b3-8e07-ff82f62bb0ba.jpg.780x439.jpg', 'https://s1.ljcdn.com/matrix_lianjia_pc/dist/pc/src/resource/default/780-439.png?_v=201906280941017d9', 'https://s1.ljcdn.com/matrix_lianjia_pc/dist/pc/src/resource/default/780-439.png?_v=201906280941017d9', 'https://s1.ljcdn.com/matrix_lianjia_pc/dist/pc/src/resource/default/780-439.png?_v=201906280941017d9', 'https://s1.ljcdn.com/matrix_lianjia_pc/dist/pc/src/resource/default/780-439.png?_v=201906280941017d9']",2个月前,随时入住,暂无数据,暂无数据,高楼层/8层,无,暂无数据,民水,民电,有,暂无数据,"['近地铁', '随时看房']","['5号线(环中线) - 五和', '877m']",22.640047,114.06825
https://sz.lianjia.com/apartment/4366.html,,,窝趣轻社区 · 窝趣红山轻社区,"
窝趣轻社区 · 窝趣红山轻社区

          1440元/月起

",,,,,"['https://image1.ljcdn.com/rent-house-1/93e010098a3496c0039a35ff7699957d-1555572810174/017698c9b6a87404207b8cf986891b1b.jpg.1150x.jpg', 'https://s1.ljcdn.com/matrix_lianjia_pc/dist/pc/src/resource/default/1150-450.png?_v=201906280941017d9', 'https://s1.ljcdn.com/matrix_lianjia_pc/dist/pc/src/resource/default/1150-450.png?_v=201906280941017d9', 'https://s1.ljcdn.com/matrix_lianjia_pc/dist/pc/src/resource/default/1150-450.png?_v=201906280941017d9', 'https://s1.ljcdn.com/matrix_lianjia_pc/dist/pc/src/resource/default/1150-450.png?_v=201906280941017d9']",,,,,,,,,,,,,[],22.6309090,114.0316090
https://sz.lianjia.com/apartment/16391.html,,,乐乎城市青年社区 · 乐乎有朋·风景青年公寓,"
乐乎城市青年社区 · 乐乎有朋·风景青年公寓

          900元/月起

",,,,,"['https://image1.ljcdn.com/rent-house-1/492de982d6f30ec08c539e6056309399-1552988643698/d3d0ee62a33e479126b59f9dc5327e87.jpg.1150x.jpg', 'https://s1.ljcdn.com/matrix_lianjia_pc/dist/pc/src/resource/default/1150-450.png?_v=201906280941017d9']",,,,,,,,,,,,,[],22.63644,114.15749
https://sz.lianjia.com/zufang/SZ2246303666258845696.html,罗湖区,莲塘,鹏基公寓 1室0厅 北,1800元/月 ,租赁方式未知,1室0厅1卫,30㎡,朝北,"['https://image1.ljcdn.com/440300-inspection/458b9e33-2621-435d-88ae-5356780380f3.jpg.780x439.jpg', 'https://s1.ljcdn.com/matrix_lianjia_pc/dist/pc/src/resource/default/780-439.png?_v=201906280941017d9', 'https://s1.ljcdn.com/matrix_lianjia_pc/dist/pc/src/resource/default/780-439.png?_v=201906280941017d9', 'https://s1.ljcdn.com/matrix_lianjia_pc/dist/pc/src/resource/default/780-439.png?_v=201906280941017d9', 'https://s1.ljcdn.com/matrix_lianjia_pc/dist/pc/src/resource/default/780-439.png?_v=201906280941017d9']",1个月前,随时入住,暂无数据,需提前预约,中楼层/7层,无,暂无数据,民水,民电,无,暂无数据,['随时看房'],[],22.57187,114.173242
https://sz.lianjia.com/zufang/SZ2206441937538924544.html,福田区,八卦岭,八卦岭宿舍 1室0厅 北,2000元/月 ,租赁方式未知,1室0厅1卫,30㎡,朝北,"['https://image1.ljcdn.com/hdic-frame/f7dde078-4be4-437e-875e-1883fa189034.png.780x439.jpg', 'https://s1.ljcdn.com/matrix_lianjia_pc/dist/pc/src/resource/default/780-439.png?_v=201906280941017d9', 'https://s1.ljcdn.com/matrix_lianjia_pc/dist/pc/src/resource/default/780-439.png?_v=201906280941017d9', 'https://s1.ljcdn.com/matrix_lianjia_pc/dist/pc/src/resource/default/780-439.png?_v=201906280941017d9']",3个月前,随时入住,暂无数据,只能周末看房,高楼层/7层,无,暂无数据,民水,民电,无,暂无数据,['近地铁'],"['7号线,9号线 - 红岭北', '172m', '9号线 - 园岭', '470m', '7号线 - 八卦岭', '609m', '7号线 - 笋岗', '764m', '9号线 - 泥岗', '986m']",22.566662199503,114.10796306524
https://sz.lianjia.com/zufang/SZ2246810865666105344.html,罗湖区,莲塘,鹏基公寓 1室0厅 北,2000元/月 ,租赁方式未知,1室0厅1卫,31㎡,朝北,"['https://image1.ljcdn.com/440300-inspection/372e26f9-7146-47c9-b528-bc4f08aaf15b.jpg.780x439.jpg', 'https://s1.ljcdn.com/matrix_lianjia_pc/dist/pc/src/resource/default/780-439.png?_v=201906280941017d9', 'https://s1.ljcdn.com/matrix_lianjia_pc/dist/pc/src/resource/default/780-439.png?_v=201906280941017d9', 'https://s1.ljcdn.com/matrix_lianjia_pc/dist/pc/src/resource/default/780-439.png?_v=201906280941017d9']",1个月前,随时入住,暂无数据,暂无数据,高楼层/7层,无,暂无数据,民水,民电,无,暂无数据,['随时看房'],[],22.57187,114.173242
https://sz.lianjia.com/apartment/4342.html,,,智派公寓 · 智派公寓（五和熙旺店）,"
智派公寓 · 智派公寓（五和熙旺店）

          1300元/月起

",,,,,"['https://image1.ljcdn.com/rent-user-avatar/8c91dcdd-e4b7-42cc-8c25-a2bd1bf5776f.1150x.jpg', 'https://s1.ljcdn.com/matrix_lianjia_pc/dist/pc/src/resource/default/1150-450.png?_v=201906280941017d9', 'https://s1.ljcdn.com/matrix_lianjia_pc/dist/pc/src/resource/default/1150-450.png?_v=201906280941017d9', 'https://s1.ljcdn.com/matrix_lianjia_pc/dist/pc/src/resource/default/1150-450.png?_v=201906280941017d9', 'https://s1.ljcdn.com/matrix_lianjia_pc/dist/pc/src/resource/default/1150-450.png?_v=201906280941017d9']",,,,,,,,,,,,,[],22.635831,114.06791
https://sz.lianjia.com/apartment/11584.html,,,泰易公寓 · 西丽E区店,"
泰易公寓 · 西丽E区店

          1900元/月起

",,,,,"['https://image1.ljcdn.com/rent-user-avatar/0da2e4f8-d2b9-4a89-a27d-2576ab3cc6bf.1150x.jpg', 'https://s1.ljcdn.com/matrix_lianjia_pc/dist/pc/src/resource/default/1150-450.png?_v=201906280941017d9', 'https://s1.ljcdn.com/matrix_lianjia_pc/dist/pc/src/resource/default/1150-450.png?_v=201906280941017d9', 'https://s1.ljcdn.com/matrix_lianjia_pc/dist/pc/src/resource/default/1150-450.png?_v=201906280941017d9', 'https://s1.ljcdn.com/matrix_lianjia_pc/dist/pc/src/resource/default/1150-450.png?_v=201906280941017d9', 'https://s1.ljcdn.com/matrix_lianjia_pc/dist/pc/src/resource/default/1150-450.png?_v=201906280941017d9']",,,,,,,,,,,,,[],22.591577,113.951356
https://sz.lianjia.com/zufang/SZ2243927396916920320.html,宝安区,西乡,康达尔山海上城 1室0厅 南/西/北,1800元/月 ,租赁方式未知,1室0厅1卫,100㎡,朝南 西 北,"['https://image1.ljcdn.com/hdic-frame/35358859-4547-47a2-86b2-9a8a38b99755.png.780x439.jpg', 'https://s1.ljcdn.com/matrix_lianjia_pc/dist/pc/src/resource/default/780-439.png?_v=201906280941017d9', 'https://s1.ljcdn.com/matrix_lianjia_pc/dist/pc/src/resource/default/780-439.png?_v=201906280941017d9', 'https://s1.ljcdn.com/matrix_lianjia_pc/dist/pc/src/resource/default/780-439.png?_v=201906280941017d9', 'https://s1.ljcdn.com/matrix_lianjia_pc/dist/pc/src/resource/default/780-439.png?_v=201906280941017d9']",2个月前,随时入住,暂无数据,需提前预约,高楼层/31层,有,暂无数据,民水,民电,有,暂无数据,[],[],22.596643,113.860893
https://sz.lianjia.com/zufang/SZ2241856382611488768.html,龙岗区,大运新城,森雅谷润筑园 1室1厅 南/北,2000元/月 ,租赁方式未知,1室1厅1卫,37㎡,朝南 北,"['http://vrlab-image.ljcdn.com/release/auto3dhd/5eae4261a527df8029820f09c3d812d1/screenshot/1557971468_0/pc0_CgWxS8HmC.jpg.q_70.jpg', 'https://s1.ljcdn.com/matrix_lianjia_pc/dist/pc/src/resource/default/780-439.png?_v=201906280941017d9', 'https://s1.ljcdn.com/matrix_lianjia_pc/dist/pc/src/resource/default/780-439.png?_v=201906280941017d9']",1个月前,随时入住,暂无数据,暂无数据,高楼层/16层,有,暂无数据,民水,民电,有,暂无数据,"['近地铁', '随时看房']","['3号线(龙岗线) - 荷坳', '578m', '3号线(龙岗线) - 大运', '1168m']",22.682549954778,114.23453206025
https://sz.lianjia.com/zufang/SZ2232459756013101056.html,龙岗区,布吉街,丽廷豪苑 1室0厅 南/北,1700元/月 ,租赁方式未知,1室0厅1卫,28㎡,朝南 北,"['https://image1.ljcdn.com/hdic-frame/b1644144-17dd-46fa-9aaa-ab788a837661.png.780x439.jpg', 'https://s1.ljcdn.com/matrix_lianjia_pc/dist/pc/src/resource/default/780-439.png?_v=201906280941017d9', 'https://s1.ljcdn.com/matrix_lianjia_pc/dist/pc/src/resource/default/780-439.png?_v=201906280941017d9', 'https://s1.ljcdn.com/matrix_lianjia_pc/dist/pc/src/resource/default/780-439.png?_v=201906280941017d9', 'https://s1.ljcdn.com/matrix_lianjia_pc/dist/pc/src/resource/default/780-439.png?_v=201906280941017d9', 'https://s1.ljcdn.com/matrix_lianjia_pc/dist/pc/src/resource/default/780-439.png?_v=201906280941017d9']",2个月前,随时入住,暂无数据,需提前预约,中楼层/32层,有,暂无数据,民水,民电,有,暂无数据,['近地铁'],"['5号线(环中线) - 长龙', '273m', '5号线(环中线) - 下水径', '1035m']",22.612479,114.119324
https://sz.lianjia.com/apartment/18418.html,,,E·壹邸公寓 · 坂田店,"
E·壹邸公寓 · 坂田店

          1680元/月起

",,,,,['https://image1.ljcdn.com/rent-user-avatar/4cd7ee4c-ef9e-4414-a233-e018c7a13491.1150x.jpg'],,,,,,,,,,,,,[],22.65037,114.071205
https://sz.lianjia.com/apartment/6807.html,,,魔方公寓 · 深圳坂田杨美店,"
魔方公寓 · 深圳坂田杨美店

          2000元/月起

",,,,,"['https://image1.ljcdn.com/rent-house-1/068cab695e5a3b3b6e6c4ee2ff47271f-1552383373010/5c167ae17bc6dd32a69caf4cb3d02fcb.jpg.1150x.jpg', 'https://s1.ljcdn.com/matrix_lianjia_pc/dist/pc/src/resource/default/1150-450.png?_v=201906280941017d9', 'https://s1.ljcdn.com/matrix_lianjia_pc/dist/pc/src/resource/default/1150-450.png?_v=201906280941017d9', 'https://s1.ljcdn.com/matrix_lianjia_pc/dist/pc/src/resource/default/1150-450.png?_v=201906280941017d9', 'https://s1.ljcdn.com/matrix_lianjia_pc/dist/pc/src/resource/default/1150-450.png?_v=201906280941017d9', 'https://s1.ljcdn.com/matrix_lianjia_pc/dist/pc/src/resource/default/1150-450.png?_v=201906280941017d9']",,,,,,,,,,,,,[],22.625808,114.083041
https://sz.lianjia.com/zufang/SZ2261377208385798144.html,龙岗区,布吉水径,整租·丽湖花园一期 1室1厅 北,2000元/月 (月付价),整租,1室1厅1卫,42㎡,朝北,"['https://image1.ljcdn.com/440300-inspection/491adf42-6a5a-47b8-a62c-3bae6a626b3d.jpg.780x439.jpg', 'https://s1.ljcdn.com/matrix_lianjia_pc/dist/pc/src/resource/default/780-439.png?_v=201906280941017d9', 'https://s1.ljcdn.com/matrix_lianjia_pc/dist/pc/src/resource/default/780-439.png?_v=201906280941017d9', 'https://s1.ljcdn.com/matrix_lianjia_pc/dist/pc/src/resource/default/780-439.png?_v=201906280941017d9', 'https://s1.ljcdn.com/matrix_lianjia_pc/dist/pc/src/resource/default/780-439.png?_v=201906280941017d9']",1个月前,随时入住,1年以内,需提前预约,高楼层/8层,无,暂无数据,民水,民电,有,暂无数据,"['近地铁', '随时看房']","['5号线(环中线) - 上水径', '1028m']",22.635144,114.114606
https://sz.lianjia.com/zufang/SZ2246983494486474752.html,罗湖区,莲塘,鹏基公寓 1室0厅 北,1800元/月 ,租赁方式未知,1室0厅1卫,33㎡,朝北,"['https://image1.ljcdn.com/440300-inspection/46456885-3d16-43a9-9b2f-5bde40ee0464.jpg.780x439.jpg', 'https://s1.ljcdn.com/matrix_lianjia_pc/dist/pc/src/resource/default/780-439.png?_v=201906280941017d9', 'https://s1.ljcdn.com/matrix_lianjia_pc/dist/pc/src/resource/default/780-439.png?_v=201906280941017d9', 'https://s1.ljcdn.com/matrix_lianjia_pc/dist/pc/src/resource/default/780-439.png?_v=201906280941017d9', 'https://s1.ljcdn.com/matrix_lianjia_pc/dist/pc/src/resource/default/780-439.png?_v=201906280941017d9', 'https://s1.ljcdn.com/matrix_lianjia_pc/dist/pc/src/resource/default/780-439.png?_v=201906280941017d9']",1个月前,随时入住,暂无数据,需提前预约,高楼层/7层,无,暂无数据,民水,民电,无,暂无数据,['随时看房'],[],22.57187,114.173242
https://sz.lianjia.com/zufang/SZ2269269961111511040.html,罗湖区,清水河,旭飞华天苑 1室0厅 北,1600元/月 ,租赁方式未知,1室0厅1卫,15㎡,朝北,"['https://image1.ljcdn.com/hdic-frame/0d58d9a7-5ca4-4483-91d5-b1a232aa1f73.png.780x439.jpg', 'https://s1.ljcdn.com/matrix_lianjia_pc/dist/pc/src/resource/default/780-439.png?_v=201906280941017d9', 'https://s1.ljcdn.com/matrix_lianjia_pc/dist/pc/src/resource/default/780-439.png?_v=201906280941017d9', 'https://s1.ljcdn.com/matrix_lianjia_pc/dist/pc/src/resource/default/780-439.png?_v=201906280941017d9', 'https://s1.ljcdn.com/matrix_lianjia_pc/dist/pc/src/resource/default/780-439.png?_v=201906280941017d9']",19天前,随时入住,暂无数据,需提前预约,低楼层/33层,有,暂无数据,民水,民电,有,暂无数据,['随时看房'],"['7号线 - 笋岗', '1173m']",22.576183309191,114.11328881991
https://sz.lianjia.com/apartment/18785.html,,,华洲公寓 · 清湖店,"
华洲公寓 · 清湖店

          1400元/月起

",,,,,"['https://image1.ljcdn.com/rent-user-avatar/afe0e69b-484b-499c-ac40-f2ed379d340c.1150x.jpg', 'https://s1.ljcdn.com/matrix_lianjia_pc/dist/pc/src/resource/default/1150-450.png?_v=201906280941017d9', 'https://s1.ljcdn.com/matrix_lianjia_pc/dist/pc/src/resource/default/1150-450.png?_v=201906280941017d9', 'https://s1.ljcdn.com/matrix_lianjia_pc/dist/pc/src/resource/default/1150-450.png?_v=201906280941017d9']",,,,,,,,,,,,,[],22.676308,114.041888
https://sz.lianjia.com/apartment/4366.html,,,窝趣轻社区 · 窝趣红山轻社区,"
窝趣轻社区 · 窝趣红山轻社区

          1440元/月起

",,,,,"['https://image1.ljcdn.com/rent-house-1/93e010098a3496c0039a35ff7699957d-1555572810174/017698c9b6a87404207b8cf986891b1b.jpg.1150x.jpg', 'https://s1.ljcdn.com/matrix_lianjia_pc/dist/pc/src/resource/default/1150-450.png?_v=201906280941017d9', 'https://s1.ljcdn.com/matrix_lianjia_pc/dist/pc/src/resource/default/1150-450.png?_v=201906280941017d9', 'https://s1.ljcdn.com/matrix_lianjia_pc/dist/pc/src/resource/default/1150-450.png?_v=201906280941017d9', 'https://s1.ljcdn.com/matrix_lianjia_pc/dist/pc/src/resource/default/1150-450.png?_v=201906280941017d9']",,,,,,,,,,,,,[],22.6309090,114.0316090
https://sz.lianjia.com/zufang/SZ2253662306472820736.html,罗湖区,清水河,整租·旭飞华天苑 1室0厅 北,2000元/月 (月付价),整租,1室0厅1卫,16㎡,朝北,"['https://image1.ljcdn.com/hdic-frame/6685d1d9-b81a-4e2c-b507-bf3426e2867c.png.780x439.jpg', 'https://s1.ljcdn.com/matrix_lianjia_pc/dist/pc/src/resource/default/780-439.png?_v=201906280941017d9', 'https://s1.ljcdn.com/matrix_lianjia_pc/dist/pc/src/resource/default/780-439.png?_v=201906280941017d9', 'https://s1.ljcdn.com/matrix_lianjia_pc/dist/pc/src/resource/default/780-439.png?_v=201906280941017d9', 'https://s1.ljcdn.com/matrix_lianjia_pc/dist/pc/src/resource/default/780-439.png?_v=201906280941017d9', 'https://s1.ljcdn.com/matrix_lianjia_pc/dist/pc/src/resource/default/780-439.png?_v=201906280941017d9']",1个月前,随时入住,1年以内,需提前预约,高楼层/33层,有,暂无数据,民水,民电,有,暂无数据,[],"['7号线 - 笋岗', '1173m']",22.576183309191,114.11328881991
https://sz.lianjia.com/zufang/SZ2288319033600385024.html,龙华区,观澜,华盛观荟 1室0厅 南/北,1800元/月 ,租赁方式未知,1室0厅1卫,34㎡,朝南 北,"['https://image1.ljcdn.com/440300-inspection/38c708b7-138b-4dde-873b-0dd0eaca15bd.jpg.780x439.jpg', 'https://s1.ljcdn.com/matrix_lianjia_pc/dist/pc/src/resource/default/780-439.png?_v=201906280941017d9', 'https://s1.ljcdn.com/matrix_lianjia_pc/dist/pc/src/resource/default/780-439.png?_v=201906280941017d9']",1天前,随时入住,暂无数据,需提前预约,高楼层/36层,有,暂无数据,民水,民电,有,暂无数据,['新上'],[],22.717521,114.047962
https://sz.lianjia.com/zufang/SZ2254288085691146240.html,龙岗区,龙岗中心城,招商依山郡 1室0厅 南/北,1900元/月 ,租赁方式未知,1室0厅1卫,41㎡,朝南 北,"['https://image1.ljcdn.com/hdic-frame/test-f13ace3d-448e-48c2-991c-4c3a5d13f439.png.780x439.jpg', 'https://s1.ljcdn.com/matrix_lianjia_pc/dist/pc/src/resource/default/780-439.png?_v=201906280941017d9', 'https://s1.ljcdn.com/matrix_lianjia_pc/dist/pc/src/resource/default/780-439.png?_v=201906280941017d9', 'https://s1.ljcdn.com/matrix_lianjia_pc/dist/pc/src/resource/default/780-439.png?_v=201906280941017d9', 'https://s1.ljcdn.com/matrix_lianjia_pc/dist/pc/src/resource/default/780-439.png?_v=201906280941017d9', 'https://s1.ljcdn.com/matrix_lianjia_pc/dist/pc/src/resource/default/780-439.png?_v=201906280941017d9']",1个月前,随时入住,暂无数据,需提前预约,低楼层/16层,有,暂无数据,民水,民电,有,暂无数据,[],[],22.734888,114.225089
https://sz.lianjia.com/zufang/SZ2215592174799044608.html,龙岗区,龙岗中心城,招商依山郡 1室0厅 南/北,2000元/月 ,租赁方式未知,1室0厅1卫,42㎡,朝南 北,"['https://image1.ljcdn.com/hdic-frame/70fdf17a-4f2c-4b98-a438-14e0c2bfd9b1.png.780x439.jpg', 'https://s1.ljcdn.com/matrix_lianjia_pc/dist/pc/src/resource/default/780-439.png?_v=201906280941017d9', 'https://s1.ljcdn.com/matrix_lianjia_pc/dist/pc/src/resource/default/780-439.png?_v=201906280941017d9', 'https://s1.ljcdn.com/matrix_lianjia_pc/dist/pc/src/resource/default/780-439.png?_v=201906280941017d9', 'https://s1.ljcdn.com/matrix_lianjia_pc/dist/pc/src/resource/default/780-439.png?_v=201906280941017d9']",3个月前,随时入住,暂无数据,需提前预约,中楼层/16层,有,暂无数据,民水,民电,有,暂无数据,['随时看房'],[],22.734888,114.225089
