房源地址,行政区,位置,标题,租金,租赁方式,户型,面积,朝向,图片列表,发布时间,入住时间,租期,看房时间,楼层,电梯,车位,用水,用电,燃气,采暖,标签,station,latitude,longtitude
https://sz.lianjia.com/zufang/SZ2209173262389485568.html,南山区,科技园,整租·华润城润府一期 3室2厅 东北,23000元/月 (月付价),整租,3室2厅2卫,132㎡,朝东北,"['https://image1.ljcdn.com/rent-user-avatar/7521fba3-9d5e-41eb-8b2d-f2020097842a.780x439.jpg', 'https://s1.ljcdn.com/matrix_lianjia_pc/dist/pc/src/resource/default/780-439.png?_v=2019062712185388b', 'https://s1.ljcdn.com/matrix_lianjia_pc/dist/pc/src/resource/default/780-439.png?_v=2019062712185388b', 'https://s1.ljcdn.com/matrix_lianjia_pc/dist/pc/src/resource/default/780-439.png?_v=2019062712185388b', 'https://s1.ljcdn.com/matrix_lianjia_pc/dist/pc/src/resource/default/780-439.png?_v=2019062712185388b', 'https://s1.ljcdn.com/matrix_lianjia_pc/dist/pc/src/resource/default/780-439.png?_v=2019062712185388b', 'https://s1.ljcdn.com/matrix_lianjia_pc/dist/pc/src/resource/default/780-439.png?_v=2019062712185388b', 'https://s1.ljcdn.com/matrix_lianjia_pc/dist/pc/src/resource/default/780-439.png?_v=2019062712185388b', 'https://s1.ljcdn.com/matrix_lianjia_pc/dist/pc/src/resource/default/780-439.png?_v=2019062712185388b']",3个月前,随时入住,1年,随时可看,9/58层,有,暂无数据,民水,民电,有,暂无数据,"['公寓', '近地铁', '精装', '双卫生间', '随时看房']","['1号线(罗宝线) - 高新园', '373m']",22.553981,113.9611
https://sz.lianjia.com/zufang/SZ2286666667364982784.html,南山区,后海,漾日湾畔 2室1厅 北/东北,9800元/月 ,租赁方式未知,2室1厅1卫,77㎡,朝北 东北,"['https://image1.ljcdn.com/440300-inspection/3f395079-768b-4425-866c-eafe1a89512d.jpg.780x439.jpg', 'https://s1.ljcdn.com/matrix_lianjia_pc/dist/pc/src/resource/default/780-439.png?_v=2019062712185388b', 'https://s1.ljcdn.com/matrix_lianjia_pc/dist/pc/src/resource/default/780-439.png?_v=2019062712185388b', 'https://s1.ljcdn.com/matrix_lianjia_pc/dist/pc/src/resource/default/780-439.png?_v=2019062712185388b', 'https://s1.ljcdn.com/matrix_lianjia_pc/dist/pc/src/resource/default/780-439.png?_v=2019062712185388b', 'https://s1.ljcdn.com/matrix_lianjia_pc/dist/pc/src/resource/default/780-439.png?_v=2019062712185388b', 'https://s1.ljcdn.com/matrix_lianjia_pc/dist/pc/src/resource/default/780-439.png?_v=2019062712185388b', 'https://s1.ljcdn.com/matrix_lianjia_pc/dist/pc/src/resource/default/780-439.png?_v=2019062712185388b', 'https://s1.ljcdn.com/matrix_lianjia_pc/dist/pc/src/resource/default/780-439.png?_v=2019062712185388b']",2天前,2019-07-01,暂无数据,暂无数据,中楼层/34层,有,暂无数据,民水,民电,有,暂无数据,"['近地铁', '新上']","['2号线(蛇口线),11号线 - 后海', '219m']",22.525248048744,113.9451676817
https://sz.lianjia.com/zufang/SZ2287783255464230912.html,宝安区,宝安中心,佳华名苑 3室2厅 东北,8200元/月 ,租赁方式未知,3室2厅1卫,82㎡,朝东北,"['https://image1.ljcdn.com/440300-inspection/4efd6c1d-2e12-4a72-8bb7-db28f359fa96.jpg.780x439.jpg', 'https://s1.ljcdn.com/matrix_lianjia_pc/dist/pc/src/resource/default/780-439.png?_v=2019062712185388b', 'https://s1.ljcdn.com/matrix_lianjia_pc/dist/pc/src/resource/default/780-439.png?_v=2019062712185388b', 'https://s1.ljcdn.com/matrix_lianjia_pc/dist/pc/src/resource/default/780-439.png?_v=2019062712185388b', 'https://s1.ljcdn.com/matrix_lianjia_pc/dist/pc/src/resource/default/780-439.png?_v=2019062712185388b', 'https://s1.ljcdn.com/matrix_lianjia_pc/dist/pc/src/resource/default/780-439.png?_v=2019062712185388b', 'https://s1.ljcdn.com/matrix_lianjia_pc/dist/pc/src/resource/default/780-439.png?_v=2019062712185388b', 'https://s1.ljcdn.com/matrix_lianjia_pc/dist/pc/src/resource/default/780-439.png?_v=2019062712185388b']",1天前,2019-07-15,暂无数据,需提前预约,中楼层/18层,有,暂无数据,民水,民电,有,暂无数据,"['近地铁', '新上']","['1号线(罗宝线) - 宝体', '528m', '1号线(罗宝线) - 坪洲', '862m']",22.570208,113.884324
https://sz.lianjia.com/zufang/SZ2287665299002507264.html,福田区,石厦,合正佳园 2室2厅 东北,8500元/月 ,租赁方式未知,2室2厅1卫,133㎡,朝东北,"['https://image1.ljcdn.com/440300-inspection/6a8309e2-73af-4b2a-aa26-5a17f93b31d7.jpg.780x439.jpg', 'https://s1.ljcdn.com/matrix_lianjia_pc/dist/pc/src/resource/default/780-439.png?_v=2019062712185388b', 'https://s1.ljcdn.com/matrix_lianjia_pc/dist/pc/src/resource/default/780-439.png?_v=2019062712185388b', 'https://s1.ljcdn.com/matrix_lianjia_pc/dist/pc/src/resource/default/780-439.png?_v=2019062712185388b', 'https://s1.ljcdn.com/matrix_lianjia_pc/dist/pc/src/resource/default/780-439.png?_v=2019062712185388b', 'https://s1.ljcdn.com/matrix_lianjia_pc/dist/pc/src/resource/default/780-439.png?_v=2019062712185388b', 'https://s1.ljcdn.com/matrix_lianjia_pc/dist/pc/src/resource/default/780-439.png?_v=2019062712185388b']",1天前,随时入住,暂无数据,需提前预约,高楼层/25层,有,暂无数据,民水,民电,有,暂无数据,"['近地铁', '新上', '随时看房']","['3号线(龙岗线),7号线 - 石厦', '286m', '7号线 - 皇岗村', '465m', '4号线(龙华线),7号线 - 福民', '1149m']",22.531523643224,114.06261198111
https://sz.lianjia.com/zufang/SZ2278832896007471104.html,南山区,前海,整租·星海名城二期八组团 3室2厅 东北,11000元/月 (月付价),整租,3室2厅2卫,111㎡,朝 东北,"['https://image1.ljcdn.com/rent-user-avatar/259ac533-faa8-4b26-8f27-a852ee937fed.780x439.jpg', 'https://s1.ljcdn.com/matrix_lianjia_pc/dist/pc/src/resource/default/780-439.png?_v=2019062712185388b', 'https://s1.ljcdn.com/matrix_lianjia_pc/dist/pc/src/resource/default/780-439.png?_v=2019062712185388b', 'https://s1.ljcdn.com/matrix_lianjia_pc/dist/pc/src/resource/default/780-439.png?_v=2019062712185388b', 'https://s1.ljcdn.com/matrix_lianjia_pc/dist/pc/src/resource/default/780-439.png?_v=2019062712185388b', 'https://s1.ljcdn.com/matrix_lianjia_pc/dist/pc/src/resource/default/780-439.png?_v=2019062712185388b', 'https://s1.ljcdn.com/matrix_lianjia_pc/dist/pc/src/resource/default/780-439.png?_v=2019062712185388b']",14天前,随时入住,1~3年,随时可看,11/18层,有,暂无数据,民水,民电,有,暂无数据,"['近地铁', '精装', '双卫生间', '随时看房']","['1号线(罗宝线) - 大新', '672m']",22.545059148677,113.92036799364
https://sz.lianjia.com/zufang/SZ2278363293796278272.html,南山区,蛇口,整租·半山海景兰溪谷国际公寓 2室1厅 东北,14000元/月 (月付价),整租,2室1厅1卫,88㎡,朝 东北,"['https://image1.ljcdn.com/rent-user-avatar/235db45b-ff95-49fc-8e05-02dc7aecf0b8.780x439.jpg', 'https://s1.ljcdn.com/matrix_lianjia_pc/dist/pc/src/resource/default/780-439.png?_v=2019062712185388b', 'https://s1.ljcdn.com/matrix_lianjia_pc/dist/pc/src/resource/default/780-439.png?_v=2019062712185388b', 'https://s1.ljcdn.com/matrix_lianjia_pc/dist/pc/src/resource/default/780-439.png?_v=2019062712185388b', 'https://s1.ljcdn.com/matrix_lianjia_pc/dist/pc/src/resource/default/780-439.png?_v=2019062712185388b', 'https://s1.ljcdn.com/matrix_lianjia_pc/dist/pc/src/resource/default/780-439.png?_v=2019062712185388b']",14天前,随时入住,1~3年,随时可看,11/31层,有,暂无数据,民水,民电,有,暂无数据,"['近地铁', '精装', '随时看房']","['2号线(蛇口线) - 海上世界', '444m', '2号线(蛇口线) - 水湾', '686m']",22.494353,113.921236
https://sz.lianjia.com/zufang/SZ2260813164851494912.html,福田区,梅林,翰岭院 3室2厅 东北,8000元/月 ,租赁方式未知,3室2厅1卫,85㎡,朝东北,"['https://image1.ljcdn.com/440300-inspection/f137dc28-4ee9-4704-a0b5-f8c3f1d61cf6.jpg.780x439.jpg', 'https://s1.ljcdn.com/matrix_lianjia_pc/dist/pc/src/resource/default/780-439.png?_v=2019062712185388b', 'https://s1.ljcdn.com/matrix_lianjia_pc/dist/pc/src/resource/default/780-439.png?_v=2019062712185388b', 'https://s1.ljcdn.com/matrix_lianjia_pc/dist/pc/src/resource/default/780-439.png?_v=2019062712185388b', 'https://s1.ljcdn.com/matrix_lianjia_pc/dist/pc/src/resource/default/780-439.png?_v=2019062712185388b', 'https://s1.ljcdn.com/matrix_lianjia_pc/dist/pc/src/resource/default/780-439.png?_v=2019062712185388b', 'https://s1.ljcdn.com/matrix_lianjia_pc/dist/pc/src/resource/default/780-439.png?_v=2019062712185388b', 'https://s1.ljcdn.com/matrix_lianjia_pc/dist/pc/src/resource/default/780-439.png?_v=2019062712185388b', 'https://s1.ljcdn.com/matrix_lianjia_pc/dist/pc/src/resource/default/780-439.png?_v=2019062712185388b']",1个月前,随时入住,暂无数据,需提前预约,高楼层/17层,有,暂无数据,民水,民电,有,暂无数据,['近地铁'],"['9号线 - 孖岭', '344m', '4号线(龙华线),9号线 - 上梅林', '898m']",22.577886930098,114.07535194494
https://sz.lianjia.com/zufang/SZ2260948403926614016.html,福田区,皇岗,整租·皇御苑二期 3室2厅 东北,13500元/月 (月付价),整租,3室2厅2卫,113㎡,朝东北,['https://image1.ljcdn.com/hdic-frame/prod-04bb8690-17ae-48b3-9c58-66c294a2d482.png.780x439.jpg'],1个月前,随时入住,1年以内,需提前预约,中楼层/33层,有,暂无数据,民水,民电,有,暂无数据,"['近地铁', '精装', '双卫生间']","['7号线 - 皇岗口岸', '752m']",22.531725,114.08287
https://sz.lianjia.com/zufang/SZ2263783397803696128.html,南山区,科技园,整租·阳光粤海 2室1厅 北/东北,9500元/月 (月付价),整租,2室1厅1卫,74㎡,朝北 东北,"['https://image1.ljcdn.com/rent-user-avatar/1d10cc60-2692-4036-986b-3dad5bf045b6.780x439.jpg', 'https://s1.ljcdn.com/matrix_lianjia_pc/dist/pc/src/resource/default/780-439.png?_v=2019062712185388b', 'https://s1.ljcdn.com/matrix_lianjia_pc/dist/pc/src/resource/default/780-439.png?_v=2019062712185388b', 'https://s1.ljcdn.com/matrix_lianjia_pc/dist/pc/src/resource/default/780-439.png?_v=2019062712185388b', 'https://s1.ljcdn.com/matrix_lianjia_pc/dist/pc/src/resource/default/780-439.png?_v=2019062712185388b', 'https://s1.ljcdn.com/matrix_lianjia_pc/dist/pc/src/resource/default/780-439.png?_v=2019062712185388b']",1个月前,随时入住,1~2年,随时可看,34/37层,暂无数据,暂无数据,民水,民电,有,暂无数据,"['精装', '随时看房']",[],22.53903,113.947
https://sz.lianjia.com/zufang/SZ2260802863070715904.html,宝安区,新安,整租·中洲中央公寓 3室1厅 东北,20000元/月 (月付价),整租,3室1厅2卫,164㎡,朝东北,"['https://image1.ljcdn.com/440300-inspection/prod-3075c86b-de9d-47eb-adb3-72ced803c4a6.jpg.780x439.jpg', 'https://s1.ljcdn.com/matrix_lianjia_pc/dist/pc/src/resource/default/780-439.png?_v=2019062712185388b', 'https://s1.ljcdn.com/matrix_lianjia_pc/dist/pc/src/resource/default/780-439.png?_v=2019062712185388b', 'https://s1.ljcdn.com/matrix_lianjia_pc/dist/pc/src/resource/default/780-439.png?_v=2019062712185388b', 'https://s1.ljcdn.com/matrix_lianjia_pc/dist/pc/src/resource/default/780-439.png?_v=2019062712185388b', 'https://s1.ljcdn.com/matrix_lianjia_pc/dist/pc/src/resource/default/780-439.png?_v=2019062712185388b', 'https://s1.ljcdn.com/matrix_lianjia_pc/dist/pc/src/resource/default/780-439.png?_v=2019062712185388b', 'https://s1.ljcdn.com/matrix_lianjia_pc/dist/pc/src/resource/default/780-439.png?_v=2019062712185388b']",1个月前,随时入住,1年以内,需提前预约,中楼层/37层,有,租用车位,暂无数据,暂无数据,有,暂无数据,"['近地铁', '精装', '双卫生间']","['5号线(环中线) - 灵芝', '424m', '5号线(环中线) - 洪浪北', '428m']",22.578385,113.912747
https://sz.lianjia.com/zufang/SZ2285214515325321216.html,福田区,莲花,天威花园 3室2厅 东北,8500元/月 ,租赁方式未知,3室2厅1卫,97㎡,朝东北,"['https://image1.ljcdn.com/440300-inspection/b7baeb72-e13f-4269-b245-a22cdec0553f.jpg.780x439.jpg', 'https://s1.ljcdn.com/matrix_lianjia_pc/dist/pc/src/resource/default/780-439.png?_v=2019062712185388b', 'https://s1.ljcdn.com/matrix_lianjia_pc/dist/pc/src/resource/default/780-439.png?_v=2019062712185388b', 'https://s1.ljcdn.com/matrix_lianjia_pc/dist/pc/src/resource/default/780-439.png?_v=2019062712185388b', 'https://s1.ljcdn.com/matrix_lianjia_pc/dist/pc/src/resource/default/780-439.png?_v=2019062712185388b', 'https://s1.ljcdn.com/matrix_lianjia_pc/dist/pc/src/resource/default/780-439.png?_v=2019062712185388b', 'https://s1.ljcdn.com/matrix_lianjia_pc/dist/pc/src/resource/default/780-439.png?_v=2019062712185388b', 'https://s1.ljcdn.com/matrix_lianjia_pc/dist/pc/src/resource/default/780-439.png?_v=2019062712185388b']",5天前,2019-07-10,暂无数据,需提前预约,中楼层/23层,有,暂无数据,民水,民电,有,暂无数据,"['近地铁', '新上']","['4号线(龙华线) - 莲花北', '864m']",22.563818,114.072444
https://sz.lianjia.com/zufang/SZ2193359543306551296.html,南山区,南山中心,海印长城 4室1厅 东北,12600元/月 ,租赁方式未知,4室1厅2卫,123㎡,朝东北,"['http://vrlab-image.ljcdn.com/release/auto3dhd/bf2c560939e6a1f359da2d46698076e6/screenshot/1545100558_0/pc0_oGkBYUv5E.jpg.q_70.jpg', 'https://s1.ljcdn.com/matrix_lianjia_pc/dist/pc/src/resource/default/780-439.png?_v=2019062712185388b', 'https://s1.ljcdn.com/matrix_lianjia_pc/dist/pc/src/resource/default/780-439.png?_v=2019062712185388b', 'https://s1.ljcdn.com/matrix_lianjia_pc/dist/pc/src/resource/default/780-439.png?_v=2019062712185388b', 'https://s1.ljcdn.com/matrix_lianjia_pc/dist/pc/src/resource/default/780-439.png?_v=2019062712185388b', 'https://s1.ljcdn.com/matrix_lianjia_pc/dist/pc/src/resource/default/780-439.png?_v=2019062712185388b', 'https://s1.ljcdn.com/matrix_lianjia_pc/dist/pc/src/resource/default/780-439.png?_v=2019062712185388b', 'https://s1.ljcdn.com/matrix_lianjia_pc/dist/pc/src/resource/default/780-439.png?_v=2019062712185388b', 'https://s1.ljcdn.com/matrix_lianjia_pc/dist/pc/src/resource/default/780-439.png?_v=2019062712185388b', 'https://s1.ljcdn.com/matrix_lianjia_pc/dist/pc/src/resource/default/780-439.png?_v=2019062712185388b']",4个月前,随时入住,暂无数据,需提前预约,高楼层/17层,有,暂无数据,民水,民电,有,暂无数据,['随时看房'],"['2号线(蛇口线),11号线 - 后海', '886m', '11号线 - 南山', '967m']",22.523588273338,113.93782982318
https://sz.lianjia.com/zufang/SZ2256248367351078912.html,福田区,车公庙,整租·天安高尔夫花园 2室2厅 东北,11500元/月 (月付价),整租,2室2厅2卫,123㎡,朝东北,"['https://image1.ljcdn.com/rent-user-avatar/2f17a73a-8725-4e0e-bd78-f07c04b27eee.780x439.jpg', 'https://s1.ljcdn.com/matrix_lianjia_pc/dist/pc/src/resource/default/780-439.png?_v=2019062712185388b', 'https://s1.ljcdn.com/matrix_lianjia_pc/dist/pc/src/resource/default/780-439.png?_v=2019062712185388b', 'https://s1.ljcdn.com/matrix_lianjia_pc/dist/pc/src/resource/default/780-439.png?_v=2019062712185388b', 'https://s1.ljcdn.com/matrix_lianjia_pc/dist/pc/src/resource/default/780-439.png?_v=2019062712185388b', 'https://s1.ljcdn.com/matrix_lianjia_pc/dist/pc/src/resource/default/780-439.png?_v=2019062712185388b', 'https://s1.ljcdn.com/matrix_lianjia_pc/dist/pc/src/resource/default/780-439.png?_v=2019062712185388b', 'https://s1.ljcdn.com/matrix_lianjia_pc/dist/pc/src/resource/default/780-439.png?_v=2019062712185388b', 'https://s1.ljcdn.com/matrix_lianjia_pc/dist/pc/src/resource/default/780-439.png?_v=2019062712185388b']",1个月前,随时入住,1~2年,随时可看,15/19层,暂无数据,暂无数据,暂无数据,暂无数据,暂无数据,暂无数据,"['近地铁', '精装', '双卫生间', '随时看房']","['7号线 - 上沙', '838m', '1号线(罗宝线) - 香蜜湖', '879m', '9号线 - 下沙', '952m']",22.538942495253,114.03926656198
https://sz.lianjia.com/zufang/SZ2261535721578045440.html,福田区,竹子林,整租·锦庐花园 3室2厅 东北,15000元/月 (月付价),整租,3室2厅2卫,87㎡,朝 东北,"['https://image1.ljcdn.com/rent-user-avatar/1aedbbb8-b3c9-4028-a6e0-64116f06dad3.780x439.jpg', 'https://s1.ljcdn.com/matrix_lianjia_pc/dist/pc/src/resource/default/780-439.png?_v=2019062712185388b', 'https://s1.ljcdn.com/matrix_lianjia_pc/dist/pc/src/resource/default/780-439.png?_v=2019062712185388b', 'https://s1.ljcdn.com/matrix_lianjia_pc/dist/pc/src/resource/default/780-439.png?_v=2019062712185388b', 'https://s1.ljcdn.com/matrix_lianjia_pc/dist/pc/src/resource/default/780-439.png?_v=2019062712185388b', 'https://s1.ljcdn.com/matrix_lianjia_pc/dist/pc/src/resource/default/780-439.png?_v=2019062712185388b', 'https://s1.ljcdn.com/matrix_lianjia_pc/dist/pc/src/resource/default/780-439.png?_v=2019062712185388b', 'https://s1.ljcdn.com/matrix_lianjia_pc/dist/pc/src/resource/default/780-439.png?_v=2019062712185388b', 'https://s1.ljcdn.com/matrix_lianjia_pc/dist/pc/src/resource/default/780-439.png?_v=2019062712185388b', 'https://s1.ljcdn.com/matrix_lianjia_pc/dist/pc/src/resource/default/780-439.png?_v=2019062712185388b', 'https://s1.ljcdn.com/matrix_lianjia_pc/dist/pc/src/resource/default/780-439.png?_v=2019062712185388b', 'https://s1.ljcdn.com/matrix_lianjia_pc/dist/pc/src/resource/default/780-439.png?_v=2019062712185388b']",1个月前,随时入住,1年以上,随时可看,16/27层,暂无数据,暂无数据,暂无数据,暂无数据,暂无数据,暂无数据,"['近地铁', '双卫生间', '随时看房']","['2号线(蛇口线),7号线 - 安托山', '274m', '2号线(蛇口线) - 侨香', '932m']",22.556431,114.014538
https://sz.lianjia.com/zufang/SZ2266701794661113856.html,南山区,西丽,整租·桃源村二期 5室3厅 东北,11000元/月 (月付价),整租,5室3厅2卫,128㎡,朝东北,"['https://image1.ljcdn.com/440300-inspection/43fffb01-1f79-4d63-a1ff-0552471c5476.jpg.780x439.jpg', 'https://s1.ljcdn.com/matrix_lianjia_pc/dist/pc/src/resource/default/780-439.png?_v=2019062712185388b', 'https://s1.ljcdn.com/matrix_lianjia_pc/dist/pc/src/resource/default/780-439.png?_v=2019062712185388b', 'https://s1.ljcdn.com/matrix_lianjia_pc/dist/pc/src/resource/default/780-439.png?_v=2019062712185388b', 'https://s1.ljcdn.com/matrix_lianjia_pc/dist/pc/src/resource/default/780-439.png?_v=2019062712185388b', 'https://s1.ljcdn.com/matrix_lianjia_pc/dist/pc/src/resource/default/780-439.png?_v=2019062712185388b', 'https://s1.ljcdn.com/matrix_lianjia_pc/dist/pc/src/resource/default/780-439.png?_v=2019062712185388b', 'https://s1.ljcdn.com/matrix_lianjia_pc/dist/pc/src/resource/default/780-439.png?_v=2019062712185388b', 'https://s1.ljcdn.com/matrix_lianjia_pc/dist/pc/src/resource/default/780-439.png?_v=2019062712185388b', 'https://s1.ljcdn.com/matrix_lianjia_pc/dist/pc/src/resource/default/780-439.png?_v=2019062712185388b']",1个月前,随时入住,1年以内,暂无数据,高楼层/19层,有,暂无数据,民水,民电,有,暂无数据,"['近地铁', '双卫生间']","['7号线 - 桃源村', '10m', '7号线 - 龙井', '359m', '7号线 - 深云', '1121m']",22.565003,113.988124
https://sz.lianjia.com/zufang/SZ2276583629511999488.html,宝安区,新安,中洲中央公寓 3室2厅 东北,17000元/月 ,租赁方式未知,3室2厅3卫,145㎡,朝东北,"['https://image1.ljcdn.com/440300-inspection/b738fb31-0076-4e6e-b0d1-fc6477551a0d.jpg.780x439.jpg', 'https://s1.ljcdn.com/matrix_lianjia_pc/dist/pc/src/resource/default/780-439.png?_v=2019062712185388b', 'https://s1.ljcdn.com/matrix_lianjia_pc/dist/pc/src/resource/default/780-439.png?_v=2019062712185388b', 'https://s1.ljcdn.com/matrix_lianjia_pc/dist/pc/src/resource/default/780-439.png?_v=2019062712185388b', 'https://s1.ljcdn.com/matrix_lianjia_pc/dist/pc/src/resource/default/780-439.png?_v=2019062712185388b', 'https://s1.ljcdn.com/matrix_lianjia_pc/dist/pc/src/resource/default/780-439.png?_v=2019062712185388b', 'https://s1.ljcdn.com/matrix_lianjia_pc/dist/pc/src/resource/default/780-439.png?_v=2019062712185388b', 'https://s1.ljcdn.com/matrix_lianjia_pc/dist/pc/src/resource/default/780-439.png?_v=2019062712185388b', 'https://s1.ljcdn.com/matrix_lianjia_pc/dist/pc/src/resource/default/780-439.png?_v=2019062712185388b', 'https://s1.ljcdn.com/matrix_lianjia_pc/dist/pc/src/resource/default/780-439.png?_v=2019062712185388b', 'https://s1.ljcdn.com/matrix_lianjia_pc/dist/pc/src/resource/default/780-439.png?_v=2019062712185388b', 'https://s1.ljcdn.com/matrix_lianjia_pc/dist/pc/src/resource/default/780-439.png?_v=2019062712185388b', 'https://s1.ljcdn.com/matrix_lianjia_pc/dist/pc/src/resource/default/780-439.png?_v=2019062712185388b']",17天前,随时入住,暂无数据,需提前预约,中楼层/37层,有,暂无数据,暂无数据,暂无数据,有,暂无数据,['近地铁'],"['5号线(环中线) - 灵芝', '424m', '5号线(环中线) - 洪浪北', '428m']",22.578385,113.912747
https://sz.lianjia.com/zufang/SZ2259971227345502208.html,罗湖区,银湖,碧清园 3室1厅 跃层 东北,11500元/月 ,租赁方式未知,3室1厅2卫,156㎡,朝东北,"['https://image1.ljcdn.com/440300-inspection/prod-bafb2685-296c-4d78-a7a9-b56367cc3bb5.jpg.780x439.jpg', 'https://s1.ljcdn.com/matrix_lianjia_pc/dist/pc/src/resource/default/780-439.png?_v=2019062712185388b', 'https://s1.ljcdn.com/matrix_lianjia_pc/dist/pc/src/resource/default/780-439.png?_v=2019062712185388b', 'https://s1.ljcdn.com/matrix_lianjia_pc/dist/pc/src/resource/default/780-439.png?_v=2019062712185388b', 'https://s1.ljcdn.com/matrix_lianjia_pc/dist/pc/src/resource/default/780-439.png?_v=2019062712185388b', 'https://s1.ljcdn.com/matrix_lianjia_pc/dist/pc/src/resource/default/780-439.png?_v=2019062712185388b']",1个月前,随时入住,暂无数据,只能周末看房,高楼层/13层,有,暂无数据,民水,民电,有,暂无数据,['近地铁'],"['9号线 - 泥岗', '153m', '9号线 - 银湖', '778m', '7号线 - 八卦岭', '1153m']",22.574023640165,114.10167800731
https://sz.lianjia.com/zufang/SZ2270715285713993728.html,福田区,车公庙,整租·天安高尔夫花园 4室1厅 东北,15000元/月 (月付价),整租,4室1厅2卫,150㎡,朝东北,"['https://image1.ljcdn.com/rent-user-avatar/29edb70c-3b3a-49e6-addf-e48ae7b4d2d7.780x439.jpg', 'https://s1.ljcdn.com/matrix_lianjia_pc/dist/pc/src/resource/default/780-439.png?_v=2019062712185388b', 'https://s1.ljcdn.com/matrix_lianjia_pc/dist/pc/src/resource/default/780-439.png?_v=2019062712185388b', 'https://s1.ljcdn.com/matrix_lianjia_pc/dist/pc/src/resource/default/780-439.png?_v=2019062712185388b', 'https://s1.ljcdn.com/matrix_lianjia_pc/dist/pc/src/resource/default/780-439.png?_v=2019062712185388b', 'https://s1.ljcdn.com/matrix_lianjia_pc/dist/pc/src/resource/default/780-439.png?_v=2019062712185388b', 'https://s1.ljcdn.com/matrix_lianjia_pc/dist/pc/src/resource/default/780-439.png?_v=2019062712185388b', 'https://s1.ljcdn.com/matrix_lianjia_pc/dist/pc/src/resource/default/780-439.png?_v=2019062712185388b', 'https://s1.ljcdn.com/matrix_lianjia_pc/dist/pc/src/resource/default/780-439.png?_v=2019062712185388b', 'https://s1.ljcdn.com/matrix_lianjia_pc/dist/pc/src/resource/default/780-439.png?_v=2019062712185388b']",25天前,随时入住,1~3年,随时可看,18/31层,暂无数据,暂无数据,暂无数据,暂无数据,暂无数据,暂无数据,"['近地铁', '精装', '双卫生间', '随时看房']","['7号线 - 上沙', '838m', '1号线(罗宝线) - 香蜜湖', '879m', '9号线 - 下沙', '952m']",22.538942495253,114.03926656198
https://sz.lianjia.com/zufang/SZ2280525216285736960.html,南山区,科技园,整租·科技生态园 2室1厅 东北,12000元/月 (季付价),整租,2室1厅1卫,78㎡,朝东北,"['https://image1.ljcdn.com/rent-user-avatar/0f11232f-71bd-4d63-b15e-d76809336ce3.780x439.jpg', 'https://s1.ljcdn.com/matrix_lianjia_pc/dist/pc/src/resource/default/780-439.png?_v=2019062712185388b', 'https://s1.ljcdn.com/matrix_lianjia_pc/dist/pc/src/resource/default/780-439.png?_v=2019062712185388b', 'https://s1.ljcdn.com/matrix_lianjia_pc/dist/pc/src/resource/default/780-439.png?_v=2019062712185388b', 'https://s1.ljcdn.com/matrix_lianjia_pc/dist/pc/src/resource/default/780-439.png?_v=2019062712185388b', 'https://s1.ljcdn.com/matrix_lianjia_pc/dist/pc/src/resource/default/780-439.png?_v=2019062712185388b', 'https://s1.ljcdn.com/matrix_lianjia_pc/dist/pc/src/resource/default/780-439.png?_v=2019062712185388b', 'https://s1.ljcdn.com/matrix_lianjia_pc/dist/pc/src/resource/default/780-439.png?_v=2019062712185388b', 'https://s1.ljcdn.com/matrix_lianjia_pc/dist/pc/src/resource/default/780-439.png?_v=2019062712185388b', 'https://s1.ljcdn.com/matrix_lianjia_pc/dist/pc/src/resource/default/780-439.png?_v=2019062712185388b']",11天前,随时入住,1~24个月,随时可看,19/37层,暂无数据,暂无数据,暂无数据,暂无数据,暂无数据,暂无数据,"['月租', '近地铁', '精装', '押一付一', '随时看房']","['2号线(蛇口线) - 科苑', '778m', '1号线(罗宝线) - 高新园', '1040m']",22.533178,113.959146
https://sz.lianjia.com/zufang/SZ2278996726494789632.html,南山区,后海,整租·蔚蓝海岸1期 3室1厅 西北/东北,10000元/月 ,整租,3室1厅1卫,79㎡,朝西北 东北,"['https://image1.ljcdn.com/440300-inspection/4ba037af-8edf-45ad-b7fa-8c8c97347f77.jpg.780x439.jpg', 'https://s1.ljcdn.com/matrix_lianjia_pc/dist/pc/src/resource/default/780-439.png?_v=2019062712185388b', 'https://s1.ljcdn.com/matrix_lianjia_pc/dist/pc/src/resource/default/780-439.png?_v=2019062712185388b', 'https://s1.ljcdn.com/matrix_lianjia_pc/dist/pc/src/resource/default/780-439.png?_v=2019062712185388b', 'https://s1.ljcdn.com/matrix_lianjia_pc/dist/pc/src/resource/default/780-439.png?_v=2019062712185388b', 'https://s1.ljcdn.com/matrix_lianjia_pc/dist/pc/src/resource/default/780-439.png?_v=2019062712185388b', 'https://s1.ljcdn.com/matrix_lianjia_pc/dist/pc/src/resource/default/780-439.png?_v=2019062712185388b', 'https://s1.ljcdn.com/matrix_lianjia_pc/dist/pc/src/resource/default/780-439.png?_v=2019062712185388b', 'https://s1.ljcdn.com/matrix_lianjia_pc/dist/pc/src/resource/default/780-439.png?_v=2019062712185388b']",13天前,随时入住,暂无数据,需提前预约,中楼层/18层,有,暂无数据,民水,民电,有,暂无数据,"['近地铁', '随时看房']","['2号线(蛇口线) - 登良', '429m', '2号线(蛇口线) - 海月', '891m']",22.512629943187,113.94085577382
https://sz.lianjia.com/zufang/SZ2257228100989353984.html,福田区,梅林,绿景虹湾 3室2厅 东北,14000元/月 ,租赁方式未知,3室2厅2卫,86㎡,朝东北,"['http://vrlab-image.ljcdn.com/release/auto3dhd/311cf66befd56170f8a726460ca3cdcb/screenshot/1558076184_0/pc0_L51HZbxrr.jpg.q_70.jpg', 'https://s1.ljcdn.com/matrix_lianjia_pc/dist/pc/src/resource/default/780-439.png?_v=2019062712185388b', 'https://s1.ljcdn.com/matrix_lianjia_pc/dist/pc/src/resource/default/780-439.png?_v=2019062712185388b', 'https://s1.ljcdn.com/matrix_lianjia_pc/dist/pc/src/resource/default/780-439.png?_v=2019062712185388b', 'https://s1.ljcdn.com/matrix_lianjia_pc/dist/pc/src/resource/default/780-439.png?_v=2019062712185388b', 'https://s1.ljcdn.com/matrix_lianjia_pc/dist/pc/src/resource/default/780-439.png?_v=2019062712185388b']",29天前,随时入住,暂无数据,暂无数据,低楼层/43层,有,暂无数据,民水,民电,有,暂无数据,"['近地铁', '随时看房']","['9号线 - 梅景', '4m', '9号线 - 下梅林', '566m', '2号线(蛇口线),9号线 - 景田', '1124m', '2号线(蛇口线) - 香梅北', '1163m']",22.56648,114.045867
https://sz.lianjia.com/zufang/SZ2282442460183937024.html,南山区,科技园,整租·华润城润府一期 2室1厅 东北,15000元/月 ,整租,2室1厅1卫,82㎡,朝东北,"['http://vrlab-image.ljcdn.com/release/vradmin/1000000020248326/images/bb7918f1-5224-4620-b78a-4adc9383aa0e.png.q_70.jpg', 'https://s1.ljcdn.com/matrix_lianjia_pc/dist/pc/src/resource/default/780-439.png?_v=2019062712185388b', 'https://s1.ljcdn.com/matrix_lianjia_pc/dist/pc/src/resource/default/780-439.png?_v=2019062712185388b', 'https://s1.ljcdn.com/matrix_lianjia_pc/dist/pc/src/resource/default/780-439.png?_v=2019062712185388b', 'https://s1.ljcdn.com/matrix_lianjia_pc/dist/pc/src/resource/default/780-439.png?_v=2019062712185388b', 'https://s1.ljcdn.com/matrix_lianjia_pc/dist/pc/src/resource/default/780-439.png?_v=2019062712185388b', 'https://s1.ljcdn.com/matrix_lianjia_pc/dist/pc/src/resource/default/780-439.png?_v=2019062712185388b']",9天前,随时入住,1年以内,需提前预约,低楼层/39层,有,租用车位,民水,民电,有,暂无数据,"['近地铁', '精装', '随时看房']","['1号线(罗宝线) - 高新园', '373m']",22.553981,113.9611
https://sz.lianjia.com/zufang/SZ2243996794612613120.html,福田区,香蜜湖,整租·东海国际公寓 1室1厅 东北,22000元/月 (月付价),整租,1室1厅1卫,77㎡,朝 东北,"['https://image1.ljcdn.com/rent-user-avatar/1ab9cac5-803b-4009-939d-f1b48c93f6b3.780x439.jpg', 'https://s1.ljcdn.com/matrix_lianjia_pc/dist/pc/src/resource/default/780-439.png?_v=2019062712185388b', 'https://s1.ljcdn.com/matrix_lianjia_pc/dist/pc/src/resource/default/780-439.png?_v=2019062712185388b', 'https://s1.ljcdn.com/matrix_lianjia_pc/dist/pc/src/resource/default/780-439.png?_v=2019062712185388b', 'https://s1.ljcdn.com/matrix_lianjia_pc/dist/pc/src/resource/default/780-439.png?_v=2019062712185388b', 'https://s1.ljcdn.com/matrix_lianjia_pc/dist/pc/src/resource/default/780-439.png?_v=2019062712185388b']",2个月前,随时入住,1~2年,随时可看,17/60层,有,暂无数据,商水,商电,有,暂无数据,"['近地铁', '精装', '随时看房']","['1号线(罗宝线),11号线,7号线,9号线 - 车公庙', '366m', '7号线 - 农林', '669m', '1号线(罗宝线) - 竹子林', '961m', '9号线 - 下沙', '1055m']",22.542699,114.028081
https://sz.lianjia.com/zufang/SZ2222954141599678464.html,南山区,南头,整租·前海枫叶大厦 3室1厅 复式 东北,8500元/月 (月付价),整租,3室1厅1卫,55㎡,朝东北,"['https://image1.ljcdn.com/rent-user-avatar/1f7b2582-61ee-4ead-831c-f986d1510bfb.780x439.jpg', 'https://s1.ljcdn.com/matrix_lianjia_pc/dist/pc/src/resource/default/780-439.png?_v=2019062712185388b', 'https://s1.ljcdn.com/matrix_lianjia_pc/dist/pc/src/resource/default/780-439.png?_v=2019062712185388b', 'https://s1.ljcdn.com/matrix_lianjia_pc/dist/pc/src/resource/default/780-439.png?_v=2019062712185388b', 'https://s1.ljcdn.com/matrix_lianjia_pc/dist/pc/src/resource/default/780-439.png?_v=2019062712185388b', 'https://s1.ljcdn.com/matrix_lianjia_pc/dist/pc/src/resource/default/780-439.png?_v=2019062712185388b', 'https://s1.ljcdn.com/matrix_lianjia_pc/dist/pc/src/resource/default/780-439.png?_v=2019062712185388b', 'https://s1.ljcdn.com/matrix_lianjia_pc/dist/pc/src/resource/default/780-439.png?_v=2019062712185388b', 'https://s1.ljcdn.com/matrix_lianjia_pc/dist/pc/src/resource/default/780-439.png?_v=2019062712185388b']",3个月前,随时入住,1年,随时可看,13/26层,有,暂无数据,商水,商电,无,暂无数据,"['近地铁', '精装', '随时看房']","['11号线 - 南山', '347m', '1号线(罗宝线) - 桃园', '956m', '1号线(罗宝线) - 大新', '1113m']",22.532566768153,113.92740212718
https://sz.lianjia.com/zufang/SZ2156199935521849344.html,福田区,福田中心,星河世纪 2室2厅 东/东北,30000元/月 ,租赁方式未知,2室2厅1卫,64㎡,朝东 东北,"['https://image1.ljcdn.com/440300-inspection/17e72a17-7dba-4a6c-bb5d-48a507982cc6.jpg.780x439.jpg', 'https://s1.ljcdn.com/matrix_lianjia_pc/dist/pc/src/resource/default/780-439.png?_v=2019062712185388b', 'https://s1.ljcdn.com/matrix_lianjia_pc/dist/pc/src/resource/default/780-439.png?_v=2019062712185388b', 'https://s1.ljcdn.com/matrix_lianjia_pc/dist/pc/src/resource/default/780-439.png?_v=2019062712185388b', 'https://s1.ljcdn.com/matrix_lianjia_pc/dist/pc/src/resource/default/780-439.png?_v=2019062712185388b', 'https://s1.ljcdn.com/matrix_lianjia_pc/dist/pc/src/resource/default/780-439.png?_v=2019062712185388b', 'https://s1.ljcdn.com/matrix_lianjia_pc/dist/pc/src/resource/default/780-439.png?_v=2019062712185388b', 'https://s1.ljcdn.com/matrix_lianjia_pc/dist/pc/src/resource/default/780-439.png?_v=2019062712185388b', 'https://s1.ljcdn.com/matrix_lianjia_pc/dist/pc/src/resource/default/780-439.png?_v=2019062712185388b', 'https://s1.ljcdn.com/matrix_lianjia_pc/dist/pc/src/resource/default/780-439.png?_v=2019062712185388b']",6个月前,随时入住,暂无数据,暂无数据,中楼层/32层,有,暂无数据,民水,民电,有,暂无数据,['近地铁'],"['1号线(罗宝线) - 岗厦', '310m', '2号线(蛇口线) - 岗厦北', '637m', '1号线(罗宝线),4号线(龙华线) - 会展中心', '816m', '2号线(蛇口线),4号线(龙华线) - 市民中心', '856m']",22.543735454179,114.07394460303
https://sz.lianjia.com/zufang/SZ2220091749354192896.html,宝安区,宝安中心,鸿荣源·壹方中心|玖誉 3室2厅 东北,13000元/月 ,租赁方式未知,3室2厅1卫,101㎡,朝东北,"['https://image1.ljcdn.com/440300-inspection/0906aa29-a1ef-4be1-a90e-e717a0433712.jpg.780x439.jpg', 'https://s1.ljcdn.com/matrix_lianjia_pc/dist/pc/src/resource/default/780-439.png?_v=2019062712185388b', 'https://s1.ljcdn.com/matrix_lianjia_pc/dist/pc/src/resource/default/780-439.png?_v=2019062712185388b', 'https://s1.ljcdn.com/matrix_lianjia_pc/dist/pc/src/resource/default/780-439.png?_v=2019062712185388b', 'https://s1.ljcdn.com/matrix_lianjia_pc/dist/pc/src/resource/default/780-439.png?_v=2019062712185388b', 'https://s1.ljcdn.com/matrix_lianjia_pc/dist/pc/src/resource/default/780-439.png?_v=2019062712185388b', 'https://s1.ljcdn.com/matrix_lianjia_pc/dist/pc/src/resource/default/780-439.png?_v=2019062712185388b', 'https://s1.ljcdn.com/matrix_lianjia_pc/dist/pc/src/resource/default/780-439.png?_v=2019062712185388b', 'https://s1.ljcdn.com/matrix_lianjia_pc/dist/pc/src/resource/default/780-439.png?_v=2019062712185388b']",3个月前,随时入住,暂无数据,需提前预约,低楼层/40层,有,暂无数据,民水,民电,有,暂无数据,['近地铁'],"['11号线 - 宝安', '360m', '1号线(罗宝线),5号线(环中线) - 宝安中心', '487m', '5号线(环中线) - 宝华', '575m', '1号线(罗宝线) - 新安', '884m', '1号线(罗宝线) - 宝体', '918m', '5号线(环中线) - 临海', '1115m']",22.560644,113.889953
https://sz.lianjia.com/zufang/SZ2278256903026900992.html,罗湖区,地王,鸿翔花园 3室2厅 东北,15500元/月 ,租赁方式未知,3室2厅2卫,149㎡,朝东北,"['https://image1.ljcdn.com/440300-inspection/73dc73f2-c683-47ef-8e2b-5bb010e871c0.jpg.780x439.jpg', 'https://s1.ljcdn.com/matrix_lianjia_pc/dist/pc/src/resource/default/780-439.png?_v=2019062712185388b', 'https://s1.ljcdn.com/matrix_lianjia_pc/dist/pc/src/resource/default/780-439.png?_v=2019062712185388b', 'https://s1.ljcdn.com/matrix_lianjia_pc/dist/pc/src/resource/default/780-439.png?_v=2019062712185388b', 'https://s1.ljcdn.com/matrix_lianjia_pc/dist/pc/src/resource/default/780-439.png?_v=2019062712185388b', 'https://s1.ljcdn.com/matrix_lianjia_pc/dist/pc/src/resource/default/780-439.png?_v=2019062712185388b', 'https://s1.ljcdn.com/matrix_lianjia_pc/dist/pc/src/resource/default/780-439.png?_v=2019062712185388b', 'https://s1.ljcdn.com/matrix_lianjia_pc/dist/pc/src/resource/default/780-439.png?_v=2019062712185388b', 'https://s1.ljcdn.com/matrix_lianjia_pc/dist/pc/src/resource/default/780-439.png?_v=2019062712185388b', 'https://s1.ljcdn.com/matrix_lianjia_pc/dist/pc/src/resource/default/780-439.png?_v=2019062712185388b', 'https://s1.ljcdn.com/matrix_lianjia_pc/dist/pc/src/resource/default/780-439.png?_v=2019062712185388b']",14天前,随时入住,暂无数据,暂无数据,高楼层/31层,有,暂无数据,民水,民电,有,暂无数据,['近地铁'],"['9号线 - 园岭', '238m', '3号线(龙岗线),9号线 - 红岭', '592m', '7号线,9号线 - 红岭北', '913m', '7号线 - 笋岗', '1192m']",22.560197,114.112788
https://sz.lianjia.com/zufang/SZ2252748575132098560.html,南山区,南山中心,整租·康乐大厦 3室2厅 东北,11000元/月 (月付价),整租,3室2厅1卫,90㎡,朝东北,"['https://image1.ljcdn.com/rent-user-avatar/3029b804-54d5-42f4-9506-68f4b358291f.780x439.jpg', 'https://s1.ljcdn.com/matrix_lianjia_pc/dist/pc/src/resource/default/780-439.png?_v=2019062712185388b', 'https://s1.ljcdn.com/matrix_lianjia_pc/dist/pc/src/resource/default/780-439.png?_v=2019062712185388b', 'https://s1.ljcdn.com/matrix_lianjia_pc/dist/pc/src/resource/default/780-439.png?_v=2019062712185388b', 'https://s1.ljcdn.com/matrix_lianjia_pc/dist/pc/src/resource/default/780-439.png?_v=2019062712185388b', 'https://s1.ljcdn.com/matrix_lianjia_pc/dist/pc/src/resource/default/780-439.png?_v=2019062712185388b', 'https://s1.ljcdn.com/matrix_lianjia_pc/dist/pc/src/resource/default/780-439.png?_v=2019062712185388b', 'https://s1.ljcdn.com/matrix_lianjia_pc/dist/pc/src/resource/default/780-439.png?_v=2019062712185388b', 'https://s1.ljcdn.com/matrix_lianjia_pc/dist/pc/src/resource/default/780-439.png?_v=2019062712185388b', 'https://s1.ljcdn.com/matrix_lianjia_pc/dist/pc/src/resource/default/780-439.png?_v=2019062712185388b', 'https://s1.ljcdn.com/matrix_lianjia_pc/dist/pc/src/resource/default/780-439.png?_v=2019062712185388b', 'https://s1.ljcdn.com/matrix_lianjia_pc/dist/pc/src/resource/default/780-439.png?_v=2019062712185388b', 'https://s1.ljcdn.com/matrix_lianjia_pc/dist/pc/src/resource/default/780-439.png?_v=2019062712185388b', 'https://s1.ljcdn.com/matrix_lianjia_pc/dist/pc/src/resource/default/780-439.png?_v=2019062712185388b', 'https://s1.ljcdn.com/matrix_lianjia_pc/dist/pc/src/resource/default/780-439.png?_v=2019062712185388b', 'https://s1.ljcdn.com/matrix_lianjia_pc/dist/pc/src/resource/default/780-439.png?_v=2019062712185388b', 'https://s1.ljcdn.com/matrix_lianjia_pc/dist/pc/src/resource/default/780-439.png?_v=2019062712185388b', 'https://s1.ljcdn.com/matrix_lianjia_pc/dist/pc/src/resource/default/780-439.png?_v=2019062712185388b', 'https://s1.ljcdn.com/matrix_lianjia_pc/dist/pc/src/resource/default/780-439.png?_v=2019062712185388b', 'https://s1.ljcdn.com/matrix_lianjia_pc/dist/pc/src/resource/default/780-439.png?_v=2019062712185388b', 'https://s1.ljcdn.com/matrix_lianjia_pc/dist/pc/src/resource/default/780-439.png?_v=2019062712185388b', 'https://s1.ljcdn.com/matrix_lianjia_pc/dist/pc/src/resource/default/780-439.png?_v=2019062712185388b']",1个月前,随时入住,1~2年,需提前预约,17/28层,有,暂无数据,民水,民电,有,暂无数据,['近地铁'],"['11号线 - 南山', '383m', '1号线(罗宝线) - 桃园', '524m']",22.532782,113.931572
https://sz.lianjia.com/zufang/SZ2262324879715991552.html,福田区,上下沙,京基滨河时代 1室1厅 东北,9500元/月 ,租赁方式未知,1室1厅1卫,41㎡,朝东北,"['https://image1.ljcdn.com/440300-inspection/test-35d4a600-3aa2-4d0b-95af-f2897a40f81a.png.780x439.jpg', 'https://s1.ljcdn.com/matrix_lianjia_pc/dist/pc/src/resource/default/780-439.png?_v=2019062712185388b', 'https://s1.ljcdn.com/matrix_lianjia_pc/dist/pc/src/resource/default/780-439.png?_v=2019062712185388b', 'https://s1.ljcdn.com/matrix_lianjia_pc/dist/pc/src/resource/default/780-439.png?_v=2019062712185388b']",1个月前,随时入住,暂无数据,需提前预约,高楼层/30层,有,暂无数据,商水,商电,有,暂无数据,['近地铁'],"['9号线 - 下沙', '29m', '7号线 - 上沙', '815m', '1号线(罗宝线),11号线,7号线,9号线 - 车公庙', '1128m']",22.534192,114.032753
https://sz.lianjia.com/zufang/SZ2275313149076832256.html,宝安区,宝安中心,整租·幸福海岸二期 4室2厅 东北,15000元/月 ,整租,4室2厅2卫,164㎡,朝东北,"['https://image1.ljcdn.com/440300-inspection/prod-55d4da97-df86-409b-ac33-ba66166d752e.jpg.780x439.jpg', 'https://s1.ljcdn.com/matrix_lianjia_pc/dist/pc/src/resource/default/780-439.png?_v=2019062712185388b', 'https://s1.ljcdn.com/matrix_lianjia_pc/dist/pc/src/resource/default/780-439.png?_v=2019062712185388b', 'https://s1.ljcdn.com/matrix_lianjia_pc/dist/pc/src/resource/default/780-439.png?_v=2019062712185388b', 'https://s1.ljcdn.com/matrix_lianjia_pc/dist/pc/src/resource/default/780-439.png?_v=2019062712185388b', 'https://s1.ljcdn.com/matrix_lianjia_pc/dist/pc/src/resource/default/780-439.png?_v=2019062712185388b', 'https://s1.ljcdn.com/matrix_lianjia_pc/dist/pc/src/resource/default/780-439.png?_v=2019062712185388b']",16天前,随时入住,暂无数据,需提前预约,中楼层/29层,有,暂无数据,民水,民电,有,暂无数据,"['近地铁', '精装', '双卫生间']","['1号线(罗宝线) - 宝体', '138m', '11号线 - 宝安', '643m', '1号线(罗宝线),5号线(环中线) - 宝安中心', '1003m']",22.566743,113.88482
