房源地址,行政区,位置,标题,租金,租赁方式,户型,面积,朝向,图片列表,发布时间,入住时间,租期,看房时间,楼层,电梯,车位,用水,用电,燃气,采暖,标签,station,latitude,longtitude
https://sz.lianjia.com/zufang/SZ2263783397803696128.html,南山区,科技园,整租·阳光粤海 2室1厅 北/东北,9500元/月 (月付价),整租,2室1厅1卫,74㎡,朝北 东北,"['https://image1.ljcdn.com/rent-user-avatar/1d10cc60-2692-4036-986b-3dad5bf045b6.780x439.jpg', 'https://s1.ljcdn.com/matrix_lianjia_pc/dist/pc/src/resource/default/780-439.png?_v=2019062712185388b', 'https://s1.ljcdn.com/matrix_lianjia_pc/dist/pc/src/resource/default/780-439.png?_v=2019062712185388b', 'https://s1.ljcdn.com/matrix_lianjia_pc/dist/pc/src/resource/default/780-439.png?_v=2019062712185388b', 'https://s1.ljcdn.com/matrix_lianjia_pc/dist/pc/src/resource/default/780-439.png?_v=2019062712185388b', 'https://s1.ljcdn.com/matrix_lianjia_pc/dist/pc/src/resource/default/780-439.png?_v=2019062712185388b']",1个月前,随时入住,1~2年,随时可看,34/37层,暂无数据,暂无数据,民水,民电,有,暂无数据,"['精装', '随时看房']",[],22.53903,113.947
https://sz.lianjia.com/zufang/SZ2273920658302050304.html,福田区,皇岗,皇御苑三期 2室2厅 东南/东北,8500元/月 ,租赁方式未知,2室2厅0卫,69㎡,朝东南 东北,"['http://vrlab-image.ljcdn.com/release/auto3dhd/1be18f16472b0f68b51c357b535f4434/screenshot/1560315673_1/pc0_2Lk6Kj2KM.jpg.q_70.jpg', 'https://s1.ljcdn.com/matrix_lianjia_pc/dist/pc/src/resource/default/780-439.png?_v=2019062712185388b', 'https://s1.ljcdn.com/matrix_lianjia_pc/dist/pc/src/resource/default/780-439.png?_v=2019062712185388b', 'https://s1.ljcdn.com/matrix_lianjia_pc/dist/pc/src/resource/default/780-439.png?_v=2019062712185388b', 'https://s1.ljcdn.com/matrix_lianjia_pc/dist/pc/src/resource/default/780-439.png?_v=2019062712185388b']",16天前,随时入住,暂无数据,需提前预约,高楼层/27层,有,暂无数据,民水,民电,有,暂无数据,"['近地铁', '随时看房']","['7号线 - 皇岗口岸', '551m']",22.531084,114.080614
https://sz.lianjia.com/zufang/SZ2271458228946870272.html,南山区,白石洲,中海深圳湾畔花园 2室2厅 东北,8500元/月 ,租赁方式未知,2室2厅1卫,76㎡,朝东北,"['https://image1.ljcdn.com/440300-inspection/96243c7b-5cc4-4ee6-8f6f-bea015bf3405.jpg.780x439.jpg', 'https://s1.ljcdn.com/matrix_lianjia_pc/dist/pc/src/resource/default/780-439.png?_v=2019062712185388b', 'https://s1.ljcdn.com/matrix_lianjia_pc/dist/pc/src/resource/default/780-439.png?_v=2019062712185388b', 'https://s1.ljcdn.com/matrix_lianjia_pc/dist/pc/src/resource/default/780-439.png?_v=2019062712185388b', 'https://s1.ljcdn.com/matrix_lianjia_pc/dist/pc/src/resource/default/780-439.png?_v=2019062712185388b', 'https://s1.ljcdn.com/matrix_lianjia_pc/dist/pc/src/resource/default/780-439.png?_v=2019062712185388b', 'https://s1.ljcdn.com/matrix_lianjia_pc/dist/pc/src/resource/default/780-439.png?_v=2019062712185388b']",24天前,随时入住,暂无数据,需提前预约,低楼层/33层,有,暂无数据,民水,民电,有,暂无数据,['近地铁'],"['1号线(罗宝线) - 白石洲', '102m', '1号线(罗宝线),2号线(蛇口线) - 世界之窗', '687m']",22.546479,113.973075
https://sz.lianjia.com/zufang/SZ2081156714354450432.html,南山区,南山中心,南光城市花园 3室1厅 跃层 东北,13000元/月 ,租赁方式未知,3室1厅2卫,87㎡,朝东北,"['https://image1.ljcdn.com/440300-inspection/f02a414c-617b-4f14-aaaa-39cb1d983bd2.jpg.780x439.jpg', 'https://s1.ljcdn.com/matrix_lianjia_pc/dist/pc/src/resource/default/780-439.png?_v=2019062712185388b', 'https://s1.ljcdn.com/matrix_lianjia_pc/dist/pc/src/resource/default/780-439.png?_v=2019062712185388b', 'https://s1.ljcdn.com/matrix_lianjia_pc/dist/pc/src/resource/default/780-439.png?_v=2019062712185388b', 'https://s1.ljcdn.com/matrix_lianjia_pc/dist/pc/src/resource/default/780-439.png?_v=2019062712185388b', 'https://s1.ljcdn.com/matrix_lianjia_pc/dist/pc/src/resource/default/780-439.png?_v=2019062712185388b', 'https://s1.ljcdn.com/matrix_lianjia_pc/dist/pc/src/resource/default/780-439.png?_v=2019062712185388b', 'https://s1.ljcdn.com/matrix_lianjia_pc/dist/pc/src/resource/default/780-439.png?_v=2019062712185388b', 'https://s1.ljcdn.com/matrix_lianjia_pc/dist/pc/src/resource/default/780-439.png?_v=2019062712185388b', 'https://s1.ljcdn.com/matrix_lianjia_pc/dist/pc/src/resource/default/780-439.png?_v=2019062712185388b']",9个月前,随时入住,暂无数据,需提前预约,低楼层/32层,有,暂无数据,民水,民电,有,暂无数据,['近地铁'],"['11号线 - 南山', '528m']",22.52533064834,113.93061531218
https://sz.lianjia.com/zufang/SZ2256248367351078912.html,福田区,车公庙,整租·天安高尔夫花园 2室2厅 东北,11500元/月 (月付价),整租,2室2厅2卫,123㎡,朝东北,"['https://image1.ljcdn.com/rent-user-avatar/2f17a73a-8725-4e0e-bd78-f07c04b27eee.780x439.jpg', 'https://s1.ljcdn.com/matrix_lianjia_pc/dist/pc/src/resource/default/780-439.png?_v=2019062712185388b', 'https://s1.ljcdn.com/matrix_lianjia_pc/dist/pc/src/resource/default/780-439.png?_v=2019062712185388b', 'https://s1.ljcdn.com/matrix_lianjia_pc/dist/pc/src/resource/default/780-439.png?_v=2019062712185388b', 'https://s1.ljcdn.com/matrix_lianjia_pc/dist/pc/src/resource/default/780-439.png?_v=2019062712185388b', 'https://s1.ljcdn.com/matrix_lianjia_pc/dist/pc/src/resource/default/780-439.png?_v=2019062712185388b', 'https://s1.ljcdn.com/matrix_lianjia_pc/dist/pc/src/resource/default/780-439.png?_v=2019062712185388b', 'https://s1.ljcdn.com/matrix_lianjia_pc/dist/pc/src/resource/default/780-439.png?_v=2019062712185388b', 'https://s1.ljcdn.com/matrix_lianjia_pc/dist/pc/src/resource/default/780-439.png?_v=2019062712185388b']",1个月前,随时入住,1~2年,随时可看,15/19层,暂无数据,暂无数据,暂无数据,暂无数据,暂无数据,暂无数据,"['近地铁', '精装', '双卫生间', '随时看房']","['7号线 - 上沙', '838m', '1号线(罗宝线) - 香蜜湖', '879m', '9号线 - 下沙', '952m']",22.538942495253,114.03926656198
https://sz.lianjia.com/zufang/SZ2261535721578045440.html,福田区,竹子林,整租·锦庐花园 3室2厅 东北,15000元/月 (月付价),整租,3室2厅2卫,87㎡,朝 东北,"['https://image1.ljcdn.com/rent-user-avatar/1aedbbb8-b3c9-4028-a6e0-64116f06dad3.780x439.jpg', 'https://s1.ljcdn.com/matrix_lianjia_pc/dist/pc/src/resource/default/780-439.png?_v=2019062712185388b', 'https://s1.ljcdn.com/matrix_lianjia_pc/dist/pc/src/resource/default/780-439.png?_v=2019062712185388b', 'https://s1.ljcdn.com/matrix_lianjia_pc/dist/pc/src/resource/default/780-439.png?_v=2019062712185388b', 'https://s1.ljcdn.com/matrix_lianjia_pc/dist/pc/src/resource/default/780-439.png?_v=2019062712185388b', 'https://s1.ljcdn.com/matrix_lianjia_pc/dist/pc/src/resource/default/780-439.png?_v=2019062712185388b', 'https://s1.ljcdn.com/matrix_lianjia_pc/dist/pc/src/resource/default/780-439.png?_v=2019062712185388b', 'https://s1.ljcdn.com/matrix_lianjia_pc/dist/pc/src/resource/default/780-439.png?_v=2019062712185388b', 'https://s1.ljcdn.com/matrix_lianjia_pc/dist/pc/src/resource/default/780-439.png?_v=2019062712185388b', 'https://s1.ljcdn.com/matrix_lianjia_pc/dist/pc/src/resource/default/780-439.png?_v=2019062712185388b', 'https://s1.ljcdn.com/matrix_lianjia_pc/dist/pc/src/resource/default/780-439.png?_v=2019062712185388b', 'https://s1.ljcdn.com/matrix_lianjia_pc/dist/pc/src/resource/default/780-439.png?_v=2019062712185388b']",1个月前,随时入住,1年以上,随时可看,16/27层,暂无数据,暂无数据,暂无数据,暂无数据,暂无数据,暂无数据,"['近地铁', '双卫生间', '随时看房']","['2号线(蛇口线),7号线 - 安托山', '274m', '2号线(蛇口线) - 侨香', '932m']",22.556431,114.014538
https://sz.lianjia.com/zufang/SZ2278952640694468608.html,福田区,石厦,物业时代新居 3室1厅 东北,14000元/月 ,租赁方式未知,3室1厅2卫,145㎡,朝东北,"['https://image1.ljcdn.com/440300-inspection/28ed7760-0af2-4bf9-a67d-f54e3bda22e7.jpg.780x439.jpg', 'https://s1.ljcdn.com/matrix_lianjia_pc/dist/pc/src/resource/default/780-439.png?_v=2019062712185388b', 'https://s1.ljcdn.com/matrix_lianjia_pc/dist/pc/src/resource/default/780-439.png?_v=2019062712185388b', 'https://s1.ljcdn.com/matrix_lianjia_pc/dist/pc/src/resource/default/780-439.png?_v=2019062712185388b', 'https://s1.ljcdn.com/matrix_lianjia_pc/dist/pc/src/resource/default/780-439.png?_v=2019062712185388b', 'https://s1.ljcdn.com/matrix_lianjia_pc/dist/pc/src/resource/default/780-439.png?_v=2019062712185388b', 'https://s1.ljcdn.com/matrix_lianjia_pc/dist/pc/src/resource/default/780-439.png?_v=2019062712185388b', 'https://s1.ljcdn.com/matrix_lianjia_pc/dist/pc/src/resource/default/780-439.png?_v=2019062712185388b', 'https://s1.ljcdn.com/matrix_lianjia_pc/dist/pc/src/resource/default/780-439.png?_v=2019062712185388b']",13天前,随时入住,暂无数据,需提前预约,高楼层/9层,有,暂无数据,民水,民电,有,暂无数据,['近地铁'],"['3号线(龙岗线) - 益田', '192m', '3号线(龙岗线),7号线 - 石厦', '924m', '7号线 - 沙尾', '928m']",22.523773024214,114.05690073624
https://sz.lianjia.com/zufang/SZ2254443307704778752.html,南山区,深圳湾,恒裕滨城二期 4室2厅 东北,24000元/月 ,租赁方式未知,4室2厅2卫,88㎡,朝东北,"['https://image1.ljcdn.com/440300-inspection/1cf1d560-4648-4132-8f4e-5f158b10f019.jpg.780x439.jpg', 'https://s1.ljcdn.com/matrix_lianjia_pc/dist/pc/src/resource/default/780-439.png?_v=2019062712185388b', 'https://s1.ljcdn.com/matrix_lianjia_pc/dist/pc/src/resource/default/780-439.png?_v=2019062712185388b', 'https://s1.ljcdn.com/matrix_lianjia_pc/dist/pc/src/resource/default/780-439.png?_v=2019062712185388b', 'https://s1.ljcdn.com/matrix_lianjia_pc/dist/pc/src/resource/default/780-439.png?_v=2019062712185388b', 'https://s1.ljcdn.com/matrix_lianjia_pc/dist/pc/src/resource/default/780-439.png?_v=2019062712185388b', 'https://s1.ljcdn.com/matrix_lianjia_pc/dist/pc/src/resource/default/780-439.png?_v=2019062712185388b', 'https://s1.ljcdn.com/matrix_lianjia_pc/dist/pc/src/resource/default/780-439.png?_v=2019062712185388b', 'https://s1.ljcdn.com/matrix_lianjia_pc/dist/pc/src/resource/default/780-439.png?_v=2019062712185388b', 'https://s1.ljcdn.com/matrix_lianjia_pc/dist/pc/src/resource/default/780-439.png?_v=2019062712185388b', 'https://s1.ljcdn.com/matrix_lianjia_pc/dist/pc/src/resource/default/780-439.png?_v=2019062712185388b', 'https://s1.ljcdn.com/matrix_lianjia_pc/dist/pc/src/resource/default/780-439.png?_v=2019062712185388b']",1个月前,随时入住,暂无数据,需提前预约,低楼层/45层,暂无数据,暂无数据,民水,民电,有,暂无数据,['近地铁'],"['2号线(蛇口线) - 湾厦', '61m', '2号线(蛇口线) - 海月', '532m']",22.500563,113.946029
https://sz.lianjia.com/zufang/SZ2284475260915163136.html,南山区,蛇口,栖游家园 4室1厅 跃层 东北,12000元/月 ,租赁方式未知,4室1厅3卫,89㎡,朝东北,"['https://image1.ljcdn.com/440300-inspection/ea3777dd-f658-4a52-8e40-3fd51d76fbf7.jpg.780x439.jpg', 'https://s1.ljcdn.com/matrix_lianjia_pc/dist/pc/src/resource/default/780-439.png?_v=2019062712185388b', 'https://s1.ljcdn.com/matrix_lianjia_pc/dist/pc/src/resource/default/780-439.png?_v=2019062712185388b', 'https://s1.ljcdn.com/matrix_lianjia_pc/dist/pc/src/resource/default/780-439.png?_v=2019062712185388b', 'https://s1.ljcdn.com/matrix_lianjia_pc/dist/pc/src/resource/default/780-439.png?_v=2019062712185388b', 'https://s1.ljcdn.com/matrix_lianjia_pc/dist/pc/src/resource/default/780-439.png?_v=2019062712185388b', 'https://s1.ljcdn.com/matrix_lianjia_pc/dist/pc/src/resource/default/780-439.png?_v=2019062712185388b', 'https://s1.ljcdn.com/matrix_lianjia_pc/dist/pc/src/resource/default/780-439.png?_v=2019062712185388b', 'https://s1.ljcdn.com/matrix_lianjia_pc/dist/pc/src/resource/default/780-439.png?_v=2019062712185388b', 'https://s1.ljcdn.com/matrix_lianjia_pc/dist/pc/src/resource/default/780-439.png?_v=2019062712185388b', 'https://s1.ljcdn.com/matrix_lianjia_pc/dist/pc/src/resource/default/780-439.png?_v=2019062712185388b']",6天前,随时入住,暂无数据,需提前预约,高楼层/34层,有,暂无数据,民水,民电,有,暂无数据,"['近地铁', '新上']","['2号线(蛇口线) - 东角头', '390m', '2号线(蛇口线) - 湾厦', '914m']",22.49374690674,113.94032563136
https://sz.lianjia.com/zufang/SZ2270715285713993728.html,福田区,车公庙,整租·天安高尔夫花园 4室1厅 东北,15000元/月 (月付价),整租,4室1厅2卫,150㎡,朝东北,"['https://image1.ljcdn.com/rent-user-avatar/29edb70c-3b3a-49e6-addf-e48ae7b4d2d7.780x439.jpg', 'https://s1.ljcdn.com/matrix_lianjia_pc/dist/pc/src/resource/default/780-439.png?_v=2019062712185388b', 'https://s1.ljcdn.com/matrix_lianjia_pc/dist/pc/src/resource/default/780-439.png?_v=2019062712185388b', 'https://s1.ljcdn.com/matrix_lianjia_pc/dist/pc/src/resource/default/780-439.png?_v=2019062712185388b', 'https://s1.ljcdn.com/matrix_lianjia_pc/dist/pc/src/resource/default/780-439.png?_v=2019062712185388b', 'https://s1.ljcdn.com/matrix_lianjia_pc/dist/pc/src/resource/default/780-439.png?_v=2019062712185388b', 'https://s1.ljcdn.com/matrix_lianjia_pc/dist/pc/src/resource/default/780-439.png?_v=2019062712185388b', 'https://s1.ljcdn.com/matrix_lianjia_pc/dist/pc/src/resource/default/780-439.png?_v=2019062712185388b', 'https://s1.ljcdn.com/matrix_lianjia_pc/dist/pc/src/resource/default/780-439.png?_v=2019062712185388b', 'https://s1.ljcdn.com/matrix_lianjia_pc/dist/pc/src/resource/default/780-439.png?_v=2019062712185388b']",25天前,随时入住,1~3年,随时可看,18/31层,暂无数据,暂无数据,暂无数据,暂无数据,暂无数据,暂无数据,"['近地铁', '精装', '双卫生间', '随时看房']","['7号线 - 上沙', '838m', '1号线(罗宝线) - 香蜜湖', '879m', '9号线 - 下沙', '952m']",22.538942495253,114.03926656198
https://sz.lianjia.com/zufang/SZ2280525216285736960.html,南山区,科技园,整租·科技生态园 2室1厅 东北,12000元/月 (季付价),整租,2室1厅1卫,78㎡,朝东北,"['https://image1.ljcdn.com/rent-user-avatar/0f11232f-71bd-4d63-b15e-d76809336ce3.780x439.jpg', 'https://s1.ljcdn.com/matrix_lianjia_pc/dist/pc/src/resource/default/780-439.png?_v=2019062712185388b', 'https://s1.ljcdn.com/matrix_lianjia_pc/dist/pc/src/resource/default/780-439.png?_v=2019062712185388b', 'https://s1.ljcdn.com/matrix_lianjia_pc/dist/pc/src/resource/default/780-439.png?_v=2019062712185388b', 'https://s1.ljcdn.com/matrix_lianjia_pc/dist/pc/src/resource/default/780-439.png?_v=2019062712185388b', 'https://s1.ljcdn.com/matrix_lianjia_pc/dist/pc/src/resource/default/780-439.png?_v=2019062712185388b', 'https://s1.ljcdn.com/matrix_lianjia_pc/dist/pc/src/resource/default/780-439.png?_v=2019062712185388b', 'https://s1.ljcdn.com/matrix_lianjia_pc/dist/pc/src/resource/default/780-439.png?_v=2019062712185388b', 'https://s1.ljcdn.com/matrix_lianjia_pc/dist/pc/src/resource/default/780-439.png?_v=2019062712185388b', 'https://s1.ljcdn.com/matrix_lianjia_pc/dist/pc/src/resource/default/780-439.png?_v=2019062712185388b']",11天前,随时入住,1~24个月,随时可看,19/37层,暂无数据,暂无数据,暂无数据,暂无数据,暂无数据,暂无数据,"['月租', '近地铁', '精装', '押一付一', '随时看房']","['2号线(蛇口线) - 科苑', '778m', '1号线(罗宝线) - 高新园', '1040m']",22.533178,113.959146
https://sz.lianjia.com/zufang/SZ2268037213449093120.html,福田区,竹子林,金海燕花园 4室1厅 东北,12000元/月 ,租赁方式未知,4室1厅2卫,127㎡,朝东北,"['http://vrlab-image.ljcdn.com/release/auto3dhd/6d1405c131b368a5790618bdacb70efb/screenshot/1559205167_6/pc0_ZwxH4nAT9.jpg.q_70.jpg', 'https://s1.ljcdn.com/matrix_lianjia_pc/dist/pc/src/resource/default/780-439.png?_v=2019062712185388b', 'https://s1.ljcdn.com/matrix_lianjia_pc/dist/pc/src/resource/default/780-439.png?_v=2019062712185388b', 'https://s1.ljcdn.com/matrix_lianjia_pc/dist/pc/src/resource/default/780-439.png?_v=2019062712185388b', 'https://s1.ljcdn.com/matrix_lianjia_pc/dist/pc/src/resource/default/780-439.png?_v=2019062712185388b', 'https://s1.ljcdn.com/matrix_lianjia_pc/dist/pc/src/resource/default/780-439.png?_v=2019062712185388b', 'https://s1.ljcdn.com/matrix_lianjia_pc/dist/pc/src/resource/default/780-439.png?_v=2019062712185388b', 'https://s1.ljcdn.com/matrix_lianjia_pc/dist/pc/src/resource/default/780-439.png?_v=2019062712185388b', 'https://s1.ljcdn.com/matrix_lianjia_pc/dist/pc/src/resource/default/780-439.png?_v=2019062712185388b', 'https://s1.ljcdn.com/matrix_lianjia_pc/dist/pc/src/resource/default/780-439.png?_v=2019062712185388b']",7天前,随时入住,暂无数据,需提前预约,低楼层/16层,有,暂无数据,民水,民电,有,暂无数据,"['近地铁', '随时看房']","['1号线(罗宝线) - 侨城东', '140m', '9号线 - 深圳湾公园', '1072m']",22.536457,114.003306
https://sz.lianjia.com/zufang/SZ2273085906602958848.html,福田区,皇岗,皇御苑三期 2室1厅 东北,8500元/月 ,租赁方式未知,2室1厅1卫,79㎡,朝东北,"['https://image1.ljcdn.com/440300-inspection/2485215c-71b0-4ef0-b1f5-a16d0e65269e.jpg.780x439.jpg', 'https://s1.ljcdn.com/matrix_lianjia_pc/dist/pc/src/resource/default/780-439.png?_v=2019062712185388b', 'https://s1.ljcdn.com/matrix_lianjia_pc/dist/pc/src/resource/default/780-439.png?_v=2019062712185388b', 'https://s1.ljcdn.com/matrix_lianjia_pc/dist/pc/src/resource/default/780-439.png?_v=2019062712185388b', 'https://s1.ljcdn.com/matrix_lianjia_pc/dist/pc/src/resource/default/780-439.png?_v=2019062712185388b', 'https://s1.ljcdn.com/matrix_lianjia_pc/dist/pc/src/resource/default/780-439.png?_v=2019062712185388b', 'https://s1.ljcdn.com/matrix_lianjia_pc/dist/pc/src/resource/default/780-439.png?_v=2019062712185388b']",22天前,2019-07-16,暂无数据,需提前预约,中楼层/28层,有,暂无数据,民水,民电,有,暂无数据,['近地铁'],"['7号线 - 皇岗口岸', '551m']",22.531084,114.080614
https://sz.lianjia.com/zufang/SZ2156986795357904896.html,南山区,深圳湾,鸿威海怡湾 3室2厅 东北,11800元/月 ,租赁方式未知,3室2厅1卫,89㎡,朝东北,"['https://image1.ljcdn.com/440300-inspection/5c3e0171-3930-4109-ac4d-18bdecf6bb33.jpg.780x439.jpg', 'https://s1.ljcdn.com/matrix_lianjia_pc/dist/pc/src/resource/default/780-439.png?_v=2019062712185388b', 'https://s1.ljcdn.com/matrix_lianjia_pc/dist/pc/src/resource/default/780-439.png?_v=2019062712185388b', 'https://s1.ljcdn.com/matrix_lianjia_pc/dist/pc/src/resource/default/780-439.png?_v=2019062712185388b', 'https://s1.ljcdn.com/matrix_lianjia_pc/dist/pc/src/resource/default/780-439.png?_v=2019062712185388b', 'https://s1.ljcdn.com/matrix_lianjia_pc/dist/pc/src/resource/default/780-439.png?_v=2019062712185388b', 'https://s1.ljcdn.com/matrix_lianjia_pc/dist/pc/src/resource/default/780-439.png?_v=2019062712185388b', 'https://s1.ljcdn.com/matrix_lianjia_pc/dist/pc/src/resource/default/780-439.png?_v=2019062712185388b', 'https://s1.ljcdn.com/matrix_lianjia_pc/dist/pc/src/resource/default/780-439.png?_v=2019062712185388b', 'https://s1.ljcdn.com/matrix_lianjia_pc/dist/pc/src/resource/default/780-439.png?_v=2019062712185388b', 'https://s1.ljcdn.com/matrix_lianjia_pc/dist/pc/src/resource/default/780-439.png?_v=2019062712185388b', 'https://s1.ljcdn.com/matrix_lianjia_pc/dist/pc/src/resource/default/780-439.png?_v=2019062712185388b']",6个月前,随时入住,暂无数据,需提前预约,低楼层/18层,有,暂无数据,民水,民电,有,暂无数据,"['近地铁', '随时看房']","['2号线(蛇口线) - 湾厦', '682m']",22.495790833682,113.94942499691
https://sz.lianjia.com/zufang/SZ2243996794612613120.html,福田区,香蜜湖,整租·东海国际公寓 1室1厅 东北,22000元/月 (月付价),整租,1室1厅1卫,77㎡,朝 东北,"['https://image1.ljcdn.com/rent-user-avatar/1ab9cac5-803b-4009-939d-f1b48c93f6b3.780x439.jpg', 'https://s1.ljcdn.com/matrix_lianjia_pc/dist/pc/src/resource/default/780-439.png?_v=2019062712185388b', 'https://s1.ljcdn.com/matrix_lianjia_pc/dist/pc/src/resource/default/780-439.png?_v=2019062712185388b', 'https://s1.ljcdn.com/matrix_lianjia_pc/dist/pc/src/resource/default/780-439.png?_v=2019062712185388b', 'https://s1.ljcdn.com/matrix_lianjia_pc/dist/pc/src/resource/default/780-439.png?_v=2019062712185388b', 'https://s1.ljcdn.com/matrix_lianjia_pc/dist/pc/src/resource/default/780-439.png?_v=2019062712185388b']",2个月前,随时入住,1~2年,随时可看,17/60层,有,暂无数据,商水,商电,有,暂无数据,"['近地铁', '精装', '随时看房']","['1号线(罗宝线),11号线,7号线,9号线 - 车公庙', '366m', '7号线 - 农林', '669m', '1号线(罗宝线) - 竹子林', '961m', '9号线 - 下沙', '1055m']",22.542699,114.028081
https://sz.lianjia.com/zufang/SZ2222954141599678464.html,南山区,南头,整租·前海枫叶大厦 3室1厅 复式 东北,8500元/月 (月付价),整租,3室1厅1卫,55㎡,朝东北,"['https://image1.ljcdn.com/rent-user-avatar/1f7b2582-61ee-4ead-831c-f986d1510bfb.780x439.jpg', 'https://s1.ljcdn.com/matrix_lianjia_pc/dist/pc/src/resource/default/780-439.png?_v=2019062712185388b', 'https://s1.ljcdn.com/matrix_lianjia_pc/dist/pc/src/resource/default/780-439.png?_v=2019062712185388b', 'https://s1.ljcdn.com/matrix_lianjia_pc/dist/pc/src/resource/default/780-439.png?_v=2019062712185388b', 'https://s1.ljcdn.com/matrix_lianjia_pc/dist/pc/src/resource/default/780-439.png?_v=2019062712185388b', 'https://s1.ljcdn.com/matrix_lianjia_pc/dist/pc/src/resource/default/780-439.png?_v=2019062712185388b', 'https://s1.ljcdn.com/matrix_lianjia_pc/dist/pc/src/resource/default/780-439.png?_v=2019062712185388b', 'https://s1.ljcdn.com/matrix_lianjia_pc/dist/pc/src/resource/default/780-439.png?_v=2019062712185388b', 'https://s1.ljcdn.com/matrix_lianjia_pc/dist/pc/src/resource/default/780-439.png?_v=2019062712185388b']",3个月前,随时入住,1年,随时可看,13/26层,有,暂无数据,商水,商电,无,暂无数据,"['近地铁', '精装', '随时看房']","['11号线 - 南山', '347m', '1号线(罗宝线) - 桃园', '956m', '1号线(罗宝线) - 大新', '1113m']",22.532566768153,113.92740212718
https://sz.lianjia.com/zufang/SZ2278287102871609344.html,福田区,莲花,长城盛世家园一期 3室2厅 东北,10000元/月 ,租赁方式未知,3室2厅2卫,114㎡,朝东北,"['https://image1.ljcdn.com/440300-inspection/b82a07eb-c048-4c5f-a475-cebdb2588964.jpg.780x439.jpg', 'https://s1.ljcdn.com/matrix_lianjia_pc/dist/pc/src/resource/default/780-439.png?_v=2019062712185388b', 'https://s1.ljcdn.com/matrix_lianjia_pc/dist/pc/src/resource/default/780-439.png?_v=2019062712185388b', 'https://s1.ljcdn.com/matrix_lianjia_pc/dist/pc/src/resource/default/780-439.png?_v=2019062712185388b', 'https://s1.ljcdn.com/matrix_lianjia_pc/dist/pc/src/resource/default/780-439.png?_v=2019062712185388b', 'https://s1.ljcdn.com/matrix_lianjia_pc/dist/pc/src/resource/default/780-439.png?_v=2019062712185388b', 'https://s1.ljcdn.com/matrix_lianjia_pc/dist/pc/src/resource/default/780-439.png?_v=2019062712185388b', 'https://s1.ljcdn.com/matrix_lianjia_pc/dist/pc/src/resource/default/780-439.png?_v=2019062712185388b', 'https://s1.ljcdn.com/matrix_lianjia_pc/dist/pc/src/resource/default/780-439.png?_v=2019062712185388b']",14天前,随时入住,暂无数据,一般下班后可看,低楼层/34层,有,暂无数据,民水,民电,有,暂无数据,['近地铁'],"['4号线(龙华线) - 莲花北', '846m']",22.56603,114.07317
https://sz.lianjia.com/zufang/SZ2275055522132525056.html,南山区,蛇口,后海公馆 2室1厅 南/东北,9300元/月 ,租赁方式未知,2室1厅1卫,68㎡,朝南 东北,"['https://image1.ljcdn.com/440300-inspection/203afe56-8304-4d1e-8fb4-119b9b03edfe.jpg.780x439.jpg', 'https://s1.ljcdn.com/matrix_lianjia_pc/dist/pc/src/resource/default/780-439.png?_v=2019062712185388b', 'https://s1.ljcdn.com/matrix_lianjia_pc/dist/pc/src/resource/default/780-439.png?_v=2019062712185388b', 'https://s1.ljcdn.com/matrix_lianjia_pc/dist/pc/src/resource/default/780-439.png?_v=2019062712185388b', 'https://s1.ljcdn.com/matrix_lianjia_pc/dist/pc/src/resource/default/780-439.png?_v=2019062712185388b', 'https://s1.ljcdn.com/matrix_lianjia_pc/dist/pc/src/resource/default/780-439.png?_v=2019062712185388b', 'https://s1.ljcdn.com/matrix_lianjia_pc/dist/pc/src/resource/default/780-439.png?_v=2019062712185388b', 'https://s1.ljcdn.com/matrix_lianjia_pc/dist/pc/src/resource/default/780-439.png?_v=2019062712185388b']",19天前,随时入住,暂无数据,需提前预约,高楼层/30层,有,暂无数据,民水,民电,有,暂无数据,"['近地铁', '随时看房']","['2号线(蛇口线) - 湾厦', '229m', '2号线(蛇口线) - 海月', '862m', '2号线(蛇口线) - 东角头', '938m']",22.497051608153,113.94388492619
https://sz.lianjia.com/zufang/SZ2265149255276560384.html,南山区,科技园,整租·华润城润府一期 2室1厅 东北,15000元/月 ,整租,2室1厅2卫,83㎡,朝东北,"['https://image1.ljcdn.com/440300-inspection/2fde7870-ffb8-4a1a-982f-bc8b1289dafe.jpg.780x439.jpg', 'https://s1.ljcdn.com/matrix_lianjia_pc/dist/pc/src/resource/default/780-439.png?_v=2019062712185388b', 'https://s1.ljcdn.com/matrix_lianjia_pc/dist/pc/src/resource/default/780-439.png?_v=2019062712185388b', 'https://s1.ljcdn.com/matrix_lianjia_pc/dist/pc/src/resource/default/780-439.png?_v=2019062712185388b', 'https://s1.ljcdn.com/matrix_lianjia_pc/dist/pc/src/resource/default/780-439.png?_v=2019062712185388b', 'https://s1.ljcdn.com/matrix_lianjia_pc/dist/pc/src/resource/default/780-439.png?_v=2019062712185388b', 'https://s1.ljcdn.com/matrix_lianjia_pc/dist/pc/src/resource/default/780-439.png?_v=2019062712185388b', 'https://s1.ljcdn.com/matrix_lianjia_pc/dist/pc/src/resource/default/780-439.png?_v=2019062712185388b', 'https://s1.ljcdn.com/matrix_lianjia_pc/dist/pc/src/resource/default/780-439.png?_v=2019062712185388b', 'https://s1.ljcdn.com/matrix_lianjia_pc/dist/pc/src/resource/default/780-439.png?_v=2019062712185388b', 'https://s1.ljcdn.com/matrix_lianjia_pc/dist/pc/src/resource/default/780-439.png?_v=2019062712185388b', 'https://s1.ljcdn.com/matrix_lianjia_pc/dist/pc/src/resource/default/780-439.png?_v=2019062712185388b']",19天前,随时入住,1年以内,需提前预约,低楼层/36层,有,暂无数据,民水,民电,有,暂无数据,"['近地铁', '精装', '双卫生间']","['1号线(罗宝线) - 高新园', '373m']",22.553981,113.9611
https://sz.lianjia.com/zufang/SZ2252748575132098560.html,南山区,南山中心,整租·康乐大厦 3室2厅 东北,11000元/月 (月付价),整租,3室2厅1卫,90㎡,朝东北,"['https://image1.ljcdn.com/rent-user-avatar/3029b804-54d5-42f4-9506-68f4b358291f.780x439.jpg', 'https://s1.ljcdn.com/matrix_lianjia_pc/dist/pc/src/resource/default/780-439.png?_v=2019062712185388b', 'https://s1.ljcdn.com/matrix_lianjia_pc/dist/pc/src/resource/default/780-439.png?_v=2019062712185388b', 'https://s1.ljcdn.com/matrix_lianjia_pc/dist/pc/src/resource/default/780-439.png?_v=2019062712185388b', 'https://s1.ljcdn.com/matrix_lianjia_pc/dist/pc/src/resource/default/780-439.png?_v=2019062712185388b', 'https://s1.ljcdn.com/matrix_lianjia_pc/dist/pc/src/resource/default/780-439.png?_v=2019062712185388b', 'https://s1.ljcdn.com/matrix_lianjia_pc/dist/pc/src/resource/default/780-439.png?_v=2019062712185388b', 'https://s1.ljcdn.com/matrix_lianjia_pc/dist/pc/src/resource/default/780-439.png?_v=2019062712185388b', 'https://s1.ljcdn.com/matrix_lianjia_pc/dist/pc/src/resource/default/780-439.png?_v=2019062712185388b', 'https://s1.ljcdn.com/matrix_lianjia_pc/dist/pc/src/resource/default/780-439.png?_v=2019062712185388b', 'https://s1.ljcdn.com/matrix_lianjia_pc/dist/pc/src/resource/default/780-439.png?_v=2019062712185388b', 'https://s1.ljcdn.com/matrix_lianjia_pc/dist/pc/src/resource/default/780-439.png?_v=2019062712185388b', 'https://s1.ljcdn.com/matrix_lianjia_pc/dist/pc/src/resource/default/780-439.png?_v=2019062712185388b', 'https://s1.ljcdn.com/matrix_lianjia_pc/dist/pc/src/resource/default/780-439.png?_v=2019062712185388b', 'https://s1.ljcdn.com/matrix_lianjia_pc/dist/pc/src/resource/default/780-439.png?_v=2019062712185388b', 'https://s1.ljcdn.com/matrix_lianjia_pc/dist/pc/src/resource/default/780-439.png?_v=2019062712185388b', 'https://s1.ljcdn.com/matrix_lianjia_pc/dist/pc/src/resource/default/780-439.png?_v=2019062712185388b', 'https://s1.ljcdn.com/matrix_lianjia_pc/dist/pc/src/resource/default/780-439.png?_v=2019062712185388b', 'https://s1.ljcdn.com/matrix_lianjia_pc/dist/pc/src/resource/default/780-439.png?_v=2019062712185388b', 'https://s1.ljcdn.com/matrix_lianjia_pc/dist/pc/src/resource/default/780-439.png?_v=2019062712185388b', 'https://s1.ljcdn.com/matrix_lianjia_pc/dist/pc/src/resource/default/780-439.png?_v=2019062712185388b', 'https://s1.ljcdn.com/matrix_lianjia_pc/dist/pc/src/resource/default/780-439.png?_v=2019062712185388b']",1个月前,随时入住,1~2年,需提前预约,17/28层,有,暂无数据,民水,民电,有,暂无数据,['近地铁'],"['11号线 - 南山', '383m', '1号线(罗宝线) - 桃园', '524m']",22.532782,113.931572
https://sz.lianjia.com/apartment/9852.html,,,邦拓美诺公寓 · 深圳邦拓美诺行政公寓（卓越前海壹号）,"
邦拓美诺公寓 · 深圳邦拓美诺行政公寓（卓越前海壹号）

          10500元/月起

",,,,,"['https://image1.ljcdn.com/rent-user-avatar/8857350e-6ba0-469c-b93d-61ed957d6f4a.1150x.jpg', 'https://s1.ljcdn.com/matrix_lianjia_pc/dist/pc/src/resource/default/1150-450.png?_v=2019062712185388b', 'https://s1.ljcdn.com/matrix_lianjia_pc/dist/pc/src/resource/default/1150-450.png?_v=2019062712185388b', 'https://s1.ljcdn.com/matrix_lianjia_pc/dist/pc/src/resource/default/1150-450.png?_v=2019062712185388b', 'https://s1.ljcdn.com/matrix_lianjia_pc/dist/pc/src/resource/default/1150-450.png?_v=2019062712185388b', 'https://s1.ljcdn.com/matrix_lianjia_pc/dist/pc/src/resource/default/1150-450.png?_v=2019062712185388b', 'https://s1.ljcdn.com/matrix_lianjia_pc/dist/pc/src/resource/default/1150-450.png?_v=2019062712185388b', 'https://s1.ljcdn.com/matrix_lianjia_pc/dist/pc/src/resource/default/1150-450.png?_v=2019062712185388b', 'https://s1.ljcdn.com/matrix_lianjia_pc/dist/pc/src/resource/default/1150-450.png?_v=2019062712185388b']",,,,,,,,,,,,,[],22.53494,113.905358
https://sz.lianjia.com/zufang/SZ2283107431070842880.html,福田区,景田,长景阁 3室2厅 东北,8500元/月 ,租赁方式未知,3室2厅1卫,95㎡,朝东北,"['https://image1.ljcdn.com/440300-inspection/8145eb5f-e42e-48bc-b906-fa64da2521d6.jpg.780x439.jpg', 'https://s1.ljcdn.com/matrix_lianjia_pc/dist/pc/src/resource/default/780-439.png?_v=2019062712185388b', 'https://s1.ljcdn.com/matrix_lianjia_pc/dist/pc/src/resource/default/780-439.png?_v=2019062712185388b', 'https://s1.ljcdn.com/matrix_lianjia_pc/dist/pc/src/resource/default/780-439.png?_v=2019062712185388b', 'https://s1.ljcdn.com/matrix_lianjia_pc/dist/pc/src/resource/default/780-439.png?_v=2019062712185388b', 'https://s1.ljcdn.com/matrix_lianjia_pc/dist/pc/src/resource/default/780-439.png?_v=2019062712185388b', 'https://s1.ljcdn.com/matrix_lianjia_pc/dist/pc/src/resource/default/780-439.png?_v=2019062712185388b', 'https://s1.ljcdn.com/matrix_lianjia_pc/dist/pc/src/resource/default/780-439.png?_v=2019062712185388b']",8天前,随时入住,暂无数据,需提前预约,中楼层/25层,有,暂无数据,民水,民电,有,暂无数据,['近地铁'],"['2号线(蛇口线) - 莲花西', '357m', '2号线(蛇口线),3号线(龙岗线),11号线 - 福田', '912m', '9号线 - 香梅', '1096m']",22.549845,114.055106
https://sz.lianjia.com/zufang/SZ2279395199073386496.html,福田区,香梅北,天然居 3室1厅 东北,10000元/月 ,租赁方式未知,3室1厅2卫,95㎡,朝东北,"['https://image1.ljcdn.com/440300-inspection/c606df63-94cc-49c8-91bf-1dc29857b8a5.jpg.780x439.jpg', 'https://s1.ljcdn.com/matrix_lianjia_pc/dist/pc/src/resource/default/780-439.png?_v=2019062712185388b', 'https://s1.ljcdn.com/matrix_lianjia_pc/dist/pc/src/resource/default/780-439.png?_v=2019062712185388b', 'https://s1.ljcdn.com/matrix_lianjia_pc/dist/pc/src/resource/default/780-439.png?_v=2019062712185388b', 'https://s1.ljcdn.com/matrix_lianjia_pc/dist/pc/src/resource/default/780-439.png?_v=2019062712185388b', 'https://s1.ljcdn.com/matrix_lianjia_pc/dist/pc/src/resource/default/780-439.png?_v=2019062712185388b', 'https://s1.ljcdn.com/matrix_lianjia_pc/dist/pc/src/resource/default/780-439.png?_v=2019062712185388b', 'https://s1.ljcdn.com/matrix_lianjia_pc/dist/pc/src/resource/default/780-439.png?_v=2019062712185388b', 'https://s1.ljcdn.com/matrix_lianjia_pc/dist/pc/src/resource/default/780-439.png?_v=2019062712185388b', 'https://s1.ljcdn.com/matrix_lianjia_pc/dist/pc/src/resource/default/780-439.png?_v=2019062712185388b', 'https://s1.ljcdn.com/matrix_lianjia_pc/dist/pc/src/resource/default/780-439.png?_v=2019062712185388b']",13天前,随时入住,暂无数据,需提前预约,高楼层/31层,有,暂无数据,民水,民电,有,暂无数据,"['近地铁', '随时看房']","['2号线(蛇口线) - 香梅北', '133m', '9号线 - 梅景', '613m', '2号线(蛇口线),9号线 - 景田', '743m', '9号线 - 香梅', '1146m', '2号线(蛇口线) - 香蜜', '1179m']",22.560147,114.042307
https://sz.lianjia.com/zufang/SZ2003307279960776704.html,福田区,景田,香逸名园 3室1厅 东北,8000元/月 ,租赁方式未知,3室1厅2卫,104㎡,朝东北,"['https://image1.ljcdn.com/440300-inspection/6d9bcfbe-72e5-4fc6-adc2-ce6fc8a839b7.jpg.780x439.jpg', 'https://s1.ljcdn.com/matrix_lianjia_pc/dist/pc/src/resource/default/780-439.png?_v=2019062712185388b', 'https://s1.ljcdn.com/matrix_lianjia_pc/dist/pc/src/resource/default/780-439.png?_v=2019062712185388b', 'https://s1.ljcdn.com/matrix_lianjia_pc/dist/pc/src/resource/default/780-439.png?_v=2019062712185388b', 'https://s1.ljcdn.com/matrix_lianjia_pc/dist/pc/src/resource/default/780-439.png?_v=2019062712185388b', 'https://s1.ljcdn.com/matrix_lianjia_pc/dist/pc/src/resource/default/780-439.png?_v=2019062712185388b', 'https://s1.ljcdn.com/matrix_lianjia_pc/dist/pc/src/resource/default/780-439.png?_v=2019062712185388b', 'https://s1.ljcdn.com/matrix_lianjia_pc/dist/pc/src/resource/default/780-439.png?_v=2019062712185388b', 'https://s1.ljcdn.com/matrix_lianjia_pc/dist/pc/src/resource/default/780-439.png?_v=2019062712185388b', 'https://s1.ljcdn.com/matrix_lianjia_pc/dist/pc/src/resource/default/780-439.png?_v=2019062712185388b']",1年前,随时入住,暂无数据,需提前预约,高楼层/28层,有,暂无数据,民水,民电,有,暂无数据,"['近地铁', '随时看房']","['9号线 - 香梅', '321m', '1号线(罗宝线) - 香蜜湖', '555m']",22.547953,114.047471
https://sz.lianjia.com/zufang/SZ2280525181187260416.html,南山区,科技园,整租·科技生态园 2室1厅 东北,12000元/月 (季付价),整租,2室1厅1卫,78㎡,朝东北,"['https://image1.ljcdn.com/rent-user-avatar/255427c8-7b8f-4545-a5a0-ea9c42e59368.780x439.jpg', 'https://s1.ljcdn.com/matrix_lianjia_pc/dist/pc/src/resource/default/780-439.png?_v=2019062712185388b', 'https://s1.ljcdn.com/matrix_lianjia_pc/dist/pc/src/resource/default/780-439.png?_v=2019062712185388b', 'https://s1.ljcdn.com/matrix_lianjia_pc/dist/pc/src/resource/default/780-439.png?_v=2019062712185388b', 'https://s1.ljcdn.com/matrix_lianjia_pc/dist/pc/src/resource/default/780-439.png?_v=2019062712185388b', 'https://s1.ljcdn.com/matrix_lianjia_pc/dist/pc/src/resource/default/780-439.png?_v=2019062712185388b', 'https://s1.ljcdn.com/matrix_lianjia_pc/dist/pc/src/resource/default/780-439.png?_v=2019062712185388b']",11天前,随时入住,1~24个月,随时可看,27/37层,暂无数据,暂无数据,暂无数据,暂无数据,暂无数据,暂无数据,"['月租', '近地铁', '精装', '押一付一', '随时看房']","['2号线(蛇口线) - 科苑', '778m', '1号线(罗宝线) - 高新园', '1040m']",22.533178,113.959146
https://sz.lianjia.com/zufang/SZ2277546521426149376.html,福田区,车公庙,整租·天安高尔夫花园 2室2厅 东北,13000元/月 (月付价),整租,2室2厅2卫,133㎡,朝东北,"['https://image1.ljcdn.com/rent-user-avatar/125fa46d-305c-4a63-8df4-2d8ba3319229.780x439.jpg', 'https://s1.ljcdn.com/matrix_lianjia_pc/dist/pc/src/resource/default/780-439.png?_v=2019062712185388b', 'https://s1.ljcdn.com/matrix_lianjia_pc/dist/pc/src/resource/default/780-439.png?_v=2019062712185388b', 'https://s1.ljcdn.com/matrix_lianjia_pc/dist/pc/src/resource/default/780-439.png?_v=2019062712185388b', 'https://s1.ljcdn.com/matrix_lianjia_pc/dist/pc/src/resource/default/780-439.png?_v=2019062712185388b', 'https://s1.ljcdn.com/matrix_lianjia_pc/dist/pc/src/resource/default/780-439.png?_v=2019062712185388b', 'https://s1.ljcdn.com/matrix_lianjia_pc/dist/pc/src/resource/default/780-439.png?_v=2019062712185388b', 'https://s1.ljcdn.com/matrix_lianjia_pc/dist/pc/src/resource/default/780-439.png?_v=2019062712185388b', 'https://s1.ljcdn.com/matrix_lianjia_pc/dist/pc/src/resource/default/780-439.png?_v=2019062712185388b']",15天前,随时入住,2~3年,需提前预约,14/17层,有,租用车位,民水,民电,有,自采暖,"['近地铁', '精装', '双卫生间']","['7号线 - 上沙', '838m', '1号线(罗宝线) - 香蜜湖', '879m', '9号线 - 下沙', '952m']",22.538942495253,114.03926656198
https://sz.lianjia.com/zufang/SZ2269483302429655040.html,福田区,石厦,天健阳光华苑 3室2厅 东北,11000元/月 ,租赁方式未知,3室2厅2卫,104㎡,朝东北,['https://image1.ljcdn.com/rent-front-image/1efeae8459c48eeb3fef0bc54884fd1d.png.780x439.jpg'],13天前,随时入住,暂无数据,需提前预约,低楼层/31层,有,暂无数据,民水,民电,有,暂无数据,['近地铁'],"['3号线(龙岗线),7号线 - 石厦', '255m', '7号线 - 皇岗村', '440m', '4号线(龙华线),7号线 - 福民', '1124m']",22.53090034758,114.06224591076
https://sz.lianjia.com/zufang/SZ2273005961423888384.html,福田区,竹子林,香诗美林 3室1厅 东北,12000元/月 ,租赁方式未知,3室1厅2卫,117㎡,朝东北,"['https://image1.ljcdn.com/440300-inspection/a2394096-37f8-4131-a425-1b449f5a4a53.jpg.780x439.jpg', 'https://s1.ljcdn.com/matrix_lianjia_pc/dist/pc/src/resource/default/780-439.png?_v=2019062712185388b', 'https://s1.ljcdn.com/matrix_lianjia_pc/dist/pc/src/resource/default/780-439.png?_v=2019062712185388b', 'https://s1.ljcdn.com/matrix_lianjia_pc/dist/pc/src/resource/default/780-439.png?_v=2019062712185388b', 'https://s1.ljcdn.com/matrix_lianjia_pc/dist/pc/src/resource/default/780-439.png?_v=2019062712185388b', 'https://s1.ljcdn.com/matrix_lianjia_pc/dist/pc/src/resource/default/780-439.png?_v=2019062712185388b', 'https://s1.ljcdn.com/matrix_lianjia_pc/dist/pc/src/resource/default/780-439.png?_v=2019062712185388b', 'https://s1.ljcdn.com/matrix_lianjia_pc/dist/pc/src/resource/default/780-439.png?_v=2019062712185388b', 'https://s1.ljcdn.com/matrix_lianjia_pc/dist/pc/src/resource/default/780-439.png?_v=2019062712185388b', 'https://s1.ljcdn.com/matrix_lianjia_pc/dist/pc/src/resource/default/780-439.png?_v=2019062712185388b']",22天前,随时入住,暂无数据,一般下班后可看,低楼层/33层,有,暂无数据,民水,民电,有,暂无数据,"['近地铁', '精装']","['1号线(罗宝线) - 竹子林', '614m']",22.542711,114.014623
https://sz.lianjia.com/zufang/SZ2280934421433688064.html,南山区,蛇口,半岛城邦花园二期 2室1厅 东北,11000元/月 ,租赁方式未知,2室1厅1卫,89㎡,朝东北,"['https://image1.ljcdn.com/440300-inspection/ca9c54a0-b323-4dd5-914d-3ca7a4a80b33.jpg.780x439.jpg', 'https://s1.ljcdn.com/matrix_lianjia_pc/dist/pc/src/resource/default/780-439.png?_v=2019062712185388b', 'https://s1.ljcdn.com/matrix_lianjia_pc/dist/pc/src/resource/default/780-439.png?_v=2019062712185388b', 'https://s1.ljcdn.com/matrix_lianjia_pc/dist/pc/src/resource/default/780-439.png?_v=2019062712185388b', 'https://s1.ljcdn.com/matrix_lianjia_pc/dist/pc/src/resource/default/780-439.png?_v=2019062712185388b', 'https://s1.ljcdn.com/matrix_lianjia_pc/dist/pc/src/resource/default/780-439.png?_v=2019062712185388b']",8天前,随时入住,暂无数据,一般下班后可看,中楼层/48层,有,暂无数据,民水,民电,有,暂无数据,['近地铁'],"['2号线(蛇口线) - 东角头', '447m']",22.487194,113.938027
https://sz.lianjia.com/zufang/SZ2279046602952294400.html,福田区,竹子林,越海家园 2室2厅 东北,8500元/月 ,租赁方式未知,2室2厅1卫,71㎡,朝东北,"['https://image1.ljcdn.com/440300-inspection/1f88f4e0-1be1-4356-99c3-a80c06c01ec4.jpg.780x439.jpg', 'https://s1.ljcdn.com/matrix_lianjia_pc/dist/pc/src/resource/default/780-439.png?_v=2019062712185388b', 'https://s1.ljcdn.com/matrix_lianjia_pc/dist/pc/src/resource/default/780-439.png?_v=2019062712185388b', 'https://s1.ljcdn.com/matrix_lianjia_pc/dist/pc/src/resource/default/780-439.png?_v=2019062712185388b', 'https://s1.ljcdn.com/matrix_lianjia_pc/dist/pc/src/resource/default/780-439.png?_v=2019062712185388b', 'https://s1.ljcdn.com/matrix_lianjia_pc/dist/pc/src/resource/default/780-439.png?_v=2019062712185388b', 'https://s1.ljcdn.com/matrix_lianjia_pc/dist/pc/src/resource/default/780-439.png?_v=2019062712185388b']",13天前,2019-07-06,暂无数据,暂无数据,低楼层/16层,有,暂无数据,民水,民电,有,暂无数据,['近地铁'],"['1号线(罗宝线) - 竹子林', '727m', '1号线(罗宝线) - 侨城东', '1177m']",22.541661,114.013248
