房源地址,行政区,位置,标题,租金,租赁方式,户型,面积,朝向,图片列表,发布时间,入住时间,租期,看房时间,楼层,电梯,车位,用水,用电,燃气,采暖,标签,station,latitude,longtitude
https://sz.lianjia.com/zufang/SZ2256419110537928704.html,福田区,石厦,整租·星座大厦 1室1厅 北,5290元/月 (季付价),整租,1室1厅1卫,34㎡,朝北,"['https://image1.ljcdn.com/rent-house-1/636f69b83827f24f7723a443c68fdbb3-1561212800352/d493a52b67367949c110fd4b5562c4bb.jpg.780x439.jpg', 'https://s1.ljcdn.com/matrix_lianjia_pc/dist/pc/src/resource/default/780-439.png?_v=201906280941017d9', 'https://s1.ljcdn.com/matrix_lianjia_pc/dist/pc/src/resource/default/780-439.png?_v=201906280941017d9', 'https://s1.ljcdn.com/matrix_lianjia_pc/dist/pc/src/resource/default/780-439.png?_v=201906280941017d9', 'https://s1.ljcdn.com/matrix_lianjia_pc/dist/pc/src/resource/default/780-439.png?_v=201906280941017d9', 'https://s1.ljcdn.com/matrix_lianjia_pc/dist/pc/src/resource/default/780-439.png?_v=201906280941017d9']",1个月前,随时入住,1年,随时可看,14/33层,暂无数据,暂无数据,暂无数据,暂无数据,暂无数据,暂无数据,"['公寓', '近地铁', '随时看房']","['3号线(龙岗线),7号线 - 石厦', '278m', '7号线 - 皇岗村', '658m']",22.53181,114.061707
https://sz.lianjia.com/zufang/SZ2286099941825200128.html,罗湖区,地王,名仕阁 1室1厅 北,5600元/月 ,租赁方式未知,1室1厅1卫,56㎡,朝北,"['http://vrlab-image.ljcdn.com/release/auto3dhd/22971eca51f727077e55d6effa9ec724/screenshot/1561624708_7/pc0_TvPmWnPw6.jpg.q_70.jpg', 'https://s1.ljcdn.com/matrix_lianjia_pc/dist/pc/src/resource/default/780-439.png?_v=201906280941017d9', 'https://s1.ljcdn.com/matrix_lianjia_pc/dist/pc/src/resource/default/780-439.png?_v=201906280941017d9', 'https://s1.ljcdn.com/matrix_lianjia_pc/dist/pc/src/resource/default/780-439.png?_v=201906280941017d9']",5天前,随时入住,暂无数据,需提前预约,高楼层/33层,有,暂无数据,民水,民电,有,暂无数据,"['近地铁', '新上', '随时看房']","['1号线(罗宝线),2号线(蛇口线) - 大剧院', '62m', '9号线 - 红岭南', '633m', '1号线(罗宝线),3号线(龙岗线) - 老街', '813m', '9号线 - 鹿丹村', '1026m', '3号线(龙岗线),9号线 - 红岭', '1158m']",22.549041,114.114432
https://sz.lianjia.com/zufang/SZ2275374975701753856.html,罗湖区,洪湖,翠盈嘉园 2室1厅 北,5600元/月 ,租赁方式未知,2室1厅1卫,57㎡,朝北,"['https://image1.ljcdn.com/440300-inspection/test-c562f17a-8044-442a-8e98-6e6275ef10c3.png.780x439.jpg', 'https://s1.ljcdn.com/matrix_lianjia_pc/dist/pc/src/resource/default/780-439.png?_v=201906280941017d9', 'https://s1.ljcdn.com/matrix_lianjia_pc/dist/pc/src/resource/default/780-439.png?_v=201906280941017d9', 'https://s1.ljcdn.com/matrix_lianjia_pc/dist/pc/src/resource/default/780-439.png?_v=201906280941017d9', 'https://s1.ljcdn.com/matrix_lianjia_pc/dist/pc/src/resource/default/780-439.png?_v=201906280941017d9']",21天前,随时入住,暂无数据,暂无数据,高楼层/34层,有,暂无数据,民水,民电,有,暂无数据,['近地铁'],"['7号线 - 洪湖', '981m', '3号线(龙岗线) - 翠竹', '1046m', '3号线(龙岗线) - 晒布', '1104m']",22.56334758667,114.12963605874
https://sz.lianjia.com/zufang/SZ2273085909471862784.html,福田区,八卦岭,岭尚时代园 1室1厅 北,5000元/月 ,租赁方式未知,1室1厅1卫,48㎡,朝北,"['https://image1.ljcdn.com/440300-inspection/prod-07f17d4f-671e-497c-82db-a7c200e40522.jpg.780x439.jpg', 'https://s1.ljcdn.com/matrix_lianjia_pc/dist/pc/src/resource/default/780-439.png?_v=201906280941017d9', 'https://s1.ljcdn.com/matrix_lianjia_pc/dist/pc/src/resource/default/780-439.png?_v=201906280941017d9', 'https://s1.ljcdn.com/matrix_lianjia_pc/dist/pc/src/resource/default/780-439.png?_v=201906280941017d9']",24天前,随时入住,暂无数据,暂无数据,低楼层/27层,有,暂无数据,民水,民电,有,暂无数据,['近地铁'],"['7号线 - 八卦岭', '511m', '7号线,9号线 - 红岭北', '746m', '9号线 - 泥岗', '931m']",22.570037,114.104632
https://sz.lianjia.com/apartment/18569.html,,,冠寓 · 深圳景田国际公寓,"
冠寓 · 深圳景田国际公寓

          5889元/月起

",,,,,"['https://image1.ljcdn.com/rent-house-1/e067d74ca3cefe515bb47a92f8ce9933-1561664469560/3ef18dc26792208232528c4ef3466015.jpg.1150x.jpg', 'https://s1.ljcdn.com/matrix_lianjia_pc/dist/pc/src/resource/default/1150-450.png?_v=201906280941017d9', 'https://s1.ljcdn.com/matrix_lianjia_pc/dist/pc/src/resource/default/1150-450.png?_v=201906280941017d9', 'https://s1.ljcdn.com/matrix_lianjia_pc/dist/pc/src/resource/default/1150-450.png?_v=201906280941017d9', 'https://s1.ljcdn.com/matrix_lianjia_pc/dist/pc/src/resource/default/1150-450.png?_v=201906280941017d9']",,,,,,,,,,,,,[],22.564211225367355,114.04303491958731
https://sz.lianjia.com/zufang/SZ2246136663208640512.html,福田区,景田,整租·五洲星苑 1室1厅 北,6660元/月 (季付价),整租,1室1厅1卫,41㎡,朝北,"['https://image1.ljcdn.com/rent-house-1/636f69b83827f24f7723a443c68fdbb3-1561212797722/021bb1b08df7465e0694bc96d1db599d.jpg.780x439.jpg', 'https://s1.ljcdn.com/matrix_lianjia_pc/dist/pc/src/resource/default/780-439.png?_v=201906280941017d9', 'https://s1.ljcdn.com/matrix_lianjia_pc/dist/pc/src/resource/default/780-439.png?_v=201906280941017d9', 'https://s1.ljcdn.com/matrix_lianjia_pc/dist/pc/src/resource/default/780-439.png?_v=201906280941017d9', 'https://s1.ljcdn.com/matrix_lianjia_pc/dist/pc/src/resource/default/780-439.png?_v=201906280941017d9', 'https://s1.ljcdn.com/matrix_lianjia_pc/dist/pc/src/resource/default/780-439.png?_v=201906280941017d9', 'https://s1.ljcdn.com/matrix_lianjia_pc/dist/pc/src/resource/default/780-439.png?_v=201906280941017d9', 'https://s1.ljcdn.com/matrix_lianjia_pc/dist/pc/src/resource/default/780-439.png?_v=201906280941017d9', 'https://s1.ljcdn.com/matrix_lianjia_pc/dist/pc/src/resource/default/780-439.png?_v=201906280941017d9']",2个月前,随时入住,3~12个月,随时可看,22/33层,暂无数据,暂无数据,暂无数据,暂无数据,暂无数据,暂无数据,"['公寓', '月租', '近地铁', '随时看房']","['1号线(罗宝线) - 香蜜湖', '773m', '9号线 - 香梅', '876m', '2号线(蛇口线) - 莲花西', '944m', '2号线(蛇口线),3号线(龙岗线),11号线 - 福田', '995m']",22.547946199893,114.05199300096
https://sz.lianjia.com/zufang/SZ2282598766659764224.html,福田区,莲花,长城盛世家园一期 2室1厅 北,7000元/月 ,租赁方式未知,2室1厅1卫,76㎡,朝北,"['https://image1.ljcdn.com/440300-inspection/16fa98be-dc9b-4c8f-9363-b62712345c10.jpg.780x439.jpg', 'https://s1.ljcdn.com/matrix_lianjia_pc/dist/pc/src/resource/default/780-439.png?_v=201906280941017d9', 'https://s1.ljcdn.com/matrix_lianjia_pc/dist/pc/src/resource/default/780-439.png?_v=201906280941017d9', 'https://s1.ljcdn.com/matrix_lianjia_pc/dist/pc/src/resource/default/780-439.png?_v=201906280941017d9', 'https://s1.ljcdn.com/matrix_lianjia_pc/dist/pc/src/resource/default/780-439.png?_v=201906280941017d9', 'https://s1.ljcdn.com/matrix_lianjia_pc/dist/pc/src/resource/default/780-439.png?_v=201906280941017d9']",11天前,随时入住,暂无数据,需提前预约,中楼层/34层,有,暂无数据,民水,民电,有,暂无数据,"['近地铁', '随时看房']","['4号线(龙华线) - 莲花北', '846m']",22.56603,114.07317
https://sz.lianjia.com/zufang/SZ2269612967417364480.html,龙岗区,坂田,整租·佳兆业城市广场三期 3室2厅 北,5600元/月 ,整租,3室2厅2卫,89㎡,朝北,"['https://image1.ljcdn.com/440300-inspection/6a0f9480-972e-4783-b7e7-0da2df1c5652.jpg.780x439.jpg', 'https://s1.ljcdn.com/matrix_lianjia_pc/dist/pc/src/resource/default/780-439.png?_v=201906280941017d9', 'https://s1.ljcdn.com/matrix_lianjia_pc/dist/pc/src/resource/default/780-439.png?_v=201906280941017d9', 'https://s1.ljcdn.com/matrix_lianjia_pc/dist/pc/src/resource/default/780-439.png?_v=201906280941017d9', 'https://s1.ljcdn.com/matrix_lianjia_pc/dist/pc/src/resource/default/780-439.png?_v=201906280941017d9', 'https://s1.ljcdn.com/matrix_lianjia_pc/dist/pc/src/resource/default/780-439.png?_v=201906280941017d9', 'https://s1.ljcdn.com/matrix_lianjia_pc/dist/pc/src/resource/default/780-439.png?_v=201906280941017d9', 'https://s1.ljcdn.com/matrix_lianjia_pc/dist/pc/src/resource/default/780-439.png?_v=201906280941017d9', 'https://s1.ljcdn.com/matrix_lianjia_pc/dist/pc/src/resource/default/780-439.png?_v=201906280941017d9', 'https://s1.ljcdn.com/matrix_lianjia_pc/dist/pc/src/resource/default/780-439.png?_v=201906280941017d9']",29天前,2019-07-02,1年以内,暂无数据,高楼层/46层,有,暂无数据,民水,民电,有,暂无数据,"['精装', '双卫生间']",[],22.665869,114.084045
https://sz.lianjia.com/zufang/SZ2249224725769224192.html,龙岗区,布吉关,佳兆业可园五期 3室2厅 北,5800元/月 ,租赁方式未知,3室2厅1卫,91㎡,朝北,"['http://vrlab-image.ljcdn.com/release/auto3dhd/c6646a99bb7aad34fdf5440a27c13c2d/screenshot/1553659485_0/pc0_JMuejccbG.jpg.q_70.jpg', 'https://s1.ljcdn.com/matrix_lianjia_pc/dist/pc/src/resource/default/780-439.png?_v=201906280941017d9', 'https://s1.ljcdn.com/matrix_lianjia_pc/dist/pc/src/resource/default/780-439.png?_v=201906280941017d9', 'https://s1.ljcdn.com/matrix_lianjia_pc/dist/pc/src/resource/default/780-439.png?_v=201906280941017d9', 'https://s1.ljcdn.com/matrix_lianjia_pc/dist/pc/src/resource/default/780-439.png?_v=201906280941017d9', 'https://s1.ljcdn.com/matrix_lianjia_pc/dist/pc/src/resource/default/780-439.png?_v=201906280941017d9']",1个月前,随时入住,暂无数据,只能周末看房,中楼层/23层,有,暂无数据,民水,民电,有,暂无数据,"['近地铁', '随时看房']","['5号线(环中线) - 百鸽笼', '777m']",22.605839,114.142228
https://sz.lianjia.com/zufang/SZ2118561720749801472.html,南山区,白石洲,整租·沙河观景阁 1室1厅 北,6490元/月 (季付价),整租,1室1厅1卫,45㎡,朝北,"['https://image1.ljcdn.com/rent-house-1/636f69b83827f24f7723a443c68fdbb3-1561274829702/f1004070f4dea19f3c3ff2b5e40ba6ff.jpg.780x439.jpg', 'https://s1.ljcdn.com/matrix_lianjia_pc/dist/pc/src/resource/default/780-439.png?_v=201906280941017d9', 'https://s1.ljcdn.com/matrix_lianjia_pc/dist/pc/src/resource/default/780-439.png?_v=201906280941017d9', 'https://s1.ljcdn.com/matrix_lianjia_pc/dist/pc/src/resource/default/780-439.png?_v=201906280941017d9', 'https://s1.ljcdn.com/matrix_lianjia_pc/dist/pc/src/resource/default/780-439.png?_v=201906280941017d9', 'https://s1.ljcdn.com/matrix_lianjia_pc/dist/pc/src/resource/default/780-439.png?_v=201906280941017d9', 'https://s1.ljcdn.com/matrix_lianjia_pc/dist/pc/src/resource/default/780-439.png?_v=201906280941017d9']",7个月前,随时入住,1年,随时可看,14/15层,暂无数据,暂无数据,暂无数据,暂无数据,暂无数据,暂无数据,"['公寓', '近地铁', '随时看房']","['1号线(罗宝线) - 白石洲', '817m']",22.549698,113.9735
https://sz.lianjia.com/zufang/SZ2246141930331176960.html,福田区,上步,整租·红岭大厦 2室1厅 北,5890元/月 (季付价),整租,2室1厅1卫,49㎡,朝北,"['https://image1.ljcdn.com/rent-house-1/636f69b83827f24f7723a443c68fdbb3-1561182739759/7f39c250b06349ece2f328db6295c21c.jpg.780x439.jpg', 'https://s1.ljcdn.com/matrix_lianjia_pc/dist/pc/src/resource/default/780-439.png?_v=201906280941017d9', 'https://s1.ljcdn.com/matrix_lianjia_pc/dist/pc/src/resource/default/780-439.png?_v=201906280941017d9', 'https://s1.ljcdn.com/matrix_lianjia_pc/dist/pc/src/resource/default/780-439.png?_v=201906280941017d9', 'https://s1.ljcdn.com/matrix_lianjia_pc/dist/pc/src/resource/default/780-439.png?_v=201906280941017d9', 'https://s1.ljcdn.com/matrix_lianjia_pc/dist/pc/src/resource/default/780-439.png?_v=201906280941017d9', 'https://s1.ljcdn.com/matrix_lianjia_pc/dist/pc/src/resource/default/780-439.png?_v=201906280941017d9', 'https://s1.ljcdn.com/matrix_lianjia_pc/dist/pc/src/resource/default/780-439.png?_v=201906280941017d9']",2个月前,随时入住,1年,随时可看,10/28层,暂无数据,暂无数据,暂无数据,暂无数据,暂无数据,暂无数据,"['公寓', '近地铁', '随时看房']","['9号线 - 红岭南', '41m', '1号线(罗宝线),2号线(蛇口线) - 大剧院', '359m', '9号线 - 鹿丹村', '609m', '3号线(龙岗线),9号线 - 红岭', '784m', '1号线(罗宝线) - 科学馆', '947m']",22.545284,114.110577
https://sz.lianjia.com/zufang/SZ2279395291029848064.html,龙岗区,布吉关,佳兆业可园七期 3室1厅 跃层 北,6000元/月 ,租赁方式未知,3室1厅1卫,89㎡,朝北,"['https://image1.ljcdn.com/440300-inspection/02e2cca0-6dcd-4f34-bd8f-5987be76e1c5.jpg.780x439.jpg', 'https://s1.ljcdn.com/matrix_lianjia_pc/dist/pc/src/resource/default/780-439.png?_v=201906280941017d9', 'https://s1.ljcdn.com/matrix_lianjia_pc/dist/pc/src/resource/default/780-439.png?_v=201906280941017d9', 'https://s1.ljcdn.com/matrix_lianjia_pc/dist/pc/src/resource/default/780-439.png?_v=201906280941017d9', 'https://s1.ljcdn.com/matrix_lianjia_pc/dist/pc/src/resource/default/780-439.png?_v=201906280941017d9', 'https://s1.ljcdn.com/matrix_lianjia_pc/dist/pc/src/resource/default/780-439.png?_v=201906280941017d9', 'https://s1.ljcdn.com/matrix_lianjia_pc/dist/pc/src/resource/default/780-439.png?_v=201906280941017d9', 'https://s1.ljcdn.com/matrix_lianjia_pc/dist/pc/src/resource/default/780-439.png?_v=201906280941017d9', 'https://s1.ljcdn.com/matrix_lianjia_pc/dist/pc/src/resource/default/780-439.png?_v=201906280941017d9', 'https://s1.ljcdn.com/matrix_lianjia_pc/dist/pc/src/resource/default/780-439.png?_v=201906280941017d9', 'https://s1.ljcdn.com/matrix_lianjia_pc/dist/pc/src/resource/default/780-439.png?_v=201906280941017d9']",15天前,2019-07-15,暂无数据,需提前预约,中楼层/26层,有,暂无数据,民水,民电,有,暂无数据,['近地铁'],"['5号线(环中线) - 百鸽笼', '843m']",22.604529,114.142803
https://sz.lianjia.com/zufang/SZ2282557132622528512.html,福田区,石厦,绿洲丰和 1室1厅 北,5500元/月 ,租赁方式未知,1室1厅1卫,42㎡,朝北,"['https://image1.ljcdn.com/440300-inspection/rsp_pic_upload68f587da-54de-4f84-9845-60f53c44be47.jpg.780x439.jpg', 'https://s1.ljcdn.com/matrix_lianjia_pc/dist/pc/src/resource/default/780-439.png?_v=201906280941017d9', 'https://s1.ljcdn.com/matrix_lianjia_pc/dist/pc/src/resource/default/780-439.png?_v=201906280941017d9', 'https://s1.ljcdn.com/matrix_lianjia_pc/dist/pc/src/resource/default/780-439.png?_v=201906280941017d9', 'https://s1.ljcdn.com/matrix_lianjia_pc/dist/pc/src/resource/default/780-439.png?_v=201906280941017d9']",3天前,随时入住,暂无数据,一般下班后可看,中楼层/30层,有,暂无数据,民水,民电,有,暂无数据,"['近地铁', '新上']","['3号线(龙岗线),7号线 - 石厦', '568m', '1号线(罗宝线),3号线(龙岗线) - 购物公园', '1077m', '7号线 - 皇岗村', '1188m']",22.533025278053,114.05754176365
https://sz.lianjia.com/zufang/SZ2125026498284101632.html,龙岗区,坂田,中海日辉台 3室2厅 南/北,5300元/月 ,租赁方式未知,3室2厅2卫,100㎡,朝南 北,"['https://image1.ljcdn.com/440300-inspection/01190993-2186-4107-b136-b2a1e3c95476.jpg.780x439.jpg', 'https://s1.ljcdn.com/matrix_lianjia_pc/dist/pc/src/resource/default/780-439.png?_v=201906280941017d9', 'https://s1.ljcdn.com/matrix_lianjia_pc/dist/pc/src/resource/default/780-439.png?_v=201906280941017d9', 'https://s1.ljcdn.com/matrix_lianjia_pc/dist/pc/src/resource/default/780-439.png?_v=201906280941017d9', 'https://s1.ljcdn.com/matrix_lianjia_pc/dist/pc/src/resource/default/780-439.png?_v=201906280941017d9', 'https://s1.ljcdn.com/matrix_lianjia_pc/dist/pc/src/resource/default/780-439.png?_v=201906280941017d9', 'https://s1.ljcdn.com/matrix_lianjia_pc/dist/pc/src/resource/default/780-439.png?_v=201906280941017d9', 'https://s1.ljcdn.com/matrix_lianjia_pc/dist/pc/src/resource/default/780-439.png?_v=201906280941017d9', 'https://s1.ljcdn.com/matrix_lianjia_pc/dist/pc/src/resource/default/780-439.png?_v=201906280941017d9']",7个月前,随时入住,暂无数据,需提前预约,中楼层/11层,有,暂无数据,民水,民电,有,暂无数据,['随时看房'],[],22.646404024323,114.07460126142
https://sz.lianjia.com/zufang/SZ2282349990603137024.html,福田区,福田中心,整租·彩福大厦 1室1厅 北,6800元/月 (月付价),整租,1室1厅1卫,49㎡,朝 北,"['https://image1.ljcdn.com/rent-user-avatar/00b85a9f-74e2-437e-be8b-5742a602c60f.780x439.jpg', 'https://s1.ljcdn.com/matrix_lianjia_pc/dist/pc/src/resource/default/780-439.png?_v=201906280941017d9', 'https://s1.ljcdn.com/matrix_lianjia_pc/dist/pc/src/resource/default/780-439.png?_v=201906280941017d9', 'https://s1.ljcdn.com/matrix_lianjia_pc/dist/pc/src/resource/default/780-439.png?_v=201906280941017d9', 'https://s1.ljcdn.com/matrix_lianjia_pc/dist/pc/src/resource/default/780-439.png?_v=201906280941017d9', 'https://s1.ljcdn.com/matrix_lianjia_pc/dist/pc/src/resource/default/780-439.png?_v=201906280941017d9']",11天前,随时入住,1~3年,随时可看,7/32层,有,暂无数据,民水,民电,有,暂无数据,"['近地铁', '精装', '随时看房']","['1号线(罗宝线) - 岗厦', '79m', '1号线(罗宝线),4号线(龙华线) - 会展中心', '585m', '2号线(蛇口线) - 岗厦北', '981m']",22.541719175228,114.07413104222
https://sz.lianjia.com/zufang/SZ2118567669639946240.html,福田区,石厦,整租·宏轩大厦 1室1厅 北,5990元/月 (季付价),整租,1室1厅1卫,46㎡,朝北,"['https://image1.ljcdn.com/rent-house-1/636f69b83827f24f7723a443c68fdbb3-1561280137157/2d6e3750e92a47695972263cc750dff7.jpg.780x439.jpg', 'https://s1.ljcdn.com/matrix_lianjia_pc/dist/pc/src/resource/default/780-439.png?_v=201906280941017d9', 'https://s1.ljcdn.com/matrix_lianjia_pc/dist/pc/src/resource/default/780-439.png?_v=201906280941017d9', 'https://s1.ljcdn.com/matrix_lianjia_pc/dist/pc/src/resource/default/780-439.png?_v=201906280941017d9', 'https://s1.ljcdn.com/matrix_lianjia_pc/dist/pc/src/resource/default/780-439.png?_v=201906280941017d9', 'https://s1.ljcdn.com/matrix_lianjia_pc/dist/pc/src/resource/default/780-439.png?_v=201906280941017d9', 'https://s1.ljcdn.com/matrix_lianjia_pc/dist/pc/src/resource/default/780-439.png?_v=201906280941017d9']",7个月前,随时入住,1年,随时可看,29/33层,暂无数据,暂无数据,暂无数据,暂无数据,暂无数据,暂无数据,"['公寓', '近地铁', '随时看房']","['3号线(龙岗线),7号线 - 石厦', '582m', '1号线(罗宝线),3号线(龙岗线) - 购物公园', '891m', '7号线 - 皇岗村', '1177m']",22.533805179764,114.05826680201
https://sz.lianjia.com/zufang/SZ2217894953349562368.html,龙岗区,横岗,振业城 3室2厅 北,5800元/月 ,租赁方式未知,3室2厅2卫,103㎡,朝北,"['http://vrlab-image.ljcdn.com/release/vradmin/1000000023092885/images/5dc8742c-80f7-4703-a60b-abf6f164930b.png.q_70.jpg', 'https://s1.ljcdn.com/matrix_lianjia_pc/dist/pc/src/resource/default/780-439.png?_v=201906280941017d9', 'https://s1.ljcdn.com/matrix_lianjia_pc/dist/pc/src/resource/default/780-439.png?_v=201906280941017d9', 'https://s1.ljcdn.com/matrix_lianjia_pc/dist/pc/src/resource/default/780-439.png?_v=201906280941017d9', 'https://s1.ljcdn.com/matrix_lianjia_pc/dist/pc/src/resource/default/780-439.png?_v=201906280941017d9', 'https://s1.ljcdn.com/matrix_lianjia_pc/dist/pc/src/resource/default/780-439.png?_v=201906280941017d9']",3个月前,随时入住,暂无数据,需提前预约,中楼层/18层,有,暂无数据,民水,民电,有,暂无数据,"['近地铁', '随时看房']","['3号线(龙岗线) - 六约', '10m']",22.642763067327,114.18517356632
https://sz.lianjia.com/zufang/SZ2273090842367901696.html,罗湖区,黄贝岭,翠华花园 3室2厅 南/北,7000元/月 ,租赁方式未知,3室2厅2卫,125㎡,朝南 北,"['https://image1.ljcdn.com/440300-inspection/5ad23c64-7933-44b9-b62e-496ed0ab6ca5.jpg.780x439.jpg', 'https://s1.ljcdn.com/matrix_lianjia_pc/dist/pc/src/resource/default/780-439.png?_v=201906280941017d9', 'https://s1.ljcdn.com/matrix_lianjia_pc/dist/pc/src/resource/default/780-439.png?_v=201906280941017d9', 'https://s1.ljcdn.com/matrix_lianjia_pc/dist/pc/src/resource/default/780-439.png?_v=201906280941017d9', 'https://s1.ljcdn.com/matrix_lianjia_pc/dist/pc/src/resource/default/780-439.png?_v=201906280941017d9', 'https://s1.ljcdn.com/matrix_lianjia_pc/dist/pc/src/resource/default/780-439.png?_v=201906280941017d9', 'https://s1.ljcdn.com/matrix_lianjia_pc/dist/pc/src/resource/default/780-439.png?_v=201906280941017d9', 'https://s1.ljcdn.com/matrix_lianjia_pc/dist/pc/src/resource/default/780-439.png?_v=201906280941017d9', 'https://s1.ljcdn.com/matrix_lianjia_pc/dist/pc/src/resource/default/780-439.png?_v=201906280941017d9', 'https://s1.ljcdn.com/matrix_lianjia_pc/dist/pc/src/resource/default/780-439.png?_v=201906280941017d9', 'https://s1.ljcdn.com/matrix_lianjia_pc/dist/pc/src/resource/default/780-439.png?_v=201906280941017d9']",24天前,随时入住,暂无数据,暂无数据,中楼层/8层,无,暂无数据,民水,民电,有,暂无数据,['近地铁'],"['3号线(龙岗线) - 翠竹', '46m', '5号线(环中线) - 怡景', '1051m', '3号线(龙岗线) - 晒布', '1142m']",22.561813531685,114.13886864985
https://sz.lianjia.com/zufang/SZ2273124604241248256.html,罗湖区,莲塘,金色年华家园 3室2厅 北,6200元/月 ,租赁方式未知,3室2厅1卫,76㎡,朝北,"['https://image1.ljcdn.com/440300-inspection/681f0e07-09fc-49f5-b230-65a774feba37.jpg.780x439.jpg', 'https://s1.ljcdn.com/matrix_lianjia_pc/dist/pc/src/resource/default/780-439.png?_v=201906280941017d9', 'https://s1.ljcdn.com/matrix_lianjia_pc/dist/pc/src/resource/default/780-439.png?_v=201906280941017d9', 'https://s1.ljcdn.com/matrix_lianjia_pc/dist/pc/src/resource/default/780-439.png?_v=201906280941017d9', 'https://s1.ljcdn.com/matrix_lianjia_pc/dist/pc/src/resource/default/780-439.png?_v=201906280941017d9', 'https://s1.ljcdn.com/matrix_lianjia_pc/dist/pc/src/resource/default/780-439.png?_v=201906280941017d9', 'https://s1.ljcdn.com/matrix_lianjia_pc/dist/pc/src/resource/default/780-439.png?_v=201906280941017d9', 'https://s1.ljcdn.com/matrix_lianjia_pc/dist/pc/src/resource/default/780-439.png?_v=201906280941017d9']",9天前,随时入住,暂无数据,需提前预约,高楼层/27层,有,暂无数据,民水,民电,有,暂无数据,[],[],22.567989692308,114.17825074385
https://sz.lianjia.com/zufang/SZ2285659752220598272.html,福田区,皇岗,整租·皇御苑四期 2室2厅 北,7500元/月 (月付价),整租,2室2厅1卫,59㎡,朝 北,"['https://image1.ljcdn.com/rent-user-avatar/0c6d4acf-ac25-484f-970b-db80234e5e79.780x439.jpg', 'https://s1.ljcdn.com/matrix_lianjia_pc/dist/pc/src/resource/default/780-439.png?_v=201906280941017d9', 'https://s1.ljcdn.com/matrix_lianjia_pc/dist/pc/src/resource/default/780-439.png?_v=201906280941017d9', 'https://s1.ljcdn.com/matrix_lianjia_pc/dist/pc/src/resource/default/780-439.png?_v=201906280941017d9', 'https://s1.ljcdn.com/matrix_lianjia_pc/dist/pc/src/resource/default/780-439.png?_v=201906280941017d9', 'https://s1.ljcdn.com/matrix_lianjia_pc/dist/pc/src/resource/default/780-439.png?_v=201906280941017d9']",7天前,随时入住,1~3年,随时可看,5/32层,有,暂无数据,民水,民电,有,暂无数据,"['近地铁', '精装', '随时看房']","['7号线 - 皇岗口岸', '518m']",22.530053748082,114.08156014515
https://sz.lianjia.com/zufang/SZ2246134008003952640.html,福田区,石厦,整租·星座大厦 1室1厅 北,6590元/月 (季付价),整租,1室1厅1卫,43㎡,朝北,"['https://image1.ljcdn.com/rent-house-1/636f69b83827f24f7723a443c68fdbb3-1561203988903/d6dd6a1c28863528ebe4687eb367b74d.jpg.780x439.jpg', 'https://s1.ljcdn.com/matrix_lianjia_pc/dist/pc/src/resource/default/780-439.png?_v=201906280941017d9', 'https://s1.ljcdn.com/matrix_lianjia_pc/dist/pc/src/resource/default/780-439.png?_v=201906280941017d9', 'https://s1.ljcdn.com/matrix_lianjia_pc/dist/pc/src/resource/default/780-439.png?_v=201906280941017d9', 'https://s1.ljcdn.com/matrix_lianjia_pc/dist/pc/src/resource/default/780-439.png?_v=201906280941017d9', 'https://s1.ljcdn.com/matrix_lianjia_pc/dist/pc/src/resource/default/780-439.png?_v=201906280941017d9', 'https://s1.ljcdn.com/matrix_lianjia_pc/dist/pc/src/resource/default/780-439.png?_v=201906280941017d9']",2个月前,随时入住,1年,随时可看,8/33层,暂无数据,暂无数据,暂无数据,暂无数据,暂无数据,暂无数据,"['公寓', '近地铁', '随时看房']","['3号线(龙岗线),7号线 - 石厦', '278m', '7号线 - 皇岗村', '658m']",22.53181,114.061707
https://sz.lianjia.com/zufang/SZ2217886195374104576.html,龙岗区,横岗,锦荟PARK 3室2厅 北,5300元/月 ,租赁方式未知,3室2厅2卫,90㎡,朝北,"['http://vrlab-image.ljcdn.com/release/vradmin/1000000023092885/images/5c8c610c-e7f3-4f19-a8db-331b0e4ca123.png.q_70.jpg', 'https://s1.ljcdn.com/matrix_lianjia_pc/dist/pc/src/resource/default/780-439.png?_v=201906280941017d9', 'https://s1.ljcdn.com/matrix_lianjia_pc/dist/pc/src/resource/default/780-439.png?_v=201906280941017d9', 'https://s1.ljcdn.com/matrix_lianjia_pc/dist/pc/src/resource/default/780-439.png?_v=201906280941017d9', 'https://s1.ljcdn.com/matrix_lianjia_pc/dist/pc/src/resource/default/780-439.png?_v=201906280941017d9', 'https://s1.ljcdn.com/matrix_lianjia_pc/dist/pc/src/resource/default/780-439.png?_v=201906280941017d9']",2个月前,随时入住,暂无数据,需提前预约,高楼层/33层,有,暂无数据,民水,民电,无,暂无数据,"['近地铁', '随时看房']","['3号线(龙岗线) - 六约', '115m']",22.639586,114.187302
https://sz.lianjia.com/zufang/SZ2284116772854702080.html,福田区,石厦,皇庭世纪 1室1厅 北,6000元/月 ,租赁方式未知,1室1厅1卫,42㎡,朝北,"['https://image1.ljcdn.com/440300-inspection/513bca03-3acc-4bbd-85dc-28b1781e208b.jpg.780x439.jpg', 'https://s1.ljcdn.com/matrix_lianjia_pc/dist/pc/src/resource/default/780-439.png?_v=201906280941017d9', 'https://s1.ljcdn.com/matrix_lianjia_pc/dist/pc/src/resource/default/780-439.png?_v=201906280941017d9', 'https://s1.ljcdn.com/matrix_lianjia_pc/dist/pc/src/resource/default/780-439.png?_v=201906280941017d9', 'https://s1.ljcdn.com/matrix_lianjia_pc/dist/pc/src/resource/default/780-439.png?_v=201906280941017d9']",5天前,随时入住,暂无数据,需提前预约,低楼层/29层,有,暂无数据,民水,民电,有,暂无数据,"['近地铁', '新上', '随时看房']","['7号线 - 皇岗村', '273m', '3号线(龙岗线),7号线 - 石厦', '526m', '4号线(龙华线),7号线 - 福民', '929m', '1号线(罗宝线),3号线(龙岗线) - 购物公园', '1182m']",22.532197522312,114.06439751471
https://sz.lianjia.com/zufang/SZ2218080271146680320.html,龙华区,红山,卓越皇后道 3室2厅 北,6800元/月 ,租赁方式未知,3室2厅2卫,89㎡,朝北,"['https://image1.ljcdn.com/440300-inspection/38a3d36d-4b56-40c5-9429-dca35ec11a25.JPG.780x439.jpg', 'https://s1.ljcdn.com/matrix_lianjia_pc/dist/pc/src/resource/default/780-439.png?_v=201906280941017d9', 'https://s1.ljcdn.com/matrix_lianjia_pc/dist/pc/src/resource/default/780-439.png?_v=201906280941017d9', 'https://s1.ljcdn.com/matrix_lianjia_pc/dist/pc/src/resource/default/780-439.png?_v=201906280941017d9', 'https://s1.ljcdn.com/matrix_lianjia_pc/dist/pc/src/resource/default/780-439.png?_v=201906280941017d9', 'https://s1.ljcdn.com/matrix_lianjia_pc/dist/pc/src/resource/default/780-439.png?_v=201906280941017d9', 'https://s1.ljcdn.com/matrix_lianjia_pc/dist/pc/src/resource/default/780-439.png?_v=201906280941017d9', 'https://s1.ljcdn.com/matrix_lianjia_pc/dist/pc/src/resource/default/780-439.png?_v=201906280941017d9', 'https://s1.ljcdn.com/matrix_lianjia_pc/dist/pc/src/resource/default/780-439.png?_v=201906280941017d9', 'https://s1.ljcdn.com/matrix_lianjia_pc/dist/pc/src/resource/default/780-439.png?_v=201906280941017d9']",2个月前,随时入住,暂无数据,需提前预约,中楼层/30层,有,暂无数据,民水,民电,有,暂无数据,['近地铁'],"['4号线(龙华线) - 上塘', '935m']",22.635048727818,114.01915356394
https://sz.lianjia.com/zufang/SZ2233990074394492928.html,宝安区,西乡,整租·南航明珠花园 4室2厅 南/北,7300元/月 (月付价),整租,4室2厅2卫,118㎡,朝 南 北,"['https://image1.ljcdn.com/rent-user-avatar/39ac338c-a27e-467d-b3db-7f5b3962c0d1.780x439.jpg', 'https://s1.ljcdn.com/matrix_lianjia_pc/dist/pc/src/resource/default/780-439.png?_v=201906280941017d9', 'https://s1.ljcdn.com/matrix_lianjia_pc/dist/pc/src/resource/default/780-439.png?_v=201906280941017d9', 'https://s1.ljcdn.com/matrix_lianjia_pc/dist/pc/src/resource/default/780-439.png?_v=201906280941017d9', 'https://s1.ljcdn.com/matrix_lianjia_pc/dist/pc/src/resource/default/780-439.png?_v=201906280941017d9', 'https://s1.ljcdn.com/matrix_lianjia_pc/dist/pc/src/resource/default/780-439.png?_v=201906280941017d9', 'https://s1.ljcdn.com/matrix_lianjia_pc/dist/pc/src/resource/default/780-439.png?_v=201906280941017d9', 'https://s1.ljcdn.com/matrix_lianjia_pc/dist/pc/src/resource/default/780-439.png?_v=201906280941017d9', 'https://s1.ljcdn.com/matrix_lianjia_pc/dist/pc/src/resource/default/780-439.png?_v=201906280941017d9', 'https://s1.ljcdn.com/matrix_lianjia_pc/dist/pc/src/resource/default/780-439.png?_v=201906280941017d9']",2个月前,随时入住,1年以上,随时可看,10/14层,暂无数据,暂无数据,暂无数据,暂无数据,暂无数据,暂无数据,"['公寓', '近地铁', '精装', '双卫生间', '随时看房']","['1号线(罗宝线) - 固戍', '477m']",22.612203,113.849216
https://sz.lianjia.com/zufang/SZ2246125820957966336.html,南山区,后海,整租·新一代国际公寓 1室1厅 北,5730元/月 (季付价),整租,1室1厅1卫,36㎡,朝北,"['https://image1.ljcdn.com/rent-house-1/636f69b83827f24f7723a443c68fdbb3-1561327496203/c6c5358073f1847220e8acd175f338e0.jpg.780x439.jpg', 'https://s1.ljcdn.com/matrix_lianjia_pc/dist/pc/src/resource/default/780-439.png?_v=201906280941017d9', 'https://s1.ljcdn.com/matrix_lianjia_pc/dist/pc/src/resource/default/780-439.png?_v=201906280941017d9', 'https://s1.ljcdn.com/matrix_lianjia_pc/dist/pc/src/resource/default/780-439.png?_v=201906280941017d9', 'https://s1.ljcdn.com/matrix_lianjia_pc/dist/pc/src/resource/default/780-439.png?_v=201906280941017d9', 'https://s1.ljcdn.com/matrix_lianjia_pc/dist/pc/src/resource/default/780-439.png?_v=201906280941017d9']",2个月前,随时入住,1年,随时可看,19/31层,暂无数据,暂无数据,暂无数据,暂无数据,暂无数据,暂无数据,"['公寓', '随时看房']",[],22.510947,113.93143
https://sz.lianjia.com/zufang/SZ2226087471647555584.html,福田区,石厦,时尚名居 1室0厅 北,5000元/月 ,租赁方式未知,1室0厅1卫,32㎡,朝北,"['https://image1.ljcdn.com/440300-inspection/515c1dd1-a50f-4eb4-93f3-015cf1770a3f.jpg.780x439.jpg', 'https://s1.ljcdn.com/matrix_lianjia_pc/dist/pc/src/resource/default/780-439.png?_v=201906280941017d9', 'https://s1.ljcdn.com/matrix_lianjia_pc/dist/pc/src/resource/default/780-439.png?_v=201906280941017d9', 'https://s1.ljcdn.com/matrix_lianjia_pc/dist/pc/src/resource/default/780-439.png?_v=201906280941017d9']",2个月前,随时入住,暂无数据,需提前预约,中楼层/17层,有,暂无数据,民水,民电,有,暂无数据,['近地铁'],"['3号线(龙岗线) - 益田', '317m', '3号线(龙岗线),7号线 - 石厦', '710m', '7号线 - 沙尾', '835m']",22.524500140548,114.05620953686
https://sz.lianjia.com/zufang/SZ2244703956893188096.html,龙岗区,平湖,花半里·欣悦广场 5室2厅 北,5000元/月 ,租赁方式未知,5室2厅2卫,77㎡,朝北,"['https://image1.ljcdn.com/440300-inspection/dc40fad0-6d38-4f50-92d1-3dc92aef56c6.jpg.780x439.jpg', 'https://s1.ljcdn.com/matrix_lianjia_pc/dist/pc/src/resource/default/780-439.png?_v=201906280941017d9', 'https://s1.ljcdn.com/matrix_lianjia_pc/dist/pc/src/resource/default/780-439.png?_v=201906280941017d9', 'https://s1.ljcdn.com/matrix_lianjia_pc/dist/pc/src/resource/default/780-439.png?_v=201906280941017d9', 'https://s1.ljcdn.com/matrix_lianjia_pc/dist/pc/src/resource/default/780-439.png?_v=201906280941017d9', 'https://s1.ljcdn.com/matrix_lianjia_pc/dist/pc/src/resource/default/780-439.png?_v=201906280941017d9', 'https://s1.ljcdn.com/matrix_lianjia_pc/dist/pc/src/resource/default/780-439.png?_v=201906280941017d9', 'https://s1.ljcdn.com/matrix_lianjia_pc/dist/pc/src/resource/default/780-439.png?_v=201906280941017d9', 'https://s1.ljcdn.com/matrix_lianjia_pc/dist/pc/src/resource/default/780-439.png?_v=201906280941017d9', 'https://s1.ljcdn.com/matrix_lianjia_pc/dist/pc/src/resource/default/780-439.png?_v=201906280941017d9']",2个月前,随时入住,暂无数据,需提前预约,中楼层/20层,暂无数据,暂无数据,暂无数据,暂无数据,暂无数据,暂无数据,['随时看房'],[],22.67553,114.129748
https://sz.lianjia.com/zufang/SZ2234698218108108800.html,福田区,香梅北,深房传麒景苑 1室1厅 北,5200元/月 ,租赁方式未知,1室1厅1卫,27㎡,朝北,"['https://image1.ljcdn.com/440300-inspection/4c005cae-19eb-4e70-bbc2-9188ed7e3cd2.jpg.780x439.jpg', 'https://s1.ljcdn.com/matrix_lianjia_pc/dist/pc/src/resource/default/780-439.png?_v=201906280941017d9', 'https://s1.ljcdn.com/matrix_lianjia_pc/dist/pc/src/resource/default/780-439.png?_v=201906280941017d9', 'https://s1.ljcdn.com/matrix_lianjia_pc/dist/pc/src/resource/default/780-439.png?_v=201906280941017d9', 'https://s1.ljcdn.com/matrix_lianjia_pc/dist/pc/src/resource/default/780-439.png?_v=201906280941017d9', 'https://s1.ljcdn.com/matrix_lianjia_pc/dist/pc/src/resource/default/780-439.png?_v=201906280941017d9']",1个月前,随时入住,暂无数据,需提前预约,中楼层/32层,暂无数据,暂无数据,商水,商电,有,暂无数据,['随时看房'],[],22.564201,114.042966
https://sz.lianjia.com/zufang/SZ2266366939985625088.html,福田区,梅林,梅林一村十二区 1室1厅 北,7000元/月 ,租赁方式未知,1室1厅1卫,90㎡,朝北,"['https://image1.ljcdn.com/440300-inspection/542bddad-2a32-40d5-af08-f0b7f8a04c67.jpg.780x439.jpg', 'https://s1.ljcdn.com/matrix_lianjia_pc/dist/pc/src/resource/default/780-439.png?_v=201906280941017d9', 'https://s1.ljcdn.com/matrix_lianjia_pc/dist/pc/src/resource/default/780-439.png?_v=201906280941017d9', 'https://s1.ljcdn.com/matrix_lianjia_pc/dist/pc/src/resource/default/780-439.png?_v=201906280941017d9', 'https://s1.ljcdn.com/matrix_lianjia_pc/dist/pc/src/resource/default/780-439.png?_v=201906280941017d9', 'https://s1.ljcdn.com/matrix_lianjia_pc/dist/pc/src/resource/default/780-439.png?_v=201906280941017d9', 'https://s1.ljcdn.com/matrix_lianjia_pc/dist/pc/src/resource/default/780-439.png?_v=201906280941017d9']",1个月前,随时入住,暂无数据,需提前预约,中楼层/31层,有,暂无数据,民水,民电,有,暂无数据,['近地铁'],"['9号线 - 梅景', '724m', '9号线 - 下梅林', '869m']",22.572458,114.040142
