房源地址,行政区,位置,标题,租金,租赁方式,户型,面积,朝向,图片列表,发布时间,入住时间,租期,看房时间,楼层,电梯,车位,用水,用电,燃气,采暖,标签,station,latitude,longtitude
https://sz.lianjia.com/apartment/6706.html,,,魔方公寓 · 深圳福田联合广场店,"
魔方公寓 · 深圳福田联合广场店

          4580元/月起

",,,,,"['https://image1.ljcdn.com/rent-user-avatar/cf79b03d-2037-4296-9f89-9b5c1c55869d.1150x.jpg', 'https://s1.ljcdn.com/matrix_lianjia_pc/dist/pc/src/resource/default/1150-450.png?_v=201906280941017d9', 'https://s1.ljcdn.com/matrix_lianjia_pc/dist/pc/src/resource/default/1150-450.png?_v=201906280941017d9']",,,,,,,,,,,,,[],22.535324,114.07586
https://sz.lianjia.com/zufang/SZ2290491798885777408.html,南山区,西丽,龙都花园 3室2厅 南/北,7200元/月 ,租赁方式未知,3室2厅1卫,108㎡,朝南 北,"['https://image1.ljcdn.com/440300-inspection/06c9f42f-f738-404f-a856-6a7adcb2b23c.jpg.780x439.jpg', 'https://s1.ljcdn.com/matrix_lianjia_pc/dist/pc/src/resource/default/780-439.png?_v=201906280941017d9', 'https://s1.ljcdn.com/matrix_lianjia_pc/dist/pc/src/resource/default/780-439.png?_v=201906280941017d9', 'https://s1.ljcdn.com/matrix_lianjia_pc/dist/pc/src/resource/default/780-439.png?_v=201906280941017d9', 'https://s1.ljcdn.com/matrix_lianjia_pc/dist/pc/src/resource/default/780-439.png?_v=201906280941017d9', 'https://s1.ljcdn.com/matrix_lianjia_pc/dist/pc/src/resource/default/780-439.png?_v=201906280941017d9', 'https://s1.ljcdn.com/matrix_lianjia_pc/dist/pc/src/resource/default/780-439.png?_v=201906280941017d9', 'https://s1.ljcdn.com/matrix_lianjia_pc/dist/pc/src/resource/default/780-439.png?_v=201906280941017d9']",今天,随时入住,暂无数据,暂无数据,高楼层/7层,无,暂无数据,民水,民电,有,暂无数据,"['近地铁', '新上', '随时看房']","['7号线 - 珠光', '98m', '7号线 - 茶光', '677m']",22.575115591616,113.96612465563
https://sz.lianjia.com/zufang/SZ2277426405786517504.html,南山区,前海,鼎太风华七期 2室1厅 西南/北,6000元/月 ,租赁方式未知,2室1厅1卫,58㎡,朝西南 北,"['https://image1.ljcdn.com/440300-inspection/04dc0e5d-c352-4030-83fe-c9dfbc863cb1.jpg.780x439.jpg', 'https://s1.ljcdn.com/matrix_lianjia_pc/dist/pc/src/resource/default/780-439.png?_v=201906280941017d9', 'https://s1.ljcdn.com/matrix_lianjia_pc/dist/pc/src/resource/default/780-439.png?_v=201906280941017d9', 'https://s1.ljcdn.com/matrix_lianjia_pc/dist/pc/src/resource/default/780-439.png?_v=201906280941017d9', 'https://s1.ljcdn.com/matrix_lianjia_pc/dist/pc/src/resource/default/780-439.png?_v=201906280941017d9', 'https://s1.ljcdn.com/matrix_lianjia_pc/dist/pc/src/resource/default/780-439.png?_v=201906280941017d9', 'https://s1.ljcdn.com/matrix_lianjia_pc/dist/pc/src/resource/default/780-439.png?_v=201906280941017d9']",4天前,随时入住,暂无数据,需提前预约,高楼层/10层,有,暂无数据,民水,民电,有,暂无数据,"['新上', '随时看房']",[],22.521545048475,113.9143262024
https://sz.lianjia.com/zufang/SZ2283786071999250432.html,福田区,石厦,益田村 3室1厅 北,7800元/月 ,租赁方式未知,3室1厅1卫,92㎡,朝北,"['https://image1.ljcdn.com/440300-inspection/0f0561e7-a3fc-40cc-a847-dc82bafb132e.jpg.780x439.jpg', 'https://s1.ljcdn.com/matrix_lianjia_pc/dist/pc/src/resource/default/780-439.png?_v=201906280941017d9', 'https://s1.ljcdn.com/matrix_lianjia_pc/dist/pc/src/resource/default/780-439.png?_v=201906280941017d9', 'https://s1.ljcdn.com/matrix_lianjia_pc/dist/pc/src/resource/default/780-439.png?_v=201906280941017d9', 'https://s1.ljcdn.com/matrix_lianjia_pc/dist/pc/src/resource/default/780-439.png?_v=201906280941017d9', 'https://s1.ljcdn.com/matrix_lianjia_pc/dist/pc/src/resource/default/780-439.png?_v=201906280941017d9', 'https://s1.ljcdn.com/matrix_lianjia_pc/dist/pc/src/resource/default/780-439.png?_v=201906280941017d9', 'https://s1.ljcdn.com/matrix_lianjia_pc/dist/pc/src/resource/default/780-439.png?_v=201906280941017d9', 'https://s1.ljcdn.com/matrix_lianjia_pc/dist/pc/src/resource/default/780-439.png?_v=201906280941017d9']",9天前,随时入住,暂无数据,暂无数据,高楼层/28层,有,暂无数据,民水,民电,有,暂无数据,['近地铁'],"['3号线(龙岗线) - 益田', '136m', '7号线 - 沙尾', '719m', '3号线(龙岗线),7号线 - 石厦', '1059m']",22.51913522867,114.05675205091
https://sz.lianjia.com/apartment/18568.html,,,冠寓 · 深圳前海二期店,"
冠寓 · 深圳前海二期店

          3849元/月起

",,,,,"['https://image1.ljcdn.com/rent-house-1/e067d74ca3cefe515bb47a92f8ce9933-1561661168657/cd968fc6026bbc0d1f7a9df74d75fa2f.jpg.1150x.jpg', 'https://s1.ljcdn.com/matrix_lianjia_pc/dist/pc/src/resource/default/1150-450.png?_v=201906280941017d9', 'https://s1.ljcdn.com/matrix_lianjia_pc/dist/pc/src/resource/default/1150-450.png?_v=201906280941017d9', 'https://s1.ljcdn.com/matrix_lianjia_pc/dist/pc/src/resource/default/1150-450.png?_v=201906280941017d9']",,,,,,,,,,,,,[],22.515757159491333,113.89372903599482
https://sz.lianjia.com/zufang/SZ2139795191090126848.html,南山区,华侨城,整租·陶然居 2室1厅 北,5030元/月 (季付价),整租,2室1厅1卫,47㎡,朝北,"['https://image1.ljcdn.com/rent-house-1/636f69b83827f24f7723a443c68fdbb3-1561193107928/caf10af237fb5917b9e903f003c8c8cf.jpg.780x439.jpg', 'https://s1.ljcdn.com/matrix_lianjia_pc/dist/pc/src/resource/default/780-439.png?_v=201906280941017d9', 'https://s1.ljcdn.com/matrix_lianjia_pc/dist/pc/src/resource/default/780-439.png?_v=201906280941017d9', 'https://s1.ljcdn.com/matrix_lianjia_pc/dist/pc/src/resource/default/780-439.png?_v=201906280941017d9', 'https://s1.ljcdn.com/matrix_lianjia_pc/dist/pc/src/resource/default/780-439.png?_v=201906280941017d9', 'https://s1.ljcdn.com/matrix_lianjia_pc/dist/pc/src/resource/default/780-439.png?_v=201906280941017d9', 'https://s1.ljcdn.com/matrix_lianjia_pc/dist/pc/src/resource/default/780-439.png?_v=201906280941017d9']",6个月前,随时入住,3~12个月,随时可看,1/6层,暂无数据,暂无数据,暂无数据,暂无数据,暂无数据,暂无数据,"['公寓', '月租', '近地铁', '随时看房']","['7号线 - 桃源村', '1143m']",22.560525554257,113.98520842963
https://sz.lianjia.com/zufang/SZ2285566355497558016.html,福田区,景田,五洲星苑 1室1厅 北,5300元/月 ,租赁方式未知,1室1厅1卫,41㎡,朝北,"['https://image1.ljcdn.com/440300-inspection/ccfba0fc-d4e5-4b85-81ea-117ababea680.jpg.780x439.jpg', 'https://s1.ljcdn.com/matrix_lianjia_pc/dist/pc/src/resource/default/780-439.png?_v=201906280941017d9', 'https://s1.ljcdn.com/matrix_lianjia_pc/dist/pc/src/resource/default/780-439.png?_v=201906280941017d9', 'https://s1.ljcdn.com/matrix_lianjia_pc/dist/pc/src/resource/default/780-439.png?_v=201906280941017d9', 'https://s1.ljcdn.com/matrix_lianjia_pc/dist/pc/src/resource/default/780-439.png?_v=201906280941017d9']",7天前,随时入住,暂无数据,需提前预约,低楼层/33层,有,暂无数据,民水,民电,有,暂无数据,['近地铁'],"['1号线(罗宝线) - 香蜜湖', '773m', '9号线 - 香梅', '876m', '2号线(蛇口线) - 莲花西', '944m', '2号线(蛇口线),3号线(龙岗线),11号线 - 福田', '995m']",22.547946199893,114.05199300096
https://sz.lianjia.com/zufang/SZ2135352145510408192.html,南山区,西丽,桃源村二期 3室1厅 北,6800元/月 ,租赁方式未知,3室1厅1卫,91㎡,朝北,"['http://vrlab-image.ljcdn.com/release/vradmin/1000000023101934/images/5b335429-c60d-4916-bf7b-4be558583da8.png.q_70.jpg', 'https://s1.ljcdn.com/matrix_lianjia_pc/dist/pc/src/resource/default/780-439.png?_v=201906280941017d9', 'https://s1.ljcdn.com/matrix_lianjia_pc/dist/pc/src/resource/default/780-439.png?_v=201906280941017d9', 'https://s1.ljcdn.com/matrix_lianjia_pc/dist/pc/src/resource/default/780-439.png?_v=201906280941017d9', 'https://s1.ljcdn.com/matrix_lianjia_pc/dist/pc/src/resource/default/780-439.png?_v=201906280941017d9', 'https://s1.ljcdn.com/matrix_lianjia_pc/dist/pc/src/resource/default/780-439.png?_v=201906280941017d9']",7个月前,随时入住,暂无数据,需提前预约,低楼层/20层,有,暂无数据,民水,民电,有,暂无数据,"['近地铁', '随时看房']","['7号线 - 桃源村', '10m', '7号线 - 龙井', '359m', '7号线 - 深云', '1121m']",22.565003,113.988124
https://sz.lianjia.com/zufang/SZ2274422720341221376.html,福田区,石厦,整租·皇庭世纪 1室1厅 北,5900元/月 ,整租,1室1厅1卫,42㎡,朝北,"['http://vrlab-image.ljcdn.com/release/vradmin/1000000023117312/images/f1e76d34-5474-4b14-9a19-bc75e20fea7c.png.q_70.jpg', 'https://s1.ljcdn.com/matrix_lianjia_pc/dist/pc/src/resource/default/780-439.png?_v=201906280941017d9', 'https://s1.ljcdn.com/matrix_lianjia_pc/dist/pc/src/resource/default/780-439.png?_v=201906280941017d9', 'https://s1.ljcdn.com/matrix_lianjia_pc/dist/pc/src/resource/default/780-439.png?_v=201906280941017d9']",22天前,随时入住,1年以内,需提前预约,中楼层/32层,有,暂无数据,民水,民电,有,暂无数据,"['近地铁', '随时看房']","['7号线 - 皇岗村', '273m', '3号线(龙岗线),7号线 - 石厦', '526m', '4号线(龙华线),7号线 - 福民', '929m', '1号线(罗宝线),3号线(龙岗线) - 购物公园', '1182m']",22.532197522312,114.06439751471
https://sz.lianjia.com/zufang/SZ2260242049745813504.html,南山区,大学城,整租·留仙居北区 2室1厅 北,5690元/月 (季付价),整租,2室1厅1卫,49㎡,朝北,"['https://image1.ljcdn.com/rent-house-1/636f69b83827f24f7723a443c68fdbb3-1561304311671/e2feb9c3c5f978cb203d2333ba518665.jpg.780x439.jpg', 'https://s1.ljcdn.com/matrix_lianjia_pc/dist/pc/src/resource/default/780-439.png?_v=201906280941017d9', 'https://s1.ljcdn.com/matrix_lianjia_pc/dist/pc/src/resource/default/780-439.png?_v=201906280941017d9', 'https://s1.ljcdn.com/matrix_lianjia_pc/dist/pc/src/resource/default/780-439.png?_v=201906280941017d9', 'https://s1.ljcdn.com/matrix_lianjia_pc/dist/pc/src/resource/default/780-439.png?_v=201906280941017d9', 'https://s1.ljcdn.com/matrix_lianjia_pc/dist/pc/src/resource/default/780-439.png?_v=201906280941017d9', 'https://s1.ljcdn.com/matrix_lianjia_pc/dist/pc/src/resource/default/780-439.png?_v=201906280941017d9']",1个月前,随时入住,1年,随时可看,4/12层,暂无数据,暂无数据,暂无数据,暂无数据,暂无数据,暂无数据,"['公寓', '近地铁', '随时看房']","['5号线(环中线),7号线 - 西丽', '642m', '5号线(环中线) - 留仙洞', '683m']",22.589317292915,113.95600825757
https://sz.lianjia.com/zufang/SZ2205183329299333120.html,罗湖区,万象城,整租·世界金融中心 2室1厅 复式 北,6800元/月 (月付价),整租,2室1厅2卫,80㎡,朝北,"['https://image1.ljcdn.com/rent-user-avatar/4987838e-ce12-4028-a470-5d9ce81e9745.780x439.jpg', 'https://s1.ljcdn.com/matrix_lianjia_pc/dist/pc/src/resource/default/780-439.png?_v=201906280941017d9', 'https://s1.ljcdn.com/matrix_lianjia_pc/dist/pc/src/resource/default/780-439.png?_v=201906280941017d9', 'https://s1.ljcdn.com/matrix_lianjia_pc/dist/pc/src/resource/default/780-439.png?_v=201906280941017d9', 'https://s1.ljcdn.com/matrix_lianjia_pc/dist/pc/src/resource/default/780-439.png?_v=201906280941017d9', 'https://s1.ljcdn.com/matrix_lianjia_pc/dist/pc/src/resource/default/780-439.png?_v=201906280941017d9', 'https://s1.ljcdn.com/matrix_lianjia_pc/dist/pc/src/resource/default/780-439.png?_v=201906280941017d9', 'https://s1.ljcdn.com/matrix_lianjia_pc/dist/pc/src/resource/default/780-439.png?_v=201906280941017d9', 'https://s1.ljcdn.com/matrix_lianjia_pc/dist/pc/src/resource/default/780-439.png?_v=201906280941017d9', 'https://s1.ljcdn.com/matrix_lianjia_pc/dist/pc/src/resource/default/780-439.png?_v=201906280941017d9', 'https://s1.ljcdn.com/matrix_lianjia_pc/dist/pc/src/resource/default/780-439.png?_v=201906280941017d9', 'https://s1.ljcdn.com/matrix_lianjia_pc/dist/pc/src/resource/default/780-439.png?_v=201906280941017d9']",3个月前,随时入住,1~24个月,随时可看,20/23层,有,暂无数据,民水,民电,无,暂无数据,"['公寓', '月租', '近地铁', '精装', '双卫生间', '随时看房']","['1号线(罗宝线),3号线(龙岗线) - 老街', '501m', '1号线(罗宝线) - 国贸', '611m', '1号线(罗宝线),2号线(蛇口线) - 大剧院', '696m', '9号线 - 人民南', '937m', '9号线 - 鹿丹村', '960m', '9号线 - 红岭南', '1092m']",22.54819,114.120984
https://sz.lianjia.com/zufang/SZ2262221059996516352.html,福田区,景田,缔梦园 1室1厅 北,5000元/月 ,租赁方式未知,1室1厅1卫,41㎡,朝北,"['https://image1.ljcdn.com/440300-inspection/prod-d1fc502d-270f-413a-a063-e4a0a940297a.jpg.780x439.jpg', 'https://s1.ljcdn.com/matrix_lianjia_pc/dist/pc/src/resource/default/780-439.png?_v=201906280941017d9', 'https://s1.ljcdn.com/matrix_lianjia_pc/dist/pc/src/resource/default/780-439.png?_v=201906280941017d9', 'https://s1.ljcdn.com/matrix_lianjia_pc/dist/pc/src/resource/default/780-439.png?_v=201906280941017d9']",1个月前,随时入住,暂无数据,需提前预约,高楼层/16层,有,暂无数据,民水,民电,有,暂无数据,['近地铁'],"['2号线(蛇口线),9号线 - 景田', '172m', '9号线 - 梅景', '976m', '2号线(蛇口线) - 香梅北', '1020m', '9号线 - 香梅', '1028m']",22.558598986538,114.04856089467
https://sz.lianjia.com/zufang/SZ2279600079222882304.html,南山区,南山中心,友邻公寓 2室1厅 北,5500元/月 ,租赁方式未知,2室1厅1卫,40㎡,朝北,"['https://image1.ljcdn.com/440300-inspection/3b989080-5e03-4259-ab20-eb732ff2cf99.jpg.780x439.jpg', 'https://s1.ljcdn.com/matrix_lianjia_pc/dist/pc/src/resource/default/780-439.png?_v=201906280941017d9', 'https://s1.ljcdn.com/matrix_lianjia_pc/dist/pc/src/resource/default/780-439.png?_v=201906280941017d9', 'https://s1.ljcdn.com/matrix_lianjia_pc/dist/pc/src/resource/default/780-439.png?_v=201906280941017d9', 'https://s1.ljcdn.com/matrix_lianjia_pc/dist/pc/src/resource/default/780-439.png?_v=201906280941017d9', 'https://s1.ljcdn.com/matrix_lianjia_pc/dist/pc/src/resource/default/780-439.png?_v=201906280941017d9', 'https://s1.ljcdn.com/matrix_lianjia_pc/dist/pc/src/resource/default/780-439.png?_v=201906280941017d9', 'https://s1.ljcdn.com/matrix_lianjia_pc/dist/pc/src/resource/default/780-439.png?_v=201906280941017d9', 'https://s1.ljcdn.com/matrix_lianjia_pc/dist/pc/src/resource/default/780-439.png?_v=201906280941017d9']",14天前,随时入住,暂无数据,需提前预约,高楼层/30层,有,暂无数据,民水,民电,有,暂无数据,"['近地铁', '随时看房']","['1号线(罗宝线) - 桃园', '491m']",22.537291,113.93632
https://sz.lianjia.com/zufang/SZ2281919598733836288.html,福田区,石厦,益田村 3室1厅 北,7200元/月 ,租赁方式未知,3室1厅1卫,86㎡,朝北,"['https://image1.ljcdn.com/440300-inspection/4253a050-946a-4872-92e5-4c96424a6435.jpg.780x439.jpg', 'https://s1.ljcdn.com/matrix_lianjia_pc/dist/pc/src/resource/default/780-439.png?_v=201906280941017d9', 'https://s1.ljcdn.com/matrix_lianjia_pc/dist/pc/src/resource/default/780-439.png?_v=201906280941017d9', 'https://s1.ljcdn.com/matrix_lianjia_pc/dist/pc/src/resource/default/780-439.png?_v=201906280941017d9', 'https://s1.ljcdn.com/matrix_lianjia_pc/dist/pc/src/resource/default/780-439.png?_v=201906280941017d9', 'https://s1.ljcdn.com/matrix_lianjia_pc/dist/pc/src/resource/default/780-439.png?_v=201906280941017d9', 'https://s1.ljcdn.com/matrix_lianjia_pc/dist/pc/src/resource/default/780-439.png?_v=201906280941017d9', 'https://s1.ljcdn.com/matrix_lianjia_pc/dist/pc/src/resource/default/780-439.png?_v=201906280941017d9']",12天前,随时入住,暂无数据,需提前预约,高楼层/7层,无,暂无数据,民水,民电,有,暂无数据,['近地铁'],"['3号线(龙岗线) - 益田', '136m', '7号线 - 沙尾', '719m', '3号线(龙岗线),7号线 - 石厦', '1059m']",22.51913522867,114.05675205091
https://sz.lianjia.com/apartment/17240.html,,,Wubank · 宝安中心城银鸿店,"
Wubank · 宝安中心城银鸿店

          6500元/月起

",,,,,"['https://image1.ljcdn.com/rent-user-avatar/3464ff0d-7380-43e8-9472-0d253c3e0b50.1150x.jpg', 'https://s1.ljcdn.com/matrix_lianjia_pc/dist/pc/src/resource/default/1150-450.png?_v=201906280941017d9', 'https://s1.ljcdn.com/matrix_lianjia_pc/dist/pc/src/resource/default/1150-450.png?_v=201906280941017d9', 'https://s1.ljcdn.com/matrix_lianjia_pc/dist/pc/src/resource/default/1150-450.png?_v=201906280941017d9', 'https://s1.ljcdn.com/matrix_lianjia_pc/dist/pc/src/resource/default/1150-450.png?_v=201906280941017d9', 'https://s1.ljcdn.com/matrix_lianjia_pc/dist/pc/src/resource/default/1150-450.png?_v=201906280941017d9', 'https://s1.ljcdn.com/matrix_lianjia_pc/dist/pc/src/resource/default/1150-450.png?_v=201906280941017d9']",,,,,,,,,,,,,[],22.559704,113.90825
https://sz.lianjia.com/zufang/SZ2272203665567916032.html,福田区,香蜜湖,整租·万科温馨家园 2室1厅 北,7450元/月 (季付价),整租,2室1厅1卫,54㎡,朝北,"['https://image1.ljcdn.com/rent-house-1/636f69b83827f24f7723a443c68fdbb3-1561048364813/25b1a53128a36965eb9d18697d18d58a.jpg.780x439.jpg', 'https://s1.ljcdn.com/matrix_lianjia_pc/dist/pc/src/resource/default/780-439.png?_v=201906280941017d9', 'https://s1.ljcdn.com/matrix_lianjia_pc/dist/pc/src/resource/default/780-439.png?_v=201906280941017d9', 'https://s1.ljcdn.com/matrix_lianjia_pc/dist/pc/src/resource/default/780-439.png?_v=201906280941017d9', 'https://s1.ljcdn.com/matrix_lianjia_pc/dist/pc/src/resource/default/780-439.png?_v=201906280941017d9', 'https://s1.ljcdn.com/matrix_lianjia_pc/dist/pc/src/resource/default/780-439.png?_v=201906280941017d9', 'https://s1.ljcdn.com/matrix_lianjia_pc/dist/pc/src/resource/default/780-439.png?_v=201906280941017d9']",25天前,随时入住,3~12个月,随时可看,12/15层,暂无数据,暂无数据,暂无数据,暂无数据,暂无数据,暂无数据,"['公寓', '月租', '近地铁', '随时看房']","['2号线(蛇口线) - 香蜜', '450m', '2号线(蛇口线) - 侨香', '944m', '2号线(蛇口线),7号线 - 安托山', '967m']",22.560612938934,114.02604096397
https://sz.lianjia.com/zufang/SZ2282558249624674304.html,龙岗区,坂田,万科四季花城二期 2室1厅 北,5000元/月 ,租赁方式未知,2室1厅1卫,64㎡,朝北,"['https://image1.ljcdn.com/440300-inspection/2daacb1a-d658-4dac-baa9-71a989e03c0c.jpg.780x439.jpg', 'https://s1.ljcdn.com/matrix_lianjia_pc/dist/pc/src/resource/default/780-439.png?_v=201906280941017d9', 'https://s1.ljcdn.com/matrix_lianjia_pc/dist/pc/src/resource/default/780-439.png?_v=201906280941017d9', 'https://s1.ljcdn.com/matrix_lianjia_pc/dist/pc/src/resource/default/780-439.png?_v=201906280941017d9', 'https://s1.ljcdn.com/matrix_lianjia_pc/dist/pc/src/resource/default/780-439.png?_v=201906280941017d9', 'https://s1.ljcdn.com/matrix_lianjia_pc/dist/pc/src/resource/default/780-439.png?_v=201906280941017d9', 'https://s1.ljcdn.com/matrix_lianjia_pc/dist/pc/src/resource/default/780-439.png?_v=201906280941017d9', 'https://s1.ljcdn.com/matrix_lianjia_pc/dist/pc/src/resource/default/780-439.png?_v=201906280941017d9']",11天前,随时入住,暂无数据,需提前预约,中楼层/11层,有,暂无数据,民水,民电,有,暂无数据,['近地铁'],"['5号线(环中线) - 五和', '260m']",22.632119,114.064983
https://sz.lianjia.com/zufang/SZ2271440855737049088.html,南山区,南头,麒麟花园A区 2室1厅 北,5000元/月 ,租赁方式未知,2室1厅1卫,48㎡,朝北,"['https://image1.ljcdn.com/440300-inspection/1bfd7031-1c47-4fc1-8283-44bebcb0f680.jpg.780x439.jpg', 'https://s1.ljcdn.com/matrix_lianjia_pc/dist/pc/src/resource/default/780-439.png?_v=201906280941017d9', 'https://s1.ljcdn.com/matrix_lianjia_pc/dist/pc/src/resource/default/780-439.png?_v=201906280941017d9', 'https://s1.ljcdn.com/matrix_lianjia_pc/dist/pc/src/resource/default/780-439.png?_v=201906280941017d9', 'https://s1.ljcdn.com/matrix_lianjia_pc/dist/pc/src/resource/default/780-439.png?_v=201906280941017d9', 'https://s1.ljcdn.com/matrix_lianjia_pc/dist/pc/src/resource/default/780-439.png?_v=201906280941017d9', 'https://s1.ljcdn.com/matrix_lianjia_pc/dist/pc/src/resource/default/780-439.png?_v=201906280941017d9']",26天前,随时入住,暂无数据,一般下班后可看,高楼层/7层,有,暂无数据,民水,民电,有,暂无数据,['随时看房'],[],22.549692380853,113.93722060325
https://sz.lianjia.com/zufang/SZ2280173472137625600.html,福田区,石厦,皇庭世纪 1室1厅 北,6500元/月 ,租赁方式未知,1室1厅1卫,45㎡,朝北,"['https://image1.ljcdn.com/440300-inspection/594182f6-4b0f-495e-946c-b729ec1e2db0.jpg.780x439.jpg', 'https://s1.ljcdn.com/matrix_lianjia_pc/dist/pc/src/resource/default/780-439.png?_v=201906280941017d9', 'https://s1.ljcdn.com/matrix_lianjia_pc/dist/pc/src/resource/default/780-439.png?_v=201906280941017d9', 'https://s1.ljcdn.com/matrix_lianjia_pc/dist/pc/src/resource/default/780-439.png?_v=201906280941017d9', 'https://s1.ljcdn.com/matrix_lianjia_pc/dist/pc/src/resource/default/780-439.png?_v=201906280941017d9', 'https://s1.ljcdn.com/matrix_lianjia_pc/dist/pc/src/resource/default/780-439.png?_v=201906280941017d9']",14天前,随时入住,暂无数据,需提前预约,中楼层/29层,有,暂无数据,民水,民电,有,暂无数据,"['近地铁', '随时看房']","['7号线 - 皇岗村', '273m', '3号线(龙岗线),7号线 - 石厦', '526m', '4号线(龙华线),7号线 - 福民', '929m', '1号线(罗宝线),3号线(龙岗线) - 购物公园', '1182m']",22.532197522312,114.06439751471
https://sz.lianjia.com/apartment/15043.html,,,城家公寓 · 深圳南山地铁站店,"
城家公寓 · 深圳南山地铁站店

          4700元/月起

",,,,,"['https://image1.ljcdn.com/rent-user-avatar/acb752d2-9db2-43e0-868c-a3d605722fe7.1150x.jpg', 'https://s1.ljcdn.com/matrix_lianjia_pc/dist/pc/src/resource/default/1150-450.png?_v=201906280941017d9', 'https://s1.ljcdn.com/matrix_lianjia_pc/dist/pc/src/resource/default/1150-450.png?_v=201906280941017d9', 'https://s1.ljcdn.com/matrix_lianjia_pc/dist/pc/src/resource/default/1150-450.png?_v=201906280941017d9', 'https://s1.ljcdn.com/matrix_lianjia_pc/dist/pc/src/resource/default/1150-450.png?_v=201906280941017d9', 'https://s1.ljcdn.com/matrix_lianjia_pc/dist/pc/src/resource/default/1150-450.png?_v=201906280941017d9', 'https://s1.ljcdn.com/matrix_lianjia_pc/dist/pc/src/resource/default/1150-450.png?_v=201906280941017d9', 'https://s1.ljcdn.com/matrix_lianjia_pc/dist/pc/src/resource/default/1150-450.png?_v=201906280941017d9', 'https://s1.ljcdn.com/matrix_lianjia_pc/dist/pc/src/resource/default/1150-450.png?_v=201906280941017d9', 'https://s1.ljcdn.com/matrix_lianjia_pc/dist/pc/src/resource/default/1150-450.png?_v=201906280941017d9', 'https://s1.ljcdn.com/matrix_lianjia_pc/dist/pc/src/resource/default/1150-450.png?_v=201906280941017d9', 'https://s1.ljcdn.com/matrix_lianjia_pc/dist/pc/src/resource/default/1150-450.png?_v=201906280941017d9', 'https://s1.ljcdn.com/matrix_lianjia_pc/dist/pc/src/resource/default/1150-450.png?_v=201906280941017d9', 'https://s1.ljcdn.com/matrix_lianjia_pc/dist/pc/src/resource/default/1150-450.png?_v=201906280941017d9', 'https://s1.ljcdn.com/matrix_lianjia_pc/dist/pc/src/resource/default/1150-450.png?_v=201906280941017d9']",,,,,,,,,,,,,[],22.528206,113.934513
https://sz.lianjia.com/apartment/18459.html,,,平台认证机构 · 佳士铂公寓·景田店,"
平台认证机构 · 佳士铂公寓·景田店

          4800元/月起

",,,,,"['https://image1.ljcdn.com/rent-user-avatar/7cabfcc9-bfde-4701-b3d6-9b6c163851b7.1150x.jpg', 'https://s1.ljcdn.com/matrix_lianjia_pc/dist/pc/src/resource/default/1150-450.png?_v=201906280941017d9', 'https://s1.ljcdn.com/matrix_lianjia_pc/dist/pc/src/resource/default/1150-450.png?_v=201906280941017d9', 'https://s1.ljcdn.com/matrix_lianjia_pc/dist/pc/src/resource/default/1150-450.png?_v=201906280941017d9', 'https://s1.ljcdn.com/matrix_lianjia_pc/dist/pc/src/resource/default/1150-450.png?_v=201906280941017d9', 'https://s1.ljcdn.com/matrix_lianjia_pc/dist/pc/src/resource/default/1150-450.png?_v=201906280941017d9', 'https://s1.ljcdn.com/matrix_lianjia_pc/dist/pc/src/resource/default/1150-450.png?_v=201906280941017d9', 'https://s1.ljcdn.com/matrix_lianjia_pc/dist/pc/src/resource/default/1150-450.png?_v=201906280941017d9']",,,,,,,,,,,,,[],22.564245,114.042975
https://sz.lianjia.com/zufang/SZ2279509178362380288.html,福田区,皇岗,整租·云顶翠峰 2室1厅 北,6000元/月 ,整租,2室1厅1卫,51㎡,朝北,"['https://image1.ljcdn.com/440300-inspection/prod-3b5ba290-74af-40e0-a1e5-5c101e711656.jpg.780x439.jpg', 'https://s1.ljcdn.com/matrix_lianjia_pc/dist/pc/src/resource/default/780-439.png?_v=201906280941017d9', 'https://s1.ljcdn.com/matrix_lianjia_pc/dist/pc/src/resource/default/780-439.png?_v=201906280941017d9', 'https://s1.ljcdn.com/matrix_lianjia_pc/dist/pc/src/resource/default/780-439.png?_v=201906280941017d9']",14天前,随时入住,1~2年,需提前预约,高楼层/32层,有,租用车位,民水,民电,有,暂无数据,"['近地铁', '精装']","['7号线 - 皇岗村', '502m', '4号线(龙华线),7号线 - 福民', '864m', '3号线(龙岗线) - 益田', '917m', '3号线(龙岗线),7号线 - 石厦', '959m', '4号线(龙华线) - 福田口岸', '979m']",22.52284746288,114.06789153132
https://sz.lianjia.com/zufang/SZ2275106957679665152.html,福田区,皇岗,金地名津 2室1厅 北,8000元/月 ,租赁方式未知,2室1厅1卫,58㎡,朝北,"['https://image1.ljcdn.com/440300-inspection/8747ecfd-5a40-4980-9e86-8b10430413ad.jpg.780x439.jpg', 'https://s1.ljcdn.com/matrix_lianjia_pc/dist/pc/src/resource/default/780-439.png?_v=201906280941017d9', 'https://s1.ljcdn.com/matrix_lianjia_pc/dist/pc/src/resource/default/780-439.png?_v=201906280941017d9', 'https://s1.ljcdn.com/matrix_lianjia_pc/dist/pc/src/resource/default/780-439.png?_v=201906280941017d9', 'https://s1.ljcdn.com/matrix_lianjia_pc/dist/pc/src/resource/default/780-439.png?_v=201906280941017d9', 'https://s1.ljcdn.com/matrix_lianjia_pc/dist/pc/src/resource/default/780-439.png?_v=201906280941017d9', 'https://s1.ljcdn.com/matrix_lianjia_pc/dist/pc/src/resource/default/780-439.png?_v=201906280941017d9']",21天前,随时入住,暂无数据,需提前预约,中楼层/32层,有,暂无数据,民水,民电,有,暂无数据,['近地铁'],"['4号线(龙华线) - 福田口岸', '365m']",22.521917165042,114.08024548687
https://sz.lianjia.com/zufang/SZ2278118248379850752.html,福田区,皇岗,整租·福民新村 2室2厅 南/北,6000元/月 ,整租,2室2厅1卫,75㎡,朝南 北,"['https://image1.ljcdn.com/440300-inspection/20356d8a-024c-4424-b567-fdad129682fe.jpg.780x439.jpg', 'https://s1.ljcdn.com/matrix_lianjia_pc/dist/pc/src/resource/default/780-439.png?_v=201906280941017d9', 'https://s1.ljcdn.com/matrix_lianjia_pc/dist/pc/src/resource/default/780-439.png?_v=201906280941017d9', 'https://s1.ljcdn.com/matrix_lianjia_pc/dist/pc/src/resource/default/780-439.png?_v=201906280941017d9', 'https://s1.ljcdn.com/matrix_lianjia_pc/dist/pc/src/resource/default/780-439.png?_v=201906280941017d9', 'https://s1.ljcdn.com/matrix_lianjia_pc/dist/pc/src/resource/default/780-439.png?_v=201906280941017d9', 'https://s1.ljcdn.com/matrix_lianjia_pc/dist/pc/src/resource/default/780-439.png?_v=201906280941017d9']",16天前,随时入住,暂无数据,需提前预约,低楼层/7层,无,暂无数据,民水,民电,有,暂无数据,['近地铁'],"['4号线(龙华线) - 福田口岸', '690m', '4号线(龙华线),7号线 - 福民', '712m']",22.529073836961,114.07618153086
https://sz.lianjia.com/zufang/SZ2290313677926039552.html,南山区,南头,整租·前海枫叶大厦 2室1厅 北,7200元/月 (月付价),整租,2室1厅1卫,47㎡,朝北,"['https://image1.ljcdn.com/rent-user-avatar/086dee2c-1393-43c8-bf9f-cdc7e5627908.780x439.jpg', 'https://s1.ljcdn.com/matrix_lianjia_pc/dist/pc/src/resource/default/780-439.png?_v=201906280941017d9', 'https://s1.ljcdn.com/matrix_lianjia_pc/dist/pc/src/resource/default/780-439.png?_v=201906280941017d9', 'https://s1.ljcdn.com/matrix_lianjia_pc/dist/pc/src/resource/default/780-439.png?_v=201906280941017d9', 'https://s1.ljcdn.com/matrix_lianjia_pc/dist/pc/src/resource/default/780-439.png?_v=201906280941017d9', 'https://s1.ljcdn.com/matrix_lianjia_pc/dist/pc/src/resource/default/780-439.png?_v=201906280941017d9', 'https://s1.ljcdn.com/matrix_lianjia_pc/dist/pc/src/resource/default/780-439.png?_v=201906280941017d9']",今天,随时入住,1~3年,随时可看,12/24层,有,暂无数据,商水,商电,无,暂无数据,"['公寓', '精装', '新上', '随时看房']",[],22.532423205726,113.92724067194
https://sz.lianjia.com/zufang/SZ2282440760433582080.html,福田区,皇岗,整租·金港豪庭 2室1厅 北,7300元/月 (月付价),整租,2室1厅1卫,56㎡,朝 北,"['https://image1.ljcdn.com/rent-user-avatar/f9d082b5-8052-4357-86ae-c1f932a93cce.780x439.jpg', 'https://s1.ljcdn.com/matrix_lianjia_pc/dist/pc/src/resource/default/780-439.png?_v=201906280941017d9', 'https://s1.ljcdn.com/matrix_lianjia_pc/dist/pc/src/resource/default/780-439.png?_v=201906280941017d9', 'https://s1.ljcdn.com/matrix_lianjia_pc/dist/pc/src/resource/default/780-439.png?_v=201906280941017d9', 'https://s1.ljcdn.com/matrix_lianjia_pc/dist/pc/src/resource/default/780-439.png?_v=201906280941017d9']",11天前,随时入住,1~3年,随时可看,6/31层,有,暂无数据,民水,民电,有,暂无数据,"['近地铁', '精装', '随时看房']","['4号线(龙华线),7号线 - 福民', '447m', '4号线(龙华线) - 福田口岸', '535m', '7号线 - 皇岗村', '989m']",22.524190041855,114.07124985513
https://sz.lianjia.com/zufang/SZ2262090631495294976.html,福田区,景田,凯旋豪庭 1室1厅 北,5700元/月 ,租赁方式未知,1室1厅1卫,41㎡,朝北,"['https://image1.ljcdn.com/440300-inspection/071e4bb4-df3b-4b68-8d82-eee8e92e4f26.jpg.780x439.jpg', 'https://s1.ljcdn.com/matrix_lianjia_pc/dist/pc/src/resource/default/780-439.png?_v=201906280941017d9', 'https://s1.ljcdn.com/matrix_lianjia_pc/dist/pc/src/resource/default/780-439.png?_v=201906280941017d9', 'https://s1.ljcdn.com/matrix_lianjia_pc/dist/pc/src/resource/default/780-439.png?_v=201906280941017d9', 'https://s1.ljcdn.com/matrix_lianjia_pc/dist/pc/src/resource/default/780-439.png?_v=201906280941017d9', 'https://s1.ljcdn.com/matrix_lianjia_pc/dist/pc/src/resource/default/780-439.png?_v=201906280941017d9', 'https://s1.ljcdn.com/matrix_lianjia_pc/dist/pc/src/resource/default/780-439.png?_v=201906280941017d9']",1个月前,随时入住,暂无数据,暂无数据,中楼层/20层,有,暂无数据,民水,民电,有,暂无数据,"['近地铁', '随时看房']","['2号线(蛇口线) - 莲花西', '336m', '2号线(蛇口线),9号线 - 景田', '748m', '9号线 - 香梅', '793m']",22.553638,114.05341
https://sz.lianjia.com/zufang/SZ2266568814697660416.html,福田区,皇岗,星河华居 2室2厅 北,6200元/月 ,租赁方式未知,2室2厅1卫,69㎡,朝北,"['http://vrlab-image.ljcdn.com/release/auto3dhd/159c9ae2d32a26553c28c85b210d7679/screenshot/1559094665_1/pc0_fvHBT3vnc.jpg.q_70.jpg', 'https://s1.ljcdn.com/matrix_lianjia_pc/dist/pc/src/resource/default/780-439.png?_v=201906280941017d9', 'https://s1.ljcdn.com/matrix_lianjia_pc/dist/pc/src/resource/default/780-439.png?_v=201906280941017d9', 'https://s1.ljcdn.com/matrix_lianjia_pc/dist/pc/src/resource/default/780-439.png?_v=201906280941017d9', 'https://s1.ljcdn.com/matrix_lianjia_pc/dist/pc/src/resource/default/780-439.png?_v=201906280941017d9']",1个月前,随时入住,暂无数据,需提前预约,中楼层/32层,有,暂无数据,民水,民电,有,暂无数据,"['近地铁', '随时看房']","['4号线(龙华线) - 福田口岸', '1042m']",22.529507744303,114.07749627074
https://sz.lianjia.com/zufang/SZ2289775617509425152.html,龙岗区,龙岗中心城,金地龙城中央一期 4室2厅 北,5500元/月 ,租赁方式未知,4室2厅2卫,123㎡,朝北,"['https://image1.ljcdn.com/440300-inspection/b5e738a5-6dd6-454b-972a-3212dc03a27a.jpg.780x439.jpg', 'https://s1.ljcdn.com/matrix_lianjia_pc/dist/pc/src/resource/default/780-439.png?_v=201906280941017d9', 'https://s1.ljcdn.com/matrix_lianjia_pc/dist/pc/src/resource/default/780-439.png?_v=201906280941017d9', 'https://s1.ljcdn.com/matrix_lianjia_pc/dist/pc/src/resource/default/780-439.png?_v=201906280941017d9', 'https://s1.ljcdn.com/matrix_lianjia_pc/dist/pc/src/resource/default/780-439.png?_v=201906280941017d9', 'https://s1.ljcdn.com/matrix_lianjia_pc/dist/pc/src/resource/default/780-439.png?_v=201906280941017d9', 'https://s1.ljcdn.com/matrix_lianjia_pc/dist/pc/src/resource/default/780-439.png?_v=201906280941017d9', 'https://s1.ljcdn.com/matrix_lianjia_pc/dist/pc/src/resource/default/780-439.png?_v=201906280941017d9', 'https://s1.ljcdn.com/matrix_lianjia_pc/dist/pc/src/resource/default/780-439.png?_v=201906280941017d9', 'https://s1.ljcdn.com/matrix_lianjia_pc/dist/pc/src/resource/default/780-439.png?_v=201906280941017d9']",1天前,随时入住,暂无数据,需提前预约,低楼层/34层,有,暂无数据,民水,民电,有,暂无数据,"['近地铁', '新上']","['3号线(龙岗线) - 龙城广场', '562m', '3号线(龙岗线) - 吉祥', '935m']",22.717829,114.257212
https://sz.lianjia.com/zufang/SZ2278761694534836224.html,南山区,科技园,松坪村梅苑 2室2厅 南/北,5000元/月 ,租赁方式未知,2室2厅1卫,66㎡,朝南 北,"['https://image1.ljcdn.com/440300-inspection/4b038d85-74b7-4b38-8432-4a7a998cf86e.jpg.780x439.jpg', 'https://s1.ljcdn.com/matrix_lianjia_pc/dist/pc/src/resource/default/780-439.png?_v=201906280941017d9', 'https://s1.ljcdn.com/matrix_lianjia_pc/dist/pc/src/resource/default/780-439.png?_v=201906280941017d9', 'https://s1.ljcdn.com/matrix_lianjia_pc/dist/pc/src/resource/default/780-439.png?_v=201906280941017d9', 'https://s1.ljcdn.com/matrix_lianjia_pc/dist/pc/src/resource/default/780-439.png?_v=201906280941017d9', 'https://s1.ljcdn.com/matrix_lianjia_pc/dist/pc/src/resource/default/780-439.png?_v=201906280941017d9']",16天前,随时入住,暂无数据,需提前预约,中楼层/8层,暂无数据,暂无数据,民水,民电,有,暂无数据,[],[],22.564744492446,113.95937802954
