房源地址,行政区,位置,标题,租金,租赁方式,户型,面积,朝向,图片列表,发布时间,入住时间,租期,看房时间,楼层,电梯,车位,用水,用电,燃气,采暖,标签,station,latitude,longtitude
https://sz.lianjia.com/zufang/SZ2248628725799190528.html,龙华区,龙华中心,整租·鸿荣源·壹成中心第七区 5室2厅 南/北,6600元/月 (月付价),整租,5室2厅2卫,126㎡,朝南 北,"['http://vrlab-image.ljcdn.com/release/auto3dhd/cbb18383df92cf7f7021175d4b24f4ce/screenshot/1556948289_3/pc0_1o0AEoopw.jpg.q_70.jpg', 'https://s1.ljcdn.com/matrix_lianjia_pc/dist/pc/src/resource/default/780-439.png?_v=201906280941017d9', 'https://s1.ljcdn.com/matrix_lianjia_pc/dist/pc/src/resource/default/780-439.png?_v=201906280941017d9', 'https://s1.ljcdn.com/matrix_lianjia_pc/dist/pc/src/resource/default/780-439.png?_v=201906280941017d9', 'https://s1.ljcdn.com/matrix_lianjia_pc/dist/pc/src/resource/default/780-439.png?_v=201906280941017d9', 'https://s1.ljcdn.com/matrix_lianjia_pc/dist/pc/src/resource/default/780-439.png?_v=201906280941017d9', 'https://s1.ljcdn.com/matrix_lianjia_pc/dist/pc/src/resource/default/780-439.png?_v=201906280941017d9', 'https://s1.ljcdn.com/matrix_lianjia_pc/dist/pc/src/resource/default/780-439.png?_v=201906280941017d9']",1个月前,随时入住,1年以内,需提前预约,低楼层/52层,有,暂无数据,民水,民电,有,暂无数据,"['双卫生间', '随时看房']",[],22.652873,114.037342
https://sz.lianjia.com/zufang/SZ2206240116857913344.html,龙岗区,布吉石芽岭,龙园意境 4室2厅 南/北,5500元/月 ,租赁方式未知,4室2厅2卫,113㎡,朝南 北,"['https://image1.ljcdn.com/440300-inspection/4250ac9c-7c18-4982-a018-efead323695a.jpg.780x439.jpg', 'https://s1.ljcdn.com/matrix_lianjia_pc/dist/pc/src/resource/default/780-439.png?_v=201906280941017d9', 'https://s1.ljcdn.com/matrix_lianjia_pc/dist/pc/src/resource/default/780-439.png?_v=201906280941017d9', 'https://s1.ljcdn.com/matrix_lianjia_pc/dist/pc/src/resource/default/780-439.png?_v=201906280941017d9', 'https://s1.ljcdn.com/matrix_lianjia_pc/dist/pc/src/resource/default/780-439.png?_v=201906280941017d9', 'https://s1.ljcdn.com/matrix_lianjia_pc/dist/pc/src/resource/default/780-439.png?_v=201906280941017d9', 'https://s1.ljcdn.com/matrix_lianjia_pc/dist/pc/src/resource/default/780-439.png?_v=201906280941017d9', 'https://s1.ljcdn.com/matrix_lianjia_pc/dist/pc/src/resource/default/780-439.png?_v=201906280941017d9', 'https://s1.ljcdn.com/matrix_lianjia_pc/dist/pc/src/resource/default/780-439.png?_v=201906280941017d9', 'https://s1.ljcdn.com/matrix_lianjia_pc/dist/pc/src/resource/default/780-439.png?_v=201906280941017d9', 'https://s1.ljcdn.com/matrix_lianjia_pc/dist/pc/src/resource/default/780-439.png?_v=201906280941017d9', 'https://s1.ljcdn.com/matrix_lianjia_pc/dist/pc/src/resource/default/780-439.png?_v=201906280941017d9', 'https://s1.ljcdn.com/matrix_lianjia_pc/dist/pc/src/resource/default/780-439.png?_v=201906280941017d9', 'https://s1.ljcdn.com/matrix_lianjia_pc/dist/pc/src/resource/default/780-439.png?_v=201906280941017d9', 'https://s1.ljcdn.com/matrix_lianjia_pc/dist/pc/src/resource/default/780-439.png?_v=201906280941017d9', 'https://s1.ljcdn.com/matrix_lianjia_pc/dist/pc/src/resource/default/780-439.png?_v=201906280941017d9', 'https://s1.ljcdn.com/matrix_lianjia_pc/dist/pc/src/resource/default/780-439.png?_v=201906280941017d9', 'https://s1.ljcdn.com/matrix_lianjia_pc/dist/pc/src/resource/default/780-439.png?_v=201906280941017d9']",3个月前,随时入住,暂无数据,需提前预约,高楼层/33层,有,暂无数据,民水,民电,有,暂无数据,[],[],22.626944,114.130958
https://sz.lianjia.com/zufang/SZ2269459716784521216.html,龙华区,龙华中心,玉华花园 4室2厅 北,5700元/月 ,租赁方式未知,4室2厅1卫,59㎡,朝北,"['http://vrlab-image.ljcdn.com/release/vradmin/1000000023111282/images/177b2bce-1bf5-430b-8a20-4bc31a40b295.png.q_70.jpg', 'https://s1.ljcdn.com/matrix_lianjia_pc/dist/pc/src/resource/default/780-439.png?_v=201906280941017d9', 'https://s1.ljcdn.com/matrix_lianjia_pc/dist/pc/src/resource/default/780-439.png?_v=201906280941017d9', 'https://s1.ljcdn.com/matrix_lianjia_pc/dist/pc/src/resource/default/780-439.png?_v=201906280941017d9', 'https://s1.ljcdn.com/matrix_lianjia_pc/dist/pc/src/resource/default/780-439.png?_v=201906280941017d9', 'https://s1.ljcdn.com/matrix_lianjia_pc/dist/pc/src/resource/default/780-439.png?_v=201906280941017d9', 'https://s1.ljcdn.com/matrix_lianjia_pc/dist/pc/src/resource/default/780-439.png?_v=201906280941017d9']",19天前,随时入住,暂无数据,需提前预约,高楼层/9层,有,暂无数据,民水,民电,无,暂无数据,['随时看房'],[],22.64674761516,114.03338852258
https://sz.lianjia.com/zufang/SZ2284660815044804608.html,南山区,科技园,科技生态园 1室0厅 北,7200元/月 ,租赁方式未知,1室0厅1卫,35㎡,朝北,"['https://image1.ljcdn.com/440300-inspection/f702d1de-15fc-4f27-97fb-328ea9199f2b.jpg.780x439.jpg', 'https://s1.ljcdn.com/matrix_lianjia_pc/dist/pc/src/resource/default/780-439.png?_v=201906280941017d9', 'https://s1.ljcdn.com/matrix_lianjia_pc/dist/pc/src/resource/default/780-439.png?_v=201906280941017d9']",8天前,2019-07-10,暂无数据,一般下班后可看,中楼层/37层,暂无数据,暂无数据,暂无数据,暂无数据,无,暂无数据,['近地铁'],"['2号线(蛇口线) - 科苑', '778m', '1号线(罗宝线) - 高新园', '1040m']",22.533178,113.959146
https://sz.lianjia.com/zufang/SZ2246399622950166528.html,龙岗区,横岗,整租·星河智荟 4室2厅 南/北,7000元/月 (月付价),整租,4室2厅2卫,134㎡,朝南 北,"['https://image1.ljcdn.com/440300-inspection/cbff0861-ca7d-4d05-8a29-4a828f5b633f.jpg.780x439.jpg', 'https://s1.ljcdn.com/matrix_lianjia_pc/dist/pc/src/resource/default/780-439.png?_v=201906280941017d9', 'https://s1.ljcdn.com/matrix_lianjia_pc/dist/pc/src/resource/default/780-439.png?_v=201906280941017d9', 'https://s1.ljcdn.com/matrix_lianjia_pc/dist/pc/src/resource/default/780-439.png?_v=201906280941017d9', 'https://s1.ljcdn.com/matrix_lianjia_pc/dist/pc/src/resource/default/780-439.png?_v=201906280941017d9', 'https://s1.ljcdn.com/matrix_lianjia_pc/dist/pc/src/resource/default/780-439.png?_v=201906280941017d9', 'https://s1.ljcdn.com/matrix_lianjia_pc/dist/pc/src/resource/default/780-439.png?_v=201906280941017d9', 'https://s1.ljcdn.com/matrix_lianjia_pc/dist/pc/src/resource/default/780-439.png?_v=201906280941017d9', 'https://s1.ljcdn.com/matrix_lianjia_pc/dist/pc/src/resource/default/780-439.png?_v=201906280941017d9']",2个月前,随时入住,1年以内,需提前预约,中楼层/30层,有,暂无数据,民水,民电,有,暂无数据,"['近地铁', '精装', '双卫生间']","['3号线(龙岗线) - 永湖', '429m']",22.668569,114.227142
https://sz.lianjia.com/zufang/SZ2241036181381332992.html,福田区,香蜜湖,整租·财富广场 1室0厅 北,7500元/月 ,整租,1室0厅1卫,49㎡,朝北,"['https://image1.ljcdn.com/440300-inspection/0077b984-3cc1-4fd3-820c-c4ea290c21e6.jpg.780x439.jpg', 'https://s1.ljcdn.com/matrix_lianjia_pc/dist/pc/src/resource/default/780-439.png?_v=201906280941017d9', 'https://s1.ljcdn.com/matrix_lianjia_pc/dist/pc/src/resource/default/780-439.png?_v=201906280941017d9', 'https://s1.ljcdn.com/matrix_lianjia_pc/dist/pc/src/resource/default/780-439.png?_v=201906280941017d9', 'https://s1.ljcdn.com/matrix_lianjia_pc/dist/pc/src/resource/default/780-439.png?_v=201906280941017d9', 'https://s1.ljcdn.com/matrix_lianjia_pc/dist/pc/src/resource/default/780-439.png?_v=201906280941017d9']",2个月前,随时入住,1年以内,需提前预约,低楼层/28层,有,租用车位,民水,民电,无,暂无数据,"['近地铁', '随时看房']","['1号线(罗宝线),11号线,7号线,9号线 - 车公庙', '91m']",22.543661,114.032923
https://sz.lianjia.com/zufang/SZ2249727715639042048.html,南山区,蛇口,花果山小区 2室1厅 南/北,6500元/月 ,租赁方式未知,2室1厅1卫,65㎡,朝南 北,"['https://image1.ljcdn.com/440300-inspection/570c67d4-890d-4e0a-9adc-2c5512131ab5.jpg.780x439.jpg', 'https://s1.ljcdn.com/matrix_lianjia_pc/dist/pc/src/resource/default/780-439.png?_v=201906280941017d9', 'https://s1.ljcdn.com/matrix_lianjia_pc/dist/pc/src/resource/default/780-439.png?_v=201906280941017d9', 'https://s1.ljcdn.com/matrix_lianjia_pc/dist/pc/src/resource/default/780-439.png?_v=201906280941017d9', 'https://s1.ljcdn.com/matrix_lianjia_pc/dist/pc/src/resource/default/780-439.png?_v=201906280941017d9', 'https://s1.ljcdn.com/matrix_lianjia_pc/dist/pc/src/resource/default/780-439.png?_v=201906280941017d9']",1个月前,随时入住,暂无数据,需提前预约,低楼层/6层,无,暂无数据,民水,民电,有,暂无数据,"['近地铁', '随时看房']","['2号线(蛇口线) - 东角头', '671m', '2号线(蛇口线) - 水湾', '724m']",22.497595,113.932273
https://sz.lianjia.com/zufang/SZ1815761978850025472.html,龙岗区,龙岗中心城,整租·华业玫瑰郡 4室2厅 南/北,6000元/月 (月付价),整租,4室2厅2卫,172㎡,朝南 北,"['https://image1.ljcdn.com/440300-inspection/test-3968313c-6775-4e52-b657-a90191e68c69.png.780x439.jpg', 'https://s1.ljcdn.com/matrix_lianjia_pc/dist/pc/src/resource/default/780-439.png?_v=201906280941017d9', 'https://s1.ljcdn.com/matrix_lianjia_pc/dist/pc/src/resource/default/780-439.png?_v=201906280941017d9', 'https://s1.ljcdn.com/matrix_lianjia_pc/dist/pc/src/resource/default/780-439.png?_v=201906280941017d9', 'https://s1.ljcdn.com/matrix_lianjia_pc/dist/pc/src/resource/default/780-439.png?_v=201906280941017d9', 'https://s1.ljcdn.com/matrix_lianjia_pc/dist/pc/src/resource/default/780-439.png?_v=201906280941017d9', 'https://s1.ljcdn.com/matrix_lianjia_pc/dist/pc/src/resource/default/780-439.png?_v=201906280941017d9']",1年前,随时入住,1年以内,需提前预约,高楼层/32层,有,暂无数据,民水,民电,有,暂无数据,"['精装', '双卫生间', '随时看房']",[],22.738140372486,114.24368866938
https://sz.lianjia.com/zufang/SZ2259383746048294912.html,福田区,香梅北,整租·深房传麒景苑 1室0厅 北,5000元/月 (月付价),整租,1室0厅1卫,27㎡,朝北,"['https://image1.ljcdn.com/440300-inspection/9c983f39-b59f-40db-b22b-4596d76f15e9.jpg.780x439.jpg', 'https://s1.ljcdn.com/matrix_lianjia_pc/dist/pc/src/resource/default/780-439.png?_v=201906280941017d9', 'https://s1.ljcdn.com/matrix_lianjia_pc/dist/pc/src/resource/default/780-439.png?_v=201906280941017d9', 'https://s1.ljcdn.com/matrix_lianjia_pc/dist/pc/src/resource/default/780-439.png?_v=201906280941017d9', 'https://s1.ljcdn.com/matrix_lianjia_pc/dist/pc/src/resource/default/780-439.png?_v=201906280941017d9', 'https://s1.ljcdn.com/matrix_lianjia_pc/dist/pc/src/resource/default/780-439.png?_v=201906280941017d9']",1个月前,随时入住,1年以内,需提前预约,低楼层/32层,暂无数据,暂无数据,商水,商电,有,暂无数据,['精装'],[],22.564201,114.042966
https://sz.lianjia.com/zufang/SZ2283035690118168576.html,龙岗区,龙岗双龙,满京华喜悦里 3室2厅 北,5500元/月 ,租赁方式未知,3室2厅2卫,90㎡,朝北,"['https://image1.ljcdn.com/440300-inspection/17904041-ebc9-4e45-a22d-763d32bac30c.jpg.780x439.jpg', 'https://s1.ljcdn.com/matrix_lianjia_pc/dist/pc/src/resource/default/780-439.png?_v=201906280941017d9', 'https://s1.ljcdn.com/matrix_lianjia_pc/dist/pc/src/resource/default/780-439.png?_v=201906280941017d9', 'https://s1.ljcdn.com/matrix_lianjia_pc/dist/pc/src/resource/default/780-439.png?_v=201906280941017d9', 'https://s1.ljcdn.com/matrix_lianjia_pc/dist/pc/src/resource/default/780-439.png?_v=201906280941017d9', 'https://s1.ljcdn.com/matrix_lianjia_pc/dist/pc/src/resource/default/780-439.png?_v=201906280941017d9', 'https://s1.ljcdn.com/matrix_lianjia_pc/dist/pc/src/resource/default/780-439.png?_v=201906280941017d9', 'https://s1.ljcdn.com/matrix_lianjia_pc/dist/pc/src/resource/default/780-439.png?_v=201906280941017d9', 'https://s1.ljcdn.com/matrix_lianjia_pc/dist/pc/src/resource/default/780-439.png?_v=201906280941017d9', 'https://s1.ljcdn.com/matrix_lianjia_pc/dist/pc/src/resource/default/780-439.png?_v=201906280941017d9', 'https://s1.ljcdn.com/matrix_lianjia_pc/dist/pc/src/resource/default/780-439.png?_v=201906280941017d9', 'https://s1.ljcdn.com/matrix_lianjia_pc/dist/pc/src/resource/default/780-439.png?_v=201906280941017d9', 'https://s1.ljcdn.com/matrix_lianjia_pc/dist/pc/src/resource/default/780-439.png?_v=201906280941017d9']",10天前,随时入住,暂无数据,只能周末看房,低楼层/32层,有,暂无数据,民水,民电,有,暂无数据,"['近地铁', '随时看房']","['3号线(龙岗线) - 南联', '113m']",22.727569,114.27484
https://sz.lianjia.com/zufang/SZ2225305520196026368.html,宝安区,西乡,康达尔山海上城二期 3室2厅 南/北,6800元/月 ,租赁方式未知,3室2厅2卫,89㎡,朝南 北,"['https://image1.ljcdn.com/440300-inspection/0160ef62-e71e-41f7-9276-fde033b9c164.jpg.780x439.jpg', 'https://s1.ljcdn.com/matrix_lianjia_pc/dist/pc/src/resource/default/780-439.png?_v=201906280941017d9', 'https://s1.ljcdn.com/matrix_lianjia_pc/dist/pc/src/resource/default/780-439.png?_v=201906280941017d9', 'https://s1.ljcdn.com/matrix_lianjia_pc/dist/pc/src/resource/default/780-439.png?_v=201906280941017d9', 'https://s1.ljcdn.com/matrix_lianjia_pc/dist/pc/src/resource/default/780-439.png?_v=201906280941017d9', 'https://s1.ljcdn.com/matrix_lianjia_pc/dist/pc/src/resource/default/780-439.png?_v=201906280941017d9', 'https://s1.ljcdn.com/matrix_lianjia_pc/dist/pc/src/resource/default/780-439.png?_v=201906280941017d9', 'https://s1.ljcdn.com/matrix_lianjia_pc/dist/pc/src/resource/default/780-439.png?_v=201906280941017d9', 'https://s1.ljcdn.com/matrix_lianjia_pc/dist/pc/src/resource/default/780-439.png?_v=201906280941017d9']",2个月前,随时入住,暂无数据,需提前预约,高楼层/31层,暂无数据,暂无数据,民水,民电,无,暂无数据,['随时看房'],[],22.596133,113.860728
https://sz.lianjia.com/zufang/SZ2262221430203105280.html,南山区,前海,御海新苑 2室2厅 南/北,7300元/月 ,租赁方式未知,2室2厅1卫,68㎡,朝南 北,"['https://image1.ljcdn.com/440300-inspection/4679a374-0f2f-417a-b887-7092b43716cb.jpg.780x439.jpg', 'https://s1.ljcdn.com/matrix_lianjia_pc/dist/pc/src/resource/default/780-439.png?_v=201906280941017d9', 'https://s1.ljcdn.com/matrix_lianjia_pc/dist/pc/src/resource/default/780-439.png?_v=201906280941017d9', 'https://s1.ljcdn.com/matrix_lianjia_pc/dist/pc/src/resource/default/780-439.png?_v=201906280941017d9', 'https://s1.ljcdn.com/matrix_lianjia_pc/dist/pc/src/resource/default/780-439.png?_v=201906280941017d9', 'https://s1.ljcdn.com/matrix_lianjia_pc/dist/pc/src/resource/default/780-439.png?_v=201906280941017d9', 'https://s1.ljcdn.com/matrix_lianjia_pc/dist/pc/src/resource/default/780-439.png?_v=201906280941017d9', 'https://s1.ljcdn.com/matrix_lianjia_pc/dist/pc/src/resource/default/780-439.png?_v=201906280941017d9']",1个月前,随时入住,暂无数据,需提前预约,中楼层/6层,无,暂无数据,民水,民电,有,暂无数据,['近地铁'],"['1号线(罗宝线) - 大新', '293m']",22.53626,113.920491
https://sz.lianjia.com/zufang/SZ2227545324518645760.html,盐田区,梅沙,整租·万科东海岸 3室1厅 东/南/西/北,8000元/月 (月付价),整租,3室1厅2卫,127㎡,朝东 南 西 北,"['http://vrlab-image.ljcdn.com/release/auto3dhd/d23e3bd08c2e32305f88242f885cbda3/screenshot/1556269802_1/pc0_fWnQXJ8JK.jpg.q_70.jpg', 'https://s1.ljcdn.com/matrix_lianjia_pc/dist/pc/src/resource/default/780-439.png?_v=201906280941017d9', 'https://s1.ljcdn.com/matrix_lianjia_pc/dist/pc/src/resource/default/780-439.png?_v=201906280941017d9', 'https://s1.ljcdn.com/matrix_lianjia_pc/dist/pc/src/resource/default/780-439.png?_v=201906280941017d9', 'https://s1.ljcdn.com/matrix_lianjia_pc/dist/pc/src/resource/default/780-439.png?_v=201906280941017d9', 'https://s1.ljcdn.com/matrix_lianjia_pc/dist/pc/src/resource/default/780-439.png?_v=201906280941017d9']",2个月前,随时入住,1年以内,需提前预约,中楼层/9层,有,暂无数据,民水,民电,有,暂无数据,"['双卫生间', '随时看房']",[],22.607979,114.30681
https://sz.lianjia.com/zufang/SZ2275325883503869952.html,龙岗区,龙岗双龙,公园花半里 3室2厅 南/北,5000元/月 ,租赁方式未知,3室2厅2卫,90㎡,朝南 北,"['https://image1.ljcdn.com/440300-inspection/6aa403c3-66a4-4774-8ed8-091cd3f2686f.jpg.780x439.jpg', 'https://s1.ljcdn.com/matrix_lianjia_pc/dist/pc/src/resource/default/780-439.png?_v=201906280941017d9', 'https://s1.ljcdn.com/matrix_lianjia_pc/dist/pc/src/resource/default/780-439.png?_v=201906280941017d9', 'https://s1.ljcdn.com/matrix_lianjia_pc/dist/pc/src/resource/default/780-439.png?_v=201906280941017d9', 'https://s1.ljcdn.com/matrix_lianjia_pc/dist/pc/src/resource/default/780-439.png?_v=201906280941017d9', 'https://s1.ljcdn.com/matrix_lianjia_pc/dist/pc/src/resource/default/780-439.png?_v=201906280941017d9', 'https://s1.ljcdn.com/matrix_lianjia_pc/dist/pc/src/resource/default/780-439.png?_v=201906280941017d9', 'https://s1.ljcdn.com/matrix_lianjia_pc/dist/pc/src/resource/default/780-439.png?_v=201906280941017d9', 'https://s1.ljcdn.com/matrix_lianjia_pc/dist/pc/src/resource/default/780-439.png?_v=201906280941017d9']",21天前,随时入住,暂无数据,需提前预约,高楼层/34层,暂无数据,暂无数据,民水,民电,暂无数据,暂无数据,[],[],22.718374,114.279336
https://sz.lianjia.com/zufang/SZ2281754111370608640.html,福田区,皇岗,皇舟苑 2室1厅 北,7000元/月 ,租赁方式未知,2室1厅1卫,56㎡,朝北,"['https://image1.ljcdn.com/440300-inspection/40fa6061-27b9-420d-9dcd-3ca4a7709069.jpg.780x439.jpg', 'https://s1.ljcdn.com/matrix_lianjia_pc/dist/pc/src/resource/default/780-439.png?_v=201906280941017d9', 'https://s1.ljcdn.com/matrix_lianjia_pc/dist/pc/src/resource/default/780-439.png?_v=201906280941017d9', 'https://s1.ljcdn.com/matrix_lianjia_pc/dist/pc/src/resource/default/780-439.png?_v=201906280941017d9', 'https://s1.ljcdn.com/matrix_lianjia_pc/dist/pc/src/resource/default/780-439.png?_v=201906280941017d9', 'https://s1.ljcdn.com/matrix_lianjia_pc/dist/pc/src/resource/default/780-439.png?_v=201906280941017d9', 'https://s1.ljcdn.com/matrix_lianjia_pc/dist/pc/src/resource/default/780-439.png?_v=201906280941017d9']",11天前,随时入住,暂无数据,需提前预约,中楼层/30层,有,暂无数据,民水,民电,有,暂无数据,"['近地铁', '随时看房']","['7号线 - 皇岗口岸', '574m']",22.530853,114.081725
https://sz.lianjia.com/zufang/SZ2277391083514372096.html,福田区,皇岗,赛格绿茵阁 2室1厅 北,8000元/月 ,租赁方式未知,2室1厅1卫,67㎡,朝北,"['https://image1.ljcdn.com/440300-inspection/test-802b0599-9239-4934-987e-4e08f52c041e.png.780x439.jpg', 'https://s1.ljcdn.com/matrix_lianjia_pc/dist/pc/src/resource/default/780-439.png?_v=201906280941017d9', 'https://s1.ljcdn.com/matrix_lianjia_pc/dist/pc/src/resource/default/780-439.png?_v=201906280941017d9', 'https://s1.ljcdn.com/matrix_lianjia_pc/dist/pc/src/resource/default/780-439.png?_v=201906280941017d9']",18天前,2019-07-19,暂无数据,暂无数据,高楼层/18层,有,暂无数据,民水,民电,有,暂无数据,['近地铁'],"['4号线(龙华线),7号线 - 福民', '153m', '4号线(龙华线) - 福田口岸', '817m', '7号线 - 皇岗村', '931m']",22.527488742715,114.07349408128
https://sz.lianjia.com/zufang/SZ2098496673587675136.html,龙岗区,龙岗中心城,万科清林径 4室2厅 南/北,5000元/月 ,租赁方式未知,4室2厅2卫,133㎡,朝南 北,"['https://image1.ljcdn.com/440300-inspection/68658fca-4cdf-4570-951a-8c7a02d752cd.jpg.780x439.jpg', 'https://s1.ljcdn.com/matrix_lianjia_pc/dist/pc/src/resource/default/780-439.png?_v=201906280941017d9', 'https://s1.ljcdn.com/matrix_lianjia_pc/dist/pc/src/resource/default/780-439.png?_v=201906280941017d9', 'https://s1.ljcdn.com/matrix_lianjia_pc/dist/pc/src/resource/default/780-439.png?_v=201906280941017d9', 'https://s1.ljcdn.com/matrix_lianjia_pc/dist/pc/src/resource/default/780-439.png?_v=201906280941017d9', 'https://s1.ljcdn.com/matrix_lianjia_pc/dist/pc/src/resource/default/780-439.png?_v=201906280941017d9', 'https://s1.ljcdn.com/matrix_lianjia_pc/dist/pc/src/resource/default/780-439.png?_v=201906280941017d9', 'https://s1.ljcdn.com/matrix_lianjia_pc/dist/pc/src/resource/default/780-439.png?_v=201906280941017d9', 'https://s1.ljcdn.com/matrix_lianjia_pc/dist/pc/src/resource/default/780-439.png?_v=201906280941017d9']",8个月前,随时入住,暂无数据,需提前预约,中楼层/32层,有,暂无数据,民水,民电,有,暂无数据,[],[],22.757589027953,114.2371402642
https://sz.lianjia.com/zufang/SZ2255855877342887936.html,南山区,后海,金海岸大厦 2室1厅 北,6800元/月 ,租赁方式未知,2室1厅1卫,57㎡,朝北,"['https://image1.ljcdn.com/440300-inspection/b19a8862-c19a-4688-9b17-85a047a50d54.jpg.780x439.jpg', 'https://s1.ljcdn.com/matrix_lianjia_pc/dist/pc/src/resource/default/780-439.png?_v=201906280941017d9', 'https://s1.ljcdn.com/matrix_lianjia_pc/dist/pc/src/resource/default/780-439.png?_v=201906280941017d9', 'https://s1.ljcdn.com/matrix_lianjia_pc/dist/pc/src/resource/default/780-439.png?_v=201906280941017d9', 'https://s1.ljcdn.com/matrix_lianjia_pc/dist/pc/src/resource/default/780-439.png?_v=201906280941017d9', 'https://s1.ljcdn.com/matrix_lianjia_pc/dist/pc/src/resource/default/780-439.png?_v=201906280941017d9', 'https://s1.ljcdn.com/matrix_lianjia_pc/dist/pc/src/resource/default/780-439.png?_v=201906280941017d9', 'https://s1.ljcdn.com/matrix_lianjia_pc/dist/pc/src/resource/default/780-439.png?_v=201906280941017d9']",1个月前,随时入住,暂无数据,需提前预约,中楼层/30层,有,暂无数据,民水,民电,有,暂无数据,['随时看房'],[],22.520163,113.934873
https://sz.lianjia.com/zufang/SZ2156993461919170560.html,龙岗区,丹竹头,合正丹郡 3室2厅 南/北,6000元/月 ,租赁方式未知,3室2厅2卫,101㎡,朝南 北,"['https://image1.ljcdn.com/440300-inspection/2ee9cd03-91ee-4d2b-a51b-bdb68b2d2e37.jpg.780x439.jpg', 'https://s1.ljcdn.com/matrix_lianjia_pc/dist/pc/src/resource/default/780-439.png?_v=201906280941017d9', 'https://s1.ljcdn.com/matrix_lianjia_pc/dist/pc/src/resource/default/780-439.png?_v=201906280941017d9', 'https://s1.ljcdn.com/matrix_lianjia_pc/dist/pc/src/resource/default/780-439.png?_v=201906280941017d9', 'https://s1.ljcdn.com/matrix_lianjia_pc/dist/pc/src/resource/default/780-439.png?_v=201906280941017d9', 'https://s1.ljcdn.com/matrix_lianjia_pc/dist/pc/src/resource/default/780-439.png?_v=201906280941017d9', 'https://s1.ljcdn.com/matrix_lianjia_pc/dist/pc/src/resource/default/780-439.png?_v=201906280941017d9', 'https://s1.ljcdn.com/matrix_lianjia_pc/dist/pc/src/resource/default/780-439.png?_v=201906280941017d9']",6个月前,随时入住,暂无数据,需提前预约,中楼层/34层,有,暂无数据,民水,民电,无,暂无数据,[],"['3号线(龙岗线) - 丹竹头', '1171m']",22.625586,114.16371
https://sz.lianjia.com/zufang/SZ2258387573145870336.html,龙华区,深圳北站,整租·世纪春城二期 4室2厅 跃层 南/北,7500元/月 ,整租,4室2厅1卫,103㎡,朝南 北,"['https://image1.ljcdn.com/440300-inspection/9106324b-5650-4329-9c9b-069ade6d79f7.jpg.780x439.jpg', 'https://s1.ljcdn.com/matrix_lianjia_pc/dist/pc/src/resource/default/780-439.png?_v=201906280941017d9', 'https://s1.ljcdn.com/matrix_lianjia_pc/dist/pc/src/resource/default/780-439.png?_v=201906280941017d9', 'https://s1.ljcdn.com/matrix_lianjia_pc/dist/pc/src/resource/default/780-439.png?_v=201906280941017d9', 'https://s1.ljcdn.com/matrix_lianjia_pc/dist/pc/src/resource/default/780-439.png?_v=201906280941017d9', 'https://s1.ljcdn.com/matrix_lianjia_pc/dist/pc/src/resource/default/780-439.png?_v=201906280941017d9', 'https://s1.ljcdn.com/matrix_lianjia_pc/dist/pc/src/resource/default/780-439.png?_v=201906280941017d9', 'https://s1.ljcdn.com/matrix_lianjia_pc/dist/pc/src/resource/default/780-439.png?_v=201906280941017d9', 'https://s1.ljcdn.com/matrix_lianjia_pc/dist/pc/src/resource/default/780-439.png?_v=201906280941017d9', 'https://s1.ljcdn.com/matrix_lianjia_pc/dist/pc/src/resource/default/780-439.png?_v=201906280941017d9', 'https://s1.ljcdn.com/matrix_lianjia_pc/dist/pc/src/resource/default/780-439.png?_v=201906280941017d9', 'https://s1.ljcdn.com/matrix_lianjia_pc/dist/pc/src/resource/default/780-439.png?_v=201906280941017d9']",1个月前,随时入住,1年以内,需提前预约,中楼层/11层,有,暂无数据,民水,民电,有,暂无数据,"['精装', '随时看房']",[],22.631276,114.039867
https://sz.lianjia.com/zufang/SZ2258734985970188288.html,龙华区,观澜,陶润懿峰 1室0厅 南/北,5000元/月 ,租赁方式未知,1室0厅0卫,30㎡,朝南 北,"['https://image1.ljcdn.com/440300-inspection/654cba48-3d74-4785-afd2-5f3fd89a005c.jpg.780x439.jpg', 'https://s1.ljcdn.com/matrix_lianjia_pc/dist/pc/src/resource/default/780-439.png?_v=201906280941017d9', 'https://s1.ljcdn.com/matrix_lianjia_pc/dist/pc/src/resource/default/780-439.png?_v=201906280941017d9']",1个月前,随时入住,暂无数据,需提前预约,低楼层/7层,有,暂无数据,民水,民电,有,暂无数据,['随时看房'],[],22.692645,114.054747
https://sz.lianjia.com/zufang/SZ2237369355334074368.html,福田区,福田中心,彩福大厦 1室1厅 北,7500元/月 ,租赁方式未知,1室1厅1卫,51㎡,朝北,"['https://image1.ljcdn.com/440300-inspection/1ee7154f-a28f-4766-b28e-2b7b9d7ec0f7.jpg.780x439.jpg', 'https://s1.ljcdn.com/matrix_lianjia_pc/dist/pc/src/resource/default/780-439.png?_v=201906280941017d9', 'https://s1.ljcdn.com/matrix_lianjia_pc/dist/pc/src/resource/default/780-439.png?_v=201906280941017d9', 'https://s1.ljcdn.com/matrix_lianjia_pc/dist/pc/src/resource/default/780-439.png?_v=201906280941017d9', 'https://s1.ljcdn.com/matrix_lianjia_pc/dist/pc/src/resource/default/780-439.png?_v=201906280941017d9']",2个月前,随时入住,暂无数据,需提前预约,中楼层/29层,有,暂无数据,民水,民电,有,暂无数据,['近地铁'],"['1号线(罗宝线) - 岗厦', '79m', '1号线(罗宝线),4号线(龙华线) - 会展中心', '585m', '2号线(蛇口线) - 岗厦北', '981m']",22.541719175228,114.07413104222
https://sz.lianjia.com/zufang/SZ2157959385769582592.html,罗湖区,罗湖口岸,幸福万象 2室1厅 北,7500元/月 ,租赁方式未知,2室1厅2卫,49㎡,朝北,"['https://image1.ljcdn.com/440300-inspection/438f15bb-191f-4f74-b359-9c20a2b63681.jpg.780x439.jpg', 'https://s1.ljcdn.com/matrix_lianjia_pc/dist/pc/src/resource/default/780-439.png?_v=201906280941017d9', 'https://s1.ljcdn.com/matrix_lianjia_pc/dist/pc/src/resource/default/780-439.png?_v=201906280941017d9', 'https://s1.ljcdn.com/matrix_lianjia_pc/dist/pc/src/resource/default/780-439.png?_v=201906280941017d9', 'https://s1.ljcdn.com/matrix_lianjia_pc/dist/pc/src/resource/default/780-439.png?_v=201906280941017d9', 'https://s1.ljcdn.com/matrix_lianjia_pc/dist/pc/src/resource/default/780-439.png?_v=201906280941017d9', 'https://s1.ljcdn.com/matrix_lianjia_pc/dist/pc/src/resource/default/780-439.png?_v=201906280941017d9', 'https://s1.ljcdn.com/matrix_lianjia_pc/dist/pc/src/resource/default/780-439.png?_v=201906280941017d9', 'https://s1.ljcdn.com/matrix_lianjia_pc/dist/pc/src/resource/default/780-439.png?_v=201906280941017d9']",6个月前,随时入住,暂无数据,暂无数据,低楼层/32层,有,暂无数据,民水,民电,有,暂无数据,"['近地铁', '随时看房']","['9号线 - 鹿丹村', '588m']",22.539181,114.117405
https://sz.lianjia.com/zufang/SZ2270189020225486848.html,福田区,石厦,绿洲丰和 1室1厅 北,5800元/月 ,租赁方式未知,1室1厅1卫,42㎡,朝北,"['https://image1.ljcdn.com/440300-inspection/d6114694-8d70-4d4c-9b0f-fce0e117a32d.jpg.780x439.jpg', 'https://s1.ljcdn.com/matrix_lianjia_pc/dist/pc/src/resource/default/780-439.png?_v=201906280941017d9', 'https://s1.ljcdn.com/matrix_lianjia_pc/dist/pc/src/resource/default/780-439.png?_v=201906280941017d9', 'https://s1.ljcdn.com/matrix_lianjia_pc/dist/pc/src/resource/default/780-439.png?_v=201906280941017d9', 'https://s1.ljcdn.com/matrix_lianjia_pc/dist/pc/src/resource/default/780-439.png?_v=201906280941017d9', 'https://s1.ljcdn.com/matrix_lianjia_pc/dist/pc/src/resource/default/780-439.png?_v=201906280941017d9']",19天前,随时入住,暂无数据,暂无数据,中楼层/30层,有,暂无数据,民水,民电,有,暂无数据,['近地铁'],"['3号线(龙岗线),7号线 - 石厦', '568m', '1号线(罗宝线),3号线(龙岗线) - 购物公园', '1077m', '7号线 - 皇岗村', '1188m']",22.533025278053,114.05754176365
https://sz.lianjia.com/zufang/SZ2194007764391698432.html,龙华区,红山,星河传奇二期 4室2厅 北,7500元/月 ,租赁方式未知,4室2厅2卫,104㎡,朝北,"['https://image1.ljcdn.com/440300-inspection/3e733bdb-f094-4b54-8eff-106241a24f6c.jpg.780x439.jpg', 'https://s1.ljcdn.com/matrix_lianjia_pc/dist/pc/src/resource/default/780-439.png?_v=201906280941017d9', 'https://s1.ljcdn.com/matrix_lianjia_pc/dist/pc/src/resource/default/780-439.png?_v=201906280941017d9', 'https://s1.ljcdn.com/matrix_lianjia_pc/dist/pc/src/resource/default/780-439.png?_v=201906280941017d9', 'https://s1.ljcdn.com/matrix_lianjia_pc/dist/pc/src/resource/default/780-439.png?_v=201906280941017d9', 'https://s1.ljcdn.com/matrix_lianjia_pc/dist/pc/src/resource/default/780-439.png?_v=201906280941017d9', 'https://s1.ljcdn.com/matrix_lianjia_pc/dist/pc/src/resource/default/780-439.png?_v=201906280941017d9', 'https://s1.ljcdn.com/matrix_lianjia_pc/dist/pc/src/resource/default/780-439.png?_v=201906280941017d9', 'https://s1.ljcdn.com/matrix_lianjia_pc/dist/pc/src/resource/default/780-439.png?_v=201906280941017d9', 'https://s1.ljcdn.com/matrix_lianjia_pc/dist/pc/src/resource/default/780-439.png?_v=201906280941017d9']",2个月前,随时入住,暂无数据,需提前预约,低楼层/33层,有,暂无数据,民水,民电,有,暂无数据,"['近地铁', '随时看房']","['4号线(龙华线) - 上塘', '814m']",22.63939,114.024506
https://sz.lianjia.com/zufang/SZ2235946682800422912.html,罗湖区,万象城,城市天地广场 1室1厅 北,6000元/月 ,租赁方式未知,1室1厅1卫,47㎡,朝北,"['https://image1.ljcdn.com/440300-inspection/e7d5f8cb-b016-462e-a5bf-4f327cc4225b.jpg.780x439.jpg', 'https://s1.ljcdn.com/matrix_lianjia_pc/dist/pc/src/resource/default/780-439.png?_v=201906280941017d9', 'https://s1.ljcdn.com/matrix_lianjia_pc/dist/pc/src/resource/default/780-439.png?_v=201906280941017d9', 'https://s1.ljcdn.com/matrix_lianjia_pc/dist/pc/src/resource/default/780-439.png?_v=201906280941017d9', 'https://s1.ljcdn.com/matrix_lianjia_pc/dist/pc/src/resource/default/780-439.png?_v=201906280941017d9', 'https://s1.ljcdn.com/matrix_lianjia_pc/dist/pc/src/resource/default/780-439.png?_v=201906280941017d9']",2个月前,随时入住,暂无数据,需提前预约,高楼层/41层,有,暂无数据,民水,民电,无,暂无数据,"['近地铁', '随时看房']","['1号线(罗宝线) - 国贸', '517m', '9号线 - 鹿丹村', '646m', '1号线(罗宝线),2号线(蛇口线) - 大剧院', '802m', '9号线 - 人民南', '843m', '1号线(罗宝线),3号线(龙岗线) - 老街', '893m', '9号线 - 红岭南', '987m', '1号线(罗宝线) - 罗湖', '1013m']",22.54421,114.120013
https://sz.lianjia.com/zufang/SZ2243960028610428928.html,宝安区,西乡,泰华豪园 4室2厅 南/北,6500元/月 ,租赁方式未知,4室2厅2卫,123㎡,朝南 北,"['http://vrlab-image.ljcdn.com/release/vradmin/1000000020275633/images/eacb4b78-fdd1-46e6-bc17-4703a9cd2f38.png.q_70.jpg', 'https://s1.ljcdn.com/matrix_lianjia_pc/dist/pc/src/resource/default/780-439.png?_v=201906280941017d9', 'https://s1.ljcdn.com/matrix_lianjia_pc/dist/pc/src/resource/default/780-439.png?_v=201906280941017d9', 'https://s1.ljcdn.com/matrix_lianjia_pc/dist/pc/src/resource/default/780-439.png?_v=201906280941017d9', 'https://s1.ljcdn.com/matrix_lianjia_pc/dist/pc/src/resource/default/780-439.png?_v=201906280941017d9', 'https://s1.ljcdn.com/matrix_lianjia_pc/dist/pc/src/resource/default/780-439.png?_v=201906280941017d9']",2个月前,随时入住,暂无数据,需提前预约,中楼层/16层,有,暂无数据,民水,民电,有,暂无数据,['随时看房'],[],22.589138869806,113.88916086074
https://sz.lianjia.com/zufang/SZ2260694949710807040.html,福田区,上步,御河堤 1室0厅 北,5000元/月 ,租赁方式未知,1室0厅1卫,33㎡,朝北,"['https://image1.ljcdn.com/hdic-frame/d12cfe43-4507-45cb-b3f9-95fc47ac63db.png.780x439.jpg', 'https://s1.ljcdn.com/matrix_lianjia_pc/dist/pc/src/resource/default/780-439.png?_v=201906280941017d9', 'https://s1.ljcdn.com/matrix_lianjia_pc/dist/pc/src/resource/default/780-439.png?_v=201906280941017d9', 'https://s1.ljcdn.com/matrix_lianjia_pc/dist/pc/src/resource/default/780-439.png?_v=201906280941017d9', 'https://s1.ljcdn.com/matrix_lianjia_pc/dist/pc/src/resource/default/780-439.png?_v=201906280941017d9']",1个月前,随时入住,暂无数据,需提前预约,中楼层/33层,有,暂无数据,民水,民电,有,暂无数据,"['近地铁', '随时看房']","['9号线 - 红岭南', '162m', '1号线(罗宝线),2号线(蛇口线) - 大剧院', '577m', '9号线 - 鹿丹村', '609m', '3号线(龙岗线),9号线 - 红岭', '1043m', '1号线(罗宝线) - 科学馆', '1174m']",22.544216,114.11029
https://sz.lianjia.com/zufang/SZ2204914874340360192.html,龙华区,深圳北站,整租·世纪春城二期 4室2厅 南/北,7200元/月 (月付价),整租,4室2厅2卫,130㎡,朝南 北,"['https://image1.ljcdn.com/440300-inspection/prod-034f8bee-b530-4dd1-b3b4-130c2dc59aaa.jpg.780x439.jpg', 'https://s1.ljcdn.com/matrix_lianjia_pc/dist/pc/src/resource/default/780-439.png?_v=201906280941017d9', 'https://s1.ljcdn.com/matrix_lianjia_pc/dist/pc/src/resource/default/780-439.png?_v=201906280941017d9', 'https://s1.ljcdn.com/matrix_lianjia_pc/dist/pc/src/resource/default/780-439.png?_v=201906280941017d9', 'https://s1.ljcdn.com/matrix_lianjia_pc/dist/pc/src/resource/default/780-439.png?_v=201906280941017d9', 'https://s1.ljcdn.com/matrix_lianjia_pc/dist/pc/src/resource/default/780-439.png?_v=201906280941017d9']",3个月前,随时入住,暂无数据,需提前预约,中楼层/6层,无,暂无数据,民水,民电,有,暂无数据,"['精装', '双卫生间']",[],22.631276,114.039867
https://sz.lianjia.com/zufang/SZ2159879479638630400.html,龙华区,龙华中心,鸿荣源·壹城中心第五区 4室2厅 南/北,7200元/月 ,租赁方式未知,4室2厅2卫,89㎡,朝南 北,"['https://image1.ljcdn.com/440300-inspection/ae6665bf-d50f-4d31-975e-cd4df021f2a2.jpg.780x439.jpg', 'https://s1.ljcdn.com/matrix_lianjia_pc/dist/pc/src/resource/default/780-439.png?_v=201906280941017d9', 'https://s1.ljcdn.com/matrix_lianjia_pc/dist/pc/src/resource/default/780-439.png?_v=201906280941017d9', 'https://s1.ljcdn.com/matrix_lianjia_pc/dist/pc/src/resource/default/780-439.png?_v=201906280941017d9', 'https://s1.ljcdn.com/matrix_lianjia_pc/dist/pc/src/resource/default/780-439.png?_v=201906280941017d9', 'https://s1.ljcdn.com/matrix_lianjia_pc/dist/pc/src/resource/default/780-439.png?_v=201906280941017d9', 'https://s1.ljcdn.com/matrix_lianjia_pc/dist/pc/src/resource/default/780-439.png?_v=201906280941017d9', 'https://s1.ljcdn.com/matrix_lianjia_pc/dist/pc/src/resource/default/780-439.png?_v=201906280941017d9', 'https://s1.ljcdn.com/matrix_lianjia_pc/dist/pc/src/resource/default/780-439.png?_v=201906280941017d9', 'https://s1.ljcdn.com/matrix_lianjia_pc/dist/pc/src/resource/default/780-439.png?_v=201906280941017d9']",6个月前,随时入住,暂无数据,需提前预约,低楼层/48层,有,暂无数据,民水,民电,有,暂无数据,"['精装', '随时看房']",[],22.652682,114.040931
