房源地址,行政区,位置,标题,租金,租赁方式,户型,面积,朝向,图片列表,发布时间,入住时间,租期,看房时间,楼层,电梯,车位,用水,用电,燃气,采暖,标签,station,latitude,longtitude
https://sz.lianjia.com/zufang/SZ2286672840072118272.html,福田区,景田,龙塘小区 3室1厅 南/北,6000元/月 ,租赁方式未知,3室1厅1卫,76㎡,朝南 北,['https://image1.ljcdn.com/rent-front-image/1efeae8459c48eeb3fef0bc54884fd1d.png.780x439.jpg'],5天前,随时入住,暂无数据,需提前预约,高楼层/7层,无,暂无数据,民水,民电,有,暂无数据,"['近地铁', '新上']","['9号线 - 香梅', '366m', '2号线(蛇口线),9号线 - 景田', '712m', '2号线(蛇口线) - 香梅北', '948m', '1号线(罗宝线) - 香蜜湖', '1108m']",22.554590445925,114.04660456491
https://sz.lianjia.com/zufang/SZ2280445439197323264.html,龙岗区,布吉关,佳兆业可园五期 3室2厅 复式 北,6000元/月 ,租赁方式未知,3室2厅2卫,91㎡,朝北,['https://image1.ljcdn.com/rent-front-image/1efeae8459c48eeb3fef0bc54884fd1d.png.780x439.jpg'],1天前,随时入住,暂无数据,暂无数据,中楼层/23层,有,暂无数据,民水,民电,有,暂无数据,"['近地铁', '新上']","['5号线(环中线) - 百鸽笼', '777m']",22.605839,114.142228
https://sz.lianjia.com/zufang/SZ2289544885818368000.html,福田区,皇岗,金港豪庭 1室1厅 北,6500元/月 ,租赁方式未知,1室1厅1卫,47㎡,朝北,['https://image1.ljcdn.com/rent-front-image/1efeae8459c48eeb3fef0bc54884fd1d.png.780x439.jpg'],1天前,2019-07-10,暂无数据,暂无数据,中楼层/30层,有,暂无数据,民水,民电,有,暂无数据,"['近地铁', '新上']","['4号线(龙华线),7号线 - 福民', '447m', '4号线(龙华线) - 福田口岸', '535m', '7号线 - 皇岗村', '989m']",22.524190041855,114.07124985513
https://sz.lianjia.com/zufang/SZ2286156923726471168.html,龙岗区,布吉关,万科红二期 2室1厅 北,5000元/月 ,租赁方式未知,2室1厅1卫,51㎡,朝北,['https://image1.ljcdn.com/rent-front-image/1efeae8459c48eeb3fef0bc54884fd1d.png.780x439.jpg'],6天前,随时入住,暂无数据,需提前预约,高楼层/29层,有,暂无数据,民水,民电,有,暂无数据,['新上'],[],22.605881,114.132841
https://sz.lianjia.com/zufang/SZ2285324903777304576.html,南山区,科技园,整租·帝景园 2室1厅 南/北,6800元/月 ,整租,2室1厅1卫,84㎡,朝南 北,['https://image1.ljcdn.com/rent-front-image/1efeae8459c48eeb3fef0bc54884fd1d.png.780x439.jpg'],7天前,2019-07-20,1年以内,需提前预约,中楼层/7层,无,租用车位,民水,民电,有,暂无数据,['精装'],"['1号线(罗宝线) - 深大', '1126m']",22.546881808525,113.94373562004
https://sz.lianjia.com/zufang/SZ2288448767659352064.html,罗湖区,地王,松园南小区 3室2厅 南/北,6000元/月 ,租赁方式未知,3室2厅1卫,96㎡,朝南 北,['https://image1.ljcdn.com/rent-front-image/1efeae8459c48eeb3fef0bc54884fd1d.png.780x439.jpg'],3天前,随时入住,暂无数据,需提前预约,中楼层/8层,无,暂无数据,民水,民电,有,暂无数据,"['近地铁', '新上']","['9号线 - 园岭', '828m', '3号线(龙岗线),9号线 - 红岭', '864m', '1号线(罗宝线),3号线(龙岗线) - 老街', '1144m', '7号线 - 笋岗', '1189m']",22.55884859568,114.11784273305
https://sz.lianjia.com/zufang/SZ2230986444137578496.html,罗湖区,黄贝岭,天景花园 3室1厅 南/北,6000元/月 ,租赁方式未知,3室1厅1卫,87㎡,朝南 北,['https://image1.ljcdn.com/rent-front-image/1efeae8459c48eeb3fef0bc54884fd1d.png.780x439.jpg'],2个月前,随时入住,暂无数据,一般下班后可看,高楼层/7层,暂无数据,暂无数据,暂无数据,暂无数据,暂无数据,暂无数据,['近地铁'],"['5号线(环中线) - 怡景', '598m']",22.566341640434,114.1483255016
https://sz.lianjia.com/zufang/SZ2220987847715069952.html,南山区,前海,整租·前海凯御 2室2厅 南/北,8000元/月 (月付价),整租,2室2厅1卫,61㎡,朝南 北,['https://image1.ljcdn.com/rent-front-image/1efeae8459c48eeb3fef0bc54884fd1d.png.780x439.jpg'],3个月前,随时入住,1~2年,需提前预约,中楼层/27层,有,暂无数据,民水,民电,有,暂无数据,"['近地铁', '精装', '随时看房']","['1号线(罗宝线) - 大新', '734m']",22.533462,113.918125
https://sz.lianjia.com/zufang/SZ2288169741912907776.html,龙岗区,坂田,儒骏城立方 4室2厅 北,8000元/月 ,租赁方式未知,4室2厅2卫,87㎡,朝北,['https://image1.ljcdn.com/rent-front-image/1efeae8459c48eeb3fef0bc54884fd1d.png.780x439.jpg'],3天前,2019-07-15,暂无数据,一般下班后可看,高楼层/27层,暂无数据,暂无数据,暂无数据,暂无数据,暂无数据,暂无数据,"['近地铁', '新上']","['5号线(环中线) - 坂田', '509m', '5号线(环中线) - 五和', '1125m']",22.630254,114.076113
https://sz.lianjia.com/zufang/SZ2287622769531699200.html,福田区,莲花,长福花园 3室2厅 南/北,8000元/月 ,租赁方式未知,3室2厅1卫,85㎡,朝南 北,['https://image1.ljcdn.com/rent-front-image/1efeae8459c48eeb3fef0bc54884fd1d.png.780x439.jpg'],4天前,随时入住,暂无数据,需提前预约,中楼层/7层,无,暂无数据,民水,民电,有,暂无数据,"['近地铁', '新上']","['3号线(龙岗线) - 莲花村', '307m', '2号线(蛇口线) - 岗厦北', '838m', '3号线(龙岗线),4号线(龙华线) - 少年宫', '1045m']",22.552867163302,114.07819441678
https://sz.lianjia.com/zufang/SZ2287587086247149568.html,福田区,莲花,长城盛世家园二期 2室1厅 北,7500元/月 ,租赁方式未知,2室1厅1卫,66㎡,朝北,['https://image1.ljcdn.com/rent-front-image/1efeae8459c48eeb3fef0bc54884fd1d.png.780x439.jpg'],4天前,随时入住,暂无数据,需提前预约,高楼层/34层,有,暂无数据,民水,民电,有,暂无数据,"['近地铁', '新上']","['4号线(龙华线) - 莲花北', '921m']",22.566853,114.071555
https://sz.lianjia.com/zufang/SZ2275805663252709376.html,福田区,莲花,莲花一村 3室2厅 南/北,7500元/月 ,租赁方式未知,3室2厅1卫,85㎡,朝南 北,['https://image1.ljcdn.com/rent-front-image/1efeae8459c48eeb3fef0bc54884fd1d.png.780x439.jpg'],20天前,2019-07-12,暂无数据,暂无数据,中楼层/7层,无,暂无数据,民水,民电,有,暂无数据,['近地铁'],"['3号线(龙岗线) - 莲花村', '424m', '3号线(龙岗线),4号线(龙华线) - 少年宫', '1114m']",22.558649089469,114.07679900381
https://sz.lianjia.com/zufang/SZ2228217475516858368.html,龙岗区,坂田,佳兆业城市广场三期 3室2厅 北,7200元/月 ,租赁方式未知,3室2厅2卫,89㎡,朝北,['https://image1.ljcdn.com/rent-front-image/1efeae8459c48eeb3fef0bc54884fd1d.png.780x439.jpg'],2个月前,随时入住,暂无数据,暂无数据,高楼层/44层,有,暂无数据,民水,民电,有,暂无数据,[],[],22.665869,114.084045
https://sz.lianjia.com/zufang/SZ2280202923868954624.html,福田区,莲花,润鹏花园 3室2厅 南/北,8000元/月 ,租赁方式未知,3室2厅2卫,99㎡,朝南 北,['https://image1.ljcdn.com/rent-front-image/1efeae8459c48eeb3fef0bc54884fd1d.png.780x439.jpg'],14天前,随时入住,暂无数据,需提前预约,中楼层/8层,无,暂无数据,民水,民电,有,暂无数据,['近地铁'],"['4号线(龙华线) - 莲花北', '602m']",22.564998637252,114.07084481378
https://sz.lianjia.com/zufang/SZ2227376288506068992.html,坪山区,坪山,金地朗悦 4室2厅 东南/南/北,5000元/月 ,租赁方式未知,4室2厅2卫,128㎡,朝东南 南 北,['https://image1.ljcdn.com/rent-front-image/1efeae8459c48eeb3fef0bc54884fd1d.png.780x439.jpg'],2个月前,随时入住,暂无数据,需提前预约,低楼层/33层,有,暂无数据,民水,民电,有,暂无数据,[],[],22.684509,114.346256
https://sz.lianjia.com/zufang/SZ2268634556771352576.html,福田区,车公庙,整租·新沙苑 3室2厅 南/北,7500元/月 (月付价),整租,3室2厅1卫,88㎡,朝南 北,['https://image1.ljcdn.com/rent-front-image/1efeae8459c48eeb3fef0bc54884fd1d.png.780x439.jpg'],1个月前,随时入住,1年以内,暂无数据,低楼层/6层,无,暂无数据,民水,民电,暂无数据,暂无数据,"['近地铁', '精装']","['1号线(罗宝线),3号线(龙岗线) - 购物公园', '1099m']",22.535325,114.053085
https://sz.lianjia.com/zufang/SZ2237540631247323136.html,福田区,皇岗,皇御苑四期 2室1厅 北,7000元/月 ,租赁方式未知,2室1厅1卫,52㎡,朝北,['https://image1.ljcdn.com/rent-front-image/1efeae8459c48eeb3fef0bc54884fd1d.png.780x439.jpg'],2个月前,随时入住,暂无数据,暂无数据,高楼层/30层,有,暂无数据,民水,民电,有,暂无数据,['近地铁'],"['7号线 - 皇岗口岸', '518m']",22.529845,114.082006
https://sz.lianjia.com/zufang/SZ2281586352380452864.html,南山区,白石洲,沙河观景阁 1室1厅 北,7000元/月 ,租赁方式未知,1室1厅1卫,58㎡,朝北,['https://image1.ljcdn.com/rent-front-image/1efeae8459c48eeb3fef0bc54884fd1d.png.780x439.jpg'],12天前,2019-07-19,暂无数据,需提前预约,中楼层/15层,有,暂无数据,民水,民电,有,暂无数据,['近地铁'],"['1号线(罗宝线) - 白石洲', '817m']",22.549698,113.9735
https://sz.lianjia.com/zufang/SZ2251186037751816192.html,龙岗区,龙岗中心城,雅豪祥苑 5室2厅 南/北,5700元/月 ,租赁方式未知,5室2厅2卫,171㎡,朝南 北,['https://image1.ljcdn.com/rent-front-image/1efeae8459c48eeb3fef0bc54884fd1d.png.780x439.jpg'],1个月前,随时入住,暂无数据,需提前预约,高楼层/6层,无,暂无数据,民水,民电,有,暂无数据,['近地铁'],"['3号线(龙岗线) - 龙城广场', '785m', '3号线(龙岗线) - 南联', '939m']",22.729709579734,114.26343589695
https://sz.lianjia.com/zufang/SZ2252923375234326528.html,南山区,前海,佳兆业前海广场二期 1室1厅 南/北,6500元/月 ,租赁方式未知,1室1厅2卫,51㎡,朝南 北,['https://image1.ljcdn.com/rent-front-image/1efeae8459c48eeb3fef0bc54884fd1d.png.780x439.jpg'],1个月前,随时入住,暂无数据,需提前预约,低楼层/22层,暂无数据,暂无数据,商水,商电,有,暂无数据,[],[],22.501877,113.892136
https://sz.lianjia.com/zufang/SZ2268730232804745216.html,南山区,西丽,整租·桃源村一期 2室1厅 南/北,6000元/月 ,整租,2室1厅1卫,67㎡,朝南 北,"['https://image1.ljcdn.com/440300-inspection/1b70615a-3016-47b8-966f-1c8f17b9c045.jpg.780x439.jpg', 'https://s1.ljcdn.com/matrix_lianjia_pc/dist/pc/src/resource/default/780-439.png?_v=201906280941017d9', 'https://s1.ljcdn.com/matrix_lianjia_pc/dist/pc/src/resource/default/780-439.png?_v=201906280941017d9', 'https://s1.ljcdn.com/matrix_lianjia_pc/dist/pc/src/resource/default/780-439.png?_v=201906280941017d9', 'https://s1.ljcdn.com/matrix_lianjia_pc/dist/pc/src/resource/default/780-439.png?_v=201906280941017d9', 'https://s1.ljcdn.com/matrix_lianjia_pc/dist/pc/src/resource/default/780-439.png?_v=201906280941017d9', 'https://s1.ljcdn.com/matrix_lianjia_pc/dist/pc/src/resource/default/780-439.png?_v=201906280941017d9', 'https://s1.ljcdn.com/matrix_lianjia_pc/dist/pc/src/resource/default/780-439.png?_v=201906280941017d9']",1个月前,2019-07-31,2~3年,一般下班后可看,高楼层/7层,无,暂无数据,民水,民电,有,暂无数据,"['近地铁', '精装']","['7号线 - 桃源村', '302m', '7号线 - 龙井', '542m']",22.562715562853,113.9878641035
https://sz.lianjia.com/zufang/SZ2276749636239114240.html,福田区,八卦岭,旭飞花园 2室1厅 跃层 北,6800元/月 ,租赁方式未知,2室1厅1卫,44㎡,朝北,"['https://image1.ljcdn.com/440300-inspection/1f693c4f-b9f7-4e42-aa05-731418ae21de.jpg.780x439.jpg', 'https://s1.ljcdn.com/matrix_lianjia_pc/dist/pc/src/resource/default/780-439.png?_v=201906280941017d9', 'https://s1.ljcdn.com/matrix_lianjia_pc/dist/pc/src/resource/default/780-439.png?_v=201906280941017d9', 'https://s1.ljcdn.com/matrix_lianjia_pc/dist/pc/src/resource/default/780-439.png?_v=201906280941017d9', 'https://s1.ljcdn.com/matrix_lianjia_pc/dist/pc/src/resource/default/780-439.png?_v=201906280941017d9', 'https://s1.ljcdn.com/matrix_lianjia_pc/dist/pc/src/resource/default/780-439.png?_v=201906280941017d9', 'https://s1.ljcdn.com/matrix_lianjia_pc/dist/pc/src/resource/default/780-439.png?_v=201906280941017d9', 'https://s1.ljcdn.com/matrix_lianjia_pc/dist/pc/src/resource/default/780-439.png?_v=201906280941017d9']",19天前,2019-07-31,暂无数据,需提前预约,高楼层/18层,有,暂无数据,民水,民电,无,暂无数据,['近地铁'],"['9号线 - 园岭', '408m', '7号线,9号线 - 红岭北', '423m', '7号线 - 笋岗', '1099m', '7号线 - 八卦岭', '1179m']",22.564741855513,114.10916531433
https://sz.lianjia.com/zufang/SZ2288460910429478912.html,福田区,莲花,城投青莲公寓 1室1厅 北,5000元/月 ,租赁方式未知,1室1厅1卫,35㎡,朝北,['https://image1.ljcdn.com/rent-front-image/1efeae8459c48eeb3fef0bc54884fd1d.png.780x439.jpg'],今天,2019-07-31,暂无数据,暂无数据,低楼层/26层,有,暂无数据,民水,民电,有,暂无数据,"['近地铁', '新上']","['4号线(龙华线) - 莲花北', '624m']",22.566888,114.064183
https://sz.lianjia.com/zufang/SZ2286198652244869120.html,龙岗区,布吉大芬,桂芳园一期 4室2厅 南/北,5200元/月 ,租赁方式未知,4室2厅2卫,67㎡,朝南 北,"['https://image1.ljcdn.com/440300-inspection/98c455c9-e25f-479c-9136-e4f19cafe1f7.jpg.780x439.jpg', 'https://s1.ljcdn.com/matrix_lianjia_pc/dist/pc/src/resource/default/780-439.png?_v=201906280941017d9', 'https://s1.ljcdn.com/matrix_lianjia_pc/dist/pc/src/resource/default/780-439.png?_v=201906280941017d9', 'https://s1.ljcdn.com/matrix_lianjia_pc/dist/pc/src/resource/default/780-439.png?_v=201906280941017d9', 'https://s1.ljcdn.com/matrix_lianjia_pc/dist/pc/src/resource/default/780-439.png?_v=201906280941017d9', 'https://s1.ljcdn.com/matrix_lianjia_pc/dist/pc/src/resource/default/780-439.png?_v=201906280941017d9', 'https://s1.ljcdn.com/matrix_lianjia_pc/dist/pc/src/resource/default/780-439.png?_v=201906280941017d9', 'https://s1.ljcdn.com/matrix_lianjia_pc/dist/pc/src/resource/default/780-439.png?_v=201906280941017d9', 'https://s1.ljcdn.com/matrix_lianjia_pc/dist/pc/src/resource/default/780-439.png?_v=201906280941017d9', 'https://s1.ljcdn.com/matrix_lianjia_pc/dist/pc/src/resource/default/780-439.png?_v=201906280941017d9', 'https://s1.ljcdn.com/matrix_lianjia_pc/dist/pc/src/resource/default/780-439.png?_v=201906280941017d9', 'https://s1.ljcdn.com/matrix_lianjia_pc/dist/pc/src/resource/default/780-439.png?_v=201906280941017d9']",6天前,2019-07-31,暂无数据,暂无数据,高楼层/6层,无,暂无数据,民水,民电,有,暂无数据,"['近地铁', '新上']","['3号线(龙岗线) - 丹竹头', '720m', '3号线(龙岗线) - 大芬', '785m']",22.622688,114.149773
https://sz.lianjia.com/zufang/SZ2263567307379056640.html,龙岗区,坂田,整租·佳兆业城市广场一期 4室1厅 北,7500元/月 ,整租,4室1厅2卫,119㎡,朝北,"['https://image1.ljcdn.com/440300-inspection/d8e7c887-39a4-45d3-8fea-bb302ea94c8e.jpg.780x439.jpg', 'https://s1.ljcdn.com/matrix_lianjia_pc/dist/pc/src/resource/default/780-439.png?_v=201906280941017d9', 'https://s1.ljcdn.com/matrix_lianjia_pc/dist/pc/src/resource/default/780-439.png?_v=201906280941017d9', 'https://s1.ljcdn.com/matrix_lianjia_pc/dist/pc/src/resource/default/780-439.png?_v=201906280941017d9', 'https://s1.ljcdn.com/matrix_lianjia_pc/dist/pc/src/resource/default/780-439.png?_v=201906280941017d9', 'https://s1.ljcdn.com/matrix_lianjia_pc/dist/pc/src/resource/default/780-439.png?_v=201906280941017d9', 'https://s1.ljcdn.com/matrix_lianjia_pc/dist/pc/src/resource/default/780-439.png?_v=201906280941017d9', 'https://s1.ljcdn.com/matrix_lianjia_pc/dist/pc/src/resource/default/780-439.png?_v=201906280941017d9', 'https://s1.ljcdn.com/matrix_lianjia_pc/dist/pc/src/resource/default/780-439.png?_v=201906280941017d9']",11天前,2019-07-31,暂无数据,暂无数据,低楼层/47层,有,暂无数据,民水,民电,有,暂无数据,['双卫生间'],[],22.66599,114.082033
https://sz.lianjia.com/zufang/SZ2289054571949203456.html,南山区,南山中心,光彩新天地 1室1厅 北,7200元/月 ,租赁方式未知,1室1厅1卫,78㎡,朝北,"['https://image1.ljcdn.com/440300-inspection/caa28ab8-f6ba-456e-989d-1f7978a2a1ba.jpg.780x439.jpg', 'https://s1.ljcdn.com/matrix_lianjia_pc/dist/pc/src/resource/default/780-439.png?_v=201906280941017d9', 'https://s1.ljcdn.com/matrix_lianjia_pc/dist/pc/src/resource/default/780-439.png?_v=201906280941017d9', 'https://s1.ljcdn.com/matrix_lianjia_pc/dist/pc/src/resource/default/780-439.png?_v=201906280941017d9']",1天前,2019-07-31,暂无数据,需提前预约,中楼层/26层,有,暂无数据,民水,民电,无,暂无数据,"['近地铁', '新上']","['11号线 - 南山', '26m', '1号线(罗宝线) - 桃园', '812m']",22.530102906853,113.93094621371
