房源地址,行政区,位置,标题,租金,租赁方式,户型,面积,朝向,图片列表,发布时间,入住时间,租期,看房时间,楼层,电梯,车位,用水,用电,燃气,采暖,标签,station,latitude,longtitude
https://sz.lianjia.com/zufang/SZ2246127534826078208.html,南山区,科技园,整租·松坪村东区三期 2室2厅 北,6460元/月 (季付价),整租,2室2厅1卫,59㎡,朝北,"['https://image1.ljcdn.com/rent-house-1/636f69b83827f24f7723a443c68fdbb3-1561351615740/b54cf64b970ea3a1dbe277bf4a4a375b.jpg.780x439.jpg', 'https://s1.ljcdn.com/matrix_lianjia_pc/dist/pc/src/resource/default/780-439.png?_v=201906280941017d9', 'https://s1.ljcdn.com/matrix_lianjia_pc/dist/pc/src/resource/default/780-439.png?_v=201906280941017d9', 'https://s1.ljcdn.com/matrix_lianjia_pc/dist/pc/src/resource/default/780-439.png?_v=201906280941017d9', 'https://s1.ljcdn.com/matrix_lianjia_pc/dist/pc/src/resource/default/780-439.png?_v=201906280941017d9', 'https://s1.ljcdn.com/matrix_lianjia_pc/dist/pc/src/resource/default/780-439.png?_v=201906280941017d9', 'https://s1.ljcdn.com/matrix_lianjia_pc/dist/pc/src/resource/default/780-439.png?_v=201906280941017d9']",2个月前,随时入住,3~12个月,随时可看,8/34层,暂无数据,暂无数据,暂无数据,暂无数据,暂无数据,暂无数据,"['公寓', '月租', '随时看房']",[],22.565473123496,113.96348524642
https://sz.lianjia.com/zufang/SZ2276596374482976768.html,福田区,皇岗,整租·皇庭居 1室1厅 北,6200元/月 ,整租,1室1厅1卫,48㎡,朝北,"['https://image1.ljcdn.com/440300-inspection/a345460c-409e-4789-9339-ae5a67d72efa.jpg.780x439.jpg', 'https://s1.ljcdn.com/matrix_lianjia_pc/dist/pc/src/resource/default/780-439.png?_v=201906280941017d9', 'https://s1.ljcdn.com/matrix_lianjia_pc/dist/pc/src/resource/default/780-439.png?_v=201906280941017d9', 'https://s1.ljcdn.com/matrix_lianjia_pc/dist/pc/src/resource/default/780-439.png?_v=201906280941017d9', 'https://s1.ljcdn.com/matrix_lianjia_pc/dist/pc/src/resource/default/780-439.png?_v=201906280941017d9']",19天前,随时入住,1年以内,需提前预约,高楼层/32层,有,暂无数据,民水,民电,有,暂无数据,"['近地铁', '精装']","['4号线(龙华线),7号线 - 福民', '354m', '7号线 - 皇岗村', '1187m']",22.529435977347,114.07425378977
https://sz.lianjia.com/zufang/SZ2246082278880968704.html,福田区,香蜜湖,香荟雅苑 2室1厅 北,8000元/月 ,租赁方式未知,2室1厅1卫,59㎡,朝北,"['https://image1.ljcdn.com/440300-inspection/rsp_pic_upload27adc71a-5d4a-462c-ade9-e04a40b80d79.jpg.780x439.jpg', 'https://s1.ljcdn.com/matrix_lianjia_pc/dist/pc/src/resource/default/780-439.png?_v=201906280941017d9', 'https://s1.ljcdn.com/matrix_lianjia_pc/dist/pc/src/resource/default/780-439.png?_v=201906280941017d9', 'https://s1.ljcdn.com/matrix_lianjia_pc/dist/pc/src/resource/default/780-439.png?_v=201906280941017d9', 'https://s1.ljcdn.com/matrix_lianjia_pc/dist/pc/src/resource/default/780-439.png?_v=201906280941017d9', 'https://s1.ljcdn.com/matrix_lianjia_pc/dist/pc/src/resource/default/780-439.png?_v=201906280941017d9', 'https://s1.ljcdn.com/matrix_lianjia_pc/dist/pc/src/resource/default/780-439.png?_v=201906280941017d9']",2个月前,随时入住,暂无数据,需提前预约,中楼层/12层,有,暂无数据,民水,民电,有,暂无数据,['近地铁'],"['2号线(蛇口线) - 香蜜', '32m', '2号线(蛇口线) - 香梅北', '861m', '2号线(蛇口线) - 侨香', '1117m']",22.558134869244,114.03108966695
https://sz.lianjia.com/zufang/SZ2287696363083014144.html,南山区,南山中心,光彩新世纪家园 2室1厅 北,7100元/月 ,租赁方式未知,2室1厅1卫,59㎡,朝北,"['https://image1.ljcdn.com/440300-inspection/ec94ff1a-21fd-46de-be3e-63383673f866.jpg.780x439.jpg', 'https://s1.ljcdn.com/matrix_lianjia_pc/dist/pc/src/resource/default/780-439.png?_v=201906280941017d9', 'https://s1.ljcdn.com/matrix_lianjia_pc/dist/pc/src/resource/default/780-439.png?_v=201906280941017d9', 'https://s1.ljcdn.com/matrix_lianjia_pc/dist/pc/src/resource/default/780-439.png?_v=201906280941017d9', 'https://s1.ljcdn.com/matrix_lianjia_pc/dist/pc/src/resource/default/780-439.png?_v=201906280941017d9', 'https://s1.ljcdn.com/matrix_lianjia_pc/dist/pc/src/resource/default/780-439.png?_v=201906280941017d9', 'https://s1.ljcdn.com/matrix_lianjia_pc/dist/pc/src/resource/default/780-439.png?_v=201906280941017d9']",4天前,随时入住,暂无数据,需提前预约,高楼层/24层,有,暂无数据,民水,民电,有,暂无数据,"['近地铁', '新上', '随时看房']","['11号线 - 南山', '11m', '1号线(罗宝线) - 桃园', '1030m']",22.529045135491,113.93073115819
https://sz.lianjia.com/zufang/SZ2246124693587771392.html,南山区,前海,整租·阳光棕榈园三期 2室1厅 北,7860元/月 (季付价),整租,2室1厅1卫,74㎡,朝北,"['https://image1.ljcdn.com/rent-house-1/636f69b83827f24f7723a443c68fdbb3-1561201182781/23fbfc4de702ba0bbd404a1d0e66ce96.jpg.780x439.jpg', 'https://s1.ljcdn.com/matrix_lianjia_pc/dist/pc/src/resource/default/780-439.png?_v=201906280941017d9', 'https://s1.ljcdn.com/matrix_lianjia_pc/dist/pc/src/resource/default/780-439.png?_v=201906280941017d9', 'https://s1.ljcdn.com/matrix_lianjia_pc/dist/pc/src/resource/default/780-439.png?_v=201906280941017d9', 'https://s1.ljcdn.com/matrix_lianjia_pc/dist/pc/src/resource/default/780-439.png?_v=201906280941017d9', 'https://s1.ljcdn.com/matrix_lianjia_pc/dist/pc/src/resource/default/780-439.png?_v=201906280941017d9', 'https://s1.ljcdn.com/matrix_lianjia_pc/dist/pc/src/resource/default/780-439.png?_v=201906280941017d9', 'https://s1.ljcdn.com/matrix_lianjia_pc/dist/pc/src/resource/default/780-439.png?_v=201906280941017d9', 'https://s1.ljcdn.com/matrix_lianjia_pc/dist/pc/src/resource/default/780-439.png?_v=201906280941017d9']",2个月前,随时入住,1年,随时可看,5/11层,暂无数据,暂无数据,暂无数据,暂无数据,暂无数据,暂无数据,"['公寓', '近地铁', '随时看房']","['1号线(罗宝线) - 大新', '947m', '11号线 - 南山', '1169m']",22.531379,113.918041
https://sz.lianjia.com/zufang/SZ2246135625311338496.html,罗湖区,罗湖口岸,整租·汇泰大厦 1室1厅 北,5330元/月 (季付价),整租,1室1厅1卫,44㎡,朝北,"['https://image1.ljcdn.com/rent-house-1/636f69b83827f24f7723a443c68fdbb3-1561190178648/14150506c07eea5df2bea82cd8c0c5dd.jpg.780x439.jpg', 'https://s1.ljcdn.com/matrix_lianjia_pc/dist/pc/src/resource/default/780-439.png?_v=201906280941017d9', 'https://s1.ljcdn.com/matrix_lianjia_pc/dist/pc/src/resource/default/780-439.png?_v=201906280941017d9', 'https://s1.ljcdn.com/matrix_lianjia_pc/dist/pc/src/resource/default/780-439.png?_v=201906280941017d9', 'https://s1.ljcdn.com/matrix_lianjia_pc/dist/pc/src/resource/default/780-439.png?_v=201906280941017d9', 'https://s1.ljcdn.com/matrix_lianjia_pc/dist/pc/src/resource/default/780-439.png?_v=201906280941017d9', 'https://s1.ljcdn.com/matrix_lianjia_pc/dist/pc/src/resource/default/780-439.png?_v=201906280941017d9']",2个月前,随时入住,1年,随时可看,26/33层,暂无数据,暂无数据,暂无数据,暂无数据,暂无数据,暂无数据,"['公寓', '近地铁', '随时看房']","['1号线(罗宝线) - 罗湖', '472m', '9号线 - 人民南', '696m', '9号线 - 向西村', '836m', '1号线(罗宝线) - 国贸', '1053m']",22.540566,114.128305
https://sz.lianjia.com/zufang/SZ2258380315037286400.html,福田区,石厦,缔馨园 1室1厅 北,5500元/月 ,租赁方式未知,1室1厅1卫,42㎡,朝北,"['https://image1.ljcdn.com/440300-inspection/0d47cfe5-5d0d-42c3-8d81-d53da9c93fec.jpg.780x439.jpg', 'https://s1.ljcdn.com/matrix_lianjia_pc/dist/pc/src/resource/default/780-439.png?_v=201906280941017d9', 'https://s1.ljcdn.com/matrix_lianjia_pc/dist/pc/src/resource/default/780-439.png?_v=201906280941017d9', 'https://s1.ljcdn.com/matrix_lianjia_pc/dist/pc/src/resource/default/780-439.png?_v=201906280941017d9', 'https://s1.ljcdn.com/matrix_lianjia_pc/dist/pc/src/resource/default/780-439.png?_v=201906280941017d9', 'https://s1.ljcdn.com/matrix_lianjia_pc/dist/pc/src/resource/default/780-439.png?_v=201906280941017d9']",1个月前,随时入住,暂无数据,暂无数据,中楼层/18层,有,暂无数据,民水,民电,有,暂无数据,['近地铁'],"['3号线(龙岗线),7号线 - 石厦', '265m', '7号线 - 皇岗村', '881m']",22.530806126763,114.05834367437
https://sz.lianjia.com/zufang/SZ2209886869762875392.html,罗湖区,笋岗,整租·嘉宝田花园 2室1厅 北,6800元/月 ,整租,2室1厅1卫,67㎡,朝北,"['https://image1.ljcdn.com/440300-inspection/3668759f-1d0d-4264-bb7a-dd431da689f1.jpg.780x439.jpg', 'https://s1.ljcdn.com/matrix_lianjia_pc/dist/pc/src/resource/default/780-439.png?_v=201906280941017d9', 'https://s1.ljcdn.com/matrix_lianjia_pc/dist/pc/src/resource/default/780-439.png?_v=201906280941017d9', 'https://s1.ljcdn.com/matrix_lianjia_pc/dist/pc/src/resource/default/780-439.png?_v=201906280941017d9', 'https://s1.ljcdn.com/matrix_lianjia_pc/dist/pc/src/resource/default/780-439.png?_v=201906280941017d9', 'https://s1.ljcdn.com/matrix_lianjia_pc/dist/pc/src/resource/default/780-439.png?_v=201906280941017d9']",3个月前,随时入住,暂无数据,需提前预约,高楼层/30层,有,暂无数据,民水,民电,有,暂无数据,"['近地铁', '精装', '随时看房']","['7号线 - 笋岗', '617m', '9号线 - 园岭', '668m', '7号线,9号线 - 红岭北', '849m']",22.564115885606,114.11759199543
https://sz.lianjia.com/zufang/SZ2285778012316647424.html,罗湖区,万象城,城市天地广场 1室1厅 北,5500元/月 ,租赁方式未知,1室1厅1卫,48㎡,朝北,"['https://image1.ljcdn.com/440300-inspection/prod-a0613e56-6662-43d7-b7cd-3815b4e715c7.jpg.780x439.jpg', 'https://s1.ljcdn.com/matrix_lianjia_pc/dist/pc/src/resource/default/780-439.png?_v=201906280941017d9', 'https://s1.ljcdn.com/matrix_lianjia_pc/dist/pc/src/resource/default/780-439.png?_v=201906280941017d9', 'https://s1.ljcdn.com/matrix_lianjia_pc/dist/pc/src/resource/default/780-439.png?_v=201906280941017d9', 'https://s1.ljcdn.com/matrix_lianjia_pc/dist/pc/src/resource/default/780-439.png?_v=201906280941017d9', 'https://s1.ljcdn.com/matrix_lianjia_pc/dist/pc/src/resource/default/780-439.png?_v=201906280941017d9']",6天前,随时入住,暂无数据,一般下班后可看,高楼层/39层,有,暂无数据,民水,民电,无,暂无数据,"['近地铁', '新上']","['1号线(罗宝线) - 国贸', '517m', '9号线 - 鹿丹村', '646m', '1号线(罗宝线),2号线(蛇口线) - 大剧院', '802m', '9号线 - 人民南', '843m', '1号线(罗宝线),3号线(龙岗线) - 老街', '893m', '9号线 - 红岭南', '987m', '1号线(罗宝线) - 罗湖', '1013m']",22.54421,114.120013
https://sz.lianjia.com/zufang/SZ2205674699915001856.html,南山区,南头,整租·麒麟花园A区 1室1厅 北,6160元/月 (季付价),整租,1室1厅1卫,49㎡,朝北,"['https://image1.ljcdn.com/rent-house-1/636f69b83827f24f7723a443c68fdbb3-1561685988492/464b1f2dd0441430e7c93d84581308ab.jpg.780x439.jpg', 'https://s1.ljcdn.com/matrix_lianjia_pc/dist/pc/src/resource/default/780-439.png?_v=201906280941017d9', 'https://s1.ljcdn.com/matrix_lianjia_pc/dist/pc/src/resource/default/780-439.png?_v=201906280941017d9', 'https://s1.ljcdn.com/matrix_lianjia_pc/dist/pc/src/resource/default/780-439.png?_v=201906280941017d9', 'https://s1.ljcdn.com/matrix_lianjia_pc/dist/pc/src/resource/default/780-439.png?_v=201906280941017d9']",3个月前,随时入住,3~12个月,随时可看,9/12层,暂无数据,暂无数据,暂无数据,暂无数据,暂无数据,暂无数据,"['公寓', '月租', '随时看房']",[],22.549692380853,113.93722060325
https://sz.lianjia.com/zufang/SZ2246124435663241216.html,福田区,皇岗,整租·海滨广场 2室1厅 北,7030元/月 (季付价),整租,2室1厅1卫,80㎡,朝北,"['https://image1.ljcdn.com/rent-house-1/636f69b83827f24f7723a443c68fdbb3-1561201065600/7215cc090eddbdb872cb3ffad5534caa.jpg.780x439.jpg', 'https://s1.ljcdn.com/matrix_lianjia_pc/dist/pc/src/resource/default/780-439.png?_v=201906280941017d9', 'https://s1.ljcdn.com/matrix_lianjia_pc/dist/pc/src/resource/default/780-439.png?_v=201906280941017d9', 'https://s1.ljcdn.com/matrix_lianjia_pc/dist/pc/src/resource/default/780-439.png?_v=201906280941017d9', 'https://s1.ljcdn.com/matrix_lianjia_pc/dist/pc/src/resource/default/780-439.png?_v=201906280941017d9', 'https://s1.ljcdn.com/matrix_lianjia_pc/dist/pc/src/resource/default/780-439.png?_v=201906280941017d9', 'https://s1.ljcdn.com/matrix_lianjia_pc/dist/pc/src/resource/default/780-439.png?_v=201906280941017d9', 'https://s1.ljcdn.com/matrix_lianjia_pc/dist/pc/src/resource/default/780-439.png?_v=201906280941017d9']",2个月前,随时入住,1年,随时可看,12/16层,暂无数据,暂无数据,暂无数据,暂无数据,暂无数据,暂无数据,"['公寓', '近地铁', '随时看房']","['4号线(龙华线),7号线 - 福民', '558m', '1号线(罗宝线) - 岗厦', '1183m', '1号线(罗宝线),4号线(龙华线) - 会展中心', '1184m']",22.532069,114.073854
https://sz.lianjia.com/zufang/SZ2252244486388187136.html,宝安区,宝安中心,富通好旺角二期 3室2厅 北,7800元/月 ,租赁方式未知,3室2厅2卫,98㎡,朝北,"['https://image1.ljcdn.com/440300-inspection/7d5efa95-3bcd-4e73-a371-eb1b39c78486.jpg.780x439.jpg', 'https://s1.ljcdn.com/matrix_lianjia_pc/dist/pc/src/resource/default/780-439.png?_v=201906280941017d9', 'https://s1.ljcdn.com/matrix_lianjia_pc/dist/pc/src/resource/default/780-439.png?_v=201906280941017d9', 'https://s1.ljcdn.com/matrix_lianjia_pc/dist/pc/src/resource/default/780-439.png?_v=201906280941017d9', 'https://s1.ljcdn.com/matrix_lianjia_pc/dist/pc/src/resource/default/780-439.png?_v=201906280941017d9', 'https://s1.ljcdn.com/matrix_lianjia_pc/dist/pc/src/resource/default/780-439.png?_v=201906280941017d9', 'https://s1.ljcdn.com/matrix_lianjia_pc/dist/pc/src/resource/default/780-439.png?_v=201906280941017d9', 'https://s1.ljcdn.com/matrix_lianjia_pc/dist/pc/src/resource/default/780-439.png?_v=201906280941017d9', 'https://s1.ljcdn.com/matrix_lianjia_pc/dist/pc/src/resource/default/780-439.png?_v=201906280941017d9', 'https://s1.ljcdn.com/matrix_lianjia_pc/dist/pc/src/resource/default/780-439.png?_v=201906280941017d9', 'https://s1.ljcdn.com/matrix_lianjia_pc/dist/pc/src/resource/default/780-439.png?_v=201906280941017d9', 'https://s1.ljcdn.com/matrix_lianjia_pc/dist/pc/src/resource/default/780-439.png?_v=201906280941017d9', 'https://s1.ljcdn.com/matrix_lianjia_pc/dist/pc/src/resource/default/780-439.png?_v=201906280941017d9', 'https://s1.ljcdn.com/matrix_lianjia_pc/dist/pc/src/resource/default/780-439.png?_v=201906280941017d9']",1个月前,随时入住,暂无数据,需提前预约,低楼层/28层,有,暂无数据,民水,民电,有,暂无数据,"['近地铁', '随时看房']","['1号线(罗宝线),5号线(环中线) - 宝安中心', '440m', '5号线(环中线) - 翻身', '483m', '1号线(罗宝线) - 宝体', '1008m']",22.564556,113.895973
https://sz.lianjia.com/zufang/SZ2252895427756302336.html,福田区,梅林,梅林一村一区 3室2厅 北,7500元/月 ,租赁方式未知,3室2厅1卫,98㎡,朝北,"['https://image1.ljcdn.com/440300-inspection/7cac2c02-d128-4f8e-9d76-ddbfddc76047.jpg.780x439.jpg', 'https://s1.ljcdn.com/matrix_lianjia_pc/dist/pc/src/resource/default/780-439.png?_v=201906280941017d9', 'https://s1.ljcdn.com/matrix_lianjia_pc/dist/pc/src/resource/default/780-439.png?_v=201906280941017d9', 'https://s1.ljcdn.com/matrix_lianjia_pc/dist/pc/src/resource/default/780-439.png?_v=201906280941017d9', 'https://s1.ljcdn.com/matrix_lianjia_pc/dist/pc/src/resource/default/780-439.png?_v=201906280941017d9', 'https://s1.ljcdn.com/matrix_lianjia_pc/dist/pc/src/resource/default/780-439.png?_v=201906280941017d9', 'https://s1.ljcdn.com/matrix_lianjia_pc/dist/pc/src/resource/default/780-439.png?_v=201906280941017d9', 'https://s1.ljcdn.com/matrix_lianjia_pc/dist/pc/src/resource/default/780-439.png?_v=201906280941017d9']",1个月前,随时入住,暂无数据,暂无数据,中楼层/18层,有,暂无数据,民水,民电,有,暂无数据,['近地铁'],"['9号线 - 下梅林', '139m', '9号线 - 梅景', '554m', '9号线 - 梅村', '1187m']",22.572016,114.047091
https://sz.lianjia.com/zufang/SZ2289874524071796736.html,福田区,香蜜湖,香珠花园 1室1厅 北,6000元/月 ,租赁方式未知,1室1厅1卫,42㎡,朝北,"['https://image1.ljcdn.com/440300-inspection/1b91df27-d689-4376-8341-56b465f8be89.jpg.780x439.jpg', 'https://s1.ljcdn.com/matrix_lianjia_pc/dist/pc/src/resource/default/780-439.png?_v=201906280941017d9', 'https://s1.ljcdn.com/matrix_lianjia_pc/dist/pc/src/resource/default/780-439.png?_v=201906280941017d9', 'https://s1.ljcdn.com/matrix_lianjia_pc/dist/pc/src/resource/default/780-439.png?_v=201906280941017d9', 'https://s1.ljcdn.com/matrix_lianjia_pc/dist/pc/src/resource/default/780-439.png?_v=201906280941017d9', 'https://s1.ljcdn.com/matrix_lianjia_pc/dist/pc/src/resource/default/780-439.png?_v=201906280941017d9', 'https://s1.ljcdn.com/matrix_lianjia_pc/dist/pc/src/resource/default/780-439.png?_v=201906280941017d9']",1天前,随时入住,暂无数据,需提前预约,低楼层/18层,有,暂无数据,民水,民电,有,暂无数据,"['近地铁', '新上', '随时看房']","['7号线 - 农林', '439m', '1号线(罗宝线),11号线,7号线,9号线 - 车公庙', '563m', '1号线(罗宝线) - 竹子林', '840m']",22.543405607583,114.02653857579
https://sz.lianjia.com/zufang/SZ2256413826813796352.html,福田区,八卦岭,整租·城市主场 1室1厅 北,5460元/月 (季付价),整租,1室1厅1卫,45㎡,朝北,"['https://image1.ljcdn.com/rent-house-1/636f69b83827f24f7723a443c68fdbb3-1561184347650/8b929e5b6a298514488c26ad8a3f4ca9.jpg.780x439.jpg', 'https://s1.ljcdn.com/matrix_lianjia_pc/dist/pc/src/resource/default/780-439.png?_v=201906280941017d9', 'https://s1.ljcdn.com/matrix_lianjia_pc/dist/pc/src/resource/default/780-439.png?_v=201906280941017d9', 'https://s1.ljcdn.com/matrix_lianjia_pc/dist/pc/src/resource/default/780-439.png?_v=201906280941017d9', 'https://s1.ljcdn.com/matrix_lianjia_pc/dist/pc/src/resource/default/780-439.png?_v=201906280941017d9', 'https://s1.ljcdn.com/matrix_lianjia_pc/dist/pc/src/resource/default/780-439.png?_v=201906280941017d9', 'https://s1.ljcdn.com/matrix_lianjia_pc/dist/pc/src/resource/default/780-439.png?_v=201906280941017d9', 'https://s1.ljcdn.com/matrix_lianjia_pc/dist/pc/src/resource/default/780-439.png?_v=201906280941017d9']",1个月前,随时入住,1年,随时可看,14/33层,暂无数据,暂无数据,暂无数据,暂无数据,暂无数据,暂无数据,"['公寓', '近地铁', '随时看房']","['7号线 - 八卦岭', '403m', '9号线 - 园岭', '1018m', '3号线(龙岗线) - 通新岭', '1127m']",22.564206158589,114.10237700279
https://sz.lianjia.com/zufang/SZ2246127522075123712.html,龙华区,红山,整租·星河传奇·铂寓S 1室1厅 北,5090元/月 (季付价),整租,1室1厅1卫,51㎡,朝北,"['https://image1.ljcdn.com/rent-house-1/636f69b83827f24f7723a443c68fdbb3-1561202258602/f87f845fced0a88cf29c9e16d45b67f4.jpg.780x439.jpg', 'https://s1.ljcdn.com/matrix_lianjia_pc/dist/pc/src/resource/default/780-439.png?_v=201906280941017d9', 'https://s1.ljcdn.com/matrix_lianjia_pc/dist/pc/src/resource/default/780-439.png?_v=201906280941017d9', 'https://s1.ljcdn.com/matrix_lianjia_pc/dist/pc/src/resource/default/780-439.png?_v=201906280941017d9', 'https://s1.ljcdn.com/matrix_lianjia_pc/dist/pc/src/resource/default/780-439.png?_v=201906280941017d9', 'https://s1.ljcdn.com/matrix_lianjia_pc/dist/pc/src/resource/default/780-439.png?_v=201906280941017d9']",2个月前,随时入住,1年,随时可看,19/31层,暂无数据,暂无数据,暂无数据,暂无数据,暂无数据,暂无数据,"['公寓', '近地铁', '随时看房']","['4号线(龙华线) - 上塘', '1143m']",22.638524,114.026365
https://sz.lianjia.com/zufang/SZ2273197625664872448.html,福田区,景田,凯旋豪庭 1室1厅 北,6000元/月 ,租赁方式未知,1室1厅1卫,41㎡,朝北,"['https://image1.ljcdn.com/440300-inspection/f004b3c7-1e9a-4c49-aa09-4bf23835e07e.jpg.780x439.jpg', 'https://s1.ljcdn.com/matrix_lianjia_pc/dist/pc/src/resource/default/780-439.png?_v=201906280941017d9', 'https://s1.ljcdn.com/matrix_lianjia_pc/dist/pc/src/resource/default/780-439.png?_v=201906280941017d9', 'https://s1.ljcdn.com/matrix_lianjia_pc/dist/pc/src/resource/default/780-439.png?_v=201906280941017d9', 'https://s1.ljcdn.com/matrix_lianjia_pc/dist/pc/src/resource/default/780-439.png?_v=201906280941017d9']",24天前,随时入住,暂无数据,暂无数据,高楼层/20层,有,暂无数据,民水,民电,有,暂无数据,['近地铁'],"['2号线(蛇口线) - 莲花西', '336m', '2号线(蛇口线),9号线 - 景田', '748m', '9号线 - 香梅', '793m']",22.553638,114.05341
https://sz.lianjia.com/zufang/SZ2278931941611020288.html,龙华区,梅林关,汇龙苑 3室2厅 南/北,6800元/月 ,租赁方式未知,3室2厅2卫,100㎡,朝南 北,"['https://image1.ljcdn.com/440300-inspection/33dfeed5-d20e-49c2-8524-b4affaa9df0c.JPG.780x439.jpg', 'https://s1.ljcdn.com/matrix_lianjia_pc/dist/pc/src/resource/default/780-439.png?_v=201906280941017d9', 'https://s1.ljcdn.com/matrix_lianjia_pc/dist/pc/src/resource/default/780-439.png?_v=201906280941017d9', 'https://s1.ljcdn.com/matrix_lianjia_pc/dist/pc/src/resource/default/780-439.png?_v=201906280941017d9', 'https://s1.ljcdn.com/matrix_lianjia_pc/dist/pc/src/resource/default/780-439.png?_v=201906280941017d9', 'https://s1.ljcdn.com/matrix_lianjia_pc/dist/pc/src/resource/default/780-439.png?_v=201906280941017d9', 'https://s1.ljcdn.com/matrix_lianjia_pc/dist/pc/src/resource/default/780-439.png?_v=201906280941017d9', 'https://s1.ljcdn.com/matrix_lianjia_pc/dist/pc/src/resource/default/780-439.png?_v=201906280941017d9', 'https://s1.ljcdn.com/matrix_lianjia_pc/dist/pc/src/resource/default/780-439.png?_v=201906280941017d9', 'https://s1.ljcdn.com/matrix_lianjia_pc/dist/pc/src/resource/default/780-439.png?_v=201906280941017d9']",16天前,2019-07-15,暂无数据,需提前预约,中楼层/6层,无,暂无数据,民水,民电,有,暂无数据,['近地铁'],"['4号线(龙华线) - 白石龙', '174m']",22.609314196127,114.04857576931
https://sz.lianjia.com/zufang/SZ2286730303571763200.html,南山区,科技园,滨福世纪广场 1室1厅 南/北,6800元/月 ,租赁方式未知,1室1厅1卫,46㎡,朝南 北,"['https://image1.ljcdn.com/440300-inspection/prod-2913b5bc-3d4c-4e31-9c11-be69d84e5d71.jpg.780x439.jpg', 'https://s1.ljcdn.com/matrix_lianjia_pc/dist/pc/src/resource/default/780-439.png?_v=201906280941017d9', 'https://s1.ljcdn.com/matrix_lianjia_pc/dist/pc/src/resource/default/780-439.png?_v=201906280941017d9', 'https://s1.ljcdn.com/matrix_lianjia_pc/dist/pc/src/resource/default/780-439.png?_v=201906280941017d9', 'https://s1.ljcdn.com/matrix_lianjia_pc/dist/pc/src/resource/default/780-439.png?_v=201906280941017d9', 'https://s1.ljcdn.com/matrix_lianjia_pc/dist/pc/src/resource/default/780-439.png?_v=201906280941017d9']",5天前,随时入住,暂无数据,需提前预约,高楼层/7层,有,暂无数据,民水,民电,有,暂无数据,"['近地铁', '新上']","['2号线(蛇口线) - 科苑', '372m']",22.530749,113.955745
https://sz.lianjia.com/zufang/SZ2246133096448016384.html,南山区,前海,整租·阳光棕榈园三期 2室1厅 北,7860元/月 (季付价),整租,2室1厅1卫,74㎡,朝北,"['https://image1.ljcdn.com/rent-house-1/636f69b83827f24f7723a443c68fdbb3-1561203812688/d3e377d23fb6e95052360e887788b329.jpg.780x439.jpg', 'https://s1.ljcdn.com/matrix_lianjia_pc/dist/pc/src/resource/default/780-439.png?_v=201906280941017d9', 'https://s1.ljcdn.com/matrix_lianjia_pc/dist/pc/src/resource/default/780-439.png?_v=201906280941017d9', 'https://s1.ljcdn.com/matrix_lianjia_pc/dist/pc/src/resource/default/780-439.png?_v=201906280941017d9', 'https://s1.ljcdn.com/matrix_lianjia_pc/dist/pc/src/resource/default/780-439.png?_v=201906280941017d9', 'https://s1.ljcdn.com/matrix_lianjia_pc/dist/pc/src/resource/default/780-439.png?_v=201906280941017d9', 'https://s1.ljcdn.com/matrix_lianjia_pc/dist/pc/src/resource/default/780-439.png?_v=201906280941017d9']",2个月前,随时入住,1年,随时可看,3/11层,暂无数据,暂无数据,暂无数据,暂无数据,暂无数据,暂无数据,"['公寓', '近地铁', '随时看房']","['1号线(罗宝线) - 大新', '947m', '11号线 - 南山', '1169m']",22.531379,113.918041
https://sz.lianjia.com/zufang/SZ2252866863648751616.html,南山区,蛇口,整租·花园城三期 1室1厅 北,6700元/月 (季付价),整租,1室1厅1卫,65㎡,朝北,"['https://image1.ljcdn.com/rent-house-1/636f69b83827f24f7723a443c68fdbb3-1561191432854/1ef8aa55c9a70a9143ec0bdb2e05c711.jpg.780x439.jpg', 'https://s1.ljcdn.com/matrix_lianjia_pc/dist/pc/src/resource/default/780-439.png?_v=201906280941017d9', 'https://s1.ljcdn.com/matrix_lianjia_pc/dist/pc/src/resource/default/780-439.png?_v=201906280941017d9', 'https://s1.ljcdn.com/matrix_lianjia_pc/dist/pc/src/resource/default/780-439.png?_v=201906280941017d9', 'https://s1.ljcdn.com/matrix_lianjia_pc/dist/pc/src/resource/default/780-439.png?_v=201906280941017d9', 'https://s1.ljcdn.com/matrix_lianjia_pc/dist/pc/src/resource/default/780-439.png?_v=201906280941017d9', 'https://s1.ljcdn.com/matrix_lianjia_pc/dist/pc/src/resource/default/780-439.png?_v=201906280941017d9']",1个月前,随时入住,1年,随时可看,10/16层,暂无数据,暂无数据,暂无数据,暂无数据,暂无数据,暂无数据,"['公寓', '近地铁', '随时看房']","['2号线(蛇口线) - 水湾', '1179m']",22.504451204374,113.92869073146
https://sz.lianjia.com/zufang/SZ2207256453524766720.html,福田区,皇岗,整租·皇御苑一期 2室1厅 北,7200元/月 (月付价),整租,2室1厅1卫,70㎡,朝北,"['https://image1.ljcdn.com/440300-inspection/af93ac4c-0ccb-46a4-94d3-4ffa37aa19f6.jpg.780x439.jpg', 'https://s1.ljcdn.com/matrix_lianjia_pc/dist/pc/src/resource/default/780-439.png?_v=201906280941017d9', 'https://s1.ljcdn.com/matrix_lianjia_pc/dist/pc/src/resource/default/780-439.png?_v=201906280941017d9', 'https://s1.ljcdn.com/matrix_lianjia_pc/dist/pc/src/resource/default/780-439.png?_v=201906280941017d9', 'https://s1.ljcdn.com/matrix_lianjia_pc/dist/pc/src/resource/default/780-439.png?_v=201906280941017d9', 'https://s1.ljcdn.com/matrix_lianjia_pc/dist/pc/src/resource/default/780-439.png?_v=201906280941017d9', 'https://s1.ljcdn.com/matrix_lianjia_pc/dist/pc/src/resource/default/780-439.png?_v=201906280941017d9']",3个月前,随时入住,暂无数据,需提前预约,中楼层/35层,有,暂无数据,民水,民电,有,暂无数据,"['近地铁', '精装', '随时看房']","['7号线 - 皇岗口岸', '806m', '7号线 - 赤尾', '1132m']",22.533052,114.082994
https://sz.lianjia.com/zufang/SZ2212776381027459072.html,龙岗区,布吉关,佳兆业可园四期 3室1厅 北,6000元/月 ,租赁方式未知,3室1厅2卫,93㎡,朝北,"['http://vrlab-image.ljcdn.com/release/vradmin/1000000023104950/images/5dec8d0b-6485-4589-b47b-a726f0d1c6a0.png.q_70.jpg', 'https://s1.ljcdn.com/matrix_lianjia_pc/dist/pc/src/resource/default/780-439.png?_v=201906280941017d9', 'https://s1.ljcdn.com/matrix_lianjia_pc/dist/pc/src/resource/default/780-439.png?_v=201906280941017d9', 'https://s1.ljcdn.com/matrix_lianjia_pc/dist/pc/src/resource/default/780-439.png?_v=201906280941017d9', 'https://s1.ljcdn.com/matrix_lianjia_pc/dist/pc/src/resource/default/780-439.png?_v=201906280941017d9', 'https://s1.ljcdn.com/matrix_lianjia_pc/dist/pc/src/resource/default/780-439.png?_v=201906280941017d9']",20天前,随时入住,暂无数据,需提前预约,低楼层/18层,有,暂无数据,民水,民电,有,暂无数据,"['近地铁', '随时看房']","['5号线(环中线) - 百鸽笼', '860m']",22.607,114.142014
https://sz.lianjia.com/zufang/SZ2279732142084988928.html,南山区,南山中心,西海明珠花园 1室0厅 北,5600元/月 ,租赁方式未知,1室0厅1卫,39㎡,朝北,"['https://image1.ljcdn.com/hdic-frame/cad71eb4-48ac-4b00-bc6a-7b73fc510e6e.png.780x439.jpg', 'https://s1.ljcdn.com/matrix_lianjia_pc/dist/pc/src/resource/default/780-439.png?_v=201906280941017d9', 'https://s1.ljcdn.com/matrix_lianjia_pc/dist/pc/src/resource/default/780-439.png?_v=201906280941017d9', 'https://s1.ljcdn.com/matrix_lianjia_pc/dist/pc/src/resource/default/780-439.png?_v=201906280941017d9']",14天前,随时入住,暂无数据,需提前预约,低楼层/25层,有,暂无数据,民水,民电,有,暂无数据,['近地铁'],"['1号线(罗宝线) - 桃园', '592m']",22.536419,113.936558
https://sz.lianjia.com/apartment/18699.html,,,鼎尚时代公寓 · 服务式公寓店,"
鼎尚时代公寓 · 服务式公寓店

          6200元/月起

",,,,,"['https://image1.ljcdn.com/rent-user-avatar/ee3bdc28-cfa8-4320-9c0f-64f581c22018.1150x.jpg', 'https://s1.ljcdn.com/matrix_lianjia_pc/dist/pc/src/resource/default/1150-450.png?_v=201906280941017d9', 'https://s1.ljcdn.com/matrix_lianjia_pc/dist/pc/src/resource/default/1150-450.png?_v=201906280941017d9', 'https://s1.ljcdn.com/matrix_lianjia_pc/dist/pc/src/resource/default/1150-450.png?_v=201906280941017d9', 'https://s1.ljcdn.com/matrix_lianjia_pc/dist/pc/src/resource/default/1150-450.png?_v=201906280941017d9', 'https://s1.ljcdn.com/matrix_lianjia_pc/dist/pc/src/resource/default/1150-450.png?_v=201906280941017d9', 'https://s1.ljcdn.com/matrix_lianjia_pc/dist/pc/src/resource/default/1150-450.png?_v=201906280941017d9']",,,,,,,,,,,,,[],22.608681,113.864139
https://sz.lianjia.com/zufang/SZ2246127513670008832.html,龙华区,红山,整租·星河传奇·铂寓S 1室1厅 北,5090元/月 (季付价),整租,1室1厅1卫,51㎡,朝北,"['https://image1.ljcdn.com/rent-house-1/636f69b83827f24f7723a443c68fdbb3-1561202249471/168164dc4e778fa08b56c7dae1cc9980.jpg.780x439.jpg', 'https://s1.ljcdn.com/matrix_lianjia_pc/dist/pc/src/resource/default/780-439.png?_v=201906280941017d9', 'https://s1.ljcdn.com/matrix_lianjia_pc/dist/pc/src/resource/default/780-439.png?_v=201906280941017d9', 'https://s1.ljcdn.com/matrix_lianjia_pc/dist/pc/src/resource/default/780-439.png?_v=201906280941017d9', 'https://s1.ljcdn.com/matrix_lianjia_pc/dist/pc/src/resource/default/780-439.png?_v=201906280941017d9', 'https://s1.ljcdn.com/matrix_lianjia_pc/dist/pc/src/resource/default/780-439.png?_v=201906280941017d9']",2个月前,随时入住,1年,随时可看,20/31层,暂无数据,暂无数据,暂无数据,暂无数据,暂无数据,暂无数据,"['公寓', '近地铁', '随时看房']","['4号线(龙华线) - 上塘', '1143m']",22.638524,114.026365
https://sz.lianjia.com/zufang/SZ2262301869831356416.html,龙华区,上塘,潜龙曼海宁花园南区 2室1厅 北,5800元/月 ,租赁方式未知,2室1厅1卫,80㎡,朝北,"['http://vrlab-image.ljcdn.com/release/vradmin/1000000023111274/images/49e7e36e-2491-4386-904d-57321a4a9f59.png.q_70.jpg', 'https://s1.ljcdn.com/matrix_lianjia_pc/dist/pc/src/resource/default/780-439.png?_v=201906280941017d9', 'https://s1.ljcdn.com/matrix_lianjia_pc/dist/pc/src/resource/default/780-439.png?_v=201906280941017d9', 'https://s1.ljcdn.com/matrix_lianjia_pc/dist/pc/src/resource/default/780-439.png?_v=201906280941017d9']",1个月前,随时入住,暂无数据,暂无数据,低楼层/28层,有,暂无数据,民水,民电,有,暂无数据,"['近地铁', '随时看房']","['4号线(龙华线) - 上塘', '415m', '4号线(龙华线) - 龙胜', '709m']",22.645777460915,114.01596142057
https://sz.lianjia.com/zufang/SZ2282559008197836800.html,福田区,福田中心,彩天名苑 1室0厅 南/北,5600元/月 ,租赁方式未知,1室0厅1卫,37㎡,朝南 北,"['https://image1.ljcdn.com/hdic-frame/836dcc15-2745-4bc9-aed1-e628c4364a7e.png.780x439.jpg', 'https://s1.ljcdn.com/matrix_lianjia_pc/dist/pc/src/resource/default/780-439.png?_v=201906280941017d9', 'https://s1.ljcdn.com/matrix_lianjia_pc/dist/pc/src/resource/default/780-439.png?_v=201906280941017d9', 'https://s1.ljcdn.com/matrix_lianjia_pc/dist/pc/src/resource/default/780-439.png?_v=201906280941017d9', 'https://s1.ljcdn.com/matrix_lianjia_pc/dist/pc/src/resource/default/780-439.png?_v=201906280941017d9', 'https://s1.ljcdn.com/matrix_lianjia_pc/dist/pc/src/resource/default/780-439.png?_v=201906280941017d9', 'https://s1.ljcdn.com/matrix_lianjia_pc/dist/pc/src/resource/default/780-439.png?_v=201906280941017d9', 'https://s1.ljcdn.com/matrix_lianjia_pc/dist/pc/src/resource/default/780-439.png?_v=201906280941017d9', 'https://s1.ljcdn.com/matrix_lianjia_pc/dist/pc/src/resource/default/780-439.png?_v=201906280941017d9', 'https://s1.ljcdn.com/matrix_lianjia_pc/dist/pc/src/resource/default/780-439.png?_v=201906280941017d9']",11天前,随时入住,暂无数据,暂无数据,中楼层/32层,有,暂无数据,民水,民电,有,暂无数据,['近地铁'],"['1号线(罗宝线) - 岗厦', '273m', '2号线(蛇口线) - 岗厦北', '644m', '1号线(罗宝线),4号线(龙华线) - 会展中心', '816m']",22.543256550912,114.07509021666
https://sz.lianjia.com/zufang/SZ2263463131571290112.html,福田区,梅林,梅林一村五区 3室2厅 北,7500元/月 ,租赁方式未知,3室2厅1卫,98㎡,朝北,"['https://image1.ljcdn.com/440300-inspection/1542127e-b08b-4704-b9b6-68dcbcf79a9f.jpg.780x439.jpg', 'https://s1.ljcdn.com/matrix_lianjia_pc/dist/pc/src/resource/default/780-439.png?_v=201906280941017d9', 'https://s1.ljcdn.com/matrix_lianjia_pc/dist/pc/src/resource/default/780-439.png?_v=201906280941017d9', 'https://s1.ljcdn.com/matrix_lianjia_pc/dist/pc/src/resource/default/780-439.png?_v=201906280941017d9', 'https://s1.ljcdn.com/matrix_lianjia_pc/dist/pc/src/resource/default/780-439.png?_v=201906280941017d9', 'https://s1.ljcdn.com/matrix_lianjia_pc/dist/pc/src/resource/default/780-439.png?_v=201906280941017d9', 'https://s1.ljcdn.com/matrix_lianjia_pc/dist/pc/src/resource/default/780-439.png?_v=201906280941017d9', 'https://s1.ljcdn.com/matrix_lianjia_pc/dist/pc/src/resource/default/780-439.png?_v=201906280941017d9']",1个月前,随时入住,暂无数据,需提前预约,低楼层/18层,有,暂无数据,民水,民电,有,暂无数据,"['近地铁', '随时看房']","['9号线 - 下梅林', '162m', '9号线 - 梅景', '252m']",22.571139,114.045568
https://sz.lianjia.com/zufang/SZ2270313836412141568.html,罗湖区,春风路,整租·置地逸轩 2室1厅 北,7500元/月 (月付价),整租,2室1厅1卫,57㎡,朝北,"['http://vrlab-image.ljcdn.com/release/auto3dhd/0e61692f92b9c22022c23d17f1d3f5eb/screenshot/1551854722_0/pc0_jU4KSKpnp.jpg.q_70.jpg', 'https://s1.ljcdn.com/matrix_lianjia_pc/dist/pc/src/resource/default/780-439.png?_v=201906280941017d9', 'https://s1.ljcdn.com/matrix_lianjia_pc/dist/pc/src/resource/default/780-439.png?_v=201906280941017d9', 'https://s1.ljcdn.com/matrix_lianjia_pc/dist/pc/src/resource/default/780-439.png?_v=201906280941017d9', 'https://s1.ljcdn.com/matrix_lianjia_pc/dist/pc/src/resource/default/780-439.png?_v=201906280941017d9']",27天前,随时入住,1年以内,需提前预约,低楼层/33层,有,暂无数据,民水,民电,有,暂无数据,"['近地铁', '精装', '随时看房']","['9号线 - 人民南', '307m', '1号线(罗宝线) - 国贸', '427m', '9号线 - 向西村', '506m', '1号线(罗宝线) - 罗湖', '605m', '1号线(罗宝线),3号线(龙岗线) - 老街', '935m', '2号线(蛇口线) - 湖贝', '1080m']",22.543731462618,114.12763994331
