房源地址,行政区,位置,标题,租金,租赁方式,户型,面积,朝向,图片列表,发布时间,入住时间,租期,看房时间,楼层,电梯,车位,用水,用电,燃气,采暖,标签,station,latitude,longtitude
https://sz.lianjia.com/apartment/18796.html,,,祥寓 · 永湖1号店,"
祥寓 · 永湖1号店

          1300元/月起

",,,,,['https://image1.ljcdn.com/rent-user-avatar/e87a42d2-e429-4b4c-af12-9cccc17c9360.1150x.jpg'],,,,,,,,,,,,,[],22.6629,114.22287
https://sz.lianjia.com/apartment/15896.html,,,礼寓公寓 · 民治壹店,"
礼寓公寓 · 民治壹店

          1530元/月起

",,,,,"['https://image1.ljcdn.com/rent-user-avatar/71ec8a14-b966-4e48-a438-74dd71357686.1150x.jpg', 'https://s1.ljcdn.com/matrix_lianjia_pc/dist/pc/src/resource/default/1150-450.png?_v=201906280941017d9']",,,,,,,,,,,,,[],22.639201,114.031535
https://sz.lianjia.com/apartment/18024.html,,,陆居公寓 · 下水径店,"
陆居公寓 · 下水径店

          1760元/月起

",,,,,"['https://image1.ljcdn.com/rent-user-avatar/db48bbbd-cf91-4c17-aa1f-375ea55c9fa7.1150x.jpg', 'https://s1.ljcdn.com/matrix_lianjia_pc/dist/pc/src/resource/default/1150-450.png?_v=201906280941017d9']",,,,,,,,,,,,,[],22.620421,114.117362
https://sz.lianjia.com/apartment/651.html,,,礼寓公寓 · 东街店,"
礼寓公寓 · 东街店

          1880元/月起

",,,,,"['https://image1.ljcdn.com/rent-user-avatar/6f816e6c-9b10-4529-a02f-990cf82287ab.1150x.jpg', 'https://s1.ljcdn.com/matrix_lianjia_pc/dist/pc/src/resource/default/1150-450.png?_v=201906280941017d9', 'https://s1.ljcdn.com/matrix_lianjia_pc/dist/pc/src/resource/default/1150-450.png?_v=201906280941017d9', 'https://s1.ljcdn.com/matrix_lianjia_pc/dist/pc/src/resource/default/1150-450.png?_v=201906280941017d9', 'https://s1.ljcdn.com/matrix_lianjia_pc/dist/pc/src/resource/default/1150-450.png?_v=201906280941017d9']",,,,,,,,,,,,,[],22.654382,113.832924
https://sz.lianjia.com/apartment/6964.html,,,职业房东 · 梦想+Dream House,"
职业房东 · 梦想+Dream House

          1650元/月起

",,,,,['https://image1.ljcdn.com/rent-user-avatar/f3447799-fbb1-4cc5-95b7-4633a0067341.1150x.jpg'],,,,,,,,,,,,,[],22.587928,113.893807
https://sz.lianjia.com/apartment/6441.html,,,深圳易居公寓 · 深圳易居公寓,"
深圳易居公寓 · 深圳易居公寓

          1800元/月起

",,,,,"['https://image1.ljcdn.com/rent-user-avatar/5eb51afd-cc53-4b06-92f8-f600a7abee41.1150x.jpg', 'https://s1.ljcdn.com/matrix_lianjia_pc/dist/pc/src/resource/default/1150-450.png?_v=201906280941017d9', 'https://s1.ljcdn.com/matrix_lianjia_pc/dist/pc/src/resource/default/1150-450.png?_v=201906280941017d9', 'https://s1.ljcdn.com/matrix_lianjia_pc/dist/pc/src/resource/default/1150-450.png?_v=201906280941017d9', 'https://s1.ljcdn.com/matrix_lianjia_pc/dist/pc/src/resource/default/1150-450.png?_v=201906280941017d9', 'https://s1.ljcdn.com/matrix_lianjia_pc/dist/pc/src/resource/default/1150-450.png?_v=201906280941017d9', 'https://s1.ljcdn.com/matrix_lianjia_pc/dist/pc/src/resource/default/1150-450.png?_v=201906280941017d9']",,,,,,,,,,,,,[],22.626968,114.049601
https://sz.lianjia.com/apartment/2165.html,,,初心公寓 · 龙华中心店,"
初心公寓 · 龙华中心店

          1380元/月起

",,,,,"['https://image1.ljcdn.com/rent-user-avatar/2003cde4-57a2-47c3-b3d9-1133544489bf.1150x.jpg', 'https://s1.ljcdn.com/matrix_lianjia_pc/dist/pc/src/resource/default/1150-450.png?_v=201906280941017d9', 'https://s1.ljcdn.com/matrix_lianjia_pc/dist/pc/src/resource/default/1150-450.png?_v=201906280941017d9', 'https://s1.ljcdn.com/matrix_lianjia_pc/dist/pc/src/resource/default/1150-450.png?_v=201906280941017d9', 'https://s1.ljcdn.com/matrix_lianjia_pc/dist/pc/src/resource/default/1150-450.png?_v=201906280941017d9', 'https://s1.ljcdn.com/matrix_lianjia_pc/dist/pc/src/resource/default/1150-450.png?_v=201906280941017d9', 'https://s1.ljcdn.com/matrix_lianjia_pc/dist/pc/src/resource/default/1150-450.png?_v=201906280941017d9', 'https://s1.ljcdn.com/matrix_lianjia_pc/dist/pc/src/resource/default/1150-450.png?_v=201906280941017d9', 'https://s1.ljcdn.com/matrix_lianjia_pc/dist/pc/src/resource/default/1150-450.png?_v=201906280941017d9', 'https://s1.ljcdn.com/matrix_lianjia_pc/dist/pc/src/resource/default/1150-450.png?_v=201906280941017d9', 'https://s1.ljcdn.com/matrix_lianjia_pc/dist/pc/src/resource/default/1150-450.png?_v=201906280941017d9', 'https://s1.ljcdn.com/matrix_lianjia_pc/dist/pc/src/resource/default/1150-450.png?_v=201906280941017d9', 'https://s1.ljcdn.com/matrix_lianjia_pc/dist/pc/src/resource/default/1150-450.png?_v=201906280941017d9', 'https://s1.ljcdn.com/matrix_lianjia_pc/dist/pc/src/resource/default/1150-450.png?_v=201906280941017d9']",,,,,,,,,,,,,[],22.655426,114.030807
https://sz.lianjia.com/apartment/2165.html,,,初心公寓 · 龙华中心店,"
初心公寓 · 龙华中心店

          1380元/月起

",,,,,"['https://image1.ljcdn.com/rent-user-avatar/2003cde4-57a2-47c3-b3d9-1133544489bf.1150x.jpg', 'https://s1.ljcdn.com/matrix_lianjia_pc/dist/pc/src/resource/default/1150-450.png?_v=201906280941017d9', 'https://s1.ljcdn.com/matrix_lianjia_pc/dist/pc/src/resource/default/1150-450.png?_v=201906280941017d9', 'https://s1.ljcdn.com/matrix_lianjia_pc/dist/pc/src/resource/default/1150-450.png?_v=201906280941017d9', 'https://s1.ljcdn.com/matrix_lianjia_pc/dist/pc/src/resource/default/1150-450.png?_v=201906280941017d9', 'https://s1.ljcdn.com/matrix_lianjia_pc/dist/pc/src/resource/default/1150-450.png?_v=201906280941017d9', 'https://s1.ljcdn.com/matrix_lianjia_pc/dist/pc/src/resource/default/1150-450.png?_v=201906280941017d9', 'https://s1.ljcdn.com/matrix_lianjia_pc/dist/pc/src/resource/default/1150-450.png?_v=201906280941017d9', 'https://s1.ljcdn.com/matrix_lianjia_pc/dist/pc/src/resource/default/1150-450.png?_v=201906280941017d9', 'https://s1.ljcdn.com/matrix_lianjia_pc/dist/pc/src/resource/default/1150-450.png?_v=201906280941017d9', 'https://s1.ljcdn.com/matrix_lianjia_pc/dist/pc/src/resource/default/1150-450.png?_v=201906280941017d9', 'https://s1.ljcdn.com/matrix_lianjia_pc/dist/pc/src/resource/default/1150-450.png?_v=201906280941017d9', 'https://s1.ljcdn.com/matrix_lianjia_pc/dist/pc/src/resource/default/1150-450.png?_v=201906280941017d9', 'https://s1.ljcdn.com/matrix_lianjia_pc/dist/pc/src/resource/default/1150-450.png?_v=201906280941017d9']",,,,,,,,,,,,,[],22.655426,114.030807
https://sz.lianjia.com/apartment/2616.html,,,红馆酒店式公寓 · 沙井店,"
红馆酒店式公寓 · 沙井店

          1280元/月起

",,,,,"['https://image1.ljcdn.com/rent-user-avatar/9a8bc191-99c9-4e0f-ad1e-5be16a4c1963.1150x.jpg', 'https://s1.ljcdn.com/matrix_lianjia_pc/dist/pc/src/resource/default/1150-450.png?_v=201906280941017d9', 'https://s1.ljcdn.com/matrix_lianjia_pc/dist/pc/src/resource/default/1150-450.png?_v=201906280941017d9', 'https://s1.ljcdn.com/matrix_lianjia_pc/dist/pc/src/resource/default/1150-450.png?_v=201906280941017d9', 'https://s1.ljcdn.com/matrix_lianjia_pc/dist/pc/src/resource/default/1150-450.png?_v=201906280941017d9', 'https://s1.ljcdn.com/matrix_lianjia_pc/dist/pc/src/resource/default/1150-450.png?_v=201906280941017d9', 'https://s1.ljcdn.com/matrix_lianjia_pc/dist/pc/src/resource/default/1150-450.png?_v=201906280941017d9', 'https://s1.ljcdn.com/matrix_lianjia_pc/dist/pc/src/resource/default/1150-450.png?_v=201906280941017d9', 'https://s1.ljcdn.com/matrix_lianjia_pc/dist/pc/src/resource/default/1150-450.png?_v=201906280941017d9', 'https://s1.ljcdn.com/matrix_lianjia_pc/dist/pc/src/resource/default/1150-450.png?_v=201906280941017d9']",,,,,,,,,,,,,[],22.743508,113.81756
https://sz.lianjia.com/apartment/2292.html,,,初心公寓 · 智加店,"
初心公寓 · 智加店

          1800元/月起

",,,,,"['https://image1.ljcdn.com/rent-user-avatar/56bd5528-e944-4ef2-aaa9-f3753ef95e00.1150x.jpg', 'https://s1.ljcdn.com/matrix_lianjia_pc/dist/pc/src/resource/default/1150-450.png?_v=201906280941017d9', 'https://s1.ljcdn.com/matrix_lianjia_pc/dist/pc/src/resource/default/1150-450.png?_v=201906280941017d9', 'https://s1.ljcdn.com/matrix_lianjia_pc/dist/pc/src/resource/default/1150-450.png?_v=201906280941017d9']",,,,,,,,,,,,,[],22.650627,114.027713
https://sz.lianjia.com/apartment/4940.html,,,职业房东 · 福永新和店,"
职业房东 · 福永新和店

          1500元/月起

",,,,,['https://image1.ljcdn.com/rent-user-avatar/2d8479c8-2246-449b-bd67-5edae46c10bb.1150x.jpg'],,,,,,,,,,,,,[],22.675064,113.810939
https://sz.lianjia.com/apartment/17956.html,,,鹏旭公寓 · 龙城广场店,"
鹏旭公寓 · 龙城广场店

          1180元/月起

",,,,,"['https://image1.ljcdn.com/rent-user-avatar/c4534df1-5bb2-4cd0-be9c-a32b26f237ab.1150x.jpg', 'https://s1.ljcdn.com/matrix_lianjia_pc/dist/pc/src/resource/default/1150-450.png?_v=201906280941017d9']",,,,,,,,,,,,,[],22.720454,114.266977
https://sz.lianjia.com/apartment/10793.html,,,桔子公寓（深圳） · 横岗4号店,"
桔子公寓（深圳） · 横岗4号店

          1850元/月起

",,,,,"['https://image1.ljcdn.com/rent-user-avatar/79ba6593-8a92-42a5-90ba-95d42eda338b.1150x.jpg', 'https://s1.ljcdn.com/matrix_lianjia_pc/dist/pc/src/resource/default/1150-450.png?_v=201906280941017d9', 'https://s1.ljcdn.com/matrix_lianjia_pc/dist/pc/src/resource/default/1150-450.png?_v=201906280941017d9', 'https://s1.ljcdn.com/matrix_lianjia_pc/dist/pc/src/resource/default/1150-450.png?_v=201906280941017d9', 'https://s1.ljcdn.com/matrix_lianjia_pc/dist/pc/src/resource/default/1150-450.png?_v=201906280941017d9', 'https://s1.ljcdn.com/matrix_lianjia_pc/dist/pc/src/resource/default/1150-450.png?_v=201906280941017d9']",,,,,,,,,,,,,[],22.65601,114.207912
https://sz.lianjia.com/apartment/18591.html,,,职业房东 · 逸居人,"
职业房东 · 逸居人

          1580元/月起

",,,,,"['https://image1.ljcdn.com/rent-user-avatar/fe60f3f9-5581-4f53-b3d2-0dfed8798a37.1150x.jpg', 'https://s1.ljcdn.com/matrix_lianjia_pc/dist/pc/src/resource/default/1150-450.png?_v=201906280941017d9']",,,,,,,,,,,,,[],22.58318,113.873634
https://sz.lianjia.com/apartment/3902.html,,,朗诗寓 · 雪象店,"
朗诗寓 · 雪象店

          1680元/月起

",,,,,"['https://image1.ljcdn.com/rent-user-avatar/e6dbb3c7-252a-440d-b763-6ad2e9d33927.1150x.jpg', 'https://s1.ljcdn.com/matrix_lianjia_pc/dist/pc/src/resource/default/1150-450.png?_v=201906280941017d9', 'https://s1.ljcdn.com/matrix_lianjia_pc/dist/pc/src/resource/default/1150-450.png?_v=201906280941017d9', 'https://s1.ljcdn.com/matrix_lianjia_pc/dist/pc/src/resource/default/1150-450.png?_v=201906280941017d9', 'https://s1.ljcdn.com/matrix_lianjia_pc/dist/pc/src/resource/default/1150-450.png?_v=201906280941017d9', 'https://s1.ljcdn.com/matrix_lianjia_pc/dist/pc/src/resource/default/1150-450.png?_v=201906280941017d9', 'https://s1.ljcdn.com/matrix_lianjia_pc/dist/pc/src/resource/default/1150-450.png?_v=201906280941017d9', 'https://s1.ljcdn.com/matrix_lianjia_pc/dist/pc/src/resource/default/1150-450.png?_v=201906280941017d9', 'https://s1.ljcdn.com/matrix_lianjia_pc/dist/pc/src/resource/default/1150-450.png?_v=201906280941017d9', 'https://s1.ljcdn.com/matrix_lianjia_pc/dist/pc/src/resource/default/1150-450.png?_v=201906280941017d9', 'https://s1.ljcdn.com/matrix_lianjia_pc/dist/pc/src/resource/default/1150-450.png?_v=201906280941017d9']",,,,,,,,,,,,,[],22.660974,114.08603
https://sz.lianjia.com/apartment/17489.html,,,广弘公寓 · 坂田店,"
广弘公寓 · 坂田店

          1480元/月起

",,,,,['https://image1.ljcdn.com/rent-user-avatar/de83312f-a5e3-4769-81b5-55f73c7d00d2.1150x.jpg'],,,,,,,,,,,,,[],22.633285,114.078691
https://sz.lianjia.com/apartment/18110.html,,,职业房东 · 坂田店,"
职业房东 · 坂田店

          1530元/月起

",,,,,"['https://image1.ljcdn.com/rent-user-avatar/68f85982-5382-41d1-b277-fd89fc4e92d0.1150x.jpg', 'https://s1.ljcdn.com/matrix_lianjia_pc/dist/pc/src/resource/default/1150-450.png?_v=201906280941017d9']",,,,,,,,,,,,,[],22.63519,114.07754
https://sz.lianjia.com/apartment/17489.html,,,广弘公寓 · 坂田店,"
广弘公寓 · 坂田店

          1480元/月起

",,,,,['https://image1.ljcdn.com/rent-user-avatar/de83312f-a5e3-4769-81b5-55f73c7d00d2.1150x.jpg'],,,,,,,,,,,,,[],22.633285,114.078691
https://sz.lianjia.com/apartment/17470.html,,,合景昕舍 · 坂田雪象店,"
合景昕舍 · 坂田雪象店

          1950元/月起

",,,,,"['https://image1.ljcdn.com/rent-user-avatar/429b8aee-fc0d-449d-a1d9-eefcc84482c4.1150x.jpg', 'https://s1.ljcdn.com/matrix_lianjia_pc/dist/pc/src/resource/default/1150-450.png?_v=201906280941017d9', 'https://s1.ljcdn.com/matrix_lianjia_pc/dist/pc/src/resource/default/1150-450.png?_v=201906280941017d9', 'https://s1.ljcdn.com/matrix_lianjia_pc/dist/pc/src/resource/default/1150-450.png?_v=201906280941017d9', 'https://s1.ljcdn.com/matrix_lianjia_pc/dist/pc/src/resource/default/1150-450.png?_v=201906280941017d9']",,,,,,,,,,,,,[],22.662022,114.086476
https://sz.lianjia.com/apartment/18145.html,,,陆居公寓 · 五和店,"
陆居公寓 · 五和店

          1580元/月起

",,,,,"['https://image1.ljcdn.com/rent-user-avatar/61b3824d-09f7-4e14-95da-c7e0ac972f4c.1150x.jpg', 'https://s1.ljcdn.com/matrix_lianjia_pc/dist/pc/src/resource/default/1150-450.png?_v=201906280941017d9']",,,,,,,,,,,,,[],22.633734,114.065868
https://sz.lianjia.com/apartment/17447.html,,,广弘公寓 · 杨美店,"
广弘公寓 · 杨美店

          1500元/月起

",,,,,"['https://image1.ljcdn.com/rent-user-avatar/b3b8ab0e-a0d7-443c-aee6-2b2dd134a6ec.1150x.jpg', 'https://s1.ljcdn.com/matrix_lianjia_pc/dist/pc/src/resource/default/1150-450.png?_v=201906280941017d9', 'https://s1.ljcdn.com/matrix_lianjia_pc/dist/pc/src/resource/default/1150-450.png?_v=201906280941017d9']",,,,,,,,,,,,,[],22.63249,114.087784
https://sz.lianjia.com/apartment/16521.html,,,万科泊寓 · 平湖广场店,"
万科泊寓 · 平湖广场店

          1348元/月起

",,,,,"['https://image1.ljcdn.com/rent-user-avatar/63d33363-6fb8-4d1c-acfb-f81b3b851c05.1150x.jpg', 'https://s1.ljcdn.com/matrix_lianjia_pc/dist/pc/src/resource/default/1150-450.png?_v=201906280941017d9', 'https://s1.ljcdn.com/matrix_lianjia_pc/dist/pc/src/resource/default/1150-450.png?_v=201906280941017d9', 'https://s1.ljcdn.com/matrix_lianjia_pc/dist/pc/src/resource/default/1150-450.png?_v=201906280941017d9', 'https://s1.ljcdn.com/matrix_lianjia_pc/dist/pc/src/resource/default/1150-450.png?_v=201906280941017d9', 'https://s1.ljcdn.com/matrix_lianjia_pc/dist/pc/src/resource/default/1150-450.png?_v=201906280941017d9']",,,,,,,,,,,,,[],22.705339,114.142277
https://sz.lianjia.com/apartment/2292.html,,,初心公寓 · 智加店,"
初心公寓 · 智加店

          1800元/月起

",,,,,"['https://image1.ljcdn.com/rent-user-avatar/56bd5528-e944-4ef2-aaa9-f3753ef95e00.1150x.jpg', 'https://s1.ljcdn.com/matrix_lianjia_pc/dist/pc/src/resource/default/1150-450.png?_v=201906280941017d9', 'https://s1.ljcdn.com/matrix_lianjia_pc/dist/pc/src/resource/default/1150-450.png?_v=201906280941017d9', 'https://s1.ljcdn.com/matrix_lianjia_pc/dist/pc/src/resource/default/1150-450.png?_v=201906280941017d9']",,,,,,,,,,,,,[],22.650627,114.027713
https://sz.lianjia.com/apartment/651.html,,,礼寓公寓 · 东街店,"
礼寓公寓 · 东街店

          1880元/月起

",,,,,"['https://image1.ljcdn.com/rent-user-avatar/6f816e6c-9b10-4529-a02f-990cf82287ab.1150x.jpg', 'https://s1.ljcdn.com/matrix_lianjia_pc/dist/pc/src/resource/default/1150-450.png?_v=201906280941017d9', 'https://s1.ljcdn.com/matrix_lianjia_pc/dist/pc/src/resource/default/1150-450.png?_v=201906280941017d9', 'https://s1.ljcdn.com/matrix_lianjia_pc/dist/pc/src/resource/default/1150-450.png?_v=201906280941017d9', 'https://s1.ljcdn.com/matrix_lianjia_pc/dist/pc/src/resource/default/1150-450.png?_v=201906280941017d9']",,,,,,,,,,,,,[],22.654382,113.832924
https://sz.lianjia.com/apartment/17489.html,,,广弘公寓 · 坂田店,"
广弘公寓 · 坂田店

          1480元/月起

",,,,,['https://image1.ljcdn.com/rent-user-avatar/de83312f-a5e3-4769-81b5-55f73c7d00d2.1150x.jpg'],,,,,,,,,,,,,[],22.633285,114.078691
https://sz.lianjia.com/apartment/2165.html,,,初心公寓 · 龙华中心店,"
初心公寓 · 龙华中心店

          1380元/月起

",,,,,"['https://image1.ljcdn.com/rent-user-avatar/2003cde4-57a2-47c3-b3d9-1133544489bf.1150x.jpg', 'https://s1.ljcdn.com/matrix_lianjia_pc/dist/pc/src/resource/default/1150-450.png?_v=201906280941017d9', 'https://s1.ljcdn.com/matrix_lianjia_pc/dist/pc/src/resource/default/1150-450.png?_v=201906280941017d9', 'https://s1.ljcdn.com/matrix_lianjia_pc/dist/pc/src/resource/default/1150-450.png?_v=201906280941017d9', 'https://s1.ljcdn.com/matrix_lianjia_pc/dist/pc/src/resource/default/1150-450.png?_v=201906280941017d9', 'https://s1.ljcdn.com/matrix_lianjia_pc/dist/pc/src/resource/default/1150-450.png?_v=201906280941017d9', 'https://s1.ljcdn.com/matrix_lianjia_pc/dist/pc/src/resource/default/1150-450.png?_v=201906280941017d9', 'https://s1.ljcdn.com/matrix_lianjia_pc/dist/pc/src/resource/default/1150-450.png?_v=201906280941017d9', 'https://s1.ljcdn.com/matrix_lianjia_pc/dist/pc/src/resource/default/1150-450.png?_v=201906280941017d9', 'https://s1.ljcdn.com/matrix_lianjia_pc/dist/pc/src/resource/default/1150-450.png?_v=201906280941017d9', 'https://s1.ljcdn.com/matrix_lianjia_pc/dist/pc/src/resource/default/1150-450.png?_v=201906280941017d9', 'https://s1.ljcdn.com/matrix_lianjia_pc/dist/pc/src/resource/default/1150-450.png?_v=201906280941017d9', 'https://s1.ljcdn.com/matrix_lianjia_pc/dist/pc/src/resource/default/1150-450.png?_v=201906280941017d9', 'https://s1.ljcdn.com/matrix_lianjia_pc/dist/pc/src/resource/default/1150-450.png?_v=201906280941017d9']",,,,,,,,,,,,,[],22.655426,114.030807
https://sz.lianjia.com/zufang/SZ2260870586307977216.html,龙岗区,丹竹头,合租·英郡年华 5居室 西南卧,1600元/月 (月付价),合租,5室1厅2卫,9㎡,朝西南,"['https://image1.ljcdn.com/rent-user-avatar/0e043639-e507-41e6-b650-087d8822d87c.780x439.jpg', 'https://s1.ljcdn.com/matrix_lianjia_pc/dist/pc/src/resource/default/780-439.png?_v=201906280941017d9', 'https://s1.ljcdn.com/matrix_lianjia_pc/dist/pc/src/resource/default/780-439.png?_v=201906280941017d9', 'https://s1.ljcdn.com/matrix_lianjia_pc/dist/pc/src/resource/default/780-439.png?_v=201906280941017d9', 'https://s1.ljcdn.com/matrix_lianjia_pc/dist/pc/src/resource/default/780-439.png?_v=201906280941017d9', 'https://s1.ljcdn.com/matrix_lianjia_pc/dist/pc/src/resource/default/780-439.png?_v=201906280941017d9']",1个月前,随时入住,6~12个月,需提前预约,3/30层,有,暂无数据,民水,民电,有,暂无数据,"['公寓', '月租', '近地铁', '精装', '独立阳台']","['3号线(龙岗线) - 丹竹头', '355m']",22.622233984324,114.15678995395
https://sz.lianjia.com/apartment/18110.html,,,职业房东 · 坂田店,"
职业房东 · 坂田店

          1530元/月起

",,,,,"['https://image1.ljcdn.com/rent-user-avatar/68f85982-5382-41d1-b277-fd89fc4e92d0.1150x.jpg', 'https://s1.ljcdn.com/matrix_lianjia_pc/dist/pc/src/resource/default/1150-450.png?_v=201906280941017d9']",,,,,,,,,,,,,[],22.63519,114.07754
https://sz.lianjia.com/apartment/4506.html,,,美地 · 流塘店,"
美地 · 流塘店

          1675元/月起

",,,,,"['https://image1.ljcdn.com/rent-user-avatar/06f36dba-60ae-43cf-b604-8acc0dba0823.1150x.jpg', 'https://s1.ljcdn.com/matrix_lianjia_pc/dist/pc/src/resource/default/1150-450.png?_v=201906280941017d9', 'https://s1.ljcdn.com/matrix_lianjia_pc/dist/pc/src/resource/default/1150-450.png?_v=201906280941017d9', 'https://s1.ljcdn.com/matrix_lianjia_pc/dist/pc/src/resource/default/1150-450.png?_v=201906280941017d9', 'https://s1.ljcdn.com/matrix_lianjia_pc/dist/pc/src/resource/default/1150-450.png?_v=201906280941017d9', 'https://s1.ljcdn.com/matrix_lianjia_pc/dist/pc/src/resource/default/1150-450.png?_v=201906280941017d9', 'https://s1.ljcdn.com/matrix_lianjia_pc/dist/pc/src/resource/default/1150-450.png?_v=201906280941017d9', 'https://s1.ljcdn.com/matrix_lianjia_pc/dist/pc/src/resource/default/1150-450.png?_v=201906280941017d9', 'https://s1.ljcdn.com/matrix_lianjia_pc/dist/pc/src/resource/default/1150-450.png?_v=201906280941017d9', 'https://s1.ljcdn.com/matrix_lianjia_pc/dist/pc/src/resource/default/1150-450.png?_v=201906280941017d9', 'https://s1.ljcdn.com/matrix_lianjia_pc/dist/pc/src/resource/default/1150-450.png?_v=201906280941017d9', 'https://s1.ljcdn.com/matrix_lianjia_pc/dist/pc/src/resource/default/1150-450.png?_v=201906280941017d9', 'https://s1.ljcdn.com/matrix_lianjia_pc/dist/pc/src/resource/default/1150-450.png?_v=201906280941017d9', 'https://s1.ljcdn.com/matrix_lianjia_pc/dist/pc/src/resource/default/1150-450.png?_v=201906280941017d9']",,,,,,,,,,,,,[],22.591465,113.895247
https://sz.lianjia.com/apartment/18110.html,,,职业房东 · 坂田店,"
职业房东 · 坂田店

          1530元/月起

",,,,,"['https://image1.ljcdn.com/rent-user-avatar/68f85982-5382-41d1-b277-fd89fc4e92d0.1150x.jpg', 'https://s1.ljcdn.com/matrix_lianjia_pc/dist/pc/src/resource/default/1150-450.png?_v=201906280941017d9']",,,,,,,,,,,,,[],22.63519,114.07754
