房源地址,行政区,位置,标题,租金,租赁方式,户型,面积,朝向,图片列表,发布时间,入住时间,租期,看房时间,楼层,电梯,车位,用水,用电,燃气,采暖,标签,station,latitude,longtitude
https://sz.lianjia.com/zufang/SZ2222409557186191360.html,南山区,前海,整租·佳兆业前海广场二期 3室2厅 LOFT 东南,8000元/月 (月付价),整租,3室2厅2卫,78㎡,朝东南,"['https://image1.ljcdn.com/rent-user-avatar/028147f1-e7a6-422d-87f1-9514d4235a24.780x439.jpg', 'https://s1.ljcdn.com/matrix_lianjia_pc/dist/pc/src/resource/default/780-439.png?_v=201906280941017d9', 'https://s1.ljcdn.com/matrix_lianjia_pc/dist/pc/src/resource/default/780-439.png?_v=201906280941017d9', 'https://s1.ljcdn.com/matrix_lianjia_pc/dist/pc/src/resource/default/780-439.png?_v=201906280941017d9', 'https://s1.ljcdn.com/matrix_lianjia_pc/dist/pc/src/resource/default/780-439.png?_v=201906280941017d9', 'https://s1.ljcdn.com/matrix_lianjia_pc/dist/pc/src/resource/default/780-439.png?_v=201906280941017d9', 'https://s1.ljcdn.com/matrix_lianjia_pc/dist/pc/src/resource/default/780-439.png?_v=201906280941017d9', 'https://s1.ljcdn.com/matrix_lianjia_pc/dist/pc/src/resource/default/780-439.png?_v=201906280941017d9']",3个月前,随时入住,2~36个月,随时可看,17/22层,有,暂无数据,商水,商电,无,暂无数据,"['公寓', '月租', '精装', '双卫生间', '随时看房']",[],22.500541,113.892531
https://sz.lianjia.com/zufang/SZ2289549567013953536.html,南山区,南头,鸿洲新都 2室1厅 东南,6600元/月 ,租赁方式未知,2室1厅1卫,70㎡,朝东南,"['https://image1.ljcdn.com/440300-inspection/76eccafd-0c75-4ec0-a14d-c7f7dee94e73.jpg.780x439.jpg', 'https://s1.ljcdn.com/matrix_lianjia_pc/dist/pc/src/resource/default/780-439.png?_v=201906280941017d9', 'https://s1.ljcdn.com/matrix_lianjia_pc/dist/pc/src/resource/default/780-439.png?_v=201906280941017d9', 'https://s1.ljcdn.com/matrix_lianjia_pc/dist/pc/src/resource/default/780-439.png?_v=201906280941017d9', 'https://s1.ljcdn.com/matrix_lianjia_pc/dist/pc/src/resource/default/780-439.png?_v=201906280941017d9', 'https://s1.ljcdn.com/matrix_lianjia_pc/dist/pc/src/resource/default/780-439.png?_v=201906280941017d9', 'https://s1.ljcdn.com/matrix_lianjia_pc/dist/pc/src/resource/default/780-439.png?_v=201906280941017d9']",1天前,随时入住,暂无数据,暂无数据,低楼层/18层,有,暂无数据,民水,民电,有,暂无数据,"['近地铁', '新上']","['1号线(罗宝线) - 大新', '1098m', '1号线(罗宝线) - 桃园', '1146m']",22.545513922234,113.92629680038
https://sz.lianjia.com/zufang/SZ2272493916136161280.html,龙岗区,横岗,锦荟PARK 3室1厅 东南,5300元/月 ,租赁方式未知,3室1厅2卫,89㎡,朝东南,"['https://image1.ljcdn.com/440300-inspection/prod-37d4ebf1-f291-4bef-837c-123039519154.jpg.780x439.jpg', 'https://s1.ljcdn.com/matrix_lianjia_pc/dist/pc/src/resource/default/780-439.png?_v=201906280941017d9', 'https://s1.ljcdn.com/matrix_lianjia_pc/dist/pc/src/resource/default/780-439.png?_v=201906280941017d9', 'https://s1.ljcdn.com/matrix_lianjia_pc/dist/pc/src/resource/default/780-439.png?_v=201906280941017d9', 'https://s1.ljcdn.com/matrix_lianjia_pc/dist/pc/src/resource/default/780-439.png?_v=201906280941017d9', 'https://s1.ljcdn.com/matrix_lianjia_pc/dist/pc/src/resource/default/780-439.png?_v=201906280941017d9']",22天前,随时入住,暂无数据,需提前预约,低楼层/33层,有,暂无数据,民水,民电,有,暂无数据,['近地铁'],"['3号线(龙岗线) - 六约', '115m']",22.639586,114.187302
https://sz.lianjia.com/zufang/SZ2289889116147417088.html,罗湖区,翠竹,贝丽花园 2室1厅 东南,5500元/月 ,租赁方式未知,2室1厅1卫,84㎡,朝东南,"['http://vrlab-image.ljcdn.com/release/auto3dhd/2defc977aff11fa9842127bcede53858/screenshot/1544168446_2/pc0_tzhaA1Jgu.jpg.q_70.jpg', 'https://s1.ljcdn.com/matrix_lianjia_pc/dist/pc/src/resource/default/780-439.png?_v=201906280941017d9', 'https://s1.ljcdn.com/matrix_lianjia_pc/dist/pc/src/resource/default/780-439.png?_v=201906280941017d9', 'https://s1.ljcdn.com/matrix_lianjia_pc/dist/pc/src/resource/default/780-439.png?_v=201906280941017d9', 'https://s1.ljcdn.com/matrix_lianjia_pc/dist/pc/src/resource/default/780-439.png?_v=201906280941017d9', 'https://s1.ljcdn.com/matrix_lianjia_pc/dist/pc/src/resource/default/780-439.png?_v=201906280941017d9', 'https://s1.ljcdn.com/matrix_lianjia_pc/dist/pc/src/resource/default/780-439.png?_v=201906280941017d9']",1天前,2019-07-05,暂无数据,需提前预约,低楼层/6层,无,暂无数据,民水,民电,有,暂无数据,"['近地铁', '新上', '随时看房']","['3号线(龙岗线),7号线 - 田贝', '480m', '7号线 - 洪湖', '571m', '3号线(龙岗线) - 水贝', '650m', '5号线(环中线),7号线 - 太安', '1144m']",22.57633446217,114.13206920478
https://sz.lianjia.com/apartment/3847.html,,,职业房东 · 互联网公寓,"
职业房东 · 互联网公寓

          2400元/月起

",,,,,"['https://image1.ljcdn.com/rent-user-avatar/487cb2a9-d6af-4c45-b3e6-7277d13d9298.1150x.jpg', 'https://s1.ljcdn.com/matrix_lianjia_pc/dist/pc/src/resource/default/1150-450.png?_v=201906280941017d9', 'https://s1.ljcdn.com/matrix_lianjia_pc/dist/pc/src/resource/default/1150-450.png?_v=201906280941017d9', 'https://s1.ljcdn.com/matrix_lianjia_pc/dist/pc/src/resource/default/1150-450.png?_v=201906280941017d9', 'https://s1.ljcdn.com/matrix_lianjia_pc/dist/pc/src/resource/default/1150-450.png?_v=201906280941017d9', 'https://s1.ljcdn.com/matrix_lianjia_pc/dist/pc/src/resource/default/1150-450.png?_v=201906280941017d9', 'https://s1.ljcdn.com/matrix_lianjia_pc/dist/pc/src/resource/default/1150-450.png?_v=201906280941017d9', 'https://s1.ljcdn.com/matrix_lianjia_pc/dist/pc/src/resource/default/1150-450.png?_v=201906280941017d9', 'https://s1.ljcdn.com/matrix_lianjia_pc/dist/pc/src/resource/default/1150-450.png?_v=201906280941017d9', 'https://s1.ljcdn.com/matrix_lianjia_pc/dist/pc/src/resource/default/1150-450.png?_v=201906280941017d9', 'https://s1.ljcdn.com/matrix_lianjia_pc/dist/pc/src/resource/default/1150-450.png?_v=201906280941017d9', 'https://s1.ljcdn.com/matrix_lianjia_pc/dist/pc/src/resource/default/1150-450.png?_v=201906280941017d9', 'https://s1.ljcdn.com/matrix_lianjia_pc/dist/pc/src/resource/default/1150-450.png?_v=201906280941017d9', 'https://s1.ljcdn.com/matrix_lianjia_pc/dist/pc/src/resource/default/1150-450.png?_v=201906280941017d9', 'https://s1.ljcdn.com/matrix_lianjia_pc/dist/pc/src/resource/default/1150-450.png?_v=201906280941017d9']",,,,,,,,,,,,,[],22.568438,113.877308
https://sz.lianjia.com/zufang/SZ2234769421409189888.html,宝安区,曦城,整租·润科华府 3室2厅 东南,5000元/月 (月付价),整租,3室2厅2卫,89㎡,朝东南,"['https://image1.ljcdn.com/rent-user-avatar/8d983d37-1ab1-46af-92b1-924846c9bbab.780x439.jpg', 'https://s1.ljcdn.com/matrix_lianjia_pc/dist/pc/src/resource/default/780-439.png?_v=201906280941017d9', 'https://s1.ljcdn.com/matrix_lianjia_pc/dist/pc/src/resource/default/780-439.png?_v=201906280941017d9', 'https://s1.ljcdn.com/matrix_lianjia_pc/dist/pc/src/resource/default/780-439.png?_v=201906280941017d9', 'https://s1.ljcdn.com/matrix_lianjia_pc/dist/pc/src/resource/default/780-439.png?_v=201906280941017d9', 'https://s1.ljcdn.com/matrix_lianjia_pc/dist/pc/src/resource/default/780-439.png?_v=201906280941017d9', 'https://s1.ljcdn.com/matrix_lianjia_pc/dist/pc/src/resource/default/780-439.png?_v=201906280941017d9', 'https://s1.ljcdn.com/matrix_lianjia_pc/dist/pc/src/resource/default/780-439.png?_v=201906280941017d9']",2个月前,随时入住,1年以上,随时可看,7/30层,暂无数据,暂无数据,民水,民电,有,暂无数据,"['公寓', '精装', '双卫生间', '随时看房']",[],22.632085,113.869
https://sz.lianjia.com/zufang/SZ2272984777587949568.html,福田区,石厦,皇庭世纪 2室1厅 东南,7800元/月 ,租赁方式未知,2室1厅1卫,62㎡,朝东南,"['https://image1.ljcdn.com/440300-inspection/bf10c09f-940c-4dc1-9d00-8246d5be4ff0.jpg.780x439.jpg', 'https://s1.ljcdn.com/matrix_lianjia_pc/dist/pc/src/resource/default/780-439.png?_v=201906280941017d9', 'https://s1.ljcdn.com/matrix_lianjia_pc/dist/pc/src/resource/default/780-439.png?_v=201906280941017d9', 'https://s1.ljcdn.com/matrix_lianjia_pc/dist/pc/src/resource/default/780-439.png?_v=201906280941017d9', 'https://s1.ljcdn.com/matrix_lianjia_pc/dist/pc/src/resource/default/780-439.png?_v=201906280941017d9', 'https://s1.ljcdn.com/matrix_lianjia_pc/dist/pc/src/resource/default/780-439.png?_v=201906280941017d9']",24天前,随时入住,暂无数据,需提前预约,高楼层/32层,有,暂无数据,民水,民电,有,暂无数据,['近地铁'],"['7号线 - 皇岗村', '273m', '3号线(龙岗线),7号线 - 石厦', '526m', '4号线(龙华线),7号线 - 福民', '929m', '1号线(罗宝线),3号线(龙岗线) - 购物公园', '1182m']",22.532197522312,114.06439751471
https://sz.lianjia.com/zufang/SZ2238348698315145216.html,宝安区,新安,整租·海雅缤纷城 1室1厅 东南,5000元/月 (月付价),整租,1室1厅1卫,50㎡,朝东南,"['https://image1.ljcdn.com/440300-inspection/e37718c8-41ae-4727-a12c-021a1f3239d5.jpg.780x439.jpg', 'https://s1.ljcdn.com/matrix_lianjia_pc/dist/pc/src/resource/default/780-439.png?_v=201906280941017d9', 'https://s1.ljcdn.com/matrix_lianjia_pc/dist/pc/src/resource/default/780-439.png?_v=201906280941017d9', 'https://s1.ljcdn.com/matrix_lianjia_pc/dist/pc/src/resource/default/780-439.png?_v=201906280941017d9', 'https://s1.ljcdn.com/matrix_lianjia_pc/dist/pc/src/resource/default/780-439.png?_v=201906280941017d9']",2个月前,随时入住,1年以内,暂无数据,中楼层/27层,有,暂无数据,民水,民电,有,暂无数据,['精装'],[],22.565667639285,113.9122646422
https://sz.lianjia.com/zufang/SZ2287417491745677312.html,龙岗区,布吉关,信义假日名城六期溢芳园 3室2厅 东南,6500元/月 ,租赁方式未知,3室2厅2卫,100㎡,朝东南,"['https://image1.ljcdn.com/440300-inspection/5fdaed7b-f336-468a-82c1-0c0c20730899.jpg.780x439.jpg', 'https://s1.ljcdn.com/matrix_lianjia_pc/dist/pc/src/resource/default/780-439.png?_v=201906280941017d9', 'https://s1.ljcdn.com/matrix_lianjia_pc/dist/pc/src/resource/default/780-439.png?_v=201906280941017d9', 'https://s1.ljcdn.com/matrix_lianjia_pc/dist/pc/src/resource/default/780-439.png?_v=201906280941017d9', 'https://s1.ljcdn.com/matrix_lianjia_pc/dist/pc/src/resource/default/780-439.png?_v=201906280941017d9', 'https://s1.ljcdn.com/matrix_lianjia_pc/dist/pc/src/resource/default/780-439.png?_v=201906280941017d9', 'https://s1.ljcdn.com/matrix_lianjia_pc/dist/pc/src/resource/default/780-439.png?_v=201906280941017d9', 'https://s1.ljcdn.com/matrix_lianjia_pc/dist/pc/src/resource/default/780-439.png?_v=201906280941017d9', 'https://s1.ljcdn.com/matrix_lianjia_pc/dist/pc/src/resource/default/780-439.png?_v=201906280941017d9', 'https://s1.ljcdn.com/matrix_lianjia_pc/dist/pc/src/resource/default/780-439.png?_v=201906280941017d9']",4天前,2019-07-15,暂无数据,需提前预约,中楼层/24层,有,暂无数据,民水,民电,有,暂无数据,"['近地铁', '新上']","['3号线(龙岗线),5号线(环中线) - 布吉', '656m']",22.602897022926,114.12923759195
https://sz.lianjia.com/zufang/SZ2240516917754601472.html,龙华区,龙华中心,整租·鸿荣源·壹成中心第六区 4室2厅 东南,6300元/月 (月付价),整租,4室2厅2卫,89㎡,朝东南,"['https://image1.ljcdn.com/rent-user-avatar/064a615e-abc3-4732-8620-da3ad9662298.780x439.jpg', 'https://s1.ljcdn.com/matrix_lianjia_pc/dist/pc/src/resource/default/780-439.png?_v=201906280941017d9', 'https://s1.ljcdn.com/matrix_lianjia_pc/dist/pc/src/resource/default/780-439.png?_v=201906280941017d9', 'https://s1.ljcdn.com/matrix_lianjia_pc/dist/pc/src/resource/default/780-439.png?_v=201906280941017d9', 'https://s1.ljcdn.com/matrix_lianjia_pc/dist/pc/src/resource/default/780-439.png?_v=201906280941017d9', 'https://s1.ljcdn.com/matrix_lianjia_pc/dist/pc/src/resource/default/780-439.png?_v=201906280941017d9', 'https://s1.ljcdn.com/matrix_lianjia_pc/dist/pc/src/resource/default/780-439.png?_v=201906280941017d9', 'https://s1.ljcdn.com/matrix_lianjia_pc/dist/pc/src/resource/default/780-439.png?_v=201906280941017d9']",2个月前,随时入住,1年以上,随时可看,11/50层,暂无数据,暂无数据,民水,民电,有,暂无数据,"['公寓', '近地铁', '精装', '双卫生间', '随时看房']","['4号线(龙华线) - 龙华', '962m']",22.654116,114.039009
https://sz.lianjia.com/zufang/SZ2163507611772141568.html,龙华区,龙华中心,整租·鸿荣源·壹成中心第六区 4室2厅 东南,6500元/月 (月付价),整租,4室2厅4卫,89㎡,朝东南,"['https://image1.ljcdn.com/rent-user-avatar/058a8296-0291-43d8-848f-5668125d9c40.780x439.jpg', 'https://s1.ljcdn.com/matrix_lianjia_pc/dist/pc/src/resource/default/780-439.png?_v=201906280941017d9', 'https://s1.ljcdn.com/matrix_lianjia_pc/dist/pc/src/resource/default/780-439.png?_v=201906280941017d9', 'https://s1.ljcdn.com/matrix_lianjia_pc/dist/pc/src/resource/default/780-439.png?_v=201906280941017d9', 'https://s1.ljcdn.com/matrix_lianjia_pc/dist/pc/src/resource/default/780-439.png?_v=201906280941017d9']",5个月前,随时入住,1~2年,随时可看,24/50层,有,租用车位,民水,民电,有,暂无数据,"['公寓', '近地铁', '精装', '随时看房']","['4号线(龙华线) - 龙华', '962m']",22.654116,114.039009
https://sz.lianjia.com/zufang/SZ2286033392707305472.html,福田区,皇岗,瑞昌大厦 2室1厅 东南,5700元/月 ,租赁方式未知,2室1厅1卫,56㎡,朝东南,"['https://image1.ljcdn.com/440300-inspection/252c4a02-5440-42c6-972e-caec668eae5f.jpg.780x439.jpg', 'https://s1.ljcdn.com/matrix_lianjia_pc/dist/pc/src/resource/default/780-439.png?_v=201906280941017d9', 'https://s1.ljcdn.com/matrix_lianjia_pc/dist/pc/src/resource/default/780-439.png?_v=201906280941017d9', 'https://s1.ljcdn.com/matrix_lianjia_pc/dist/pc/src/resource/default/780-439.png?_v=201906280941017d9', 'https://s1.ljcdn.com/matrix_lianjia_pc/dist/pc/src/resource/default/780-439.png?_v=201906280941017d9', 'https://s1.ljcdn.com/matrix_lianjia_pc/dist/pc/src/resource/default/780-439.png?_v=201906280941017d9', 'https://s1.ljcdn.com/matrix_lianjia_pc/dist/pc/src/resource/default/780-439.png?_v=201906280941017d9']",6天前,随时入住,暂无数据,需提前预约,中楼层/19层,有,暂无数据,民水,民电,有,暂无数据,"['近地铁', '新上']","['4号线(龙华线),7号线 - 福民', '715m']",22.533923905424,114.07417537028
https://sz.lianjia.com/zufang/SZ2270257744038592512.html,宝安区,碧海,碧海富通城三期 3室2厅 复式 东南,5800元/月 ,租赁方式未知,3室2厅2卫,75㎡,朝东南,"['http://vrlab-image.ljcdn.com/release/auto3dhd/e2eb07f55f52ddf7ba9b8e4699f56363/screenshot/1557385599_8/pc0_UtE6xa2cb.jpg.q_70.jpg', 'https://s1.ljcdn.com/matrix_lianjia_pc/dist/pc/src/resource/default/780-439.png?_v=201906280941017d9', 'https://s1.ljcdn.com/matrix_lianjia_pc/dist/pc/src/resource/default/780-439.png?_v=201906280941017d9', 'https://s1.ljcdn.com/matrix_lianjia_pc/dist/pc/src/resource/default/780-439.png?_v=201906280941017d9', 'https://s1.ljcdn.com/matrix_lianjia_pc/dist/pc/src/resource/default/780-439.png?_v=201906280941017d9', 'https://s1.ljcdn.com/matrix_lianjia_pc/dist/pc/src/resource/default/780-439.png?_v=201906280941017d9']",28天前,随时入住,暂无数据,需提前预约,低楼层/26层,有,暂无数据,民水,民电,有,暂无数据,['随时看房'],"['11号线 - 碧海湾', '914m', '1号线(罗宝线) - 西乡', '1176m']",22.573121,113.861957
https://sz.lianjia.com/zufang/SZ2286036015045156864.html,龙岗区,布吉南岭,万科公园里一期 4室1厅 东南,6800元/月 ,租赁方式未知,4室1厅2卫,123㎡,朝东南,"['https://image1.ljcdn.com/440300-inspection/c97b136b-86e4-4c33-a77f-61468055faba.jpg.780x439.jpg', 'https://s1.ljcdn.com/matrix_lianjia_pc/dist/pc/src/resource/default/780-439.png?_v=201906280941017d9', 'https://s1.ljcdn.com/matrix_lianjia_pc/dist/pc/src/resource/default/780-439.png?_v=201906280941017d9', 'https://s1.ljcdn.com/matrix_lianjia_pc/dist/pc/src/resource/default/780-439.png?_v=201906280941017d9', 'https://s1.ljcdn.com/matrix_lianjia_pc/dist/pc/src/resource/default/780-439.png?_v=201906280941017d9', 'https://s1.ljcdn.com/matrix_lianjia_pc/dist/pc/src/resource/default/780-439.png?_v=201906280941017d9', 'https://s1.ljcdn.com/matrix_lianjia_pc/dist/pc/src/resource/default/780-439.png?_v=201906280941017d9', 'https://s1.ljcdn.com/matrix_lianjia_pc/dist/pc/src/resource/default/780-439.png?_v=201906280941017d9', 'https://s1.ljcdn.com/matrix_lianjia_pc/dist/pc/src/resource/default/780-439.png?_v=201906280941017d9']",4天前,随时入住,暂无数据,需提前预约,中楼层/30层,有,暂无数据,民水,民电,有,暂无数据,"['新上', '随时看房']",[],22.612728,114.162505
https://sz.lianjia.com/zufang/SZ2270728417693941760.html,南山区,南山中心,整租·公园道 1室0厅 东南,7500元/月 (月付价),整租,1室0厅1卫,45㎡,朝东南,"['https://image1.ljcdn.com/rent-user-avatar/194d20a0-b021-4742-a466-1128b9fd1180.780x439.jpg', 'https://s1.ljcdn.com/matrix_lianjia_pc/dist/pc/src/resource/default/780-439.png?_v=201906280941017d9', 'https://s1.ljcdn.com/matrix_lianjia_pc/dist/pc/src/resource/default/780-439.png?_v=201906280941017d9', 'https://s1.ljcdn.com/matrix_lianjia_pc/dist/pc/src/resource/default/780-439.png?_v=201906280941017d9', 'https://s1.ljcdn.com/matrix_lianjia_pc/dist/pc/src/resource/default/780-439.png?_v=201906280941017d9']",27天前,随时入住,1~3年,随时可看,7/22层,有,租用车位,民水,民电,有,暂无数据,"['公寓', '精装', '随时看房']",[],22.51802,113.930612
https://sz.lianjia.com/zufang/SZ2250442123377909760.html,龙华区,龙华中心,整租·鸿荣源·壹成中心第六区 5室2厅 东南,7600元/月 (月付价),整租,5室2厅2卫,126㎡,朝东南,"['https://image1.ljcdn.com/rent-user-avatar/01968337-d7e1-4067-b325-2b011f5b4b32.780x439.jpg', 'https://s1.ljcdn.com/matrix_lianjia_pc/dist/pc/src/resource/default/780-439.png?_v=201906280941017d9', 'https://s1.ljcdn.com/matrix_lianjia_pc/dist/pc/src/resource/default/780-439.png?_v=201906280941017d9', 'https://s1.ljcdn.com/matrix_lianjia_pc/dist/pc/src/resource/default/780-439.png?_v=201906280941017d9', 'https://s1.ljcdn.com/matrix_lianjia_pc/dist/pc/src/resource/default/780-439.png?_v=201906280941017d9', 'https://s1.ljcdn.com/matrix_lianjia_pc/dist/pc/src/resource/default/780-439.png?_v=201906280941017d9', 'https://s1.ljcdn.com/matrix_lianjia_pc/dist/pc/src/resource/default/780-439.png?_v=201906280941017d9', 'https://s1.ljcdn.com/matrix_lianjia_pc/dist/pc/src/resource/default/780-439.png?_v=201906280941017d9', 'https://s1.ljcdn.com/matrix_lianjia_pc/dist/pc/src/resource/default/780-439.png?_v=201906280941017d9', 'https://s1.ljcdn.com/matrix_lianjia_pc/dist/pc/src/resource/default/780-439.png?_v=201906280941017d9', 'https://s1.ljcdn.com/matrix_lianjia_pc/dist/pc/src/resource/default/780-439.png?_v=201906280941017d9']",1个月前,随时入住,1年,随时可看,14/52层,有,暂无数据,民水,民电,有,暂无数据,"['近地铁', '精装', '双卫生间', '随时看房']","['4号线(龙华线) - 龙华', '962m']",22.654116,114.039009
https://sz.lianjia.com/zufang/SZ2247610801949253632.html,罗湖区,春风路,云景豪园 1室1厅 东南,5300元/月 ,租赁方式未知,1室1厅1卫,63㎡,朝东南,"['http://vrlab-image.ljcdn.com/release/auto3dhd/c63231323f2d71c3f0c828bbc35fa9c2/screenshot/1558408517_1/pc0_q9ytgXnIU.jpg.q_70.jpg', 'https://s1.ljcdn.com/matrix_lianjia_pc/dist/pc/src/resource/default/780-439.png?_v=201906280941017d9', 'https://s1.ljcdn.com/matrix_lianjia_pc/dist/pc/src/resource/default/780-439.png?_v=201906280941017d9', 'https://s1.ljcdn.com/matrix_lianjia_pc/dist/pc/src/resource/default/780-439.png?_v=201906280941017d9']",1个月前,随时入住,暂无数据,需提前预约,中楼层/31层,有,暂无数据,民水,民电,有,暂无数据,"['近地铁', '随时看房']","['9号线 - 向西村', '5m', '2号线(蛇口线) - 湖贝', '506m', '9号线 - 文锦', '578m', '1号线(罗宝线) - 国贸', '843m', '9号线 - 人民南', '1060m']",22.54665,114.133407
https://sz.lianjia.com/zufang/SZ2282374858899988480.html,龙华区,上塘,特发和平里 3室1厅 东南,6700元/月 ,租赁方式未知,3室1厅2卫,87㎡,朝东南,"['https://image1.ljcdn.com/440300-inspection/5c5c0b80-067d-4e3f-aa31-8e58a377f38c.jpg.780x439.jpg', 'https://s1.ljcdn.com/matrix_lianjia_pc/dist/pc/src/resource/default/780-439.png?_v=201906280941017d9', 'https://s1.ljcdn.com/matrix_lianjia_pc/dist/pc/src/resource/default/780-439.png?_v=201906280941017d9', 'https://s1.ljcdn.com/matrix_lianjia_pc/dist/pc/src/resource/default/780-439.png?_v=201906280941017d9', 'https://s1.ljcdn.com/matrix_lianjia_pc/dist/pc/src/resource/default/780-439.png?_v=201906280941017d9', 'https://s1.ljcdn.com/matrix_lianjia_pc/dist/pc/src/resource/default/780-439.png?_v=201906280941017d9', 'https://s1.ljcdn.com/matrix_lianjia_pc/dist/pc/src/resource/default/780-439.png?_v=201906280941017d9', 'https://s1.ljcdn.com/matrix_lianjia_pc/dist/pc/src/resource/default/780-439.png?_v=201906280941017d9', 'https://s1.ljcdn.com/matrix_lianjia_pc/dist/pc/src/resource/default/780-439.png?_v=201906280941017d9']",11天前,随时入住,暂无数据,暂无数据,中楼层/31层,有,暂无数据,民水,民电,有,暂无数据,"['近地铁', '随时看房']","['4号线(龙华线) - 龙胜', '92m', '4号线(龙华线) - 上塘', '796m']",22.649534,114.01931
https://sz.lianjia.com/zufang/SZ2265239349463351296.html,福田区,福田保税区,整租·朗庭豪园 2室2厅 东南,6500元/月 ,整租,2室2厅1卫,72㎡,朝东南,"['https://image1.ljcdn.com/440300-inspection/382782c9-0544-42d3-920f-30f0dcf3bc4a.jpg.780x439.jpg', 'https://s1.ljcdn.com/matrix_lianjia_pc/dist/pc/src/resource/default/780-439.png?_v=201906280941017d9', 'https://s1.ljcdn.com/matrix_lianjia_pc/dist/pc/src/resource/default/780-439.png?_v=201906280941017d9', 'https://s1.ljcdn.com/matrix_lianjia_pc/dist/pc/src/resource/default/780-439.png?_v=201906280941017d9', 'https://s1.ljcdn.com/matrix_lianjia_pc/dist/pc/src/resource/default/780-439.png?_v=201906280941017d9', 'https://s1.ljcdn.com/matrix_lianjia_pc/dist/pc/src/resource/default/780-439.png?_v=201906280941017d9', 'https://s1.ljcdn.com/matrix_lianjia_pc/dist/pc/src/resource/default/780-439.png?_v=201906280941017d9']",1个月前,2019-07-26,1年以内,暂无数据,中楼层/18层,有,暂无数据,民水,民电,有,暂无数据,['精装'],"['4号线(龙华线) - 福田口岸', '1076m']",22.516312,114.066494
https://sz.lianjia.com/zufang/SZ2141285894236143616.html,宝安区,西乡,整租·南航明珠花园 4室2厅 东南,7000元/月 (月付价),整租,4室2厅2卫,138㎡,朝东南,"['https://image1.ljcdn.com/rent-user-avatar/8448f28c-505d-47b6-a9b0-b7e3d421ed39.780x439.jpg', 'https://s1.ljcdn.com/matrix_lianjia_pc/dist/pc/src/resource/default/780-439.png?_v=201906280941017d9', 'https://s1.ljcdn.com/matrix_lianjia_pc/dist/pc/src/resource/default/780-439.png?_v=201906280941017d9', 'https://s1.ljcdn.com/matrix_lianjia_pc/dist/pc/src/resource/default/780-439.png?_v=201906280941017d9', 'https://s1.ljcdn.com/matrix_lianjia_pc/dist/pc/src/resource/default/780-439.png?_v=201906280941017d9', 'https://s1.ljcdn.com/matrix_lianjia_pc/dist/pc/src/resource/default/780-439.png?_v=201906280941017d9', 'https://s1.ljcdn.com/matrix_lianjia_pc/dist/pc/src/resource/default/780-439.png?_v=201906280941017d9', 'https://s1.ljcdn.com/matrix_lianjia_pc/dist/pc/src/resource/default/780-439.png?_v=201906280941017d9', 'https://s1.ljcdn.com/matrix_lianjia_pc/dist/pc/src/resource/default/780-439.png?_v=201906280941017d9']",6个月前,随时入住,1年以上,随时可看,3/14层,暂无数据,租用车位,暂无数据,暂无数据,暂无数据,自采暖,"['公寓', '近地铁', '精装', '双卫生间', '随时看房']","['1号线(罗宝线) - 固戍', '477m']",22.612203,113.849216
https://sz.lianjia.com/zufang/SZ2269983783694639104.html,龙华区,龙华中心,整租·鸿荣源·壹成中心第六区 4室1厅 东南,6000元/月 (月付价),整租,4室1厅1卫,89㎡,朝东南,"['https://image1.ljcdn.com/rent-user-avatar/7b8eff6d-a9e0-4583-972d-e36053af0c66.780x439.jpg', 'https://s1.ljcdn.com/matrix_lianjia_pc/dist/pc/src/resource/default/780-439.png?_v=201906280941017d9', 'https://s1.ljcdn.com/matrix_lianjia_pc/dist/pc/src/resource/default/780-439.png?_v=201906280941017d9', 'https://s1.ljcdn.com/matrix_lianjia_pc/dist/pc/src/resource/default/780-439.png?_v=201906280941017d9', 'https://s1.ljcdn.com/matrix_lianjia_pc/dist/pc/src/resource/default/780-439.png?_v=201906280941017d9', 'https://s1.ljcdn.com/matrix_lianjia_pc/dist/pc/src/resource/default/780-439.png?_v=201906280941017d9', 'https://s1.ljcdn.com/matrix_lianjia_pc/dist/pc/src/resource/default/780-439.png?_v=201906280941017d9', 'https://s1.ljcdn.com/matrix_lianjia_pc/dist/pc/src/resource/default/780-439.png?_v=201906280941017d9', 'https://s1.ljcdn.com/matrix_lianjia_pc/dist/pc/src/resource/default/780-439.png?_v=201906280941017d9']",28天前,随时入住,1年以上,随时可看,44/50层,有,暂无数据,民水,民电,有,暂无数据,"['公寓', '近地铁', '精装', '随时看房']","['4号线(龙华线) - 龙华', '962m']",22.654116,114.039009
https://sz.lianjia.com/zufang/SZ2276039982500020224.html,南山区,红树湾,世纪村一期 1室1厅 东南,8000元/月 ,租赁方式未知,1室1厅1卫,51㎡,朝东南,"['https://image1.ljcdn.com/440300-inspection/0e20c668-ee29-4518-a943-c69f4bd8d526.jpg.780x439.jpg', 'https://s1.ljcdn.com/matrix_lianjia_pc/dist/pc/src/resource/default/780-439.png?_v=201906280941017d9', 'https://s1.ljcdn.com/matrix_lianjia_pc/dist/pc/src/resource/default/780-439.png?_v=201906280941017d9', 'https://s1.ljcdn.com/matrix_lianjia_pc/dist/pc/src/resource/default/780-439.png?_v=201906280941017d9', 'https://s1.ljcdn.com/matrix_lianjia_pc/dist/pc/src/resource/default/780-439.png?_v=201906280941017d9', 'https://s1.ljcdn.com/matrix_lianjia_pc/dist/pc/src/resource/default/780-439.png?_v=201906280941017d9', 'https://s1.ljcdn.com/matrix_lianjia_pc/dist/pc/src/resource/default/780-439.png?_v=201906280941017d9']",20天前,随时入住,暂无数据,需提前预约,低楼层/19层,有,暂无数据,民水,民电,有,暂无数据,['近地铁'],"['1号线(罗宝线) - 白石洲', '973m']",22.538922778835,113.97197904769
https://sz.lianjia.com/zufang/SZ2273269925088854016.html,龙岗区,布吉大芬,桂芳园四期 3室1厅 东南,5800元/月 ,租赁方式未知,3室1厅2卫,88㎡,朝东南,"['https://image1.ljcdn.com/440300-inspection/5e41b39e-26d9-46b6-96d3-a25a7dd39f2d.jpg.780x439.jpg', 'https://s1.ljcdn.com/matrix_lianjia_pc/dist/pc/src/resource/default/780-439.png?_v=201906280941017d9', 'https://s1.ljcdn.com/matrix_lianjia_pc/dist/pc/src/resource/default/780-439.png?_v=201906280941017d9', 'https://s1.ljcdn.com/matrix_lianjia_pc/dist/pc/src/resource/default/780-439.png?_v=201906280941017d9', 'https://s1.ljcdn.com/matrix_lianjia_pc/dist/pc/src/resource/default/780-439.png?_v=201906280941017d9', 'https://s1.ljcdn.com/matrix_lianjia_pc/dist/pc/src/resource/default/780-439.png?_v=201906280941017d9', 'https://s1.ljcdn.com/matrix_lianjia_pc/dist/pc/src/resource/default/780-439.png?_v=201906280941017d9', 'https://s1.ljcdn.com/matrix_lianjia_pc/dist/pc/src/resource/default/780-439.png?_v=201906280941017d9', 'https://s1.ljcdn.com/matrix_lianjia_pc/dist/pc/src/resource/default/780-439.png?_v=201906280941017d9']",2天前,2019-07-05,暂无数据,需提前预约,低楼层/11层,有,暂无数据,民水,民电,有,暂无数据,"['近地铁', '新上']","['3号线(龙岗线) - 大芬', '259m', '3号线(龙岗线) - 丹竹头', '1036m']",22.62106,114.146662
https://sz.lianjia.com/zufang/SZ2260114118482862080.html,南山区,红树湾,世纪村四期 1室1厅 东南,7800元/月 ,租赁方式未知,1室1厅1卫,51㎡,朝东南,"['https://image1.ljcdn.com/440300-inspection/511a513c-7ecf-43ca-be76-da3f31b46573.jpg.780x439.jpg', 'https://s1.ljcdn.com/matrix_lianjia_pc/dist/pc/src/resource/default/780-439.png?_v=201906280941017d9', 'https://s1.ljcdn.com/matrix_lianjia_pc/dist/pc/src/resource/default/780-439.png?_v=201906280941017d9', 'https://s1.ljcdn.com/matrix_lianjia_pc/dist/pc/src/resource/default/780-439.png?_v=201906280941017d9', 'https://s1.ljcdn.com/matrix_lianjia_pc/dist/pc/src/resource/default/780-439.png?_v=201906280941017d9', 'https://s1.ljcdn.com/matrix_lianjia_pc/dist/pc/src/resource/default/780-439.png?_v=201906280941017d9', 'https://s1.ljcdn.com/matrix_lianjia_pc/dist/pc/src/resource/default/780-439.png?_v=201906280941017d9']",1个月前,随时入住,暂无数据,需提前预约,高楼层/28层,有,暂无数据,民水,民电,有,暂无数据,['近地铁'],"['1号线(罗宝线) - 白石洲', '868m', '2号线(蛇口线) - 红树湾', '875m']",22.537766919929,113.97202782658
https://sz.lianjia.com/zufang/SZ2270160231621468160.html,宝安区,西乡,整租·南航明珠花园 3室2厅 东南/北,6500元/月 (月付价),整租,3室2厅2卫,118㎡,朝 东南 北,"['https://image1.ljcdn.com/rent-user-avatar/6da101ad-ad3c-4e95-ad62-f4d8793e73ea.780x439.jpg', 'https://s1.ljcdn.com/matrix_lianjia_pc/dist/pc/src/resource/default/780-439.png?_v=201906280941017d9', 'https://s1.ljcdn.com/matrix_lianjia_pc/dist/pc/src/resource/default/780-439.png?_v=201906280941017d9', 'https://s1.ljcdn.com/matrix_lianjia_pc/dist/pc/src/resource/default/780-439.png?_v=201906280941017d9', 'https://s1.ljcdn.com/matrix_lianjia_pc/dist/pc/src/resource/default/780-439.png?_v=201906280941017d9', 'https://s1.ljcdn.com/matrix_lianjia_pc/dist/pc/src/resource/default/780-439.png?_v=201906280941017d9', 'https://s1.ljcdn.com/matrix_lianjia_pc/dist/pc/src/resource/default/780-439.png?_v=201906280941017d9', 'https://s1.ljcdn.com/matrix_lianjia_pc/dist/pc/src/resource/default/780-439.png?_v=201906280941017d9', 'https://s1.ljcdn.com/matrix_lianjia_pc/dist/pc/src/resource/default/780-439.png?_v=201906280941017d9', 'https://s1.ljcdn.com/matrix_lianjia_pc/dist/pc/src/resource/default/780-439.png?_v=201906280941017d9']",28天前,随时入住,1年以上,随时可看,8/14层,暂无数据,暂无数据,暂无数据,暂无数据,暂无数据,暂无数据,"['公寓', '近地铁', '精装', '双卫生间', '随时看房']","['1号线(罗宝线) - 固戍', '477m']",22.612203,113.849216
https://sz.lianjia.com/zufang/SZ2285665048452415488.html,南山区,前海,整租·佳兆业前海广场二期 1室1厅 LOFT 东南,7500元/月 (月付价),整租,1室1厅2卫,72㎡,朝东南,"['https://image1.ljcdn.com/rent-user-avatar/0c5bf1a0-0092-4fda-ba13-63822594a34a.780x439.jpg', 'https://s1.ljcdn.com/matrix_lianjia_pc/dist/pc/src/resource/default/780-439.png?_v=201906280941017d9', 'https://s1.ljcdn.com/matrix_lianjia_pc/dist/pc/src/resource/default/780-439.png?_v=201906280941017d9', 'https://s1.ljcdn.com/matrix_lianjia_pc/dist/pc/src/resource/default/780-439.png?_v=201906280941017d9', 'https://s1.ljcdn.com/matrix_lianjia_pc/dist/pc/src/resource/default/780-439.png?_v=201906280941017d9', 'https://s1.ljcdn.com/matrix_lianjia_pc/dist/pc/src/resource/default/780-439.png?_v=201906280941017d9', 'https://s1.ljcdn.com/matrix_lianjia_pc/dist/pc/src/resource/default/780-439.png?_v=201906280941017d9']",7天前,随时入住,1年以上,随时可看,17/22层,有,暂无数据,商水,商电,无,暂无数据,"['公寓', '双卫生间', '随时看房']",[],22.500541,113.892531
https://sz.lianjia.com/zufang/SZ2278741019073708032.html,龙华区,红山,城投七里香榭 4室2厅 东南/北,7000元/月 ,租赁方式未知,4室2厅2卫,110㎡,朝东南 北,"['https://image1.ljcdn.com/440300-inspection/21a48a40-1937-4245-a4a7-278f7d0655ce.jpg.780x439.jpg', 'https://s1.ljcdn.com/matrix_lianjia_pc/dist/pc/src/resource/default/780-439.png?_v=201906280941017d9', 'https://s1.ljcdn.com/matrix_lianjia_pc/dist/pc/src/resource/default/780-439.png?_v=201906280941017d9', 'https://s1.ljcdn.com/matrix_lianjia_pc/dist/pc/src/resource/default/780-439.png?_v=201906280941017d9', 'https://s1.ljcdn.com/matrix_lianjia_pc/dist/pc/src/resource/default/780-439.png?_v=201906280941017d9', 'https://s1.ljcdn.com/matrix_lianjia_pc/dist/pc/src/resource/default/780-439.png?_v=201906280941017d9', 'https://s1.ljcdn.com/matrix_lianjia_pc/dist/pc/src/resource/default/780-439.png?_v=201906280941017d9', 'https://s1.ljcdn.com/matrix_lianjia_pc/dist/pc/src/resource/default/780-439.png?_v=201906280941017d9', 'https://s1.ljcdn.com/matrix_lianjia_pc/dist/pc/src/resource/default/780-439.png?_v=201906280941017d9', 'https://s1.ljcdn.com/matrix_lianjia_pc/dist/pc/src/resource/default/780-439.png?_v=201906280941017d9', 'https://s1.ljcdn.com/matrix_lianjia_pc/dist/pc/src/resource/default/780-439.png?_v=201906280941017d9']",8天前,随时入住,1年以内,暂无数据,高楼层/18层,有,暂无数据,民水,民电,有,暂无数据,['精装'],"['4号线(龙华线) - 红山', '1122m']",22.636701245627,114.03239048173
https://sz.lianjia.com/zufang/SZ2287774824308670464.html,龙华区,龙华中心,整租·鸿荣源·壹成中心第七区 4室2厅 东南,7000元/月 ,整租,4室2厅2卫,89㎡,朝东南,"['https://image1.ljcdn.com/440300-inspection/5089b16b-fc33-4aee-94a9-68525690ea32.jpg.780x439.jpg', 'https://s1.ljcdn.com/matrix_lianjia_pc/dist/pc/src/resource/default/780-439.png?_v=201906280941017d9', 'https://s1.ljcdn.com/matrix_lianjia_pc/dist/pc/src/resource/default/780-439.png?_v=201906280941017d9', 'https://s1.ljcdn.com/matrix_lianjia_pc/dist/pc/src/resource/default/780-439.png?_v=201906280941017d9', 'https://s1.ljcdn.com/matrix_lianjia_pc/dist/pc/src/resource/default/780-439.png?_v=201906280941017d9', 'https://s1.ljcdn.com/matrix_lianjia_pc/dist/pc/src/resource/default/780-439.png?_v=201906280941017d9', 'https://s1.ljcdn.com/matrix_lianjia_pc/dist/pc/src/resource/default/780-439.png?_v=201906280941017d9', 'https://s1.ljcdn.com/matrix_lianjia_pc/dist/pc/src/resource/default/780-439.png?_v=201906280941017d9', 'https://s1.ljcdn.com/matrix_lianjia_pc/dist/pc/src/resource/default/780-439.png?_v=201906280941017d9', 'https://s1.ljcdn.com/matrix_lianjia_pc/dist/pc/src/resource/default/780-439.png?_v=201906280941017d9', 'https://s1.ljcdn.com/matrix_lianjia_pc/dist/pc/src/resource/default/780-439.png?_v=201906280941017d9']",1天前,随时入住,1年以内,需提前预约,中楼层/54层,暂无数据,租用车位,暂无数据,暂无数据,有,暂无数据,"['精装', '双卫生间', '新上', '随时看房']",[],22.652873,114.037342
https://sz.lianjia.com/zufang/SZ2289855915966332928.html,罗湖区,百仕达,金福大厦 3室1厅 东南,8000元/月 ,租赁方式未知,3室1厅1卫,97㎡,朝东南,"['http://vrlab-image.ljcdn.com/release/auto3dhd/d50e4fc8aeeebce2b599ce05e213f91c/screenshot/1551327022_6/pc0_L6Y1HBpOC.jpg.q_70.jpg', 'https://s1.ljcdn.com/matrix_lianjia_pc/dist/pc/src/resource/default/780-439.png?_v=201906280941017d9', 'https://s1.ljcdn.com/matrix_lianjia_pc/dist/pc/src/resource/default/780-439.png?_v=201906280941017d9', 'https://s1.ljcdn.com/matrix_lianjia_pc/dist/pc/src/resource/default/780-439.png?_v=201906280941017d9', 'https://s1.ljcdn.com/matrix_lianjia_pc/dist/pc/src/resource/default/780-439.png?_v=201906280941017d9', 'https://s1.ljcdn.com/matrix_lianjia_pc/dist/pc/src/resource/default/780-439.png?_v=201906280941017d9']",1天前,随时入住,暂无数据,需提前预约,低楼层/21层,有,暂无数据,民水,民电,有,暂无数据,"['近地铁', '新上', '随时看房']","['3号线(龙岗线) - 翠竹', '218m', '3号线(龙岗线),7号线 - 田贝', '983m', '5号线(环中线) - 怡景', '1177m']",22.564051905388,114.13691032571
https://sz.lianjia.com/zufang/SZ2282782402743115776.html,宝安区,西乡,中信领航 2室1厅 东南,5000元/月 ,租赁方式未知,2室1厅1卫,65㎡,朝东南,"['https://image1.ljcdn.com/440300-inspection/b45e463d-14c8-49ab-a4c0-1ce27ad8bd8b.jpg.780x439.jpg', 'https://s1.ljcdn.com/matrix_lianjia_pc/dist/pc/src/resource/default/780-439.png?_v=201906280941017d9', 'https://s1.ljcdn.com/matrix_lianjia_pc/dist/pc/src/resource/default/780-439.png?_v=201906280941017d9', 'https://s1.ljcdn.com/matrix_lianjia_pc/dist/pc/src/resource/default/780-439.png?_v=201906280941017d9', 'https://s1.ljcdn.com/matrix_lianjia_pc/dist/pc/src/resource/default/780-439.png?_v=201906280941017d9', 'https://s1.ljcdn.com/matrix_lianjia_pc/dist/pc/src/resource/default/780-439.png?_v=201906280941017d9', 'https://s1.ljcdn.com/matrix_lianjia_pc/dist/pc/src/resource/default/780-439.png?_v=201906280941017d9', 'https://s1.ljcdn.com/matrix_lianjia_pc/dist/pc/src/resource/default/780-439.png?_v=201906280941017d9']",11天前,随时入住,暂无数据,需提前预约,中楼层/13层,有,暂无数据,民水,民电,有,暂无数据,['随时看房'],[],22.615483681463,113.86282345215
