房源地址,行政区,位置,标题,租金,租赁方式,户型,面积,朝向,图片列表,发布时间,入住时间,租期,看房时间,楼层,电梯,车位,用水,用电,燃气,采暖,标签,station,latitude,longtitude
https://sz.lianjia.com/zufang/SZ2201499004440166400.html,罗湖区,黄贝岭,整租·靖轩豪苑 2室2厅 东南,7300元/月 (月付价),整租,2室2厅1卫,73㎡,朝东南,"['https://image1.ljcdn.com/rent-user-avatar/239d44ea-44bd-4948-aca6-65718585132a.780x439.jpg', 'https://s1.ljcdn.com/matrix_lianjia_pc/dist/pc/src/resource/default/780-439.png?_v=201906280941017d9', 'https://s1.ljcdn.com/matrix_lianjia_pc/dist/pc/src/resource/default/780-439.png?_v=201906280941017d9', 'https://s1.ljcdn.com/matrix_lianjia_pc/dist/pc/src/resource/default/780-439.png?_v=201906280941017d9', 'https://s1.ljcdn.com/matrix_lianjia_pc/dist/pc/src/resource/default/780-439.png?_v=201906280941017d9', 'https://s1.ljcdn.com/matrix_lianjia_pc/dist/pc/src/resource/default/780-439.png?_v=201906280941017d9', 'https://s1.ljcdn.com/matrix_lianjia_pc/dist/pc/src/resource/default/780-439.png?_v=201906280941017d9', 'https://s1.ljcdn.com/matrix_lianjia_pc/dist/pc/src/resource/default/780-439.png?_v=201906280941017d9', 'https://s1.ljcdn.com/matrix_lianjia_pc/dist/pc/src/resource/default/780-439.png?_v=201906280941017d9', 'https://s1.ljcdn.com/matrix_lianjia_pc/dist/pc/src/resource/default/780-439.png?_v=201906280941017d9', 'https://s1.ljcdn.com/matrix_lianjia_pc/dist/pc/src/resource/default/780-439.png?_v=201906280941017d9']",4个月前,随时入住,1年,随时可看,32/32层,有,免费使用,民水,民电,无,自采暖,"['公寓', '精装', '随时看房']",[],22.55407,114.14559
https://sz.lianjia.com/zufang/SZ2281884080721100800.html,龙岗区,坂田,中海日辉台 3室1厅 东南,6500元/月 ,租赁方式未知,3室1厅2卫,86㎡,朝东南,"['https://image1.ljcdn.com/440300-inspection/0409c46e-25fc-4a7c-b8d2-f4f3be578c14.jpg.780x439.jpg', 'https://s1.ljcdn.com/matrix_lianjia_pc/dist/pc/src/resource/default/780-439.png?_v=201906280941017d9', 'https://s1.ljcdn.com/matrix_lianjia_pc/dist/pc/src/resource/default/780-439.png?_v=201906280941017d9', 'https://s1.ljcdn.com/matrix_lianjia_pc/dist/pc/src/resource/default/780-439.png?_v=201906280941017d9', 'https://s1.ljcdn.com/matrix_lianjia_pc/dist/pc/src/resource/default/780-439.png?_v=201906280941017d9', 'https://s1.ljcdn.com/matrix_lianjia_pc/dist/pc/src/resource/default/780-439.png?_v=201906280941017d9', 'https://s1.ljcdn.com/matrix_lianjia_pc/dist/pc/src/resource/default/780-439.png?_v=201906280941017d9', 'https://s1.ljcdn.com/matrix_lianjia_pc/dist/pc/src/resource/default/780-439.png?_v=201906280941017d9', 'https://s1.ljcdn.com/matrix_lianjia_pc/dist/pc/src/resource/default/780-439.png?_v=201906280941017d9']",12天前,随时入住,暂无数据,一般下班后可看,高楼层/6层,无,暂无数据,民水,民电,有,暂无数据,[],[],22.646404024323,114.07460126142
https://sz.lianjia.com/zufang/SZ2281600691363651584.html,南山区,蛇口,四海公寓 2室1厅 东南,8000元/月 ,租赁方式未知,2室1厅1卫,62㎡,朝东南,"['https://image1.ljcdn.com/440300-inspection/412b5309-12ea-4d75-882a-4a838e70cc49.jpg.780x439.jpg', 'https://s1.ljcdn.com/matrix_lianjia_pc/dist/pc/src/resource/default/780-439.png?_v=201906280941017d9', 'https://s1.ljcdn.com/matrix_lianjia_pc/dist/pc/src/resource/default/780-439.png?_v=201906280941017d9', 'https://s1.ljcdn.com/matrix_lianjia_pc/dist/pc/src/resource/default/780-439.png?_v=201906280941017d9', 'https://s1.ljcdn.com/matrix_lianjia_pc/dist/pc/src/resource/default/780-439.png?_v=201906280941017d9', 'https://s1.ljcdn.com/matrix_lianjia_pc/dist/pc/src/resource/default/780-439.png?_v=201906280941017d9', 'https://s1.ljcdn.com/matrix_lianjia_pc/dist/pc/src/resource/default/780-439.png?_v=201906280941017d9', 'https://s1.ljcdn.com/matrix_lianjia_pc/dist/pc/src/resource/default/780-439.png?_v=201906280941017d9', 'https://s1.ljcdn.com/matrix_lianjia_pc/dist/pc/src/resource/default/780-439.png?_v=201906280941017d9', 'https://s1.ljcdn.com/matrix_lianjia_pc/dist/pc/src/resource/default/780-439.png?_v=201906280941017d9']",12天前,随时入住,暂无数据,需提前预约,高楼层/33层,有,暂无数据,民水,民电,有,暂无数据,['近地铁'],"['2号线(蛇口线) - 湾厦', '875m', '2号线(蛇口线) - 海月', '1094m', '2号线(蛇口线) - 东角头', '1151m']",22.49974,113.938002
https://sz.lianjia.com/zufang/SZ2281008546747793408.html,光明区,公明,福盈中央山 4室2厅 东南,6500元/月 ,租赁方式未知,4室2厅2卫,140㎡,朝东南,"['https://image1.ljcdn.com/440300-inspection/6ac6cf86-9af5-4253-bd1b-a8c5bc23d227.jpg.780x439.jpg', 'https://s1.ljcdn.com/matrix_lianjia_pc/dist/pc/src/resource/default/780-439.png?_v=201906280941017d9', 'https://s1.ljcdn.com/matrix_lianjia_pc/dist/pc/src/resource/default/780-439.png?_v=201906280941017d9', 'https://s1.ljcdn.com/matrix_lianjia_pc/dist/pc/src/resource/default/780-439.png?_v=201906280941017d9', 'https://s1.ljcdn.com/matrix_lianjia_pc/dist/pc/src/resource/default/780-439.png?_v=201906280941017d9', 'https://s1.ljcdn.com/matrix_lianjia_pc/dist/pc/src/resource/default/780-439.png?_v=201906280941017d9', 'https://s1.ljcdn.com/matrix_lianjia_pc/dist/pc/src/resource/default/780-439.png?_v=201906280941017d9', 'https://s1.ljcdn.com/matrix_lianjia_pc/dist/pc/src/resource/default/780-439.png?_v=201906280941017d9', 'https://s1.ljcdn.com/matrix_lianjia_pc/dist/pc/src/resource/default/780-439.png?_v=201906280941017d9']",11天前,随时入住,暂无数据,需提前预约,中楼层/30层,有,暂无数据,暂无数据,暂无数据,有,暂无数据,['精装'],[],22.784513,113.903858
https://sz.lianjia.com/zufang/SZ2280953389376339968.html,福田区,车公庙,整租·泰康轩 2室1厅 东南/南,7200元/月 (月付价),整租,2室1厅1卫,62㎡,朝东南 南,"['https://image1.ljcdn.com/rent-user-avatar/2a5fb104-c666-4fb3-b9cb-c83290b3280b.780x439.jpg', 'https://s1.ljcdn.com/matrix_lianjia_pc/dist/pc/src/resource/default/780-439.png?_v=201906280941017d9', 'https://s1.ljcdn.com/matrix_lianjia_pc/dist/pc/src/resource/default/780-439.png?_v=201906280941017d9', 'https://s1.ljcdn.com/matrix_lianjia_pc/dist/pc/src/resource/default/780-439.png?_v=201906280941017d9', 'https://s1.ljcdn.com/matrix_lianjia_pc/dist/pc/src/resource/default/780-439.png?_v=201906280941017d9', 'https://s1.ljcdn.com/matrix_lianjia_pc/dist/pc/src/resource/default/780-439.png?_v=201906280941017d9', 'https://s1.ljcdn.com/matrix_lianjia_pc/dist/pc/src/resource/default/780-439.png?_v=201906280941017d9']",13天前,随时入住,1年以上,随时可看,11/31层,有,暂无数据,民水,民电,有,暂无数据,"['近地铁', '精装', '随时看房']","['1号线(罗宝线),11号线,7号线,9号线 - 车公庙', '476m', '9号线 - 下沙', '572m']",22.53972368326,114.03197061686
https://sz.lianjia.com/zufang/SZ2257240133323456512.html,龙岗区,龙岗中心城,整租·天誉国际公馆 3室1厅 东/东南/南/西南/西,5300元/月 (月付价),整租,3室1厅1卫,127㎡,朝东 东南 南 西南 西,"['https://image1.ljcdn.com/rent-user-avatar/25ba55d3-e578-419b-b159-b2e541cf2619.780x439.jpg', 'https://s1.ljcdn.com/matrix_lianjia_pc/dist/pc/src/resource/default/780-439.png?_v=201906280941017d9', 'https://s1.ljcdn.com/matrix_lianjia_pc/dist/pc/src/resource/default/780-439.png?_v=201906280941017d9', 'https://s1.ljcdn.com/matrix_lianjia_pc/dist/pc/src/resource/default/780-439.png?_v=201906280941017d9', 'https://s1.ljcdn.com/matrix_lianjia_pc/dist/pc/src/resource/default/780-439.png?_v=201906280941017d9', 'https://s1.ljcdn.com/matrix_lianjia_pc/dist/pc/src/resource/default/780-439.png?_v=201906280941017d9', 'https://s1.ljcdn.com/matrix_lianjia_pc/dist/pc/src/resource/default/780-439.png?_v=201906280941017d9', 'https://s1.ljcdn.com/matrix_lianjia_pc/dist/pc/src/resource/default/780-439.png?_v=201906280941017d9', 'https://s1.ljcdn.com/matrix_lianjia_pc/dist/pc/src/resource/default/780-439.png?_v=201906280941017d9', 'https://s1.ljcdn.com/matrix_lianjia_pc/dist/pc/src/resource/default/780-439.png?_v=201906280941017d9', 'https://s1.ljcdn.com/matrix_lianjia_pc/dist/pc/src/resource/default/780-439.png?_v=201906280941017d9']",1个月前,随时入住,1年,随时可看,29/41层,有,暂无数据,民水,民电,有,暂无数据,"['公寓', '近地铁', '精装', '随时看房']","['3号线(龙岗线) - 吉祥', '583m']",22.721169,114.25069
https://sz.lianjia.com/zufang/SZ2243189371430256640.html,龙华区,红山,莱蒙水榭春天A区6期 3室2厅 东南/南,6800元/月 ,租赁方式未知,3室2厅2卫,88㎡,朝东南 南,"['https://image1.ljcdn.com/440300-inspection/59d3cbd4-80d5-41b6-a126-035594994030.jpg.780x439.jpg', 'https://s1.ljcdn.com/matrix_lianjia_pc/dist/pc/src/resource/default/780-439.png?_v=201906280941017d9', 'https://s1.ljcdn.com/matrix_lianjia_pc/dist/pc/src/resource/default/780-439.png?_v=201906280941017d9', 'https://s1.ljcdn.com/matrix_lianjia_pc/dist/pc/src/resource/default/780-439.png?_v=201906280941017d9', 'https://s1.ljcdn.com/matrix_lianjia_pc/dist/pc/src/resource/default/780-439.png?_v=201906280941017d9', 'https://s1.ljcdn.com/matrix_lianjia_pc/dist/pc/src/resource/default/780-439.png?_v=201906280941017d9', 'https://s1.ljcdn.com/matrix_lianjia_pc/dist/pc/src/resource/default/780-439.png?_v=201906280941017d9', 'https://s1.ljcdn.com/matrix_lianjia_pc/dist/pc/src/resource/default/780-439.png?_v=201906280941017d9', 'https://s1.ljcdn.com/matrix_lianjia_pc/dist/pc/src/resource/default/780-439.png?_v=201906280941017d9', 'https://s1.ljcdn.com/matrix_lianjia_pc/dist/pc/src/resource/default/780-439.png?_v=201906280941017d9', 'https://s1.ljcdn.com/matrix_lianjia_pc/dist/pc/src/resource/default/780-439.png?_v=201906280941017d9']",2个月前,随时入住,暂无数据,暂无数据,低楼层/31层,有,暂无数据,民水,民电,有,暂无数据,['近地铁'],"['4号线(龙华线) - 红山', '567m']",22.632561046781,114.03309497463
https://sz.lianjia.com/zufang/SZ2281094321447116800.html,龙华区,红山,华业玫瑰四季馨园一期 3室1厅 东南/南,6900元/月 ,租赁方式未知,3室1厅1卫,78㎡,朝东南 南,"['https://image1.ljcdn.com/440300-inspection/8d2246d8-202f-4be5-bbca-97a250bfb6b7.png.780x439.jpg', 'https://s1.ljcdn.com/matrix_lianjia_pc/dist/pc/src/resource/default/780-439.png?_v=201906280941017d9', 'https://s1.ljcdn.com/matrix_lianjia_pc/dist/pc/src/resource/default/780-439.png?_v=201906280941017d9', 'https://s1.ljcdn.com/matrix_lianjia_pc/dist/pc/src/resource/default/780-439.png?_v=201906280941017d9', 'https://s1.ljcdn.com/matrix_lianjia_pc/dist/pc/src/resource/default/780-439.png?_v=201906280941017d9', 'https://s1.ljcdn.com/matrix_lianjia_pc/dist/pc/src/resource/default/780-439.png?_v=201906280941017d9', 'https://s1.ljcdn.com/matrix_lianjia_pc/dist/pc/src/resource/default/780-439.png?_v=201906280941017d9', 'https://s1.ljcdn.com/matrix_lianjia_pc/dist/pc/src/resource/default/780-439.png?_v=201906280941017d9', 'https://s1.ljcdn.com/matrix_lianjia_pc/dist/pc/src/resource/default/780-439.png?_v=201906280941017d9', 'https://s1.ljcdn.com/matrix_lianjia_pc/dist/pc/src/resource/default/780-439.png?_v=201906280941017d9', 'https://s1.ljcdn.com/matrix_lianjia_pc/dist/pc/src/resource/default/780-439.png?_v=201906280941017d9']",13天前,随时入住,暂无数据,暂无数据,高楼层/32层,有,暂无数据,民水,民电,有,暂无数据,['近地铁'],"['4号线(龙华线) - 红山', '627m']",22.633317,114.024532
https://sz.lianjia.com/zufang/SZ2252107586487205888.html,龙华区,龙华中心,整租·优品建筑 4室2厅 东南,6800元/月 (月付价),整租,4室2厅2卫,147㎡,朝东南,"['https://image1.ljcdn.com/440300-inspection/326ca005-7a8a-46fb-af71-d303a057edbf.JPG.780x439.jpg', 'https://s1.ljcdn.com/matrix_lianjia_pc/dist/pc/src/resource/default/780-439.png?_v=201906280941017d9', 'https://s1.ljcdn.com/matrix_lianjia_pc/dist/pc/src/resource/default/780-439.png?_v=201906280941017d9', 'https://s1.ljcdn.com/matrix_lianjia_pc/dist/pc/src/resource/default/780-439.png?_v=201906280941017d9', 'https://s1.ljcdn.com/matrix_lianjia_pc/dist/pc/src/resource/default/780-439.png?_v=201906280941017d9', 'https://s1.ljcdn.com/matrix_lianjia_pc/dist/pc/src/resource/default/780-439.png?_v=201906280941017d9', 'https://s1.ljcdn.com/matrix_lianjia_pc/dist/pc/src/resource/default/780-439.png?_v=201906280941017d9', 'https://s1.ljcdn.com/matrix_lianjia_pc/dist/pc/src/resource/default/780-439.png?_v=201906280941017d9', 'https://s1.ljcdn.com/matrix_lianjia_pc/dist/pc/src/resource/default/780-439.png?_v=201906280941017d9', 'https://s1.ljcdn.com/matrix_lianjia_pc/dist/pc/src/resource/default/780-439.png?_v=201906280941017d9']",1个月前,随时入住,1年以内,暂无数据,中楼层/18层,有,暂无数据,民水,民电,有,暂无数据,"['近地铁', '双卫生间']","['4号线(龙华线) - 龙华', '566m']",22.653748422724,114.02836722924
https://sz.lianjia.com/apartment/11423.html,,,海蓝椰林公寓 · 水云间店,"
海蓝椰林公寓 · 水云间店

          5000元/月起

",,,,,['https://image1.ljcdn.com/rent-user-avatar/a596678c-7bf4-4042-b7b6-e7fd34b7bd1f.1150x.jpg'],,,,,,,,,,,,,[],22.604822,114.32105
https://sz.lianjia.com/apartment/2356.html,,,深业有居 · 金三角大厦店,"
深业有居 · 金三角大厦店

          4940元/月起

",,,,,"['https://image1.ljcdn.com/rent-user-avatar/da015828-4714-4843-85f6-1fdb1fcacc5b.1150x.jpg', 'https://s1.ljcdn.com/matrix_lianjia_pc/dist/pc/src/resource/default/1150-450.png?_v=201906280941017d9', 'https://s1.ljcdn.com/matrix_lianjia_pc/dist/pc/src/resource/default/1150-450.png?_v=201906280941017d9', 'https://s1.ljcdn.com/matrix_lianjia_pc/dist/pc/src/resource/default/1150-450.png?_v=201906280941017d9', 'https://s1.ljcdn.com/matrix_lianjia_pc/dist/pc/src/resource/default/1150-450.png?_v=201906280941017d9', 'https://s1.ljcdn.com/matrix_lianjia_pc/dist/pc/src/resource/default/1150-450.png?_v=201906280941017d9', 'https://s1.ljcdn.com/matrix_lianjia_pc/dist/pc/src/resource/default/1150-450.png?_v=201906280941017d9', 'https://s1.ljcdn.com/matrix_lianjia_pc/dist/pc/src/resource/default/1150-450.png?_v=201906280941017d9', 'https://s1.ljcdn.com/matrix_lianjia_pc/dist/pc/src/resource/default/1150-450.png?_v=201906280941017d9', 'https://s1.ljcdn.com/matrix_lianjia_pc/dist/pc/src/resource/default/1150-450.png?_v=201906280941017d9', 'https://s1.ljcdn.com/matrix_lianjia_pc/dist/pc/src/resource/default/1150-450.png?_v=201906280941017d9']",,,,,,,,,,,,,[],22.546325,113.975492
https://sz.lianjia.com/zufang/SZ2258743503167430656.html,南山区,南山中心,西海明珠花园 2室1厅 东南,7500元/月 ,租赁方式未知,2室1厅1卫,73㎡,朝东南,"['https://image1.ljcdn.com/440300-inspection/709c5610-2420-4870-a59e-8694e378bc55.png.780x439.jpg', 'https://s1.ljcdn.com/matrix_lianjia_pc/dist/pc/src/resource/default/780-439.png?_v=201906280941017d9', 'https://s1.ljcdn.com/matrix_lianjia_pc/dist/pc/src/resource/default/780-439.png?_v=201906280941017d9', 'https://s1.ljcdn.com/matrix_lianjia_pc/dist/pc/src/resource/default/780-439.png?_v=201906280941017d9', 'https://s1.ljcdn.com/matrix_lianjia_pc/dist/pc/src/resource/default/780-439.png?_v=201906280941017d9', 'https://s1.ljcdn.com/matrix_lianjia_pc/dist/pc/src/resource/default/780-439.png?_v=201906280941017d9']",1个月前,随时入住,暂无数据,暂无数据,中楼层/30层,有,暂无数据,民水,民电,有,暂无数据,['近地铁'],"['1号线(罗宝线) - 桃园', '592m']",22.536419,113.936558
https://sz.lianjia.com/zufang/SZ2252808617180790784.html,龙华区,龙华中心,美丽365花园 4室1厅 东南,6800元/月 ,租赁方式未知,4室1厅2卫,125㎡,朝东南,"['https://image1.ljcdn.com/440300-inspection/fccda0fb-ad65-467f-9009-6eea44e9af6e.jpg.780x439.jpg', 'https://s1.ljcdn.com/matrix_lianjia_pc/dist/pc/src/resource/default/780-439.png?_v=201906280941017d9', 'https://s1.ljcdn.com/matrix_lianjia_pc/dist/pc/src/resource/default/780-439.png?_v=201906280941017d9', 'https://s1.ljcdn.com/matrix_lianjia_pc/dist/pc/src/resource/default/780-439.png?_v=201906280941017d9', 'https://s1.ljcdn.com/matrix_lianjia_pc/dist/pc/src/resource/default/780-439.png?_v=201906280941017d9', 'https://s1.ljcdn.com/matrix_lianjia_pc/dist/pc/src/resource/default/780-439.png?_v=201906280941017d9', 'https://s1.ljcdn.com/matrix_lianjia_pc/dist/pc/src/resource/default/780-439.png?_v=201906280941017d9', 'https://s1.ljcdn.com/matrix_lianjia_pc/dist/pc/src/resource/default/780-439.png?_v=201906280941017d9', 'https://s1.ljcdn.com/matrix_lianjia_pc/dist/pc/src/resource/default/780-439.png?_v=201906280941017d9']",1个月前,随时入住,暂无数据,需提前预约,中楼层/8层,有,暂无数据,民水,民电,有,暂无数据,"['近地铁', '随时看房']","['4号线(龙华线) - 清湖', '310m']",22.669434745559,114.03840647447
https://sz.lianjia.com/zufang/SZ2225829037442605056.html,南山区,前海,佳兆业前海广场二期 3室1厅 东南,8000元/月 ,租赁方式未知,3室1厅2卫,68㎡,朝东南,"['https://image1.ljcdn.com/440300-inspection/819e4c88-d7ee-45c5-bfec-844ade5b632d.jpg.780x439.jpg', 'https://s1.ljcdn.com/matrix_lianjia_pc/dist/pc/src/resource/default/780-439.png?_v=201906280941017d9', 'https://s1.ljcdn.com/matrix_lianjia_pc/dist/pc/src/resource/default/780-439.png?_v=201906280941017d9', 'https://s1.ljcdn.com/matrix_lianjia_pc/dist/pc/src/resource/default/780-439.png?_v=201906280941017d9', 'https://s1.ljcdn.com/matrix_lianjia_pc/dist/pc/src/resource/default/780-439.png?_v=201906280941017d9', 'https://s1.ljcdn.com/matrix_lianjia_pc/dist/pc/src/resource/default/780-439.png?_v=201906280941017d9', 'https://s1.ljcdn.com/matrix_lianjia_pc/dist/pc/src/resource/default/780-439.png?_v=201906280941017d9']",2个月前,随时入住,暂无数据,需提前预约,中楼层/22层,暂无数据,暂无数据,商水,商电,有,暂无数据,['随时看房'],[],22.501877,113.892136
https://sz.lianjia.com/apartment/12455.html,,,途尔顿公寓 · 途尔顿半山海,"
途尔顿公寓 · 途尔顿半山海

          4500元/月起

",,,,,"['https://image1.ljcdn.com/rent-user-avatar/b4ea5245-3f22-4a4a-9b2a-32fa995c5a5a.1150x.jpg', 'https://s1.ljcdn.com/matrix_lianjia_pc/dist/pc/src/resource/default/1150-450.png?_v=201906280941017d9', 'https://s1.ljcdn.com/matrix_lianjia_pc/dist/pc/src/resource/default/1150-450.png?_v=201906280941017d9']",,,,,,,,,,,,,[],22.619106,114.41658
https://sz.lianjia.com/zufang/SZ2243293052418662400.html,罗湖区,黄贝岭,整租·靖轩豪苑 2室2厅 东南,7600元/月 (月付价),整租,2室2厅1卫,72㎡,朝东南,"['https://image1.ljcdn.com/rent-user-avatar/0862a5e1-2cbb-4938-baf3-10891b49174b.780x439.jpg', 'https://s1.ljcdn.com/matrix_lianjia_pc/dist/pc/src/resource/default/780-439.png?_v=201906280941017d9', 'https://s1.ljcdn.com/matrix_lianjia_pc/dist/pc/src/resource/default/780-439.png?_v=201906280941017d9', 'https://s1.ljcdn.com/matrix_lianjia_pc/dist/pc/src/resource/default/780-439.png?_v=201906280941017d9', 'https://s1.ljcdn.com/matrix_lianjia_pc/dist/pc/src/resource/default/780-439.png?_v=201906280941017d9', 'https://s1.ljcdn.com/matrix_lianjia_pc/dist/pc/src/resource/default/780-439.png?_v=201906280941017d9', 'https://s1.ljcdn.com/matrix_lianjia_pc/dist/pc/src/resource/default/780-439.png?_v=201906280941017d9', 'https://s1.ljcdn.com/matrix_lianjia_pc/dist/pc/src/resource/default/780-439.png?_v=201906280941017d9', 'https://s1.ljcdn.com/matrix_lianjia_pc/dist/pc/src/resource/default/780-439.png?_v=201906280941017d9']",2个月前,随时入住,1~2年,随时可看,15/32层,暂无数据,暂无数据,暂无数据,暂无数据,暂无数据,暂无数据,"['公寓', '精装', '随时看房']",[],22.55407,114.14559
https://sz.lianjia.com/zufang/SZ2168790847317868544.html,福田区,新洲,朗晴馨洲 3室2厅 东南,8000元/月 ,租赁方式未知,3室2厅1卫,86㎡,朝东南,"['https://image1.ljcdn.com/440300-inspection/557a7327-1dd3-4cd5-9047-7aba45ba1bc4.jpg.780x439.jpg', 'https://s1.ljcdn.com/matrix_lianjia_pc/dist/pc/src/resource/default/780-439.png?_v=201906280941017d9', 'https://s1.ljcdn.com/matrix_lianjia_pc/dist/pc/src/resource/default/780-439.png?_v=201906280941017d9', 'https://s1.ljcdn.com/matrix_lianjia_pc/dist/pc/src/resource/default/780-439.png?_v=201906280941017d9', 'https://s1.ljcdn.com/matrix_lianjia_pc/dist/pc/src/resource/default/780-439.png?_v=201906280941017d9', 'https://s1.ljcdn.com/matrix_lianjia_pc/dist/pc/src/resource/default/780-439.png?_v=201906280941017d9', 'https://s1.ljcdn.com/matrix_lianjia_pc/dist/pc/src/resource/default/780-439.png?_v=201906280941017d9', 'https://s1.ljcdn.com/matrix_lianjia_pc/dist/pc/src/resource/default/780-439.png?_v=201906280941017d9', 'https://s1.ljcdn.com/matrix_lianjia_pc/dist/pc/src/resource/default/780-439.png?_v=201906280941017d9', 'https://s1.ljcdn.com/matrix_lianjia_pc/dist/pc/src/resource/default/780-439.png?_v=201906280941017d9']",1个月前,随时入住,暂无数据,需提前预约,高楼层/32层,有,暂无数据,民水,民电,有,暂无数据,"['近地铁', '随时看房']","['7号线 - 沙尾', '1051m']",22.533507671445,114.05197781603
https://sz.lianjia.com/zufang/SZ2240510343451246592.html,龙岗区,龙岗双龙,满京华喜悦里 3室2厅 东南,5300元/月 ,租赁方式未知,3室2厅2卫,89㎡,朝东南,"['https://image1.ljcdn.com/440300-inspection/71dc1611-39ef-4333-81cf-7b696f0604ef.jpg.780x439.jpg', 'https://s1.ljcdn.com/matrix_lianjia_pc/dist/pc/src/resource/default/780-439.png?_v=201906280941017d9', 'https://s1.ljcdn.com/matrix_lianjia_pc/dist/pc/src/resource/default/780-439.png?_v=201906280941017d9', 'https://s1.ljcdn.com/matrix_lianjia_pc/dist/pc/src/resource/default/780-439.png?_v=201906280941017d9', 'https://s1.ljcdn.com/matrix_lianjia_pc/dist/pc/src/resource/default/780-439.png?_v=201906280941017d9', 'https://s1.ljcdn.com/matrix_lianjia_pc/dist/pc/src/resource/default/780-439.png?_v=201906280941017d9', 'https://s1.ljcdn.com/matrix_lianjia_pc/dist/pc/src/resource/default/780-439.png?_v=201906280941017d9', 'https://s1.ljcdn.com/matrix_lianjia_pc/dist/pc/src/resource/default/780-439.png?_v=201906280941017d9', 'https://s1.ljcdn.com/matrix_lianjia_pc/dist/pc/src/resource/default/780-439.png?_v=201906280941017d9']",1个月前,随时入住,暂无数据,需提前预约,高楼层/31层,有,暂无数据,民水,民电,有,暂无数据,"['近地铁', '随时看房']","['3号线(龙岗线) - 南联', '113m']",22.727569,114.27484
https://sz.lianjia.com/zufang/SZ2262296418696044544.html,龙岗区,龙岗中心城,整租·华业玫瑰郡 5室1厅 东南,6500元/月 (月付价),整租,5室1厅2卫,125㎡,朝东南,"['https://image1.ljcdn.com/440300-inspection/d76bc661-19e0-4392-8666-a1ac661cbe89.jpg.780x439.jpg', 'https://s1.ljcdn.com/matrix_lianjia_pc/dist/pc/src/resource/default/780-439.png?_v=201906280941017d9', 'https://s1.ljcdn.com/matrix_lianjia_pc/dist/pc/src/resource/default/780-439.png?_v=201906280941017d9', 'https://s1.ljcdn.com/matrix_lianjia_pc/dist/pc/src/resource/default/780-439.png?_v=201906280941017d9', 'https://s1.ljcdn.com/matrix_lianjia_pc/dist/pc/src/resource/default/780-439.png?_v=201906280941017d9', 'https://s1.ljcdn.com/matrix_lianjia_pc/dist/pc/src/resource/default/780-439.png?_v=201906280941017d9', 'https://s1.ljcdn.com/matrix_lianjia_pc/dist/pc/src/resource/default/780-439.png?_v=201906280941017d9', 'https://s1.ljcdn.com/matrix_lianjia_pc/dist/pc/src/resource/default/780-439.png?_v=201906280941017d9', 'https://s1.ljcdn.com/matrix_lianjia_pc/dist/pc/src/resource/default/780-439.png?_v=201906280941017d9', 'https://s1.ljcdn.com/matrix_lianjia_pc/dist/pc/src/resource/default/780-439.png?_v=201906280941017d9', 'https://s1.ljcdn.com/matrix_lianjia_pc/dist/pc/src/resource/default/780-439.png?_v=201906280941017d9']",1个月前,随时入住,1年以内,一般下班后可看,中楼层/18层,有,免费使用,民水,民电,有,暂无数据,"['精装', '双卫生间']",[],22.738140372486,114.24368866938
https://sz.lianjia.com/zufang/SZ2250620785016176640.html,罗湖区,黄贝岭,整租·深业东岭 2室2厅 东南/西南,7900元/月 (月付价),整租,2室2厅1卫,70㎡,朝 东南 西南,"['https://image1.ljcdn.com/rent-user-avatar/09f0820c-b763-4f32-bb37-67549dcc98ce.780x439.jpg', 'https://s1.ljcdn.com/matrix_lianjia_pc/dist/pc/src/resource/default/780-439.png?_v=201906280941017d9', 'https://s1.ljcdn.com/matrix_lianjia_pc/dist/pc/src/resource/default/780-439.png?_v=201906280941017d9', 'https://s1.ljcdn.com/matrix_lianjia_pc/dist/pc/src/resource/default/780-439.png?_v=201906280941017d9', 'https://s1.ljcdn.com/matrix_lianjia_pc/dist/pc/src/resource/default/780-439.png?_v=201906280941017d9', 'https://s1.ljcdn.com/matrix_lianjia_pc/dist/pc/src/resource/default/780-439.png?_v=201906280941017d9', 'https://s1.ljcdn.com/matrix_lianjia_pc/dist/pc/src/resource/default/780-439.png?_v=201906280941017d9', 'https://s1.ljcdn.com/matrix_lianjia_pc/dist/pc/src/resource/default/780-439.png?_v=201906280941017d9', 'https://s1.ljcdn.com/matrix_lianjia_pc/dist/pc/src/resource/default/780-439.png?_v=201906280941017d9', 'https://s1.ljcdn.com/matrix_lianjia_pc/dist/pc/src/resource/default/780-439.png?_v=201906280941017d9', 'https://s1.ljcdn.com/matrix_lianjia_pc/dist/pc/src/resource/default/780-439.png?_v=201906280941017d9', 'https://s1.ljcdn.com/matrix_lianjia_pc/dist/pc/src/resource/default/780-439.png?_v=201906280941017d9']",1个月前,随时入住,1~2年,随时可看,8/39层,有,暂无数据,民水,民电,有,暂无数据,"['公寓', '近地铁', '精装', '随时看房']","['2号线(蛇口线),5号线(环中线) - 黄贝岭', '497m', '5号线(环中线) - 怡景', '789m', '2号线(蛇口线) - 新秀', '1094m']",22.555308,114.146576
https://sz.lianjia.com/apartment/11173.html,,,四海为家公寓 · 四海为家公寓（新一代国际公寓店）,"
四海为家公寓 · 四海为家公寓（新一代国际公寓店）

          5800元/月起

",,,,,['https://image1.ljcdn.com/rent-user-avatar/1306e531-04be-4fd4-b667-72837e0b1437.1150x.jpg'],,,,,,,,,,,,,[],22.511008,113.93135
https://sz.lianjia.com/zufang/SZ2228668295567900672.html,福田区,梅林,梅林一村八区 3室1厅 东南,8000元/月 ,租赁方式未知,3室1厅1卫,94㎡,朝东南,"['http://vrlab-image.ljcdn.com/release/vradmin/1000000020349437/images/4bc5147a-3e21-4626-81e8-dc2830fcea49.png.q_70.jpg', 'https://s1.ljcdn.com/matrix_lianjia_pc/dist/pc/src/resource/default/780-439.png?_v=201906280941017d9', 'https://s1.ljcdn.com/matrix_lianjia_pc/dist/pc/src/resource/default/780-439.png?_v=201906280941017d9', 'https://s1.ljcdn.com/matrix_lianjia_pc/dist/pc/src/resource/default/780-439.png?_v=201906280941017d9', 'https://s1.ljcdn.com/matrix_lianjia_pc/dist/pc/src/resource/default/780-439.png?_v=201906280941017d9', 'https://s1.ljcdn.com/matrix_lianjia_pc/dist/pc/src/resource/default/780-439.png?_v=201906280941017d9']",2个月前,随时入住,暂无数据,需提前预约,中楼层/9层,有,暂无数据,民水,民电,有,暂无数据,"['近地铁', '随时看房']","['9号线 - 下梅林', '411m', '9号线 - 梅景', '416m']",22.571415,114.042222
https://sz.lianjia.com/zufang/SZ2257742018061008896.html,罗湖区,春风路,云景豪园 2室1厅 东南,6200元/月 ,租赁方式未知,2室1厅1卫,66㎡,朝东南,"['http://vrlab-image.ljcdn.com/release/vradmin/1000000020298367/images/4e68095c-1da2-415f-8313-b5fab0a6638b.png.q_70.jpg', 'https://s1.ljcdn.com/matrix_lianjia_pc/dist/pc/src/resource/default/780-439.png?_v=201906280941017d9', 'https://s1.ljcdn.com/matrix_lianjia_pc/dist/pc/src/resource/default/780-439.png?_v=201906280941017d9', 'https://s1.ljcdn.com/matrix_lianjia_pc/dist/pc/src/resource/default/780-439.png?_v=201906280941017d9', 'https://s1.ljcdn.com/matrix_lianjia_pc/dist/pc/src/resource/default/780-439.png?_v=201906280941017d9']",24天前,随时入住,暂无数据,需提前预约,中楼层/31层,有,暂无数据,民水,民电,有,暂无数据,"['近地铁', '随时看房']","['9号线 - 向西村', '5m', '2号线(蛇口线) - 湖贝', '506m', '9号线 - 文锦', '578m', '1号线(罗宝线) - 国贸', '843m', '9号线 - 人民南', '1060m']",22.54665,114.133407
https://sz.lianjia.com/zufang/SZ2273102254389608448.html,南山区,后海,整租·金海岸大厦 2室1厅 东南,6500元/月 ,整租,2室1厅1卫,57㎡,朝东南,"['https://image1.ljcdn.com/440300-inspection/5ae4aa8e-3fb4-410a-a004-e9e480438433.jpg.780x439.jpg', 'https://s1.ljcdn.com/matrix_lianjia_pc/dist/pc/src/resource/default/780-439.png?_v=201906280941017d9', 'https://s1.ljcdn.com/matrix_lianjia_pc/dist/pc/src/resource/default/780-439.png?_v=201906280941017d9', 'https://s1.ljcdn.com/matrix_lianjia_pc/dist/pc/src/resource/default/780-439.png?_v=201906280941017d9', 'https://s1.ljcdn.com/matrix_lianjia_pc/dist/pc/src/resource/default/780-439.png?_v=201906280941017d9', 'https://s1.ljcdn.com/matrix_lianjia_pc/dist/pc/src/resource/default/780-439.png?_v=201906280941017d9']",24天前,随时入住,1年以内,需提前预约,中楼层/30层,有,暂无数据,民水,民电,有,暂无数据,[],[],22.520163,113.934873
https://sz.lianjia.com/zufang/SZ2280987333324963840.html,龙岗区,龙岗双龙,整租·满京华喜悦里 4室2厅 东南,5200元/月 (月付价),整租,4室2厅2卫,122㎡,朝 东南,['https://image1.ljcdn.com/rent-user-avatar/6f6d7cbe-8cd4-4434-ad2a-1d4a61877ec3.780x439.jpg'],13天前,随时入住,1~3年,随时可看,7/30层,有,暂无数据,民水,民电,有,暂无数据,"['公寓', '近地铁', '双卫生间', '随时看房']","['3号线(龙岗线) - 南联', '113m']",22.727569,114.27484
https://sz.lianjia.com/zufang/SZ2258725509619777536.html,罗湖区,黄贝岭,整租·深业东岭 2室1厅 东南,6900元/月 (月付价),整租,2室1厅1卫,70㎡,朝 东南,"['https://image1.ljcdn.com/rent-user-avatar/e321a4d2-7135-41a7-86b6-abef446a2764.780x439.jpg', 'https://s1.ljcdn.com/matrix_lianjia_pc/dist/pc/src/resource/default/780-439.png?_v=201906280941017d9', 'https://s1.ljcdn.com/matrix_lianjia_pc/dist/pc/src/resource/default/780-439.png?_v=201906280941017d9', 'https://s1.ljcdn.com/matrix_lianjia_pc/dist/pc/src/resource/default/780-439.png?_v=201906280941017d9', 'https://s1.ljcdn.com/matrix_lianjia_pc/dist/pc/src/resource/default/780-439.png?_v=201906280941017d9']",1个月前,随时入住,1~2年,随时可看,8/38层,有,暂无数据,民水,民电,有,暂无数据,"['公寓', '近地铁', '精装', '随时看房']","['2号线(蛇口线),5号线(环中线) - 黄贝岭', '497m', '5号线(环中线) - 怡景', '789m', '2号线(蛇口线) - 新秀', '1094m']",22.555308,114.146576
https://sz.lianjia.com/zufang/SZ2274521051268653056.html,宝安区,新安,雅然居 3室2厅 东南,6000元/月 ,租赁方式未知,3室2厅2卫,92㎡,朝东南,"['https://image1.ljcdn.com/440300-inspection/41969a00-d64e-4b9d-801d-836a05dcfc1f.jpg.780x439.jpg', 'https://s1.ljcdn.com/matrix_lianjia_pc/dist/pc/src/resource/default/780-439.png?_v=201906280941017d9', 'https://s1.ljcdn.com/matrix_lianjia_pc/dist/pc/src/resource/default/780-439.png?_v=201906280941017d9', 'https://s1.ljcdn.com/matrix_lianjia_pc/dist/pc/src/resource/default/780-439.png?_v=201906280941017d9', 'https://s1.ljcdn.com/matrix_lianjia_pc/dist/pc/src/resource/default/780-439.png?_v=201906280941017d9', 'https://s1.ljcdn.com/matrix_lianjia_pc/dist/pc/src/resource/default/780-439.png?_v=201906280941017d9', 'https://s1.ljcdn.com/matrix_lianjia_pc/dist/pc/src/resource/default/780-439.png?_v=201906280941017d9', 'https://s1.ljcdn.com/matrix_lianjia_pc/dist/pc/src/resource/default/780-439.png?_v=201906280941017d9']",22天前,随时入住,暂无数据,暂无数据,高楼层/18层,有,暂无数据,民水,民电,有,暂无数据,[],[],22.585066963183,113.89961643881
https://sz.lianjia.com/zufang/SZ2278290118282313728.html,南山区,前海,观峰阁 2室1厅 东南,5300元/月 ,租赁方式未知,2室1厅1卫,65㎡,朝东南,"['https://image1.ljcdn.com/440300-inspection/52223ff3-26ef-487b-be0b-a3c238a031cc.jpg.780x439.jpg', 'https://s1.ljcdn.com/matrix_lianjia_pc/dist/pc/src/resource/default/780-439.png?_v=201906280941017d9', 'https://s1.ljcdn.com/matrix_lianjia_pc/dist/pc/src/resource/default/780-439.png?_v=201906280941017d9', 'https://s1.ljcdn.com/matrix_lianjia_pc/dist/pc/src/resource/default/780-439.png?_v=201906280941017d9', 'https://s1.ljcdn.com/matrix_lianjia_pc/dist/pc/src/resource/default/780-439.png?_v=201906280941017d9']",16天前,随时入住,暂无数据,需提前预约,高楼层/8层,无,暂无数据,民水,民电,有,暂无数据,[],[],22.503052292456,113.90044996492
https://sz.lianjia.com/zufang/SZ2249888731605770240.html,宝安区,西乡,中粮锦云 3室1厅 东南,6500元/月 ,租赁方式未知,3室1厅2卫,85㎡,朝东南,"['https://image1.ljcdn.com/440300-inspection/prod-586fee4e-e5be-43d7-9cec-10eb10341a25.png.780x439.jpg', 'https://s1.ljcdn.com/matrix_lianjia_pc/dist/pc/src/resource/default/780-439.png?_v=201906280941017d9', 'https://s1.ljcdn.com/matrix_lianjia_pc/dist/pc/src/resource/default/780-439.png?_v=201906280941017d9', 'https://s1.ljcdn.com/matrix_lianjia_pc/dist/pc/src/resource/default/780-439.png?_v=201906280941017d9', 'https://s1.ljcdn.com/matrix_lianjia_pc/dist/pc/src/resource/default/780-439.png?_v=201906280941017d9', 'https://s1.ljcdn.com/matrix_lianjia_pc/dist/pc/src/resource/default/780-439.png?_v=201906280941017d9']",1个月前,随时入住,暂无数据,暂无数据,高楼层/31层,有,暂无数据,民水,民电,有,暂无数据,[],[],22.590524,113.893811
https://sz.lianjia.com/zufang/SZ2234838063325126656.html,南山区,前海,佳兆业前海广场二期 1室1厅 东南,6500元/月 ,租赁方式未知,1室1厅2卫,51㎡,朝东南,"['https://image1.ljcdn.com/440300-inspection/a19472b5-4ba8-4dc1-a226-8d8652d07928.jpg.780x439.jpg', 'https://s1.ljcdn.com/matrix_lianjia_pc/dist/pc/src/resource/default/780-439.png?_v=201906280941017d9', 'https://s1.ljcdn.com/matrix_lianjia_pc/dist/pc/src/resource/default/780-439.png?_v=201906280941017d9', 'https://s1.ljcdn.com/matrix_lianjia_pc/dist/pc/src/resource/default/780-439.png?_v=201906280941017d9', 'https://s1.ljcdn.com/matrix_lianjia_pc/dist/pc/src/resource/default/780-439.png?_v=201906280941017d9', 'https://s1.ljcdn.com/matrix_lianjia_pc/dist/pc/src/resource/default/780-439.png?_v=201906280941017d9', 'https://s1.ljcdn.com/matrix_lianjia_pc/dist/pc/src/resource/default/780-439.png?_v=201906280941017d9', 'https://s1.ljcdn.com/matrix_lianjia_pc/dist/pc/src/resource/default/780-439.png?_v=201906280941017d9', 'https://s1.ljcdn.com/matrix_lianjia_pc/dist/pc/src/resource/default/780-439.png?_v=201906280941017d9', 'https://s1.ljcdn.com/matrix_lianjia_pc/dist/pc/src/resource/default/780-439.png?_v=201906280941017d9', 'https://s1.ljcdn.com/matrix_lianjia_pc/dist/pc/src/resource/default/780-439.png?_v=201906280941017d9']",2个月前,随时入住,暂无数据,需提前预约,中楼层/22层,暂无数据,暂无数据,商水,商电,有,暂无数据,[],[],22.501877,113.892136
