房源地址,行政区,位置,标题,租金,租赁方式,户型,面积,朝向,图片列表,发布时间,入住时间,租期,看房时间,楼层,电梯,车位,用水,用电,燃气,采暖,标签,station,latitude,longtitude
https://sz.lianjia.com/zufang/SZ2288350008795471872.html,龙华区,上塘,整租·鸿荣源·尚峻 2室2厅 东南,5709元/月 (季付价),整租,2室2厅2卫,91㎡,朝东南,"['https://image1.ljcdn.com/rent-user-avatar/e9161279-3e73-439c-854b-1c23419d0c79.780x439.jpg', 'https://s1.ljcdn.com/matrix_lianjia_pc/dist/pc/src/resource/default/780-439.png?_v=201906280941017d9', 'https://s1.ljcdn.com/matrix_lianjia_pc/dist/pc/src/resource/default/780-439.png?_v=201906280941017d9', 'https://s1.ljcdn.com/matrix_lianjia_pc/dist/pc/src/resource/default/780-439.png?_v=201906280941017d9', 'https://s1.ljcdn.com/matrix_lianjia_pc/dist/pc/src/resource/default/780-439.png?_v=201906280941017d9', 'https://s1.ljcdn.com/matrix_lianjia_pc/dist/pc/src/resource/default/780-439.png?_v=201906280941017d9', 'https://s1.ljcdn.com/matrix_lianjia_pc/dist/pc/src/resource/default/780-439.png?_v=201906280941017d9']",3天前,随时入住,1~12个月,随时可看,25/26层,暂无数据,暂无数据,暂无数据,暂无数据,暂无数据,暂无数据,"['公寓', '月租', '近地铁', '精装', '押一付一', '双卫生间', '新上', '随时看房']","['4号线(龙华线) - 龙胜', '446m', '4号线(龙华线) - 上塘', '572m']",22.647465095155,114.01834430836
https://sz.lianjia.com/zufang/SZ2274387805067288576.html,宝安区,福永,整租·中粮凤凰里 4室2厅 东南,6300元/月 ,整租,4室2厅2卫,126㎡,朝东南,"['https://image1.ljcdn.com/440300-inspection/01d149fd-47d2-436c-874d-224698789a54.jpg.780x439.jpg', 'https://s1.ljcdn.com/matrix_lianjia_pc/dist/pc/src/resource/default/780-439.png?_v=201906280941017d9', 'https://s1.ljcdn.com/matrix_lianjia_pc/dist/pc/src/resource/default/780-439.png?_v=201906280941017d9', 'https://s1.ljcdn.com/matrix_lianjia_pc/dist/pc/src/resource/default/780-439.png?_v=201906280941017d9', 'https://s1.ljcdn.com/matrix_lianjia_pc/dist/pc/src/resource/default/780-439.png?_v=201906280941017d9', 'https://s1.ljcdn.com/matrix_lianjia_pc/dist/pc/src/resource/default/780-439.png?_v=201906280941017d9', 'https://s1.ljcdn.com/matrix_lianjia_pc/dist/pc/src/resource/default/780-439.png?_v=201906280941017d9', 'https://s1.ljcdn.com/matrix_lianjia_pc/dist/pc/src/resource/default/780-439.png?_v=201906280941017d9', 'https://s1.ljcdn.com/matrix_lianjia_pc/dist/pc/src/resource/default/780-439.png?_v=201906280941017d9', 'https://s1.ljcdn.com/matrix_lianjia_pc/dist/pc/src/resource/default/780-439.png?_v=201906280941017d9', 'https://s1.ljcdn.com/matrix_lianjia_pc/dist/pc/src/resource/default/780-439.png?_v=201906280941017d9']",22天前,随时入住,1年以内,需提前预约,中楼层/27层,有,租用车位,民水,民电,有,暂无数据,"['近地铁', '双卫生间', '随时看房']","['11号线 - 塘尾', '901m', '11号线 - 桥头', '965m']",22.699684,113.825962
https://sz.lianjia.com/zufang/SZ2280480877778059264.html,福田区,八卦岭,岭尚时代园 1室1厅 东南,5500元/月 ,租赁方式未知,1室1厅1卫,50㎡,朝东南,"['https://image1.ljcdn.com/440300-inspection/12ba0619-5406-4389-ac64-2e8f5a4b2214.jpg.780x439.jpg', 'https://s1.ljcdn.com/matrix_lianjia_pc/dist/pc/src/resource/default/780-439.png?_v=201906280941017d9', 'https://s1.ljcdn.com/matrix_lianjia_pc/dist/pc/src/resource/default/780-439.png?_v=201906280941017d9', 'https://s1.ljcdn.com/matrix_lianjia_pc/dist/pc/src/resource/default/780-439.png?_v=201906280941017d9', 'https://s1.ljcdn.com/matrix_lianjia_pc/dist/pc/src/resource/default/780-439.png?_v=201906280941017d9', 'https://s1.ljcdn.com/matrix_lianjia_pc/dist/pc/src/resource/default/780-439.png?_v=201906280941017d9', 'https://s1.ljcdn.com/matrix_lianjia_pc/dist/pc/src/resource/default/780-439.png?_v=201906280941017d9']",14天前,随时入住,暂无数据,需提前预约,中楼层/27层,有,暂无数据,民水,民电,有,暂无数据,['近地铁'],"['7号线 - 八卦岭', '511m', '7号线,9号线 - 红岭北', '746m', '9号线 - 泥岗', '931m']",22.570037,114.104632
https://sz.lianjia.com/zufang/SZ2170674381116940288.html,龙岗区,横岗,整租·麟恒中心广场一期 3室2厅 东南,5000元/月 (月付价),整租,3室2厅2卫,71㎡,朝东南,"['https://image1.ljcdn.com/440300-inspection/51c6835c-4cbd-4ed7-b1d5-15ffa95810c5.jpg.780x439.jpg', 'https://s1.ljcdn.com/matrix_lianjia_pc/dist/pc/src/resource/default/780-439.png?_v=201906280941017d9', 'https://s1.ljcdn.com/matrix_lianjia_pc/dist/pc/src/resource/default/780-439.png?_v=201906280941017d9', 'https://s1.ljcdn.com/matrix_lianjia_pc/dist/pc/src/resource/default/780-439.png?_v=201906280941017d9', 'https://s1.ljcdn.com/matrix_lianjia_pc/dist/pc/src/resource/default/780-439.png?_v=201906280941017d9', 'https://s1.ljcdn.com/matrix_lianjia_pc/dist/pc/src/resource/default/780-439.png?_v=201906280941017d9', 'https://s1.ljcdn.com/matrix_lianjia_pc/dist/pc/src/resource/default/780-439.png?_v=201906280941017d9', 'https://s1.ljcdn.com/matrix_lianjia_pc/dist/pc/src/resource/default/780-439.png?_v=201906280941017d9', 'https://s1.ljcdn.com/matrix_lianjia_pc/dist/pc/src/resource/default/780-439.png?_v=201906280941017d9', 'https://s1.ljcdn.com/matrix_lianjia_pc/dist/pc/src/resource/default/780-439.png?_v=201906280941017d9']",5个月前,随时入住,1~2年,暂无数据,中楼层/29层,有,暂无数据,民水,民电,有,暂无数据,"['近地铁', '精装', '双卫生间']","['3号线(龙岗线) - 六约', '640m', '3号线(龙岗线) - 塘坑', '670m']",22.643806,114.19315
https://sz.lianjia.com/zufang/SZ2288349034341212160.html,龙华区,上塘,整租·鸿荣源·尚峻 2室2厅 东南,5700元/月 (季付价),整租,2室2厅2卫,91㎡,朝东南,"['https://image1.ljcdn.com/rent-user-avatar/301af556-b872-4020-8a25-8acc26b795e5.780x439.jpg', 'https://s1.ljcdn.com/matrix_lianjia_pc/dist/pc/src/resource/default/780-439.png?_v=201906280941017d9', 'https://s1.ljcdn.com/matrix_lianjia_pc/dist/pc/src/resource/default/780-439.png?_v=201906280941017d9']",3天前,随时入住,1~12个月,随时可看,15/26层,暂无数据,暂无数据,暂无数据,暂无数据,暂无数据,暂无数据,"['公寓', '月租', '近地铁', '精装', '押一付一', '双卫生间', '新上', '随时看房']","['4号线(龙华线) - 龙胜', '446m', '4号线(龙华线) - 上塘', '572m']",22.647465095155,114.01834430836
https://sz.lianjia.com/zufang/SZ2288350034707881984.html,龙华区,上塘,整租·鸿荣源·尚峻 2室2厅 东南,5709元/月 (季付价),整租,2室2厅2卫,91㎡,朝东南,"['https://image1.ljcdn.com/rent-user-avatar/4ee7f43f-42d8-48bc-86b3-2985625b763a.780x439.jpg', 'https://s1.ljcdn.com/matrix_lianjia_pc/dist/pc/src/resource/default/780-439.png?_v=201906280941017d9', 'https://s1.ljcdn.com/matrix_lianjia_pc/dist/pc/src/resource/default/780-439.png?_v=201906280941017d9', 'https://s1.ljcdn.com/matrix_lianjia_pc/dist/pc/src/resource/default/780-439.png?_v=201906280941017d9', 'https://s1.ljcdn.com/matrix_lianjia_pc/dist/pc/src/resource/default/780-439.png?_v=201906280941017d9', 'https://s1.ljcdn.com/matrix_lianjia_pc/dist/pc/src/resource/default/780-439.png?_v=201906280941017d9', 'https://s1.ljcdn.com/matrix_lianjia_pc/dist/pc/src/resource/default/780-439.png?_v=201906280941017d9']",3天前,随时入住,1~12个月,随时可看,23/26层,暂无数据,暂无数据,暂无数据,暂无数据,暂无数据,暂无数据,"['公寓', '月租', '近地铁', '精装', '押一付一', '双卫生间', '新上', '随时看房']","['4号线(龙华线) - 龙胜', '446m', '4号线(龙华线) - 上塘', '572m']",22.647465095155,114.01834430836
https://sz.lianjia.com/zufang/SZ2143515599949799424.html,罗湖区,布心,麟腾苑二期 2室1厅 东南,5000元/月 ,租赁方式未知,2室1厅1卫,64㎡,朝东南,"['http://vrlab-image.ljcdn.com/release/auto3dhd/a3cbdf9829d0f61ef37315885b8ecc40/screenshot/1553998864_0/pc0_tPpfx3vir.jpg.q_70.jpg', 'https://s1.ljcdn.com/matrix_lianjia_pc/dist/pc/src/resource/default/780-439.png?_v=201906280941017d9', 'https://s1.ljcdn.com/matrix_lianjia_pc/dist/pc/src/resource/default/780-439.png?_v=201906280941017d9', 'https://s1.ljcdn.com/matrix_lianjia_pc/dist/pc/src/resource/default/780-439.png?_v=201906280941017d9']",6个月前,随时入住,暂无数据,需提前预约,中楼层/19层,有,暂无数据,民水,民电,有,暂无数据,"['近地铁', '随时看房']","['5号线(环中线) - 布心', '865m', '5号线(环中线),7号线 - 太安', '1007m']",22.584622,114.150524
https://sz.lianjia.com/zufang/SZ2273200387454402560.html,龙岗区,布吉水径,万科麓城一期 3室1厅 东南,5800元/月 ,租赁方式未知,3室1厅2卫,88㎡,朝东南,"['http://vrlab-image.ljcdn.com/release/auto3dhd/4077bfad4c83023ab008da50e2671a52/screenshot/1554091081_1/pc0_S9OH2BUWr.jpg.q_70.jpg', 'https://s1.ljcdn.com/matrix_lianjia_pc/dist/pc/src/resource/default/780-439.png?_v=201906280941017d9', 'https://s1.ljcdn.com/matrix_lianjia_pc/dist/pc/src/resource/default/780-439.png?_v=201906280941017d9', 'https://s1.ljcdn.com/matrix_lianjia_pc/dist/pc/src/resource/default/780-439.png?_v=201906280941017d9', 'https://s1.ljcdn.com/matrix_lianjia_pc/dist/pc/src/resource/default/780-439.png?_v=201906280941017d9', 'https://s1.ljcdn.com/matrix_lianjia_pc/dist/pc/src/resource/default/780-439.png?_v=201906280941017d9', 'https://s1.ljcdn.com/matrix_lianjia_pc/dist/pc/src/resource/default/780-439.png?_v=201906280941017d9', 'https://s1.ljcdn.com/matrix_lianjia_pc/dist/pc/src/resource/default/780-439.png?_v=201906280941017d9', 'https://s1.ljcdn.com/matrix_lianjia_pc/dist/pc/src/resource/default/780-439.png?_v=201906280941017d9', 'https://s1.ljcdn.com/matrix_lianjia_pc/dist/pc/src/resource/default/780-439.png?_v=201906280941017d9']",24天前,随时入住,暂无数据,需提前预约,高楼层/30层,有,暂无数据,民水,民电,有,暂无数据,"['近地铁', '随时看房']","['5号线(环中线) - 上水径', '81m', '5号线(环中线) - 下水径', '1155m']",22.631135,114.111333
https://sz.lianjia.com/zufang/SZ2284096371835543552.html,宝安区,福永,同和悦园 5室2厅 东南,6000元/月 ,租赁方式未知,5室2厅2卫,139㎡,朝东南,"['https://image1.ljcdn.com/440300-inspection/9e133a85-9b48-463e-aa35-2fe154b8c732.jpg.780x439.jpg', 'https://s1.ljcdn.com/matrix_lianjia_pc/dist/pc/src/resource/default/780-439.png?_v=201906280941017d9', 'https://s1.ljcdn.com/matrix_lianjia_pc/dist/pc/src/resource/default/780-439.png?_v=201906280941017d9', 'https://s1.ljcdn.com/matrix_lianjia_pc/dist/pc/src/resource/default/780-439.png?_v=201906280941017d9', 'https://s1.ljcdn.com/matrix_lianjia_pc/dist/pc/src/resource/default/780-439.png?_v=201906280941017d9', 'https://s1.ljcdn.com/matrix_lianjia_pc/dist/pc/src/resource/default/780-439.png?_v=201906280941017d9', 'https://s1.ljcdn.com/matrix_lianjia_pc/dist/pc/src/resource/default/780-439.png?_v=201906280941017d9', 'https://s1.ljcdn.com/matrix_lianjia_pc/dist/pc/src/resource/default/780-439.png?_v=201906280941017d9', 'https://s1.ljcdn.com/matrix_lianjia_pc/dist/pc/src/resource/default/780-439.png?_v=201906280941017d9', 'https://s1.ljcdn.com/matrix_lianjia_pc/dist/pc/src/resource/default/780-439.png?_v=201906280941017d9', 'https://s1.ljcdn.com/matrix_lianjia_pc/dist/pc/src/resource/default/780-439.png?_v=201906280941017d9', 'https://s1.ljcdn.com/matrix_lianjia_pc/dist/pc/src/resource/default/780-439.png?_v=201906280941017d9', 'https://s1.ljcdn.com/matrix_lianjia_pc/dist/pc/src/resource/default/780-439.png?_v=201906280941017d9']",9天前,随时入住,暂无数据,需提前预约,中楼层/24层,有,暂无数据,民水,民电,有,暂无数据,[],[],22.687628,113.837914
https://sz.lianjia.com/zufang/SZ2288350022058131456.html,龙华区,上塘,整租·鸿荣源·尚峻 2室2厅 东南,5709元/月 (季付价),整租,2室2厅2卫,91㎡,朝东南,"['https://image1.ljcdn.com/rent-user-avatar/48bfd6bd-0f7d-464a-b6da-419211c6bd67.780x439.jpg', 'https://s1.ljcdn.com/matrix_lianjia_pc/dist/pc/src/resource/default/780-439.png?_v=201906280941017d9', 'https://s1.ljcdn.com/matrix_lianjia_pc/dist/pc/src/resource/default/780-439.png?_v=201906280941017d9', 'https://s1.ljcdn.com/matrix_lianjia_pc/dist/pc/src/resource/default/780-439.png?_v=201906280941017d9', 'https://s1.ljcdn.com/matrix_lianjia_pc/dist/pc/src/resource/default/780-439.png?_v=201906280941017d9', 'https://s1.ljcdn.com/matrix_lianjia_pc/dist/pc/src/resource/default/780-439.png?_v=201906280941017d9', 'https://s1.ljcdn.com/matrix_lianjia_pc/dist/pc/src/resource/default/780-439.png?_v=201906280941017d9']",3天前,随时入住,1~12个月,随时可看,25/26层,暂无数据,暂无数据,暂无数据,暂无数据,暂无数据,暂无数据,"['公寓', '月租', '近地铁', '精装', '押一付一', '双卫生间', '新上', '随时看房']","['4号线(龙华线) - 龙胜', '446m', '4号线(龙华线) - 上塘', '572m']",22.647465095155,114.01834430836
https://sz.lianjia.com/zufang/SZ2238267233589526528.html,龙岗区,布吉石芽岭,整租·鸿荣源尚峰 4室2厅 东南,6200元/月 (月付价),整租,4室2厅2卫,116㎡,朝东南,"['https://image1.ljcdn.com/rent-user-avatar/0b80fce4-2593-43cd-bfd3-0772167764b2.780x439.jpg', 'https://s1.ljcdn.com/matrix_lianjia_pc/dist/pc/src/resource/default/780-439.png?_v=201906280941017d9', 'https://s1.ljcdn.com/matrix_lianjia_pc/dist/pc/src/resource/default/780-439.png?_v=201906280941017d9', 'https://s1.ljcdn.com/matrix_lianjia_pc/dist/pc/src/resource/default/780-439.png?_v=201906280941017d9', 'https://s1.ljcdn.com/matrix_lianjia_pc/dist/pc/src/resource/default/780-439.png?_v=201906280941017d9', 'https://s1.ljcdn.com/matrix_lianjia_pc/dist/pc/src/resource/default/780-439.png?_v=201906280941017d9', 'https://s1.ljcdn.com/matrix_lianjia_pc/dist/pc/src/resource/default/780-439.png?_v=201906280941017d9', 'https://s1.ljcdn.com/matrix_lianjia_pc/dist/pc/src/resource/default/780-439.png?_v=201906280941017d9', 'https://s1.ljcdn.com/matrix_lianjia_pc/dist/pc/src/resource/default/780-439.png?_v=201906280941017d9']",2个月前,随时入住,1年,随时可看,4/30层,有,暂无数据,民水,民电,有,暂无数据,"['精装', '双卫生间', '随时看房']",[],22.630611,114.144595
https://sz.lianjia.com/zufang/SZ2251482878595055616.html,南山区,前海,泛海拉菲花园 3室1厅 东南,7000元/月 ,租赁方式未知,3室1厅1卫,83㎡,朝东南,"['https://image1.ljcdn.com/440300-inspection/4e751ee4-5c46-4b87-b062-c23e8be799ad.jpg.780x439.jpg', 'https://s1.ljcdn.com/matrix_lianjia_pc/dist/pc/src/resource/default/780-439.png?_v=201906280941017d9', 'https://s1.ljcdn.com/matrix_lianjia_pc/dist/pc/src/resource/default/780-439.png?_v=201906280941017d9', 'https://s1.ljcdn.com/matrix_lianjia_pc/dist/pc/src/resource/default/780-439.png?_v=201906280941017d9', 'https://s1.ljcdn.com/matrix_lianjia_pc/dist/pc/src/resource/default/780-439.png?_v=201906280941017d9', 'https://s1.ljcdn.com/matrix_lianjia_pc/dist/pc/src/resource/default/780-439.png?_v=201906280941017d9']",1个月前,随时入住,暂无数据,需提前预约,中楼层/20层,有,暂无数据,民水,民电,有,暂无数据,[],[],22.5056340282,113.90066784016
https://sz.lianjia.com/zufang/SZ2262978884477919232.html,龙华区,上塘,特发和平里二期 3室2厅 东南,6200元/月 ,租赁方式未知,3室2厅1卫,88㎡,朝东南,"['https://image1.ljcdn.com/440300-inspection/5f854d0d-65cb-440c-a971-620936327256.jpg.780x439.jpg', 'https://s1.ljcdn.com/matrix_lianjia_pc/dist/pc/src/resource/default/780-439.png?_v=201906280941017d9', 'https://s1.ljcdn.com/matrix_lianjia_pc/dist/pc/src/resource/default/780-439.png?_v=201906280941017d9', 'https://s1.ljcdn.com/matrix_lianjia_pc/dist/pc/src/resource/default/780-439.png?_v=201906280941017d9', 'https://s1.ljcdn.com/matrix_lianjia_pc/dist/pc/src/resource/default/780-439.png?_v=201906280941017d9', 'https://s1.ljcdn.com/matrix_lianjia_pc/dist/pc/src/resource/default/780-439.png?_v=201906280941017d9', 'https://s1.ljcdn.com/matrix_lianjia_pc/dist/pc/src/resource/default/780-439.png?_v=201906280941017d9', 'https://s1.ljcdn.com/matrix_lianjia_pc/dist/pc/src/resource/default/780-439.png?_v=201906280941017d9', 'https://s1.ljcdn.com/matrix_lianjia_pc/dist/pc/src/resource/default/780-439.png?_v=201906280941017d9']",1个月前,随时入住,暂无数据,暂无数据,低楼层/49层,有,暂无数据,民水,民电,有,暂无数据,['近地铁'],"['4号线(龙华线) - 龙胜', '63m', '4号线(龙华线) - 上塘', '519m']",22.648238,114.01749
https://sz.lianjia.com/zufang/SZ2080053464393850880.html,龙岗区,大运新城,奥林华府 4室2厅 东南,5500元/月 ,租赁方式未知,4室2厅2卫,151㎡,朝东南,"['https://image1.ljcdn.com/440300-inspection/02ad7633-8059-4ddc-bc42-6c39cc436454.jpg.780x439.jpg', 'https://s1.ljcdn.com/matrix_lianjia_pc/dist/pc/src/resource/default/780-439.png?_v=201906280941017d9', 'https://s1.ljcdn.com/matrix_lianjia_pc/dist/pc/src/resource/default/780-439.png?_v=201906280941017d9', 'https://s1.ljcdn.com/matrix_lianjia_pc/dist/pc/src/resource/default/780-439.png?_v=201906280941017d9', 'https://s1.ljcdn.com/matrix_lianjia_pc/dist/pc/src/resource/default/780-439.png?_v=201906280941017d9', 'https://s1.ljcdn.com/matrix_lianjia_pc/dist/pc/src/resource/default/780-439.png?_v=201906280941017d9', 'https://s1.ljcdn.com/matrix_lianjia_pc/dist/pc/src/resource/default/780-439.png?_v=201906280941017d9', 'https://s1.ljcdn.com/matrix_lianjia_pc/dist/pc/src/resource/default/780-439.png?_v=201906280941017d9', 'https://s1.ljcdn.com/matrix_lianjia_pc/dist/pc/src/resource/default/780-439.png?_v=201906280941017d9', 'https://s1.ljcdn.com/matrix_lianjia_pc/dist/pc/src/resource/default/780-439.png?_v=201906280941017d9', 'https://s1.ljcdn.com/matrix_lianjia_pc/dist/pc/src/resource/default/780-439.png?_v=201906280941017d9']",9个月前,暂无数据,暂无数据,暂无数据,高楼层/25层,有,暂无数据,民水,民电,有,暂无数据,[],[],22.71007,114.226858
https://sz.lianjia.com/zufang/SZ2205659996564766720.html,罗湖区,地王,整租·华讯中心 3室1厅 LOFT 东南,7000元/月 (月付价),整租,3室1厅1卫,56㎡,朝东南,"['https://image1.ljcdn.com/rent-user-avatar/055b9771-62e5-4edf-b14e-da8ba43a2554.780x439.jpg', 'https://s1.ljcdn.com/matrix_lianjia_pc/dist/pc/src/resource/default/780-439.png?_v=201906280941017d9', 'https://s1.ljcdn.com/matrix_lianjia_pc/dist/pc/src/resource/default/780-439.png?_v=201906280941017d9', 'https://s1.ljcdn.com/matrix_lianjia_pc/dist/pc/src/resource/default/780-439.png?_v=201906280941017d9', 'https://s1.ljcdn.com/matrix_lianjia_pc/dist/pc/src/resource/default/780-439.png?_v=201906280941017d9', 'https://s1.ljcdn.com/matrix_lianjia_pc/dist/pc/src/resource/default/780-439.png?_v=201906280941017d9', 'https://s1.ljcdn.com/matrix_lianjia_pc/dist/pc/src/resource/default/780-439.png?_v=201906280941017d9', 'https://s1.ljcdn.com/matrix_lianjia_pc/dist/pc/src/resource/default/780-439.png?_v=201906280941017d9', 'https://s1.ljcdn.com/matrix_lianjia_pc/dist/pc/src/resource/default/780-439.png?_v=201906280941017d9']",3个月前,随时入住,1年,随时可看,39/60层,暂无数据,免费使用,暂无数据,暂无数据,暂无数据,自采暖,"['精装', '随时看房']",[],22.555089,114.116351
https://sz.lianjia.com/apartment/17168.html,,,卓寓 · 润达圆庭C栋,"
卓寓 · 润达圆庭C栋

          1755元/月起

",,,,,"['https://image1.ljcdn.com/rent-user-avatar/b44c0f1c-e290-41a8-b290-f2793f3a0959.1150x.jpg', 'https://s1.ljcdn.com/matrix_lianjia_pc/dist/pc/src/resource/default/1150-450.png?_v=201906280941017d9', 'https://s1.ljcdn.com/matrix_lianjia_pc/dist/pc/src/resource/default/1150-450.png?_v=201906280941017d9', 'https://s1.ljcdn.com/matrix_lianjia_pc/dist/pc/src/resource/default/1150-450.png?_v=201906280941017d9']",,,,,,,,,,,,,[],22.631407,114.027892
https://sz.lianjia.com/zufang/SZ2264951940989591552.html,罗湖区,万象城,城市天地广场 1室1厅 东南,6200元/月 ,租赁方式未知,1室1厅1卫,50㎡,朝东南,"['http://vrlab-image.ljcdn.com/release/vradmin/1000000020301217/images/ef637298-64ce-417c-86e7-389f78c4980d.png.q_70.jpg', 'https://s1.ljcdn.com/matrix_lianjia_pc/dist/pc/src/resource/default/780-439.png?_v=201906280941017d9', 'https://s1.ljcdn.com/matrix_lianjia_pc/dist/pc/src/resource/default/780-439.png?_v=201906280941017d9', 'https://s1.ljcdn.com/matrix_lianjia_pc/dist/pc/src/resource/default/780-439.png?_v=201906280941017d9', 'https://s1.ljcdn.com/matrix_lianjia_pc/dist/pc/src/resource/default/780-439.png?_v=201906280941017d9', 'https://s1.ljcdn.com/matrix_lianjia_pc/dist/pc/src/resource/default/780-439.png?_v=201906280941017d9', 'https://s1.ljcdn.com/matrix_lianjia_pc/dist/pc/src/resource/default/780-439.png?_v=201906280941017d9', 'https://s1.ljcdn.com/matrix_lianjia_pc/dist/pc/src/resource/default/780-439.png?_v=201906280941017d9']",1个月前,随时入住,暂无数据,需提前预约,中楼层/41层,有,暂无数据,民水,民电,无,暂无数据,"['近地铁', '随时看房']","['1号线(罗宝线) - 国贸', '517m', '9号线 - 鹿丹村', '646m', '1号线(罗宝线),2号线(蛇口线) - 大剧院', '802m', '9号线 - 人民南', '843m', '1号线(罗宝线),3号线(龙岗线) - 老街', '893m', '9号线 - 红岭南', '987m', '1号线(罗宝线) - 罗湖', '1013m']",22.54421,114.120013
https://sz.lianjia.com/zufang/SZ2252922650768973824.html,南山区,蛇口,整租·四海小区 3室1厅 东南,6800元/月 ,整租,3室1厅1卫,76㎡,朝东南,"['https://image1.ljcdn.com/440300-inspection/e2d9daa6-4c4b-44eb-90f8-317e5f7a9291.jpg.780x439.jpg', 'https://s1.ljcdn.com/matrix_lianjia_pc/dist/pc/src/resource/default/780-439.png?_v=201906280941017d9', 'https://s1.ljcdn.com/matrix_lianjia_pc/dist/pc/src/resource/default/780-439.png?_v=201906280941017d9', 'https://s1.ljcdn.com/matrix_lianjia_pc/dist/pc/src/resource/default/780-439.png?_v=201906280941017d9', 'https://s1.ljcdn.com/matrix_lianjia_pc/dist/pc/src/resource/default/780-439.png?_v=201906280941017d9', 'https://s1.ljcdn.com/matrix_lianjia_pc/dist/pc/src/resource/default/780-439.png?_v=201906280941017d9', 'https://s1.ljcdn.com/matrix_lianjia_pc/dist/pc/src/resource/default/780-439.png?_v=201906280941017d9', 'https://s1.ljcdn.com/matrix_lianjia_pc/dist/pc/src/resource/default/780-439.png?_v=201906280941017d9']",1个月前,随时入住,暂无数据,需提前预约,高楼层/6层,无,暂无数据,民水,民电,无,暂无数据,['随时看房'],[],22.506260147344,113.93158419891
https://sz.lianjia.com/zufang/SZ2276532446503632896.html,南山区,前海,山语海 2室2厅 东南,7000元/月 ,租赁方式未知,2室2厅1卫,80㎡,朝东南,"['https://image1.ljcdn.com/440300-inspection/13a6a800-5c3f-4867-a2bc-9962132ba96f.jpg.780x439.jpg', 'https://s1.ljcdn.com/matrix_lianjia_pc/dist/pc/src/resource/default/780-439.png?_v=201906280941017d9', 'https://s1.ljcdn.com/matrix_lianjia_pc/dist/pc/src/resource/default/780-439.png?_v=201906280941017d9', 'https://s1.ljcdn.com/matrix_lianjia_pc/dist/pc/src/resource/default/780-439.png?_v=201906280941017d9', 'https://s1.ljcdn.com/matrix_lianjia_pc/dist/pc/src/resource/default/780-439.png?_v=201906280941017d9', 'https://s1.ljcdn.com/matrix_lianjia_pc/dist/pc/src/resource/default/780-439.png?_v=201906280941017d9', 'https://s1.ljcdn.com/matrix_lianjia_pc/dist/pc/src/resource/default/780-439.png?_v=201906280941017d9']",13天前,随时入住,暂无数据,暂无数据,中楼层/17层,有,暂无数据,暂无数据,暂无数据,有,暂无数据,['随时看房'],[],22.490612,113.898708
https://sz.lianjia.com/zufang/SZ2272888974542643200.html,南山区,蛇口,整租·水湾1979二期 1室1厅 东南,5800元/月 (月付价),整租,1室1厅1卫,46㎡,朝东南,"['https://image1.ljcdn.com/rent-user-avatar/751908a6-f654-4077-8d41-add581180fff.780x439.jpg', 'https://s1.ljcdn.com/matrix_lianjia_pc/dist/pc/src/resource/default/780-439.png?_v=201906280941017d9', 'https://s1.ljcdn.com/matrix_lianjia_pc/dist/pc/src/resource/default/780-439.png?_v=201906280941017d9', 'https://s1.ljcdn.com/matrix_lianjia_pc/dist/pc/src/resource/default/780-439.png?_v=201906280941017d9', 'https://s1.ljcdn.com/matrix_lianjia_pc/dist/pc/src/resource/default/780-439.png?_v=201906280941017d9', 'https://s1.ljcdn.com/matrix_lianjia_pc/dist/pc/src/resource/default/780-439.png?_v=201906280941017d9', 'https://s1.ljcdn.com/matrix_lianjia_pc/dist/pc/src/resource/default/780-439.png?_v=201906280941017d9', 'https://s1.ljcdn.com/matrix_lianjia_pc/dist/pc/src/resource/default/780-439.png?_v=201906280941017d9', 'https://s1.ljcdn.com/matrix_lianjia_pc/dist/pc/src/resource/default/780-439.png?_v=201906280941017d9', 'https://s1.ljcdn.com/matrix_lianjia_pc/dist/pc/src/resource/default/780-439.png?_v=201906280941017d9', 'https://s1.ljcdn.com/matrix_lianjia_pc/dist/pc/src/resource/default/780-439.png?_v=201906280941017d9', 'https://s1.ljcdn.com/matrix_lianjia_pc/dist/pc/src/resource/default/780-439.png?_v=201906280941017d9', 'https://s1.ljcdn.com/matrix_lianjia_pc/dist/pc/src/resource/default/780-439.png?_v=201906280941017d9', 'https://s1.ljcdn.com/matrix_lianjia_pc/dist/pc/src/resource/default/780-439.png?_v=201906280941017d9']",24天前,随时入住,1年,需提前预约,28/38层,暂无数据,暂无数据,暂无数据,暂无数据,无,暂无数据,"['公寓', '近地铁', '精装']","['2号线(蛇口线) - 水湾', '17m', '2号线(蛇口线) - 海上世界', '593m']",22.496155,113.925438
https://sz.lianjia.com/zufang/SZ2288363908131995648.html,龙华区,上塘,整租·鸿荣源·尚峻 3室2厅 LOFT 东南,5750元/月 (季付价),整租,3室2厅2卫,91㎡,朝 东南,"['https://image1.ljcdn.com/rent-user-avatar/322f1889-43bd-48a1-9644-5156ac2a34f5.780x439.jpg', 'https://s1.ljcdn.com/matrix_lianjia_pc/dist/pc/src/resource/default/780-439.png?_v=201906280941017d9', 'https://s1.ljcdn.com/matrix_lianjia_pc/dist/pc/src/resource/default/780-439.png?_v=201906280941017d9', 'https://s1.ljcdn.com/matrix_lianjia_pc/dist/pc/src/resource/default/780-439.png?_v=201906280941017d9', 'https://s1.ljcdn.com/matrix_lianjia_pc/dist/pc/src/resource/default/780-439.png?_v=201906280941017d9', 'https://s1.ljcdn.com/matrix_lianjia_pc/dist/pc/src/resource/default/780-439.png?_v=201906280941017d9', 'https://s1.ljcdn.com/matrix_lianjia_pc/dist/pc/src/resource/default/780-439.png?_v=201906280941017d9']",3天前,随时入住,1年,随时可看,18/26层,暂无数据,暂无数据,暂无数据,暂无数据,暂无数据,暂无数据,"['公寓', '近地铁', '精装', '双卫生间', '新上', '随时看房']","['4号线(龙华线) - 龙胜', '446m', '4号线(龙华线) - 上塘', '572m']",22.647465095155,114.01834430836
https://sz.lianjia.com/zufang/SZ2278670668717899776.html,宝安区,西乡,贤基大厦 3室2厅 东南,5400元/月 ,租赁方式未知,3室2厅1卫,97㎡,朝东南,"['https://image1.ljcdn.com/440300-inspection/20eafb54-d970-4d0c-bb02-9a816dc69830.jpg.780x439.jpg', 'https://s1.ljcdn.com/matrix_lianjia_pc/dist/pc/src/resource/default/780-439.png?_v=201906280941017d9', 'https://s1.ljcdn.com/matrix_lianjia_pc/dist/pc/src/resource/default/780-439.png?_v=201906280941017d9', 'https://s1.ljcdn.com/matrix_lianjia_pc/dist/pc/src/resource/default/780-439.png?_v=201906280941017d9', 'https://s1.ljcdn.com/matrix_lianjia_pc/dist/pc/src/resource/default/780-439.png?_v=201906280941017d9', 'https://s1.ljcdn.com/matrix_lianjia_pc/dist/pc/src/resource/default/780-439.png?_v=201906280941017d9', 'https://s1.ljcdn.com/matrix_lianjia_pc/dist/pc/src/resource/default/780-439.png?_v=201906280941017d9']",16天前,随时入住,暂无数据,需提前预约,中楼层/8层,无,暂无数据,民水,民电,有,暂无数据,[],[],22.582835,113.893492
https://sz.lianjia.com/zufang/SZ2283164163520077824.html,南山区,蛇口,花园城一期 1室1厅 东南,6100元/月 ,租赁方式未知,1室1厅1卫,45㎡,朝东南,"['https://image1.ljcdn.com/440300-inspection/28a44c27-bb3b-4a93-a67d-272842a46aca.jpg.780x439.jpg', 'https://s1.ljcdn.com/matrix_lianjia_pc/dist/pc/src/resource/default/780-439.png?_v=201906280941017d9', 'https://s1.ljcdn.com/matrix_lianjia_pc/dist/pc/src/resource/default/780-439.png?_v=201906280941017d9', 'https://s1.ljcdn.com/matrix_lianjia_pc/dist/pc/src/resource/default/780-439.png?_v=201906280941017d9', 'https://s1.ljcdn.com/matrix_lianjia_pc/dist/pc/src/resource/default/780-439.png?_v=201906280941017d9']",10天前,随时入住,暂无数据,需提前预约,低楼层/12层,有,暂无数据,民水,民电,有,暂无数据,['随时看房'],[],22.508615,113.928784
https://sz.lianjia.com/zufang/SZ2267153315916169216.html,南山区,蛇口,花园城一期 2室1厅 东南,8000元/月 ,租赁方式未知,2室1厅1卫,75㎡,朝东南,"['https://image1.ljcdn.com/440300-inspection/2e72b24a-d9a9-4dcb-9e8d-aec426cea7b2.jpg.780x439.jpg', 'https://s1.ljcdn.com/matrix_lianjia_pc/dist/pc/src/resource/default/780-439.png?_v=201906280941017d9', 'https://s1.ljcdn.com/matrix_lianjia_pc/dist/pc/src/resource/default/780-439.png?_v=201906280941017d9', 'https://s1.ljcdn.com/matrix_lianjia_pc/dist/pc/src/resource/default/780-439.png?_v=201906280941017d9', 'https://s1.ljcdn.com/matrix_lianjia_pc/dist/pc/src/resource/default/780-439.png?_v=201906280941017d9', 'https://s1.ljcdn.com/matrix_lianjia_pc/dist/pc/src/resource/default/780-439.png?_v=201906280941017d9']",1个月前,随时入住,暂无数据,需提前预约,高楼层/15层,有,暂无数据,民水,民电,有,暂无数据,[],[],22.508615,113.928784
https://sz.lianjia.com/zufang/SZ2288361808589242368.html,龙华区,上塘,整租·鸿荣源·尚峻 3室2厅 LOFT 东南,5799元/月 (季付价),整租,3室2厅2卫,91㎡,朝 东南,"['https://image1.ljcdn.com/rent-user-avatar/f2c7eb55-8f5b-4748-9113-a7c7dd5c33f0.780x439.jpg', 'https://s1.ljcdn.com/matrix_lianjia_pc/dist/pc/src/resource/default/780-439.png?_v=201906280941017d9', 'https://s1.ljcdn.com/matrix_lianjia_pc/dist/pc/src/resource/default/780-439.png?_v=201906280941017d9', 'https://s1.ljcdn.com/matrix_lianjia_pc/dist/pc/src/resource/default/780-439.png?_v=201906280941017d9', 'https://s1.ljcdn.com/matrix_lianjia_pc/dist/pc/src/resource/default/780-439.png?_v=201906280941017d9', 'https://s1.ljcdn.com/matrix_lianjia_pc/dist/pc/src/resource/default/780-439.png?_v=201906280941017d9', 'https://s1.ljcdn.com/matrix_lianjia_pc/dist/pc/src/resource/default/780-439.png?_v=201906280941017d9']",3天前,随时入住,1年,随时可看,18/26层,暂无数据,暂无数据,暂无数据,暂无数据,暂无数据,暂无数据,"['公寓', '近地铁', '精装', '双卫生间', '新上', '随时看房']","['4号线(龙华线) - 龙胜', '446m', '4号线(龙华线) - 上塘', '572m']",22.647465095155,114.01834430836
https://sz.lianjia.com/zufang/SZ2273108322507038720.html,罗湖区,黄贝岭,整租·靖轩豪苑 2室1厅 东南,6500元/月 (月付价),整租,2室1厅1卫,72㎡,朝东南,"['https://image1.ljcdn.com/rent-user-avatar/00446636-efc7-4d11-90b8-8bce786ef6eb.780x439.jpg', 'https://s1.ljcdn.com/matrix_lianjia_pc/dist/pc/src/resource/default/780-439.png?_v=201906280941017d9', 'https://s1.ljcdn.com/matrix_lianjia_pc/dist/pc/src/resource/default/780-439.png?_v=201906280941017d9', 'https://s1.ljcdn.com/matrix_lianjia_pc/dist/pc/src/resource/default/780-439.png?_v=201906280941017d9', 'https://s1.ljcdn.com/matrix_lianjia_pc/dist/pc/src/resource/default/780-439.png?_v=201906280941017d9', 'https://s1.ljcdn.com/matrix_lianjia_pc/dist/pc/src/resource/default/780-439.png?_v=201906280941017d9', 'https://s1.ljcdn.com/matrix_lianjia_pc/dist/pc/src/resource/default/780-439.png?_v=201906280941017d9', 'https://s1.ljcdn.com/matrix_lianjia_pc/dist/pc/src/resource/default/780-439.png?_v=201906280941017d9']",24天前,随时入住,1年,随时可看,19/32层,暂无数据,暂无数据,暂无数据,暂无数据,暂无数据,暂无数据,"['公寓', '精装', '随时看房']",[],22.55407,114.14559
https://sz.lianjia.com/zufang/SZ2258562265656082432.html,龙华区,上塘,中海锦城 3室2厅 东南/南,7000元/月 ,租赁方式未知,3室2厅1卫,79㎡,朝东南 南,"['https://image1.ljcdn.com/440300-inspection/23698846-ecd0-4369-a914-204ce57193d8.jpg.780x439.jpg', 'https://s1.ljcdn.com/matrix_lianjia_pc/dist/pc/src/resource/default/780-439.png?_v=201906280941017d9', 'https://s1.ljcdn.com/matrix_lianjia_pc/dist/pc/src/resource/default/780-439.png?_v=201906280941017d9', 'https://s1.ljcdn.com/matrix_lianjia_pc/dist/pc/src/resource/default/780-439.png?_v=201906280941017d9', 'https://s1.ljcdn.com/matrix_lianjia_pc/dist/pc/src/resource/default/780-439.png?_v=201906280941017d9', 'https://s1.ljcdn.com/matrix_lianjia_pc/dist/pc/src/resource/default/780-439.png?_v=201906280941017d9', 'https://s1.ljcdn.com/matrix_lianjia_pc/dist/pc/src/resource/default/780-439.png?_v=201906280941017d9', 'https://s1.ljcdn.com/matrix_lianjia_pc/dist/pc/src/resource/default/780-439.png?_v=201906280941017d9', 'https://s1.ljcdn.com/matrix_lianjia_pc/dist/pc/src/resource/default/780-439.png?_v=201906280941017d9', 'https://s1.ljcdn.com/matrix_lianjia_pc/dist/pc/src/resource/default/780-439.png?_v=201906280941017d9', 'https://s1.ljcdn.com/matrix_lianjia_pc/dist/pc/src/resource/default/780-439.png?_v=201906280941017d9']",29天前,随时入住,暂无数据,需提前预约,高楼层/48层,有,暂无数据,民水,民电,有,暂无数据,['近地铁'],"['4号线(龙华线) - 上塘', '15m', '4号线(龙华线) - 龙胜', '912m']",22.643385,114.020544
https://sz.lianjia.com/zufang/SZ2282338604896493568.html,宝安区,西乡,招商果岭花园 3室2厅 东南,6700元/月 ,租赁方式未知,3室2厅2卫,86㎡,朝东南,"['https://image1.ljcdn.com/440300-inspection/69292c84-0201-4fb2-9581-9bbf1a1e7c01.jpg.780x439.jpg', 'https://s1.ljcdn.com/matrix_lianjia_pc/dist/pc/src/resource/default/780-439.png?_v=201906280941017d9', 'https://s1.ljcdn.com/matrix_lianjia_pc/dist/pc/src/resource/default/780-439.png?_v=201906280941017d9', 'https://s1.ljcdn.com/matrix_lianjia_pc/dist/pc/src/resource/default/780-439.png?_v=201906280941017d9', 'https://s1.ljcdn.com/matrix_lianjia_pc/dist/pc/src/resource/default/780-439.png?_v=201906280941017d9', 'https://s1.ljcdn.com/matrix_lianjia_pc/dist/pc/src/resource/default/780-439.png?_v=201906280941017d9', 'https://s1.ljcdn.com/matrix_lianjia_pc/dist/pc/src/resource/default/780-439.png?_v=201906280941017d9', 'https://s1.ljcdn.com/matrix_lianjia_pc/dist/pc/src/resource/default/780-439.png?_v=201906280941017d9', 'https://s1.ljcdn.com/matrix_lianjia_pc/dist/pc/src/resource/default/780-439.png?_v=201906280941017d9']",11天前,随时入住,暂无数据,一般下班后可看,低楼层/30层,有,暂无数据,民水,民电,有,暂无数据,[],"['1号线(罗宝线) - 西乡', '1128m']",22.590760100301,113.8647186291
https://sz.lianjia.com/zufang/SZ2259252910011990016.html,宝安区,西乡,满京华云晓公馆 2室2厅 东南,5000元/月 ,租赁方式未知,2室2厅1卫,74㎡,朝东南,"['https://image1.ljcdn.com/440300-inspection/205ae012-1f6a-4093-80ea-f5ef082e04b8.jpg.780x439.jpg', 'https://s1.ljcdn.com/matrix_lianjia_pc/dist/pc/src/resource/default/780-439.png?_v=201906280941017d9', 'https://s1.ljcdn.com/matrix_lianjia_pc/dist/pc/src/resource/default/780-439.png?_v=201906280941017d9', 'https://s1.ljcdn.com/matrix_lianjia_pc/dist/pc/src/resource/default/780-439.png?_v=201906280941017d9', 'https://s1.ljcdn.com/matrix_lianjia_pc/dist/pc/src/resource/default/780-439.png?_v=201906280941017d9', 'https://s1.ljcdn.com/matrix_lianjia_pc/dist/pc/src/resource/default/780-439.png?_v=201906280941017d9']",1个月前,随时入住,暂无数据,需提前预约,中楼层/28层,暂无数据,暂无数据,暂无数据,暂无数据,暂无数据,暂无数据,['随时看房'],[],22.643196,113.846645
https://sz.lianjia.com/zufang/SZ2275783585082916864.html,罗湖区,春风路,国际名园 1室1厅 东南,5600元/月 ,租赁方式未知,1室1厅1卫,53㎡,朝东南,"['https://image1.ljcdn.com/440300-inspection/b870e0b3-a00f-49cf-bc5d-e1fb6b9d73b8.jpg.780x439.jpg', 'https://s1.ljcdn.com/matrix_lianjia_pc/dist/pc/src/resource/default/780-439.png?_v=201906280941017d9', 'https://s1.ljcdn.com/matrix_lianjia_pc/dist/pc/src/resource/default/780-439.png?_v=201906280941017d9', 'https://s1.ljcdn.com/matrix_lianjia_pc/dist/pc/src/resource/default/780-439.png?_v=201906280941017d9', 'https://s1.ljcdn.com/matrix_lianjia_pc/dist/pc/src/resource/default/780-439.png?_v=201906280941017d9', 'https://s1.ljcdn.com/matrix_lianjia_pc/dist/pc/src/resource/default/780-439.png?_v=201906280941017d9']",20天前,2019-07-06,暂无数据,暂无数据,中楼层/31层,有,暂无数据,民水,民电,有,暂无数据,['近地铁'],"['9号线 - 向西村', '271m', '1号线(罗宝线) - 国贸', '532m', '9号线 - 人民南', '705m', '2号线(蛇口线) - 湖贝', '818m', '1号线(罗宝线) - 罗湖', '922m', '1号线(罗宝线),3号线(龙岗线) - 老街', '1040m', '9号线 - 文锦', '1104m', '3号线(龙岗线) - 晒布', '1148m']",22.54513231643,114.12990035941
