房源地址,行政区,位置,标题,租金,租赁方式,户型,面积,朝向,图片列表,发布时间,入住时间,租期,看房时间,楼层,电梯,车位,用水,用电,燃气,采暖,标签,station,latitude,longtitude
https://sz.lianjia.com/zufang/SZ2280918039681835008.html,宝安区,新安,中粮天悦壹号 3室2厅 东南,8000元/月 ,租赁方式未知,3室2厅2卫,89㎡,朝东南,"['https://image1.ljcdn.com/440300-inspection/00bc4a0e-e3a8-4936-ac01-e1ab2e5a6d14.jpg.780x439.jpg', 'https://s1.ljcdn.com/matrix_lianjia_pc/dist/pc/src/resource/default/780-439.png?_v=201906280941017d9', 'https://s1.ljcdn.com/matrix_lianjia_pc/dist/pc/src/resource/default/780-439.png?_v=201906280941017d9', 'https://s1.ljcdn.com/matrix_lianjia_pc/dist/pc/src/resource/default/780-439.png?_v=201906280941017d9', 'https://s1.ljcdn.com/matrix_lianjia_pc/dist/pc/src/resource/default/780-439.png?_v=201906280941017d9', 'https://s1.ljcdn.com/matrix_lianjia_pc/dist/pc/src/resource/default/780-439.png?_v=201906280941017d9', 'https://s1.ljcdn.com/matrix_lianjia_pc/dist/pc/src/resource/default/780-439.png?_v=201906280941017d9', 'https://s1.ljcdn.com/matrix_lianjia_pc/dist/pc/src/resource/default/780-439.png?_v=201906280941017d9', 'https://s1.ljcdn.com/matrix_lianjia_pc/dist/pc/src/resource/default/780-439.png?_v=201906280941017d9']",13天前,随时入住,暂无数据,需提前预约,高楼层/45层,暂无数据,暂无数据,民水,民电,有,暂无数据,[],"['5号线(环中线) - 洪浪北', '857m']",22.576451,113.919485
https://sz.lianjia.com/zufang/SZ2230237535471681536.html,龙岗区,布吉南岭,恒大国香山 3室2厅 东南,6000元/月 ,租赁方式未知,3室2厅2卫,87㎡,朝东南,"['https://image1.ljcdn.com/440300-inspection/test-81998ec3-4876-40dd-bcd5-09675328a011.png.780x439.jpg', 'https://s1.ljcdn.com/matrix_lianjia_pc/dist/pc/src/resource/default/780-439.png?_v=201906280941017d9', 'https://s1.ljcdn.com/matrix_lianjia_pc/dist/pc/src/resource/default/780-439.png?_v=201906280941017d9', 'https://s1.ljcdn.com/matrix_lianjia_pc/dist/pc/src/resource/default/780-439.png?_v=201906280941017d9', 'https://s1.ljcdn.com/matrix_lianjia_pc/dist/pc/src/resource/default/780-439.png?_v=201906280941017d9']",2个月前,随时入住,暂无数据,需提前预约,中楼层/41层,有,暂无数据,民水,民电,有,暂无数据,[],[],22.620217,114.170585
https://sz.lianjia.com/zufang/SZ2280410890472275968.html,罗湖区,春风路,云峰花园 3室1厅 东南,8000元/月 ,租赁方式未知,3室1厅1卫,106㎡,朝东南,"['https://image1.ljcdn.com/440300-inspection/prod-e5a5d9f3-eb76-49f9-8b6d-95ce3d3e481b.jpg.780x439.jpg', 'https://s1.ljcdn.com/matrix_lianjia_pc/dist/pc/src/resource/default/780-439.png?_v=201906280941017d9', 'https://s1.ljcdn.com/matrix_lianjia_pc/dist/pc/src/resource/default/780-439.png?_v=201906280941017d9', 'https://s1.ljcdn.com/matrix_lianjia_pc/dist/pc/src/resource/default/780-439.png?_v=201906280941017d9', 'https://s1.ljcdn.com/matrix_lianjia_pc/dist/pc/src/resource/default/780-439.png?_v=201906280941017d9', 'https://s1.ljcdn.com/matrix_lianjia_pc/dist/pc/src/resource/default/780-439.png?_v=201906280941017d9']",14天前,随时入住,暂无数据,需提前预约,高楼层/33层,有,暂无数据,民水,民电,有,暂无数据,"['近地铁', '随时看房']","['9号线 - 向西村', '294m', '1号线(罗宝线) - 国贸', '481m', '9号线 - 人民南', '678m', '2号线(蛇口线) - 湖贝', '886m', '1号线(罗宝线) - 罗湖', '911m', '1号线(罗宝线),3号线(龙岗线) - 老街', '992m', '9号线 - 文锦', '1142m']",22.544571503847,114.129376526
https://sz.lianjia.com/zufang/SZ2228901158637289472.html,龙华区,上塘,潜龙曼海宁花园北区 3室1厅 东南,6500元/月 ,租赁方式未知,3室1厅2卫,89㎡,朝东南,"['https://image1.ljcdn.com/440300-inspection/test-1bdcad12-5ddd-4da4-aa49-e118a5c3da50.png.780x439.jpg', 'https://s1.ljcdn.com/matrix_lianjia_pc/dist/pc/src/resource/default/780-439.png?_v=201906280941017d9', 'https://s1.ljcdn.com/matrix_lianjia_pc/dist/pc/src/resource/default/780-439.png?_v=201906280941017d9', 'https://s1.ljcdn.com/matrix_lianjia_pc/dist/pc/src/resource/default/780-439.png?_v=201906280941017d9', 'https://s1.ljcdn.com/matrix_lianjia_pc/dist/pc/src/resource/default/780-439.png?_v=201906280941017d9', 'https://s1.ljcdn.com/matrix_lianjia_pc/dist/pc/src/resource/default/780-439.png?_v=201906280941017d9']",1个月前,随时入住,暂无数据,需提前预约,高楼层/28层,暂无数据,暂无数据,民水,民电,无,暂无数据,['近地铁'],"['4号线(龙华线) - 上塘', '411m', '4号线(龙华线) - 龙胜', '549m']",22.647034026016,114.01548500071
https://sz.lianjia.com/zufang/SZ2263452621257834496.html,福田区,新洲,整租·新洲大厦 3室2厅 东南,7900元/月 (季付价),整租,3室2厅1卫,92㎡,朝东南,"['https://image1.ljcdn.com/440300-inspection/2b850bef-1cae-4585-a604-4fd331952eab.jpg.780x439.jpg', 'https://s1.ljcdn.com/matrix_lianjia_pc/dist/pc/src/resource/default/780-439.png?_v=201906280941017d9', 'https://s1.ljcdn.com/matrix_lianjia_pc/dist/pc/src/resource/default/780-439.png?_v=201906280941017d9', 'https://s1.ljcdn.com/matrix_lianjia_pc/dist/pc/src/resource/default/780-439.png?_v=201906280941017d9', 'https://s1.ljcdn.com/matrix_lianjia_pc/dist/pc/src/resource/default/780-439.png?_v=201906280941017d9', 'https://s1.ljcdn.com/matrix_lianjia_pc/dist/pc/src/resource/default/780-439.png?_v=201906280941017d9', 'https://s1.ljcdn.com/matrix_lianjia_pc/dist/pc/src/resource/default/780-439.png?_v=201906280941017d9', 'https://s1.ljcdn.com/matrix_lianjia_pc/dist/pc/src/resource/default/780-439.png?_v=201906280941017d9', 'https://s1.ljcdn.com/matrix_lianjia_pc/dist/pc/src/resource/default/780-439.png?_v=201906280941017d9', 'https://s1.ljcdn.com/matrix_lianjia_pc/dist/pc/src/resource/default/780-439.png?_v=201906280941017d9', 'https://s1.ljcdn.com/matrix_lianjia_pc/dist/pc/src/resource/default/780-439.png?_v=201906280941017d9']",1个月前,随时入住,1年以内,暂无数据,高楼层/33层,有,暂无数据,民水,民电,有,暂无数据,['近地铁'],"['3号线(龙岗线),7号线 - 石厦', '798m']",22.532594709263,114.0555194875
https://sz.lianjia.com/zufang/SZ2273085709201965056.html,罗湖区,万象城,城市天地广场 1室1厅 东南,5500元/月 ,租赁方式未知,1室1厅1卫,53㎡,朝东南,"['https://image1.ljcdn.com/440300-inspection/c2d765c7-c396-4dd3-88a0-226cfed75178.jpg.780x439.jpg', 'https://s1.ljcdn.com/matrix_lianjia_pc/dist/pc/src/resource/default/780-439.png?_v=201906280941017d9', 'https://s1.ljcdn.com/matrix_lianjia_pc/dist/pc/src/resource/default/780-439.png?_v=201906280941017d9', 'https://s1.ljcdn.com/matrix_lianjia_pc/dist/pc/src/resource/default/780-439.png?_v=201906280941017d9', 'https://s1.ljcdn.com/matrix_lianjia_pc/dist/pc/src/resource/default/780-439.png?_v=201906280941017d9', 'https://s1.ljcdn.com/matrix_lianjia_pc/dist/pc/src/resource/default/780-439.png?_v=201906280941017d9', 'https://s1.ljcdn.com/matrix_lianjia_pc/dist/pc/src/resource/default/780-439.png?_v=201906280941017d9']",24天前,随时入住,暂无数据,一般下班后可看,中楼层/41层,有,暂无数据,民水,民电,无,暂无数据,['近地铁'],"['1号线(罗宝线) - 国贸', '517m', '9号线 - 鹿丹村', '646m', '1号线(罗宝线),2号线(蛇口线) - 大剧院', '802m', '9号线 - 人民南', '843m', '1号线(罗宝线),3号线(龙岗线) - 老街', '893m', '9号线 - 红岭南', '987m', '1号线(罗宝线) - 罗湖', '1013m']",22.54421,114.120013
https://sz.lianjia.com/zufang/SZ2282311924198940672.html,南山区,前海,太子山庄 3室2厅 东南,8000元/月 ,租赁方式未知,3室2厅1卫,103㎡,朝东南,"['https://image1.ljcdn.com/440300-inspection/6f91015e-3b74-4de7-849c-680c92f5661e.jpg.780x439.jpg', 'https://s1.ljcdn.com/matrix_lianjia_pc/dist/pc/src/resource/default/780-439.png?_v=201906280941017d9', 'https://s1.ljcdn.com/matrix_lianjia_pc/dist/pc/src/resource/default/780-439.png?_v=201906280941017d9', 'https://s1.ljcdn.com/matrix_lianjia_pc/dist/pc/src/resource/default/780-439.png?_v=201906280941017d9', 'https://s1.ljcdn.com/matrix_lianjia_pc/dist/pc/src/resource/default/780-439.png?_v=201906280941017d9', 'https://s1.ljcdn.com/matrix_lianjia_pc/dist/pc/src/resource/default/780-439.png?_v=201906280941017d9', 'https://s1.ljcdn.com/matrix_lianjia_pc/dist/pc/src/resource/default/780-439.png?_v=201906280941017d9', 'https://s1.ljcdn.com/matrix_lianjia_pc/dist/pc/src/resource/default/780-439.png?_v=201906280941017d9', 'https://s1.ljcdn.com/matrix_lianjia_pc/dist/pc/src/resource/default/780-439.png?_v=201906280941017d9', 'https://s1.ljcdn.com/matrix_lianjia_pc/dist/pc/src/resource/default/780-439.png?_v=201906280941017d9']",11天前,随时入住,暂无数据,暂无数据,高楼层/7层,无,暂无数据,民水,民电,有,暂无数据,[],[],22.515959241594,113.91315937223
https://sz.lianjia.com/zufang/SZ2244824259832848384.html,龙岗区,布吉南岭,恒大国香山 3室2厅 东南,5000元/月 ,租赁方式未知,3室2厅2卫,87㎡,朝东南,"['https://image1.ljcdn.com/440300-inspection/711c4048-9c9a-41b8-a251-17f83620833d.jpg.780x439.jpg', 'https://s1.ljcdn.com/matrix_lianjia_pc/dist/pc/src/resource/default/780-439.png?_v=201906280941017d9', 'https://s1.ljcdn.com/matrix_lianjia_pc/dist/pc/src/resource/default/780-439.png?_v=201906280941017d9', 'https://s1.ljcdn.com/matrix_lianjia_pc/dist/pc/src/resource/default/780-439.png?_v=201906280941017d9', 'https://s1.ljcdn.com/matrix_lianjia_pc/dist/pc/src/resource/default/780-439.png?_v=201906280941017d9', 'https://s1.ljcdn.com/matrix_lianjia_pc/dist/pc/src/resource/default/780-439.png?_v=201906280941017d9', 'https://s1.ljcdn.com/matrix_lianjia_pc/dist/pc/src/resource/default/780-439.png?_v=201906280941017d9', 'https://s1.ljcdn.com/matrix_lianjia_pc/dist/pc/src/resource/default/780-439.png?_v=201906280941017d9', 'https://s1.ljcdn.com/matrix_lianjia_pc/dist/pc/src/resource/default/780-439.png?_v=201906280941017d9', 'https://s1.ljcdn.com/matrix_lianjia_pc/dist/pc/src/resource/default/780-439.png?_v=201906280941017d9', 'https://s1.ljcdn.com/matrix_lianjia_pc/dist/pc/src/resource/default/780-439.png?_v=201906280941017d9']",2个月前,随时入住,暂无数据,需提前预约,高楼层/41层,有,暂无数据,民水,民电,有,暂无数据,['随时看房'],[],22.620217,114.170585
https://sz.lianjia.com/zufang/SZ2273090252749422592.html,龙岗区,大运新城,整租·颐安都会中央二期 3室2厅 东南,5000元/月 (月付价),整租,3室2厅2卫,89㎡,朝东南,"['https://image1.ljcdn.com/440300-inspection/73a00f90-4807-4ee2-b389-4396e1d0fdc7.jpg.780x439.jpg', 'https://s1.ljcdn.com/matrix_lianjia_pc/dist/pc/src/resource/default/780-439.png?_v=201906280941017d9', 'https://s1.ljcdn.com/matrix_lianjia_pc/dist/pc/src/resource/default/780-439.png?_v=201906280941017d9', 'https://s1.ljcdn.com/matrix_lianjia_pc/dist/pc/src/resource/default/780-439.png?_v=201906280941017d9', 'https://s1.ljcdn.com/matrix_lianjia_pc/dist/pc/src/resource/default/780-439.png?_v=201906280941017d9', 'https://s1.ljcdn.com/matrix_lianjia_pc/dist/pc/src/resource/default/780-439.png?_v=201906280941017d9', 'https://s1.ljcdn.com/matrix_lianjia_pc/dist/pc/src/resource/default/780-439.png?_v=201906280941017d9', 'https://s1.ljcdn.com/matrix_lianjia_pc/dist/pc/src/resource/default/780-439.png?_v=201906280941017d9', 'https://s1.ljcdn.com/matrix_lianjia_pc/dist/pc/src/resource/default/780-439.png?_v=201906280941017d9']",24天前,随时入住,1年以内,需提前预约,高楼层/31层,有,暂无数据,民水,民电,有,暂无数据,"['近地铁', '精装', '双卫生间']","['3号线(龙岗线) - 大运', '558m']",22.695314,114.2293
https://sz.lianjia.com/zufang/SZ2265248377920815104.html,龙岗区,大运新城,星河时代 3室2厅 东南,5000元/月 ,租赁方式未知,3室2厅2卫,89㎡,朝东南,"['https://image1.ljcdn.com/440300-inspection/6d1af66d-839f-446f-9dfe-2f4aff3b5249.jpg.780x439.jpg', 'https://s1.ljcdn.com/matrix_lianjia_pc/dist/pc/src/resource/default/780-439.png?_v=201906280941017d9', 'https://s1.ljcdn.com/matrix_lianjia_pc/dist/pc/src/resource/default/780-439.png?_v=201906280941017d9', 'https://s1.ljcdn.com/matrix_lianjia_pc/dist/pc/src/resource/default/780-439.png?_v=201906280941017d9', 'https://s1.ljcdn.com/matrix_lianjia_pc/dist/pc/src/resource/default/780-439.png?_v=201906280941017d9', 'https://s1.ljcdn.com/matrix_lianjia_pc/dist/pc/src/resource/default/780-439.png?_v=201906280941017d9', 'https://s1.ljcdn.com/matrix_lianjia_pc/dist/pc/src/resource/default/780-439.png?_v=201906280941017d9', 'https://s1.ljcdn.com/matrix_lianjia_pc/dist/pc/src/resource/default/780-439.png?_v=201906280941017d9', 'https://s1.ljcdn.com/matrix_lianjia_pc/dist/pc/src/resource/default/780-439.png?_v=201906280941017d9', 'https://s1.ljcdn.com/matrix_lianjia_pc/dist/pc/src/resource/default/780-439.png?_v=201906280941017d9', 'https://s1.ljcdn.com/matrix_lianjia_pc/dist/pc/src/resource/default/780-439.png?_v=201906280941017d9']",1个月前,随时入住,暂无数据,一般下班后可看,中楼层/33层,有,暂无数据,民水,民电,有,暂无数据,"['近地铁', '随时看房']","['3号线(龙岗线) - 爱联', '793m', '3号线(龙岗线) - 大运', '817m']",22.698575,114.233453
https://sz.lianjia.com/zufang/SZ2271546380424052736.html,龙华区,龙华中心,鸿荣源·壹城中心第九区 4室2厅 东南,7800元/月 ,租赁方式未知,4室2厅2卫,89㎡,朝东南,"['https://image1.ljcdn.com/440300-inspection/0a870846-4c3f-45dd-b10b-967d312715d1.jpg.780x439.jpg', 'https://s1.ljcdn.com/matrix_lianjia_pc/dist/pc/src/resource/default/780-439.png?_v=201906280941017d9', 'https://s1.ljcdn.com/matrix_lianjia_pc/dist/pc/src/resource/default/780-439.png?_v=201906280941017d9', 'https://s1.ljcdn.com/matrix_lianjia_pc/dist/pc/src/resource/default/780-439.png?_v=201906280941017d9', 'https://s1.ljcdn.com/matrix_lianjia_pc/dist/pc/src/resource/default/780-439.png?_v=201906280941017d9', 'https://s1.ljcdn.com/matrix_lianjia_pc/dist/pc/src/resource/default/780-439.png?_v=201906280941017d9', 'https://s1.ljcdn.com/matrix_lianjia_pc/dist/pc/src/resource/default/780-439.png?_v=201906280941017d9', 'https://s1.ljcdn.com/matrix_lianjia_pc/dist/pc/src/resource/default/780-439.png?_v=201906280941017d9', 'https://s1.ljcdn.com/matrix_lianjia_pc/dist/pc/src/resource/default/780-439.png?_v=201906280941017d9', 'https://s1.ljcdn.com/matrix_lianjia_pc/dist/pc/src/resource/default/780-439.png?_v=201906280941017d9']",26天前,随时入住,暂无数据,需提前预约,中楼层/48层,有,暂无数据,民水,民电,有,暂无数据,['近地铁'],"['4号线(龙华线) - 龙华', '670m']",22.655875,114.034306
https://sz.lianjia.com/zufang/SZ2268591036656271360.html,龙岗区,大运新城,绿景大公馆 3室1厅 东南,5200元/月 ,租赁方式未知,3室1厅2卫,87㎡,朝东南,"['https://image1.ljcdn.com/440300-inspection/30dff011-94b3-437b-8327-d476da6e40c5.jpg.780x439.jpg', 'https://s1.ljcdn.com/matrix_lianjia_pc/dist/pc/src/resource/default/780-439.png?_v=201906280941017d9', 'https://s1.ljcdn.com/matrix_lianjia_pc/dist/pc/src/resource/default/780-439.png?_v=201906280941017d9', 'https://s1.ljcdn.com/matrix_lianjia_pc/dist/pc/src/resource/default/780-439.png?_v=201906280941017d9', 'https://s1.ljcdn.com/matrix_lianjia_pc/dist/pc/src/resource/default/780-439.png?_v=201906280941017d9', 'https://s1.ljcdn.com/matrix_lianjia_pc/dist/pc/src/resource/default/780-439.png?_v=201906280941017d9', 'https://s1.ljcdn.com/matrix_lianjia_pc/dist/pc/src/resource/default/780-439.png?_v=201906280941017d9', 'https://s1.ljcdn.com/matrix_lianjia_pc/dist/pc/src/resource/default/780-439.png?_v=201906280941017d9']",29天前,随时入住,暂无数据,需提前预约,低楼层/30层,有,暂无数据,民水,民电,有,暂无数据,['随时看房'],[],22.702685212094,114.22725324717
https://sz.lianjia.com/zufang/SZ2278165141101223936.html,龙岗区,大运新城,颐安都会中央二期 3室2厅 东南,5000元/月 ,租赁方式未知,3室2厅1卫,77㎡,朝东南,"['https://image1.ljcdn.com/440300-inspection/16687128-8b9d-4be8-a4f6-31e3ba3b135e.jpg.780x439.jpg', 'https://s1.ljcdn.com/matrix_lianjia_pc/dist/pc/src/resource/default/780-439.png?_v=201906280941017d9', 'https://s1.ljcdn.com/matrix_lianjia_pc/dist/pc/src/resource/default/780-439.png?_v=201906280941017d9', 'https://s1.ljcdn.com/matrix_lianjia_pc/dist/pc/src/resource/default/780-439.png?_v=201906280941017d9', 'https://s1.ljcdn.com/matrix_lianjia_pc/dist/pc/src/resource/default/780-439.png?_v=201906280941017d9', 'https://s1.ljcdn.com/matrix_lianjia_pc/dist/pc/src/resource/default/780-439.png?_v=201906280941017d9']",17天前,随时入住,暂无数据,需提前预约,高楼层/30层,有,暂无数据,民水,民电,有,暂无数据,['近地铁'],"['3号线(龙岗线) - 大运', '558m']",22.695314,114.2293
https://sz.lianjia.com/zufang/SZ2226579902155997184.html,龙岗区,布吉关,百合星城一期 2室2厅 东南,5900元/月 ,租赁方式未知,2室2厅1卫,97㎡,朝东南,"['https://image1.ljcdn.com/440300-inspection/9276baba-fdcc-4e85-b273-fdc3771d8ec3.jpg.780x439.jpg', 'https://s1.ljcdn.com/matrix_lianjia_pc/dist/pc/src/resource/default/780-439.png?_v=201906280941017d9', 'https://s1.ljcdn.com/matrix_lianjia_pc/dist/pc/src/resource/default/780-439.png?_v=201906280941017d9', 'https://s1.ljcdn.com/matrix_lianjia_pc/dist/pc/src/resource/default/780-439.png?_v=201906280941017d9', 'https://s1.ljcdn.com/matrix_lianjia_pc/dist/pc/src/resource/default/780-439.png?_v=201906280941017d9', 'https://s1.ljcdn.com/matrix_lianjia_pc/dist/pc/src/resource/default/780-439.png?_v=201906280941017d9', 'https://s1.ljcdn.com/matrix_lianjia_pc/dist/pc/src/resource/default/780-439.png?_v=201906280941017d9', 'https://s1.ljcdn.com/matrix_lianjia_pc/dist/pc/src/resource/default/780-439.png?_v=201906280941017d9', 'https://s1.ljcdn.com/matrix_lianjia_pc/dist/pc/src/resource/default/780-439.png?_v=201906280941017d9']",2个月前,随时入住,暂无数据,需提前预约,中楼层/32层,有,暂无数据,民水,民电,有,暂无数据,"['近地铁', '随时看房']","['3号线(龙岗线),5号线(环中线) - 布吉', '412m']",22.60437,114.127677
https://sz.lianjia.com/zufang/SZ2230457187405406208.html,龙岗区,横岗,信义御城豪园 3室2厅 东南,5300元/月 ,租赁方式未知,3室2厅2卫,89㎡,朝东南,"['http://vrlab-image.ljcdn.com/release/auto3dhd/95c8ec4f3bdbbf4c06ba3d9cf7ca19f3/screenshot/1556175458_4/pc0_OXpWSYDDK.jpg.q_70.jpg', 'https://s1.ljcdn.com/matrix_lianjia_pc/dist/pc/src/resource/default/780-439.png?_v=201906280941017d9', 'https://s1.ljcdn.com/matrix_lianjia_pc/dist/pc/src/resource/default/780-439.png?_v=201906280941017d9', 'https://s1.ljcdn.com/matrix_lianjia_pc/dist/pc/src/resource/default/780-439.png?_v=201906280941017d9', 'https://s1.ljcdn.com/matrix_lianjia_pc/dist/pc/src/resource/default/780-439.png?_v=201906280941017d9', 'https://s1.ljcdn.com/matrix_lianjia_pc/dist/pc/src/resource/default/780-439.png?_v=201906280941017d9']",2个月前,随时入住,暂无数据,需提前预约,中楼层/32层,有,暂无数据,民水,民电,有,暂无数据,"['近地铁', '随时看房']","['3号线(龙岗线) - 横岗', '228m', '3号线(龙岗线) - 永湖', '966m']",22.65636,114.219222
https://sz.lianjia.com/zufang/SZ2284498940755976192.html,宝安区,西乡,康达尔山海上城 3室1厅 东南/南,7200元/月 ,租赁方式未知,3室1厅2卫,86㎡,朝东南 南,"['https://image1.ljcdn.com/440300-inspection/a7618826-7e27-4d83-973d-a49e7239b151.jpg.780x439.jpg', 'https://s1.ljcdn.com/matrix_lianjia_pc/dist/pc/src/resource/default/780-439.png?_v=201906280941017d9', 'https://s1.ljcdn.com/matrix_lianjia_pc/dist/pc/src/resource/default/780-439.png?_v=201906280941017d9', 'https://s1.ljcdn.com/matrix_lianjia_pc/dist/pc/src/resource/default/780-439.png?_v=201906280941017d9', 'https://s1.ljcdn.com/matrix_lianjia_pc/dist/pc/src/resource/default/780-439.png?_v=201906280941017d9', 'https://s1.ljcdn.com/matrix_lianjia_pc/dist/pc/src/resource/default/780-439.png?_v=201906280941017d9', 'https://s1.ljcdn.com/matrix_lianjia_pc/dist/pc/src/resource/default/780-439.png?_v=201906280941017d9', 'https://s1.ljcdn.com/matrix_lianjia_pc/dist/pc/src/resource/default/780-439.png?_v=201906280941017d9', 'https://s1.ljcdn.com/matrix_lianjia_pc/dist/pc/src/resource/default/780-439.png?_v=201906280941017d9', 'https://s1.ljcdn.com/matrix_lianjia_pc/dist/pc/src/resource/default/780-439.png?_v=201906280941017d9', 'https://s1.ljcdn.com/matrix_lianjia_pc/dist/pc/src/resource/default/780-439.png?_v=201906280941017d9']",8天前,随时入住,暂无数据,暂无数据,中楼层/31层,有,暂无数据,民水,民电,有,暂无数据,[],[],22.596643,113.860893
https://sz.lianjia.com/zufang/SZ2261321652405010432.html,龙华区,上塘,鸿荣源·尚峻 3室2厅 东南,7500元/月 ,租赁方式未知,3室2厅2卫,94㎡,朝东南,"['https://image1.ljcdn.com/440300-inspection/6377087d-0c50-4d29-af8e-df0d36fe2444.jpg.780x439.jpg', 'https://s1.ljcdn.com/matrix_lianjia_pc/dist/pc/src/resource/default/780-439.png?_v=201906280941017d9', 'https://s1.ljcdn.com/matrix_lianjia_pc/dist/pc/src/resource/default/780-439.png?_v=201906280941017d9', 'https://s1.ljcdn.com/matrix_lianjia_pc/dist/pc/src/resource/default/780-439.png?_v=201906280941017d9', 'https://s1.ljcdn.com/matrix_lianjia_pc/dist/pc/src/resource/default/780-439.png?_v=201906280941017d9', 'https://s1.ljcdn.com/matrix_lianjia_pc/dist/pc/src/resource/default/780-439.png?_v=201906280941017d9', 'https://s1.ljcdn.com/matrix_lianjia_pc/dist/pc/src/resource/default/780-439.png?_v=201906280941017d9', 'https://s1.ljcdn.com/matrix_lianjia_pc/dist/pc/src/resource/default/780-439.png?_v=201906280941017d9', 'https://s1.ljcdn.com/matrix_lianjia_pc/dist/pc/src/resource/default/780-439.png?_v=201906280941017d9']",9天前,随时入住,暂无数据,需提前预约,高楼层/47层,有,暂无数据,民水,民电,有,暂无数据,"['近地铁', '随时看房']","['4号线(龙华线) - 上塘', '340m']",22.64667,114.018671
https://sz.lianjia.com/zufang/SZ2270186235459289088.html,龙华区,龙华中心,锦绣御园 3室1厅 东南,7000元/月 ,租赁方式未知,3室1厅2卫,118㎡,朝东南,"['https://image1.ljcdn.com/440300-inspection/42a222a1-00a9-48a4-a1dc-722b4e3334d7.jpg.780x439.jpg', 'https://s1.ljcdn.com/matrix_lianjia_pc/dist/pc/src/resource/default/780-439.png?_v=201906280941017d9', 'https://s1.ljcdn.com/matrix_lianjia_pc/dist/pc/src/resource/default/780-439.png?_v=201906280941017d9', 'https://s1.ljcdn.com/matrix_lianjia_pc/dist/pc/src/resource/default/780-439.png?_v=201906280941017d9', 'https://s1.ljcdn.com/matrix_lianjia_pc/dist/pc/src/resource/default/780-439.png?_v=201906280941017d9', 'https://s1.ljcdn.com/matrix_lianjia_pc/dist/pc/src/resource/default/780-439.png?_v=201906280941017d9', 'https://s1.ljcdn.com/matrix_lianjia_pc/dist/pc/src/resource/default/780-439.png?_v=201906280941017d9', 'https://s1.ljcdn.com/matrix_lianjia_pc/dist/pc/src/resource/default/780-439.png?_v=201906280941017d9']",27天前,随时入住,暂无数据,需提前预约,中楼层/34层,有,暂无数据,民水,民电,有,暂无数据,['随时看房'],"['4号线(龙华线) - 龙华', '1053m', '4号线(龙华线) - 清湖', '1070m']",22.665322,114.035174
https://sz.lianjia.com/zufang/SZ2191120959929589760.html,福田区,香蜜湖,财富广场 1室1厅 东南,8000元/月 ,租赁方式未知,1室1厅1卫,53㎡,朝东南,"['https://image1.ljcdn.com/440300-inspection/2a2f857e-7ad7-4e5f-9bee-586cd8557982.jpg.780x439.jpg', 'https://s1.ljcdn.com/matrix_lianjia_pc/dist/pc/src/resource/default/780-439.png?_v=201906280941017d9', 'https://s1.ljcdn.com/matrix_lianjia_pc/dist/pc/src/resource/default/780-439.png?_v=201906280941017d9', 'https://s1.ljcdn.com/matrix_lianjia_pc/dist/pc/src/resource/default/780-439.png?_v=201906280941017d9', 'https://s1.ljcdn.com/matrix_lianjia_pc/dist/pc/src/resource/default/780-439.png?_v=201906280941017d9']",4个月前,随时入住,暂无数据,暂无数据,低楼层/28层,有,暂无数据,民水,民电,有,暂无数据,['近地铁'],"['1号线(罗宝线),11号线,7号线,9号线 - 车公庙', '91m']",22.543661,114.032923
https://sz.lianjia.com/zufang/SZ2280152042423197696.html,南山区,南山中心,整租·南园枫叶国际广场 2室1厅 东南,7000元/月 ,整租,2室1厅1卫,41㎡,朝东南,"['https://image1.ljcdn.com/440300-inspection/4c9cd842-4570-4057-8594-37ff19d67642.jpg.780x439.jpg', 'https://s1.ljcdn.com/matrix_lianjia_pc/dist/pc/src/resource/default/780-439.png?_v=201906280941017d9', 'https://s1.ljcdn.com/matrix_lianjia_pc/dist/pc/src/resource/default/780-439.png?_v=201906280941017d9', 'https://s1.ljcdn.com/matrix_lianjia_pc/dist/pc/src/resource/default/780-439.png?_v=201906280941017d9', 'https://s1.ljcdn.com/matrix_lianjia_pc/dist/pc/src/resource/default/780-439.png?_v=201906280941017d9', 'https://s1.ljcdn.com/matrix_lianjia_pc/dist/pc/src/resource/default/780-439.png?_v=201906280941017d9', 'https://s1.ljcdn.com/matrix_lianjia_pc/dist/pc/src/resource/default/780-439.png?_v=201906280941017d9', 'https://s1.ljcdn.com/matrix_lianjia_pc/dist/pc/src/resource/default/780-439.png?_v=201906280941017d9']",14天前,随时入住,1年以内,需提前预约,低楼层/31层,有,租用车位,民水,民电,有,暂无数据,"['近地铁', '精装']","['11号线 - 南山', '890m']",22.521904266687,113.9278623884
https://sz.lianjia.com/zufang/SZ2249201270970138624.html,盐田区,盐田港,金山碧海花园 4室3厅 跃层 东南,6500元/月 ,租赁方式未知,4室3厅2卫,90㎡,朝东南,"['https://image1.ljcdn.com/440300-inspection/0d1d1a82-b251-4635-880c-8dc37151b047.jpg.780x439.jpg', 'https://s1.ljcdn.com/matrix_lianjia_pc/dist/pc/src/resource/default/780-439.png?_v=201906280941017d9', 'https://s1.ljcdn.com/matrix_lianjia_pc/dist/pc/src/resource/default/780-439.png?_v=201906280941017d9', 'https://s1.ljcdn.com/matrix_lianjia_pc/dist/pc/src/resource/default/780-439.png?_v=201906280941017d9', 'https://s1.ljcdn.com/matrix_lianjia_pc/dist/pc/src/resource/default/780-439.png?_v=201906280941017d9', 'https://s1.ljcdn.com/matrix_lianjia_pc/dist/pc/src/resource/default/780-439.png?_v=201906280941017d9', 'https://s1.ljcdn.com/matrix_lianjia_pc/dist/pc/src/resource/default/780-439.png?_v=201906280941017d9', 'https://s1.ljcdn.com/matrix_lianjia_pc/dist/pc/src/resource/default/780-439.png?_v=201906280941017d9', 'https://s1.ljcdn.com/matrix_lianjia_pc/dist/pc/src/resource/default/780-439.png?_v=201906280941017d9', 'https://s1.ljcdn.com/matrix_lianjia_pc/dist/pc/src/resource/default/780-439.png?_v=201906280941017d9', 'https://s1.ljcdn.com/matrix_lianjia_pc/dist/pc/src/resource/default/780-439.png?_v=201906280941017d9', 'https://s1.ljcdn.com/matrix_lianjia_pc/dist/pc/src/resource/default/780-439.png?_v=201906280941017d9']",1个月前,随时入住,暂无数据,需提前预约,低楼层/17层,有,暂无数据,民水,民电,有,暂无数据,[],[],22.59425,114.246372
https://sz.lianjia.com/zufang/SZ2067042779708014592.html,龙华区,龙华中心,银雅居 3室1厅 东南,7280元/月 ,租赁方式未知,3室1厅1卫,86㎡,朝东南,"['https://image1.ljcdn.com/440300-inspection/3d830d79-131c-4398-aa64-a5a829aff54d.jpg.780x439.jpg', 'https://s1.ljcdn.com/matrix_lianjia_pc/dist/pc/src/resource/default/780-439.png?_v=201906280941017d9', 'https://s1.ljcdn.com/matrix_lianjia_pc/dist/pc/src/resource/default/780-439.png?_v=201906280941017d9', 'https://s1.ljcdn.com/matrix_lianjia_pc/dist/pc/src/resource/default/780-439.png?_v=201906280941017d9', 'https://s1.ljcdn.com/matrix_lianjia_pc/dist/pc/src/resource/default/780-439.png?_v=201906280941017d9', 'https://s1.ljcdn.com/matrix_lianjia_pc/dist/pc/src/resource/default/780-439.png?_v=201906280941017d9', 'https://s1.ljcdn.com/matrix_lianjia_pc/dist/pc/src/resource/default/780-439.png?_v=201906280941017d9', 'https://s1.ljcdn.com/matrix_lianjia_pc/dist/pc/src/resource/default/780-439.png?_v=201906280941017d9', 'https://s1.ljcdn.com/matrix_lianjia_pc/dist/pc/src/resource/default/780-439.png?_v=201906280941017d9', 'https://s1.ljcdn.com/matrix_lianjia_pc/dist/pc/src/resource/default/780-439.png?_v=201906280941017d9']",10个月前,随时入住,暂无数据,需提前预约,低楼层/18层,有,暂无数据,民水,民电,有,暂无数据,[],[],22.646615,114.031279
https://sz.lianjia.com/zufang/SZ2239595977931759616.html,宝安区,西乡,康达尔山海上城 3室2厅 东南,6800元/月 ,租赁方式未知,3室2厅2卫,90㎡,朝东南,"['https://image1.ljcdn.com/440300-inspection/573d1d13-cb8d-4d22-b80f-7f0a4bda4e0e.jpg.780x439.jpg', 'https://s1.ljcdn.com/matrix_lianjia_pc/dist/pc/src/resource/default/780-439.png?_v=201906280941017d9', 'https://s1.ljcdn.com/matrix_lianjia_pc/dist/pc/src/resource/default/780-439.png?_v=201906280941017d9', 'https://s1.ljcdn.com/matrix_lianjia_pc/dist/pc/src/resource/default/780-439.png?_v=201906280941017d9', 'https://s1.ljcdn.com/matrix_lianjia_pc/dist/pc/src/resource/default/780-439.png?_v=201906280941017d9', 'https://s1.ljcdn.com/matrix_lianjia_pc/dist/pc/src/resource/default/780-439.png?_v=201906280941017d9', 'https://s1.ljcdn.com/matrix_lianjia_pc/dist/pc/src/resource/default/780-439.png?_v=201906280941017d9', 'https://s1.ljcdn.com/matrix_lianjia_pc/dist/pc/src/resource/default/780-439.png?_v=201906280941017d9', 'https://s1.ljcdn.com/matrix_lianjia_pc/dist/pc/src/resource/default/780-439.png?_v=201906280941017d9', 'https://s1.ljcdn.com/matrix_lianjia_pc/dist/pc/src/resource/default/780-439.png?_v=201906280941017d9', 'https://s1.ljcdn.com/matrix_lianjia_pc/dist/pc/src/resource/default/780-439.png?_v=201906280941017d9']",2个月前,随时入住,暂无数据,需提前预约,中楼层/31层,有,暂无数据,民水,民电,有,暂无数据,[],[],22.596643,113.860893
https://sz.lianjia.com/zufang/SZ2243916741590138880.html,龙岗区,龙岗中心城,公园大地一期 3室2厅 东南,5800元/月 ,租赁方式未知,3室2厅2卫,121㎡,朝东南,"['https://image1.ljcdn.com/440300-inspection/392bade9-0db0-4faf-8f24-7506a7629103.jpg.780x439.jpg', 'https://s1.ljcdn.com/matrix_lianjia_pc/dist/pc/src/resource/default/780-439.png?_v=201906280941017d9', 'https://s1.ljcdn.com/matrix_lianjia_pc/dist/pc/src/resource/default/780-439.png?_v=201906280941017d9', 'https://s1.ljcdn.com/matrix_lianjia_pc/dist/pc/src/resource/default/780-439.png?_v=201906280941017d9', 'https://s1.ljcdn.com/matrix_lianjia_pc/dist/pc/src/resource/default/780-439.png?_v=201906280941017d9', 'https://s1.ljcdn.com/matrix_lianjia_pc/dist/pc/src/resource/default/780-439.png?_v=201906280941017d9', 'https://s1.ljcdn.com/matrix_lianjia_pc/dist/pc/src/resource/default/780-439.png?_v=201906280941017d9', 'https://s1.ljcdn.com/matrix_lianjia_pc/dist/pc/src/resource/default/780-439.png?_v=201906280941017d9', 'https://s1.ljcdn.com/matrix_lianjia_pc/dist/pc/src/resource/default/780-439.png?_v=201906280941017d9']",1个月前,随时入住,暂无数据,需提前预约,中楼层/11层,有,暂无数据,民水,民电,有,暂无数据,['近地铁'],"['3号线(龙岗线) - 吉祥', '974m']",22.717771,114.241446
https://sz.lianjia.com/zufang/SZ2260800034717581312.html,福田区,车公庙,杭钢富春大厦 2室1厅 东南,7800元/月 ,租赁方式未知,2室1厅1卫,52㎡,朝东南,"['https://image1.ljcdn.com/440300-inspection/43bfa389-6fd8-4f7d-b640-f9dc2db392bd.jpg.780x439.jpg', 'https://s1.ljcdn.com/matrix_lianjia_pc/dist/pc/src/resource/default/780-439.png?_v=201906280941017d9', 'https://s1.ljcdn.com/matrix_lianjia_pc/dist/pc/src/resource/default/780-439.png?_v=201906280941017d9', 'https://s1.ljcdn.com/matrix_lianjia_pc/dist/pc/src/resource/default/780-439.png?_v=201906280941017d9', 'https://s1.ljcdn.com/matrix_lianjia_pc/dist/pc/src/resource/default/780-439.png?_v=201906280941017d9', 'https://s1.ljcdn.com/matrix_lianjia_pc/dist/pc/src/resource/default/780-439.png?_v=201906280941017d9']",1个月前,随时入住,暂无数据,需提前预约,中楼层/28层,有,暂无数据,民水,民电,有,暂无数据,"['近地铁', '随时看房']","['1号线(罗宝线),11号线,7号线,9号线 - 车公庙', '589m', '1号线(罗宝线) - 竹子林', '663m', '7号线 - 农林', '841m', '9号线 - 下沙', '1129m']",22.540435,114.027179
https://sz.lianjia.com/zufang/SZ2162168482241200128.html,宝安区,新安,旭仕达名苑 1室0厅 东南,8000元/月 ,租赁方式未知,1室0厅0卫,120㎡,朝东南,['https://image1.ljcdn.com/440300-inspection/d67d3fb9-beb3-443a-a279-693a314af2c8.jpg.780x439.jpg'],1个月前,随时入住,暂无数据,需提前预约,低楼层/17层,有,暂无数据,民水,民电,有,暂无数据,[],[],22.584895323202,113.89884777743
https://sz.lianjia.com/zufang/SZ2233376619710652416.html,龙岗区,大运新城,颐安都会中央二期 3室2厅 东南,5000元/月 ,租赁方式未知,3室2厅1卫,89㎡,朝东南,"['http://vrlab-image.ljcdn.com/release/auto3dhd/21f2dfd19b56338d42175acc51c9e45c/screenshot/1554612772_3/pc0_HS4eE91s6.jpg.q_70.jpg', 'https://s1.ljcdn.com/matrix_lianjia_pc/dist/pc/src/resource/default/780-439.png?_v=201906280941017d9', 'https://s1.ljcdn.com/matrix_lianjia_pc/dist/pc/src/resource/default/780-439.png?_v=201906280941017d9', 'https://s1.ljcdn.com/matrix_lianjia_pc/dist/pc/src/resource/default/780-439.png?_v=201906280941017d9', 'https://s1.ljcdn.com/matrix_lianjia_pc/dist/pc/src/resource/default/780-439.png?_v=201906280941017d9', 'https://s1.ljcdn.com/matrix_lianjia_pc/dist/pc/src/resource/default/780-439.png?_v=201906280941017d9']",2个月前,随时入住,暂无数据,需提前预约,低楼层/33层,有,暂无数据,民水,民电,有,暂无数据,"['近地铁', '随时看房']","['3号线(龙岗线) - 大运', '558m']",22.695314,114.2293
https://sz.lianjia.com/zufang/SZ2258753352181481472.html,龙华区,上塘,潜龙曼海宁花园南区 3室1厅 东南/南,6500元/月 ,租赁方式未知,3室1厅2卫,86㎡,朝东南 南,"['https://image1.ljcdn.com/440300-inspection/d54080e7-82a7-4d70-acad-9d1e2ab1d285.jpg.780x439.jpg', 'https://s1.ljcdn.com/matrix_lianjia_pc/dist/pc/src/resource/default/780-439.png?_v=201906280941017d9', 'https://s1.ljcdn.com/matrix_lianjia_pc/dist/pc/src/resource/default/780-439.png?_v=201906280941017d9', 'https://s1.ljcdn.com/matrix_lianjia_pc/dist/pc/src/resource/default/780-439.png?_v=201906280941017d9', 'https://s1.ljcdn.com/matrix_lianjia_pc/dist/pc/src/resource/default/780-439.png?_v=201906280941017d9', 'https://s1.ljcdn.com/matrix_lianjia_pc/dist/pc/src/resource/default/780-439.png?_v=201906280941017d9', 'https://s1.ljcdn.com/matrix_lianjia_pc/dist/pc/src/resource/default/780-439.png?_v=201906280941017d9', 'https://s1.ljcdn.com/matrix_lianjia_pc/dist/pc/src/resource/default/780-439.png?_v=201906280941017d9', 'https://s1.ljcdn.com/matrix_lianjia_pc/dist/pc/src/resource/default/780-439.png?_v=201906280941017d9']",1个月前,随时入住,暂无数据,暂无数据,高楼层/28层,有,暂无数据,民水,民电,有,暂无数据,"['近地铁', '随时看房']","['4号线(龙华线) - 上塘', '415m', '4号线(龙华线) - 龙胜', '709m']",22.645777460915,114.01596142057
https://sz.lianjia.com/zufang/SZ2263887285227626496.html,宝安区,西乡,天福华府 2室2厅 东南/南,5300元/月 ,租赁方式未知,2室2厅1卫,86㎡,朝东南 南,"['https://image1.ljcdn.com/440300-inspection/9ac41ebd-566d-4beb-b7c2-c36513322be6.jpg.780x439.jpg', 'https://s1.ljcdn.com/matrix_lianjia_pc/dist/pc/src/resource/default/780-439.png?_v=201906280941017d9', 'https://s1.ljcdn.com/matrix_lianjia_pc/dist/pc/src/resource/default/780-439.png?_v=201906280941017d9', 'https://s1.ljcdn.com/matrix_lianjia_pc/dist/pc/src/resource/default/780-439.png?_v=201906280941017d9', 'https://s1.ljcdn.com/matrix_lianjia_pc/dist/pc/src/resource/default/780-439.png?_v=201906280941017d9', 'https://s1.ljcdn.com/matrix_lianjia_pc/dist/pc/src/resource/default/780-439.png?_v=201906280941017d9']",1个月前,随时入住,暂无数据,需提前预约,高楼层/25层,暂无数据,暂无数据,民水,民电,有,暂无数据,['随时看房'],"['1号线(罗宝线) - 后瑞', '1059m']",22.640922,113.847227
https://sz.lianjia.com/zufang/SZ2217958931450298368.html,龙岗区,龙岗中心城,学府道花园 3室1厅 东南,5000元/月 ,租赁方式未知,3室1厅2卫,90㎡,朝东南,"['https://image1.ljcdn.com/440300-inspection/test-49aad22b-966e-48f1-97bf-20102ac3843c.png.780x439.jpg', 'https://s1.ljcdn.com/matrix_lianjia_pc/dist/pc/src/resource/default/780-439.png?_v=201906280941017d9', 'https://s1.ljcdn.com/matrix_lianjia_pc/dist/pc/src/resource/default/780-439.png?_v=201906280941017d9', 'https://s1.ljcdn.com/matrix_lianjia_pc/dist/pc/src/resource/default/780-439.png?_v=201906280941017d9', 'https://s1.ljcdn.com/matrix_lianjia_pc/dist/pc/src/resource/default/780-439.png?_v=201906280941017d9', 'https://s1.ljcdn.com/matrix_lianjia_pc/dist/pc/src/resource/default/780-439.png?_v=201906280941017d9']",1个月前,随时入住,暂无数据,需提前预约,低楼层/34层,有,暂无数据,民水,民电,有,暂无数据,[],[],22.733224,114.237732
