房源地址,行政区,位置,标题,租金,租赁方式,户型,面积,朝向,图片列表,发布时间,入住时间,租期,看房时间,楼层,电梯,车位,用水,用电,燃气,采暖,标签,station,latitude,longtitude
https://sz.lianjia.com/zufang/SZ2285964901468356608.html,罗湖区,地王,整租·ONE 39 1室1厅 东南,5200元/月 (月付价),整租,1室1厅1卫,47㎡,朝东南,"['https://image1.ljcdn.com/rent-user-avatar/5484df7f-5376-4e51-9af8-bb6f1da5a701.780x439.jpg', 'https://s1.ljcdn.com/matrix_lianjia_pc/dist/pc/src/resource/default/780-439.png?_v=201906280941017d9', 'https://s1.ljcdn.com/matrix_lianjia_pc/dist/pc/src/resource/default/780-439.png?_v=201906280941017d9', 'https://s1.ljcdn.com/matrix_lianjia_pc/dist/pc/src/resource/default/780-439.png?_v=201906280941017d9', 'https://s1.ljcdn.com/matrix_lianjia_pc/dist/pc/src/resource/default/780-439.png?_v=201906280941017d9', 'https://s1.ljcdn.com/matrix_lianjia_pc/dist/pc/src/resource/default/780-439.png?_v=201906280941017d9']",6天前,随时入住,1年,随时可看,35/37层,有,暂无数据,民水,民电,无,暂无数据,"['公寓', '近地铁', '精装', '新上', '随时看房']","['1号线(罗宝线),2号线(蛇口线) - 大剧院', '430m', '1号线(罗宝线),3号线(龙岗线) - 老街', '430m', '9号线 - 红岭南', '1029m', '9号线 - 鹿丹村', '1159m']",22.550023,114.118503
https://sz.lianjia.com/zufang/SZ2274636899774119936.html,龙华区,龙华中心,鸿荣源·壹成中心第六区 4室2厅 东南/南,6000元/月 ,租赁方式未知,4室2厅2卫,83㎡,朝东南 南,"['https://image1.ljcdn.com/440300-inspection/58ac55db-4466-43ea-a7ca-c4f13d535509.jpg.780x439.jpg', 'https://s1.ljcdn.com/matrix_lianjia_pc/dist/pc/src/resource/default/780-439.png?_v=201906280941017d9', 'https://s1.ljcdn.com/matrix_lianjia_pc/dist/pc/src/resource/default/780-439.png?_v=201906280941017d9', 'https://s1.ljcdn.com/matrix_lianjia_pc/dist/pc/src/resource/default/780-439.png?_v=201906280941017d9', 'https://s1.ljcdn.com/matrix_lianjia_pc/dist/pc/src/resource/default/780-439.png?_v=201906280941017d9', 'https://s1.ljcdn.com/matrix_lianjia_pc/dist/pc/src/resource/default/780-439.png?_v=201906280941017d9', 'https://s1.ljcdn.com/matrix_lianjia_pc/dist/pc/src/resource/default/780-439.png?_v=201906280941017d9', 'https://s1.ljcdn.com/matrix_lianjia_pc/dist/pc/src/resource/default/780-439.png?_v=201906280941017d9', 'https://s1.ljcdn.com/matrix_lianjia_pc/dist/pc/src/resource/default/780-439.png?_v=201906280941017d9']",22天前,随时入住,暂无数据,需提前预约,中楼层/44层,有,暂无数据,暂无数据,暂无数据,有,暂无数据,['随时看房'],"['4号线(龙华线) - 龙华', '962m']",22.654116,114.039009
https://sz.lianjia.com/zufang/SZ2283324960166920192.html,宝安区,碧海,幸福珺湾 2室1厅 东南,5800元/月 ,租赁方式未知,2室1厅1卫,65㎡,朝东南,"['https://image1.ljcdn.com/440300-inspection/a47ec47a-663c-41bd-a6ba-cdb6677eb4a5.jpg.780x439.jpg', 'https://s1.ljcdn.com/matrix_lianjia_pc/dist/pc/src/resource/default/780-439.png?_v=201906280941017d9', 'https://s1.ljcdn.com/matrix_lianjia_pc/dist/pc/src/resource/default/780-439.png?_v=201906280941017d9', 'https://s1.ljcdn.com/matrix_lianjia_pc/dist/pc/src/resource/default/780-439.png?_v=201906280941017d9', 'https://s1.ljcdn.com/matrix_lianjia_pc/dist/pc/src/resource/default/780-439.png?_v=201906280941017d9', 'https://s1.ljcdn.com/matrix_lianjia_pc/dist/pc/src/resource/default/780-439.png?_v=201906280941017d9', 'https://s1.ljcdn.com/matrix_lianjia_pc/dist/pc/src/resource/default/780-439.png?_v=201906280941017d9']",10天前,随时入住,暂无数据,暂无数据,中楼层/31层,有,租用车位,民水,民电,有,暂无数据,"['近地铁', '精装', '随时看房']","['11号线 - 碧海湾', '1036m']",22.573075,113.863654
https://sz.lianjia.com/zufang/SZ2264296906190487552.html,宝安区,西乡,中信领航 3室2厅 东南,5200元/月 ,租赁方式未知,3室2厅1卫,72㎡,朝东南,"['https://image1.ljcdn.com/440300-inspection/prod-1d8084c1-9ef7-4bc4-84d9-10df5aba5a65.jpg.780x439.jpg', 'https://s1.ljcdn.com/matrix_lianjia_pc/dist/pc/src/resource/default/780-439.png?_v=201906280941017d9', 'https://s1.ljcdn.com/matrix_lianjia_pc/dist/pc/src/resource/default/780-439.png?_v=201906280941017d9', 'https://s1.ljcdn.com/matrix_lianjia_pc/dist/pc/src/resource/default/780-439.png?_v=201906280941017d9', 'https://s1.ljcdn.com/matrix_lianjia_pc/dist/pc/src/resource/default/780-439.png?_v=201906280941017d9', 'https://s1.ljcdn.com/matrix_lianjia_pc/dist/pc/src/resource/default/780-439.png?_v=201906280941017d9']",1个月前,随时入住,暂无数据,只能周末看房,中楼层/26层,有,暂无数据,民水,民电,有,暂无数据,[],[],22.615483681463,113.86282345215
https://sz.lianjia.com/zufang/SZ2284514676669169664.html,宝安区,西乡,整租·君成雍和园 3室2厅 东南,7000元/月 (月付价),整租,3室2厅1卫,89㎡,朝东南,"['https://image1.ljcdn.com/rent-user-avatar/12188ff9-bc52-4774-af8c-b5477ea1ce9d.780x439.jpg', 'https://s1.ljcdn.com/matrix_lianjia_pc/dist/pc/src/resource/default/780-439.png?_v=201906280941017d9', 'https://s1.ljcdn.com/matrix_lianjia_pc/dist/pc/src/resource/default/780-439.png?_v=201906280941017d9', 'https://s1.ljcdn.com/matrix_lianjia_pc/dist/pc/src/resource/default/780-439.png?_v=201906280941017d9', 'https://s1.ljcdn.com/matrix_lianjia_pc/dist/pc/src/resource/default/780-439.png?_v=201906280941017d9', 'https://s1.ljcdn.com/matrix_lianjia_pc/dist/pc/src/resource/default/780-439.png?_v=201906280941017d9', 'https://s1.ljcdn.com/matrix_lianjia_pc/dist/pc/src/resource/default/780-439.png?_v=201906280941017d9', 'https://s1.ljcdn.com/matrix_lianjia_pc/dist/pc/src/resource/default/780-439.png?_v=201906280941017d9', 'https://s1.ljcdn.com/matrix_lianjia_pc/dist/pc/src/resource/default/780-439.png?_v=201906280941017d9']",8天前,随时入住,6个月以上,随时可看,28/44层,有,暂无数据,民水,民电,有,暂无数据,"['公寓', '月租', '精装', '随时看房']",[],22.593809,113.892959
https://sz.lianjia.com/zufang/SZ2261525602802868224.html,宝安区,翻身,整租·前海银鸿 3室1厅 复式 东南,5100元/月 (月付价),整租,3室1厅1卫,68㎡,朝东南,"['https://image1.ljcdn.com/rent-user-avatar/0eaa3fce-590c-4b6a-b4f6-b14ad0e3a2d4.780x439.jpg', 'https://s1.ljcdn.com/matrix_lianjia_pc/dist/pc/src/resource/default/780-439.png?_v=201906280941017d9', 'https://s1.ljcdn.com/matrix_lianjia_pc/dist/pc/src/resource/default/780-439.png?_v=201906280941017d9', 'https://s1.ljcdn.com/matrix_lianjia_pc/dist/pc/src/resource/default/780-439.png?_v=201906280941017d9', 'https://s1.ljcdn.com/matrix_lianjia_pc/dist/pc/src/resource/default/780-439.png?_v=201906280941017d9', 'https://s1.ljcdn.com/matrix_lianjia_pc/dist/pc/src/resource/default/780-439.png?_v=201906280941017d9', 'https://s1.ljcdn.com/matrix_lianjia_pc/dist/pc/src/resource/default/780-439.png?_v=201906280941017d9', 'https://s1.ljcdn.com/matrix_lianjia_pc/dist/pc/src/resource/default/780-439.png?_v=201906280941017d9', 'https://s1.ljcdn.com/matrix_lianjia_pc/dist/pc/src/resource/default/780-439.png?_v=201906280941017d9']",1个月前,随时入住,1年,随时可看,19/24层,暂无数据,暂无数据,商水,商电,无,暂无数据,"['公寓', '精装', '随时看房']",[],22.560721,113.907587
https://sz.lianjia.com/zufang/SZ2249373210405773312.html,福田区,车公庙,泰康轩 1室1厅 东南/南,5800元/月 ,租赁方式未知,1室1厅1卫,40㎡,朝东南 南,"['https://image1.ljcdn.com/440300-inspection/2d0f7cbb-e820-46aa-b33d-3a9209ca5a9b.jpg.780x439.jpg', 'https://s1.ljcdn.com/matrix_lianjia_pc/dist/pc/src/resource/default/780-439.png?_v=201906280941017d9', 'https://s1.ljcdn.com/matrix_lianjia_pc/dist/pc/src/resource/default/780-439.png?_v=201906280941017d9', 'https://s1.ljcdn.com/matrix_lianjia_pc/dist/pc/src/resource/default/780-439.png?_v=201906280941017d9', 'https://s1.ljcdn.com/matrix_lianjia_pc/dist/pc/src/resource/default/780-439.png?_v=201906280941017d9', 'https://s1.ljcdn.com/matrix_lianjia_pc/dist/pc/src/resource/default/780-439.png?_v=201906280941017d9']",1个月前,随时入住,暂无数据,需提前预约,低楼层/31层,有,暂无数据,民水,民电,有,暂无数据,['近地铁'],"['1号线(罗宝线),11号线,7号线,9号线 - 车公庙', '476m', '9号线 - 下沙', '572m']",22.53972368326,114.03197061686
https://sz.lianjia.com/zufang/SZ2279649094211747840.html,龙岗区,布吉街,灏景明苑 3室2厅 东南,5000元/月 ,租赁方式未知,3室2厅1卫,93㎡,朝东南,"['https://image1.ljcdn.com/440300-inspection/12d07471-7778-4149-8232-39869e839d2c.jpg.780x439.jpg', 'https://s1.ljcdn.com/matrix_lianjia_pc/dist/pc/src/resource/default/780-439.png?_v=201906280941017d9', 'https://s1.ljcdn.com/matrix_lianjia_pc/dist/pc/src/resource/default/780-439.png?_v=201906280941017d9', 'https://s1.ljcdn.com/matrix_lianjia_pc/dist/pc/src/resource/default/780-439.png?_v=201906280941017d9', 'https://s1.ljcdn.com/matrix_lianjia_pc/dist/pc/src/resource/default/780-439.png?_v=201906280941017d9', 'https://s1.ljcdn.com/matrix_lianjia_pc/dist/pc/src/resource/default/780-439.png?_v=201906280941017d9', 'https://s1.ljcdn.com/matrix_lianjia_pc/dist/pc/src/resource/default/780-439.png?_v=201906280941017d9', 'https://s1.ljcdn.com/matrix_lianjia_pc/dist/pc/src/resource/default/780-439.png?_v=201906280941017d9', 'https://s1.ljcdn.com/matrix_lianjia_pc/dist/pc/src/resource/default/780-439.png?_v=201906280941017d9', 'https://s1.ljcdn.com/matrix_lianjia_pc/dist/pc/src/resource/default/780-439.png?_v=201906280941017d9']",15天前,随时入住,暂无数据,需提前预约,低楼层/32层,有,暂无数据,民水,民电,有,暂无数据,['近地铁'],"['3号线(龙岗线) - 木棉湾', '302m']",22.615744428109,114.13768024362
https://sz.lianjia.com/zufang/SZ2266543478945087488.html,罗湖区,莲塘,梧桐山新居 3室1厅 东南,5500元/月 ,租赁方式未知,3室1厅1卫,76㎡,朝东南,"['https://image1.ljcdn.com/440300-inspection/6c407212-bd8c-4d62-b6be-898ee93f2168.jpg.780x439.jpg', 'https://s1.ljcdn.com/matrix_lianjia_pc/dist/pc/src/resource/default/780-439.png?_v=201906280941017d9', 'https://s1.ljcdn.com/matrix_lianjia_pc/dist/pc/src/resource/default/780-439.png?_v=201906280941017d9', 'https://s1.ljcdn.com/matrix_lianjia_pc/dist/pc/src/resource/default/780-439.png?_v=201906280941017d9', 'https://s1.ljcdn.com/matrix_lianjia_pc/dist/pc/src/resource/default/780-439.png?_v=201906280941017d9', 'https://s1.ljcdn.com/matrix_lianjia_pc/dist/pc/src/resource/default/780-439.png?_v=201906280941017d9', 'https://s1.ljcdn.com/matrix_lianjia_pc/dist/pc/src/resource/default/780-439.png?_v=201906280941017d9', 'https://s1.ljcdn.com/matrix_lianjia_pc/dist/pc/src/resource/default/780-439.png?_v=201906280941017d9']",23天前,随时入住,暂无数据,需提前预约,高楼层/9层,有,暂无数据,民水,民电,有,暂无数据,[],[],22.573629525303,114.18099986379
https://sz.lianjia.com/zufang/SZ2287536274996994048.html,龙华区,上塘,整租·鸿荣源·尚峻 3室2厅 LOFT 东南,5500元/月 (季付价),整租,3室2厅2卫,91㎡,朝东南,"['https://image1.ljcdn.com/rent-user-avatar/25bae900-5b96-4f4a-9b23-5e18525af5d6.780x439.jpg', 'https://s1.ljcdn.com/matrix_lianjia_pc/dist/pc/src/resource/default/780-439.png?_v=201906280941017d9', 'https://s1.ljcdn.com/matrix_lianjia_pc/dist/pc/src/resource/default/780-439.png?_v=201906280941017d9', 'https://s1.ljcdn.com/matrix_lianjia_pc/dist/pc/src/resource/default/780-439.png?_v=201906280941017d9', 'https://s1.ljcdn.com/matrix_lianjia_pc/dist/pc/src/resource/default/780-439.png?_v=201906280941017d9', 'https://s1.ljcdn.com/matrix_lianjia_pc/dist/pc/src/resource/default/780-439.png?_v=201906280941017d9', 'https://s1.ljcdn.com/matrix_lianjia_pc/dist/pc/src/resource/default/780-439.png?_v=201906280941017d9']",4天前,随时入住,1~12个月,随时可看,22/26层,暂无数据,暂无数据,暂无数据,暂无数据,暂无数据,暂无数据,"['公寓', '月租', '近地铁', '精装', '押一付一', '双卫生间', '新上', '随时看房']","['4号线(龙华线) - 龙胜', '446m', '4号线(龙华线) - 上塘', '572m']",22.647465095155,114.01834430836
https://sz.lianjia.com/zufang/SZ2191215731293822976.html,福田区,莲花,整租·福景大厦 1室0厅 东南,6530元/月 (月付价),整租,1室0厅1卫,33㎡,朝东南,"['https://image1.ljcdn.com/rent-user-avatar/349b300b-f41a-4615-a7d2-42e543e48d59.780x439.jpg', 'https://s1.ljcdn.com/matrix_lianjia_pc/dist/pc/src/resource/default/780-439.png?_v=201906280941017d9', 'https://s1.ljcdn.com/matrix_lianjia_pc/dist/pc/src/resource/default/780-439.png?_v=201906280941017d9', 'https://s1.ljcdn.com/matrix_lianjia_pc/dist/pc/src/resource/default/780-439.png?_v=201906280941017d9', 'https://s1.ljcdn.com/matrix_lianjia_pc/dist/pc/src/resource/default/780-439.png?_v=201906280941017d9', 'https://s1.ljcdn.com/matrix_lianjia_pc/dist/pc/src/resource/default/780-439.png?_v=201906280941017d9', 'https://s1.ljcdn.com/matrix_lianjia_pc/dist/pc/src/resource/default/780-439.png?_v=201906280941017d9']",4个月前,随时入住,1年,随时可看,8/25层,有,暂无数据,商水,商电,有,暂无数据,"['公寓', '近地铁', '精装', '随时看房']","['3号线(龙岗线) - 莲花村', '429m', '2号线(蛇口线) - 岗厦北', '485m', '2号线(蛇口线),4号线(龙华线) - 市民中心', '947m', '3号线(龙岗线),4号线(龙华线) - 少年宫', '962m']",22.550001552528,114.07560585603
https://sz.lianjia.com/zufang/SZ2143358257320689664.html,龙华区,红山,莱蒙水榭春天5期 3室2厅 东南,6500元/月 ,租赁方式未知,3室2厅1卫,88㎡,朝东南,"['https://image1.ljcdn.com/440300-inspection/249c4d7c-be63-4220-b778-caa547f2e511.jpg.780x439.jpg', 'https://s1.ljcdn.com/matrix_lianjia_pc/dist/pc/src/resource/default/780-439.png?_v=201906280941017d9', 'https://s1.ljcdn.com/matrix_lianjia_pc/dist/pc/src/resource/default/780-439.png?_v=201906280941017d9', 'https://s1.ljcdn.com/matrix_lianjia_pc/dist/pc/src/resource/default/780-439.png?_v=201906280941017d9', 'https://s1.ljcdn.com/matrix_lianjia_pc/dist/pc/src/resource/default/780-439.png?_v=201906280941017d9', 'https://s1.ljcdn.com/matrix_lianjia_pc/dist/pc/src/resource/default/780-439.png?_v=201906280941017d9', 'https://s1.ljcdn.com/matrix_lianjia_pc/dist/pc/src/resource/default/780-439.png?_v=201906280941017d9', 'https://s1.ljcdn.com/matrix_lianjia_pc/dist/pc/src/resource/default/780-439.png?_v=201906280941017d9', 'https://s1.ljcdn.com/matrix_lianjia_pc/dist/pc/src/resource/default/780-439.png?_v=201906280941017d9']",6个月前,随时入住,暂无数据,需提前预约,中楼层/28层,有,暂无数据,民水,民电,有,暂无数据,"['近地铁', '随时看房']","['4号线(龙华线) - 红山', '605m']",22.629534692853,114.0343656882
https://sz.lianjia.com/zufang/SZ2288186807503814656.html,龙岗区,龙岗中心城,金地龙城中央二期 3室2厅 东南,5500元/月 ,租赁方式未知,3室2厅1卫,89㎡,朝东南,"['https://image1.ljcdn.com/440300-inspection/prod-a853e5c8-59a2-4813-989c-c8a87e15d366.jpg.780x439.jpg', 'https://s1.ljcdn.com/matrix_lianjia_pc/dist/pc/src/resource/default/780-439.png?_v=201906280941017d9', 'https://s1.ljcdn.com/matrix_lianjia_pc/dist/pc/src/resource/default/780-439.png?_v=201906280941017d9', 'https://s1.ljcdn.com/matrix_lianjia_pc/dist/pc/src/resource/default/780-439.png?_v=201906280941017d9', 'https://s1.ljcdn.com/matrix_lianjia_pc/dist/pc/src/resource/default/780-439.png?_v=201906280941017d9', 'https://s1.ljcdn.com/matrix_lianjia_pc/dist/pc/src/resource/default/780-439.png?_v=201906280941017d9']",3天前,随时入住,暂无数据,需提前预约,高楼层/32层,有,暂无数据,民水,民电,有,暂无数据,['新上'],"['3号线(龙岗线) - 龙城广场', '559m', '3号线(龙岗线) - 吉祥', '904m']",22.719084,114.258273
https://sz.lianjia.com/zufang/SZ2272328980575027200.html,南山区,前海,鼎太风华一期 2室1厅 东南,7200元/月 ,租赁方式未知,2室1厅1卫,69㎡,朝东南,"['https://image1.ljcdn.com/440300-inspection/3d7a2392-c08b-4db8-be4f-970d0211a39c.jpg.780x439.jpg', 'https://s1.ljcdn.com/matrix_lianjia_pc/dist/pc/src/resource/default/780-439.png?_v=201906280941017d9', 'https://s1.ljcdn.com/matrix_lianjia_pc/dist/pc/src/resource/default/780-439.png?_v=201906280941017d9', 'https://s1.ljcdn.com/matrix_lianjia_pc/dist/pc/src/resource/default/780-439.png?_v=201906280941017d9', 'https://s1.ljcdn.com/matrix_lianjia_pc/dist/pc/src/resource/default/780-439.png?_v=201906280941017d9']",21天前,随时入住,暂无数据,暂无数据,低楼层/11层,有,暂无数据,民水,民电,有,暂无数据,['随时看房'],[],22.526036267046,113.91955227292
https://sz.lianjia.com/zufang/SZ2265923564497027072.html,南山区,科技园,整租·大冲新城花园 2室1厅 东南/南,6500元/月 (月付价),整租,2室1厅1卫,60㎡,朝东南 南,"['https://image1.ljcdn.com/rent-user-avatar/0b559b63-f0ae-4435-a1a3-e317b9ae9e3f.780x439.jpg', 'https://s1.ljcdn.com/matrix_lianjia_pc/dist/pc/src/resource/default/780-439.png?_v=201906280941017d9', 'https://s1.ljcdn.com/matrix_lianjia_pc/dist/pc/src/resource/default/780-439.png?_v=201906280941017d9', 'https://s1.ljcdn.com/matrix_lianjia_pc/dist/pc/src/resource/default/780-439.png?_v=201906280941017d9', 'https://s1.ljcdn.com/matrix_lianjia_pc/dist/pc/src/resource/default/780-439.png?_v=201906280941017d9', 'https://s1.ljcdn.com/matrix_lianjia_pc/dist/pc/src/resource/default/780-439.png?_v=201906280941017d9', 'https://s1.ljcdn.com/matrix_lianjia_pc/dist/pc/src/resource/default/780-439.png?_v=201906280941017d9']",1个月前,随时入住,1年,随时可看,38/39层,暂无数据,暂无数据,民水,民电,有,暂无数据,"['近地铁', '精装', '随时看房']","['1号线(罗宝线) - 高新园', '238m', '1号线(罗宝线) - 深大', '846m']",22.547709,113.957672
https://sz.lianjia.com/zufang/SZ2267323849857040384.html,罗湖区,地王,整租·ONE 39 1室1厅 东南,5200元/月 (月付价),整租,1室1厅1卫,46㎡,朝东南,"['https://image1.ljcdn.com/rent-user-avatar/4a1671f7-9b76-422b-b3bd-0f16a3ee9fbf.780x439.jpg', 'https://s1.ljcdn.com/matrix_lianjia_pc/dist/pc/src/resource/default/780-439.png?_v=201906280941017d9', 'https://s1.ljcdn.com/matrix_lianjia_pc/dist/pc/src/resource/default/780-439.png?_v=201906280941017d9', 'https://s1.ljcdn.com/matrix_lianjia_pc/dist/pc/src/resource/default/780-439.png?_v=201906280941017d9', 'https://s1.ljcdn.com/matrix_lianjia_pc/dist/pc/src/resource/default/780-439.png?_v=201906280941017d9', 'https://s1.ljcdn.com/matrix_lianjia_pc/dist/pc/src/resource/default/780-439.png?_v=201906280941017d9', 'https://s1.ljcdn.com/matrix_lianjia_pc/dist/pc/src/resource/default/780-439.png?_v=201906280941017d9', 'https://s1.ljcdn.com/matrix_lianjia_pc/dist/pc/src/resource/default/780-439.png?_v=201906280941017d9']",1个月前,随时入住,1年,随时可看,35/37层,有,暂无数据,民水,民电,无,暂无数据,"['公寓', '近地铁', '精装', '随时看房']","['1号线(罗宝线),2号线(蛇口线) - 大剧院', '430m', '1号线(罗宝线),3号线(龙岗线) - 老街', '430m', '9号线 - 红岭南', '1029m', '9号线 - 鹿丹村', '1159m']",22.550023,114.118503
https://sz.lianjia.com/zufang/SZ2281619930393100288.html,龙华区,红山,整租·城投七里香榭 2室2厅 东南,5000元/月 ,整租,2室2厅1卫,74㎡,朝东南,"['https://image1.ljcdn.com/440300-inspection/02e2a671-7576-40ed-abfc-2bb19c09186c.jpg.780x439.jpg', 'https://s1.ljcdn.com/matrix_lianjia_pc/dist/pc/src/resource/default/780-439.png?_v=201906280941017d9', 'https://s1.ljcdn.com/matrix_lianjia_pc/dist/pc/src/resource/default/780-439.png?_v=201906280941017d9', 'https://s1.ljcdn.com/matrix_lianjia_pc/dist/pc/src/resource/default/780-439.png?_v=201906280941017d9', 'https://s1.ljcdn.com/matrix_lianjia_pc/dist/pc/src/resource/default/780-439.png?_v=201906280941017d9', 'https://s1.ljcdn.com/matrix_lianjia_pc/dist/pc/src/resource/default/780-439.png?_v=201906280941017d9', 'https://s1.ljcdn.com/matrix_lianjia_pc/dist/pc/src/resource/default/780-439.png?_v=201906280941017d9', 'https://s1.ljcdn.com/matrix_lianjia_pc/dist/pc/src/resource/default/780-439.png?_v=201906280941017d9']",12天前,2019-07-13,1年以内,需提前预约,高楼层/18层,有,暂无数据,民水,民电,有,暂无数据,['精装'],"['4号线(龙华线) - 红山', '1122m']",22.636701245627,114.03239048173
https://sz.lianjia.com/zufang/SZ2278025056909000704.html,宝安区,西乡,流塘阳光花园 3室2厅 东南,6000元/月 ,租赁方式未知,3室2厅1卫,71㎡,朝东南,"['https://image1.ljcdn.com/440300-inspection/51e16c98-0a49-4ee1-8b3b-2817102e5f75.jpg.780x439.jpg', 'https://s1.ljcdn.com/matrix_lianjia_pc/dist/pc/src/resource/default/780-439.png?_v=201906280941017d9', 'https://s1.ljcdn.com/matrix_lianjia_pc/dist/pc/src/resource/default/780-439.png?_v=201906280941017d9', 'https://s1.ljcdn.com/matrix_lianjia_pc/dist/pc/src/resource/default/780-439.png?_v=201906280941017d9', 'https://s1.ljcdn.com/matrix_lianjia_pc/dist/pc/src/resource/default/780-439.png?_v=201906280941017d9', 'https://s1.ljcdn.com/matrix_lianjia_pc/dist/pc/src/resource/default/780-439.png?_v=201906280941017d9', 'https://s1.ljcdn.com/matrix_lianjia_pc/dist/pc/src/resource/default/780-439.png?_v=201906280941017d9', 'https://s1.ljcdn.com/matrix_lianjia_pc/dist/pc/src/resource/default/780-439.png?_v=201906280941017d9']",17天前,随时入住,暂无数据,需提前预约,低楼层/32层,有,暂无数据,民水,民电,有,暂无数据,['随时看房'],[],22.587554,113.89682
https://sz.lianjia.com/zufang/SZ2278328712220901376.html,福田区,皇岗,晨晖家园 1室0厅 东南,5000元/月 ,租赁方式未知,1室0厅1卫,34㎡,朝东南,"['https://image1.ljcdn.com/hdic-frame/7a4e8c4b-4832-4767-90e2-acc095934f7b.png.780x439.jpg', 'https://s1.ljcdn.com/matrix_lianjia_pc/dist/pc/src/resource/default/780-439.png?_v=201906280941017d9', 'https://s1.ljcdn.com/matrix_lianjia_pc/dist/pc/src/resource/default/780-439.png?_v=201906280941017d9', 'https://s1.ljcdn.com/matrix_lianjia_pc/dist/pc/src/resource/default/780-439.png?_v=201906280941017d9', 'https://s1.ljcdn.com/matrix_lianjia_pc/dist/pc/src/resource/default/780-439.png?_v=201906280941017d9']",17天前,随时入住,暂无数据,需提前预约,中楼层/18层,有,暂无数据,民水,民电,有,暂无数据,['近地铁'],"['7号线 - 皇岗村', '712m', '4号线(龙华线),7号线 - 福民', '713m', '3号线(龙岗线),7号线 - 石厦', '1169m', '4号线(龙华线) - 福田口岸', '1187m']",22.525557756796,114.06774623111
https://sz.lianjia.com/zufang/SZ2233767005033603072.html,南山区,南头,整租·前海枫叶大厦 2室1厅 东南,7500元/月 (月付价),整租,2室1厅1卫,46㎡,朝东南,"['https://image1.ljcdn.com/rent-user-avatar/07b4aa2a-a335-4b2b-b996-06d48bb22b9b.780x439.jpg', 'https://s1.ljcdn.com/matrix_lianjia_pc/dist/pc/src/resource/default/780-439.png?_v=201906280941017d9', 'https://s1.ljcdn.com/matrix_lianjia_pc/dist/pc/src/resource/default/780-439.png?_v=201906280941017d9', 'https://s1.ljcdn.com/matrix_lianjia_pc/dist/pc/src/resource/default/780-439.png?_v=201906280941017d9', 'https://s1.ljcdn.com/matrix_lianjia_pc/dist/pc/src/resource/default/780-439.png?_v=201906280941017d9', 'https://s1.ljcdn.com/matrix_lianjia_pc/dist/pc/src/resource/default/780-439.png?_v=201906280941017d9', 'https://s1.ljcdn.com/matrix_lianjia_pc/dist/pc/src/resource/default/780-439.png?_v=201906280941017d9', 'https://s1.ljcdn.com/matrix_lianjia_pc/dist/pc/src/resource/default/780-439.png?_v=201906280941017d9', 'https://s1.ljcdn.com/matrix_lianjia_pc/dist/pc/src/resource/default/780-439.png?_v=201906280941017d9']",2个月前,随时入住,1年以上,随时可看,10/24层,有,暂无数据,商水,商电,无,暂无数据,"['近地铁', '精装', '随时看房']","['11号线 - 南山', '347m', '1号线(罗宝线) - 桃园', '956m', '1号线(罗宝线) - 大新', '1113m']",22.532566768153,113.92740212718
https://sz.lianjia.com/apartment/3777.html,,,海绵CEO公馆 · 宝安店,"
海绵CEO公馆 · 宝安店

          2650元/月起

",,,,,"['https://image1.ljcdn.com/rent-user-avatar/4d5fef7d-42bc-4040-ad4c-605b20cac8be.1150x.jpg', 'https://s1.ljcdn.com/matrix_lianjia_pc/dist/pc/src/resource/default/1150-450.png?_v=201906280941017d9']",,,,,,,,,,,,,[],22.56246,113.911621
https://sz.lianjia.com/zufang/SZ2267104842092642304.html,福田区,华强南,桐林公寓 2室1厅 东南,7300元/月 ,租赁方式未知,2室1厅1卫,54㎡,朝东南,"['https://image1.ljcdn.com/440300-inspection/3b9142cc-e103-4031-8cbf-5aac6419b9cb.png.780x439.jpg', 'https://s1.ljcdn.com/matrix_lianjia_pc/dist/pc/src/resource/default/780-439.png?_v=201906280941017d9', 'https://s1.ljcdn.com/matrix_lianjia_pc/dist/pc/src/resource/default/780-439.png?_v=201906280941017d9', 'https://s1.ljcdn.com/matrix_lianjia_pc/dist/pc/src/resource/default/780-439.png?_v=201906280941017d9', 'https://s1.ljcdn.com/matrix_lianjia_pc/dist/pc/src/resource/default/780-439.png?_v=201906280941017d9', 'https://s1.ljcdn.com/matrix_lianjia_pc/dist/pc/src/resource/default/780-439.png?_v=201906280941017d9', 'https://s1.ljcdn.com/matrix_lianjia_pc/dist/pc/src/resource/default/780-439.png?_v=201906280941017d9']",1个月前,随时入住,暂无数据,暂无数据,高楼层/29层,有,暂无数据,民水,民电,有,暂无数据,"['近地铁', '随时看房']","['7号线 - 赤尾', '646m']",22.538115,114.085263
https://sz.lianjia.com/zufang/SZ2265223287351558144.html,福田区,竹子林,鑫竹苑 2室1厅 东南,7500元/月 ,租赁方式未知,2室1厅1卫,82㎡,朝东南,"['https://image1.ljcdn.com/440300-inspection/0ee3c78b-26de-4fa0-940d-5c7c68afc00f.jpg.780x439.jpg', 'https://s1.ljcdn.com/matrix_lianjia_pc/dist/pc/src/resource/default/780-439.png?_v=201906280941017d9', 'https://s1.ljcdn.com/matrix_lianjia_pc/dist/pc/src/resource/default/780-439.png?_v=201906280941017d9', 'https://s1.ljcdn.com/matrix_lianjia_pc/dist/pc/src/resource/default/780-439.png?_v=201906280941017d9', 'https://s1.ljcdn.com/matrix_lianjia_pc/dist/pc/src/resource/default/780-439.png?_v=201906280941017d9', 'https://s1.ljcdn.com/matrix_lianjia_pc/dist/pc/src/resource/default/780-439.png?_v=201906280941017d9', 'https://s1.ljcdn.com/matrix_lianjia_pc/dist/pc/src/resource/default/780-439.png?_v=201906280941017d9', 'https://s1.ljcdn.com/matrix_lianjia_pc/dist/pc/src/resource/default/780-439.png?_v=201906280941017d9', 'https://s1.ljcdn.com/matrix_lianjia_pc/dist/pc/src/resource/default/780-439.png?_v=201906280941017d9', 'https://s1.ljcdn.com/matrix_lianjia_pc/dist/pc/src/resource/default/780-439.png?_v=201906280941017d9']",1个月前,随时入住,暂无数据,需提前预约,低楼层/28层,有,暂无数据,民水,民电,有,暂无数据,['近地铁'],"['7号线 - 农林', '218m', '1号线(罗宝线) - 竹子林', '833m', '1号线(罗宝线),11号线,7号线,9号线 - 车公庙', '1021m']",22.544012443108,114.02412065005
https://sz.lianjia.com/zufang/SZ2288106570929668096.html,罗湖区,百仕达,百仕达东郡 1室1厅 东南,6300元/月 ,租赁方式未知,1室1厅1卫,46㎡,朝东南,"['https://image1.ljcdn.com/440300-inspection/prod-4dbbfa54-9519-43b2-982f-d52e9e15f14f.jpg.780x439.jpg', 'https://s1.ljcdn.com/matrix_lianjia_pc/dist/pc/src/resource/default/780-439.png?_v=201906280941017d9', 'https://s1.ljcdn.com/matrix_lianjia_pc/dist/pc/src/resource/default/780-439.png?_v=201906280941017d9', 'https://s1.ljcdn.com/matrix_lianjia_pc/dist/pc/src/resource/default/780-439.png?_v=201906280941017d9']",3天前,随时入住,暂无数据,一般下班后可看,高楼层/27层,有,暂无数据,民水,民电,有,暂无数据,"['近地铁', '新上']","['5号线(环中线),7号线 - 太安', '270m', '3号线(龙岗线),7号线 - 田贝', '721m']",22.575942387973,114.14400235604
https://sz.lianjia.com/zufang/SZ2288192561477074944.html,龙华区,上塘,整租·鸿荣源·尚峻 2室2厅 东南,5000元/月 (季付价),整租,2室2厅2卫,91㎡,朝东南,"['https://image1.ljcdn.com/rent-user-avatar/196d24aa-bf3d-45a8-a69c-03219ba0913a.780x439.jpg', 'https://s1.ljcdn.com/matrix_lianjia_pc/dist/pc/src/resource/default/780-439.png?_v=201906280941017d9', 'https://s1.ljcdn.com/matrix_lianjia_pc/dist/pc/src/resource/default/780-439.png?_v=201906280941017d9', 'https://s1.ljcdn.com/matrix_lianjia_pc/dist/pc/src/resource/default/780-439.png?_v=201906280941017d9', 'https://s1.ljcdn.com/matrix_lianjia_pc/dist/pc/src/resource/default/780-439.png?_v=201906280941017d9']",3天前,随时入住,1~12个月,随时可看,12/26层,暂无数据,暂无数据,暂无数据,暂无数据,暂无数据,暂无数据,"['公寓', '月租', '近地铁', '精装', '押一付一', '双卫生间', '新上', '随时看房']","['4号线(龙华线) - 龙胜', '446m', '4号线(龙华线) - 上塘', '572m']",22.647465095155,114.01834430836
https://sz.lianjia.com/zufang/SZ2269521202110808064.html,龙华区,龙华中心,整租·幸福城公寓 1室1厅 东南,5000元/月 (月付价),整租,1室1厅1卫,45㎡,朝 东南,"['https://image1.ljcdn.com/rent-user-avatar/1e575d63-4898-4998-864d-16d69e5fbd91.780x439.jpg', 'https://s1.ljcdn.com/matrix_lianjia_pc/dist/pc/src/resource/default/780-439.png?_v=201906280941017d9', 'https://s1.ljcdn.com/matrix_lianjia_pc/dist/pc/src/resource/default/780-439.png?_v=201906280941017d9', 'https://s1.ljcdn.com/matrix_lianjia_pc/dist/pc/src/resource/default/780-439.png?_v=201906280941017d9', 'https://s1.ljcdn.com/matrix_lianjia_pc/dist/pc/src/resource/default/780-439.png?_v=201906280941017d9', 'https://s1.ljcdn.com/matrix_lianjia_pc/dist/pc/src/resource/default/780-439.png?_v=201906280941017d9']",29天前,随时入住,1年,随时可看,8/32层,暂无数据,暂无数据,暂无数据,暂无数据,暂无数据,暂无数据,"['近地铁', '随时看房']","['4号线(龙华线) - 清湖', '503m']",22.66531,114.044993
https://sz.lianjia.com/zufang/SZ2278117133911064576.html,龙华区,红山,整租·卓越皇后道 3室1厅 东南,6800元/月 ,整租,3室1厅2卫,89㎡,朝东南,"['https://image1.ljcdn.com/440300-inspection/b5ce679c-6345-445c-a943-b7ba8dd589ff.jpg.780x439.jpg', 'https://s1.ljcdn.com/matrix_lianjia_pc/dist/pc/src/resource/default/780-439.png?_v=201906280941017d9', 'https://s1.ljcdn.com/matrix_lianjia_pc/dist/pc/src/resource/default/780-439.png?_v=201906280941017d9', 'https://s1.ljcdn.com/matrix_lianjia_pc/dist/pc/src/resource/default/780-439.png?_v=201906280941017d9', 'https://s1.ljcdn.com/matrix_lianjia_pc/dist/pc/src/resource/default/780-439.png?_v=201906280941017d9', 'https://s1.ljcdn.com/matrix_lianjia_pc/dist/pc/src/resource/default/780-439.png?_v=201906280941017d9', 'https://s1.ljcdn.com/matrix_lianjia_pc/dist/pc/src/resource/default/780-439.png?_v=201906280941017d9', 'https://s1.ljcdn.com/matrix_lianjia_pc/dist/pc/src/resource/default/780-439.png?_v=201906280941017d9', 'https://s1.ljcdn.com/matrix_lianjia_pc/dist/pc/src/resource/default/780-439.png?_v=201906280941017d9', 'https://s1.ljcdn.com/matrix_lianjia_pc/dist/pc/src/resource/default/780-439.png?_v=201906280941017d9', 'https://s1.ljcdn.com/matrix_lianjia_pc/dist/pc/src/resource/default/780-439.png?_v=201906280941017d9']",13天前,2019-07-24,1年以内,需提前预约,低楼层/32层,有,暂无数据,民水,民电,有,暂无数据,"['近地铁', '精装', '双卫生间']","['4号线(龙华线) - 上塘', '935m']",22.635048727818,114.01915356394
https://sz.lianjia.com/zufang/SZ2279545954229567488.html,龙华区,梅林关,整租·万科金域华府 2室2厅 东南,7200元/月 ,整租,2室2厅1卫,85㎡,朝东南,"['https://image1.ljcdn.com/440300-inspection/0df977e3-1e67-4a1b-8116-8e3e8cbcf7d1.jpg.780x439.jpg', 'https://s1.ljcdn.com/matrix_lianjia_pc/dist/pc/src/resource/default/780-439.png?_v=201906280941017d9', 'https://s1.ljcdn.com/matrix_lianjia_pc/dist/pc/src/resource/default/780-439.png?_v=201906280941017d9', 'https://s1.ljcdn.com/matrix_lianjia_pc/dist/pc/src/resource/default/780-439.png?_v=201906280941017d9', 'https://s1.ljcdn.com/matrix_lianjia_pc/dist/pc/src/resource/default/780-439.png?_v=201906280941017d9', 'https://s1.ljcdn.com/matrix_lianjia_pc/dist/pc/src/resource/default/780-439.png?_v=201906280941017d9', 'https://s1.ljcdn.com/matrix_lianjia_pc/dist/pc/src/resource/default/780-439.png?_v=201906280941017d9']",15天前,2019-07-25,3年以上,需提前预约,中楼层/34层,有,暂无数据,民水,民电,有,暂无数据,"['近地铁', '精装']","['4号线(龙华线) - 白石龙', '97m', '4号线(龙华线) - 民乐', '660m']",22.604889,114.05044
https://sz.lianjia.com/zufang/SZ2279459124436025344.html,福田区,石厦,瑞和园 2室1厅 东南/南,7000元/月 ,租赁方式未知,2室1厅1卫,68㎡,朝东南 南,"['https://image1.ljcdn.com/440300-inspection/ddbd43f4-2643-4cf4-9996-049afc83a706.jpg.780x439.jpg', 'https://s1.ljcdn.com/matrix_lianjia_pc/dist/pc/src/resource/default/780-439.png?_v=201906280941017d9', 'https://s1.ljcdn.com/matrix_lianjia_pc/dist/pc/src/resource/default/780-439.png?_v=201906280941017d9', 'https://s1.ljcdn.com/matrix_lianjia_pc/dist/pc/src/resource/default/780-439.png?_v=201906280941017d9', 'https://s1.ljcdn.com/matrix_lianjia_pc/dist/pc/src/resource/default/780-439.png?_v=201906280941017d9', 'https://s1.ljcdn.com/matrix_lianjia_pc/dist/pc/src/resource/default/780-439.png?_v=201906280941017d9']",15天前,随时入住,暂无数据,需提前预约,中楼层/18层,有,暂无数据,民水,民电,无,暂无数据,['近地铁'],"['3号线(龙岗线),7号线 - 石厦', '214m', '7号线 - 皇岗村', '338m', '4号线(龙华线),7号线 - 福民', '1023m']",22.52933006548,114.06238590769
https://sz.lianjia.com/zufang/SZ2280164819053592576.html,龙华区,龙华中心,美丽家园 3室1厅 东南,5200元/月 ,租赁方式未知,3室1厅2卫,101㎡,朝东南,"['https://image1.ljcdn.com/440300-inspection/b978b6c1-9972-47c2-8436-7756c4905b08.jpg.780x439.jpg', 'https://s1.ljcdn.com/matrix_lianjia_pc/dist/pc/src/resource/default/780-439.png?_v=201906280941017d9', 'https://s1.ljcdn.com/matrix_lianjia_pc/dist/pc/src/resource/default/780-439.png?_v=201906280941017d9', 'https://s1.ljcdn.com/matrix_lianjia_pc/dist/pc/src/resource/default/780-439.png?_v=201906280941017d9', 'https://s1.ljcdn.com/matrix_lianjia_pc/dist/pc/src/resource/default/780-439.png?_v=201906280941017d9', 'https://s1.ljcdn.com/matrix_lianjia_pc/dist/pc/src/resource/default/780-439.png?_v=201906280941017d9', 'https://s1.ljcdn.com/matrix_lianjia_pc/dist/pc/src/resource/default/780-439.png?_v=201906280941017d9', 'https://s1.ljcdn.com/matrix_lianjia_pc/dist/pc/src/resource/default/780-439.png?_v=201906280941017d9', 'https://s1.ljcdn.com/matrix_lianjia_pc/dist/pc/src/resource/default/780-439.png?_v=201906280941017d9', 'https://s1.ljcdn.com/matrix_lianjia_pc/dist/pc/src/resource/default/780-439.png?_v=201906280941017d9']",14天前,随时入住,暂无数据,需提前预约,中楼层/12层,有,暂无数据,民水,民电,有,暂无数据,"['近地铁', '随时看房']","['4号线(龙华线) - 清湖', '734m']",22.663755,114.039568
