房源地址,行政区,位置,标题,租金,租赁方式,户型,面积,朝向,图片列表,发布时间,入住时间,租期,看房时间,楼层,电梯,车位,用水,用电,燃气,采暖,标签,station,latitude,longtitude
https://sz.lianjia.com/apartment/16702.html,,,万科泊寓 · 沙井步涌公社,"
万科泊寓 · 沙井步涌公社

          828元/月起

",,,,,"['https://image1.ljcdn.com/rent-user-avatar/3076d75c-e24f-4afe-84c3-9d722ceb1121.1150x.jpg', 'https://s1.ljcdn.com/matrix_lianjia_pc/dist/pc/src/resource/default/1150-450.png?_v=201906280941017d9', 'https://s1.ljcdn.com/matrix_lianjia_pc/dist/pc/src/resource/default/1150-450.png?_v=201906280941017d9', 'https://s1.ljcdn.com/matrix_lianjia_pc/dist/pc/src/resource/default/1150-450.png?_v=201906280941017d9', 'https://s1.ljcdn.com/matrix_lianjia_pc/dist/pc/src/resource/default/1150-450.png?_v=201906280941017d9']",,,,,,,,,,,,,[],22.757846,113.822392
https://sz.lianjia.com/apartment/8422.html,,,职业房东 · 歆海公寓 马安山91号店,"
职业房东 · 歆海公寓 马安山91号店

          700元/月起

",,,,,['https://image1.ljcdn.com/rent-user-avatar/15d05f74-a469-4cb6-96fa-4ff0d70c4539.1150x.jpg'],,,,,,,,,,,,,[],22.722579,113.8217
https://sz.lianjia.com/apartment/1973.html,,,张优公寓 · 塘尾店,"
张优公寓 · 塘尾店

          650元/月起

",,,,,"['https://image1.ljcdn.com/rent-user-avatar/7c5fa096-5169-4839-a957-0ee51f73ce7b.1150x.jpg', 'https://s1.ljcdn.com/matrix_lianjia_pc/dist/pc/src/resource/default/1150-450.png?_v=201906280941017d9', 'https://s1.ljcdn.com/matrix_lianjia_pc/dist/pc/src/resource/default/1150-450.png?_v=201906280941017d9', 'https://s1.ljcdn.com/matrix_lianjia_pc/dist/pc/src/resource/default/1150-450.png?_v=201906280941017d9', 'https://s1.ljcdn.com/matrix_lianjia_pc/dist/pc/src/resource/default/1150-450.png?_v=201906280941017d9', 'https://s1.ljcdn.com/matrix_lianjia_pc/dist/pc/src/resource/default/1150-450.png?_v=201906280941017d9']",,,,,,,,,,,,,[],22.705856,113.8114
https://sz.lianjia.com/apartment/17091.html,,,职业房东 · 福海公寓,"
职业房东 · 福海公寓

          650元/月起

",,,,,"['https://image1.ljcdn.com/rent-user-avatar/785b5232-1bf8-40e4-aa93-c5a32c1465ba.1150x.jpg', 'https://s1.ljcdn.com/matrix_lianjia_pc/dist/pc/src/resource/default/1150-450.png?_v=201906280941017d9', 'https://s1.ljcdn.com/matrix_lianjia_pc/dist/pc/src/resource/default/1150-450.png?_v=201906280941017d9']",,,,,,,,,,,,,[],22.677866,113.828299
https://sz.lianjia.com/apartment/16215.html,,,WE HOME青年社区 · 一见公寓,"
WE HOME青年社区 · 一见公寓

          850元/月起

",,,,,"['https://image1.ljcdn.com/rent-user-avatar/d4a5e079-22a9-4685-84d7-a476e8f506c6.1150x.jpg', 'https://s1.ljcdn.com/matrix_lianjia_pc/dist/pc/src/resource/default/1150-450.png?_v=201906280941017d9', 'https://s1.ljcdn.com/matrix_lianjia_pc/dist/pc/src/resource/default/1150-450.png?_v=201906280941017d9', 'https://s1.ljcdn.com/matrix_lianjia_pc/dist/pc/src/resource/default/1150-450.png?_v=201906280941017d9']",,,,,,,,,,,,,[],22.771921,113.847677
https://sz.lianjia.com/apartment/8417.html,,,壹家公寓 · 沙井五分店,"
壹家公寓 · 沙井五分店

          900元/月起

",,,,,['https://image1.ljcdn.com/rent-user-avatar/0f907457-4118-4cc5-81df-e5db8e40f1b7.1150x.jpg'],,,,,,,,,,,,,[],22.735079,113.829093
https://sz.lianjia.com/apartment/8287.html,,,禧邻公寓 · 西湾店,"
禧邻公寓 · 西湾店

          950元/月起

",,,,,"['https://image1.ljcdn.com/rent-user-avatar/03f23764-6c3d-44dd-8c06-1e89cfc56b24.1150x.jpg', 'https://s1.ljcdn.com/matrix_lianjia_pc/dist/pc/src/resource/default/1150-450.png?_v=201906280941017d9', 'https://s1.ljcdn.com/matrix_lianjia_pc/dist/pc/src/resource/default/1150-450.png?_v=201906280941017d9', 'https://s1.ljcdn.com/matrix_lianjia_pc/dist/pc/src/resource/default/1150-450.png?_v=201906280941017d9', 'https://s1.ljcdn.com/matrix_lianjia_pc/dist/pc/src/resource/default/1150-450.png?_v=201906280941017d9', 'https://s1.ljcdn.com/matrix_lianjia_pc/dist/pc/src/resource/default/1150-450.png?_v=201906280941017d9', 'https://s1.ljcdn.com/matrix_lianjia_pc/dist/pc/src/resource/default/1150-450.png?_v=201906280941017d9', 'https://s1.ljcdn.com/matrix_lianjia_pc/dist/pc/src/resource/default/1150-450.png?_v=201906280941017d9', 'https://s1.ljcdn.com/matrix_lianjia_pc/dist/pc/src/resource/default/1150-450.png?_v=201906280941017d9', 'https://s1.ljcdn.com/matrix_lianjia_pc/dist/pc/src/resource/default/1150-450.png?_v=201906280941017d9']",,,,,,,,,,,,,[],22.595309,113.848905
https://sz.lianjia.com/apartment/4146.html,,,职业房东 · 塘上湾公寓,"
职业房东 · 塘上湾公寓

          600元/月起

",,,,,"['https://image1.ljcdn.com/rent-user-avatar/0b5fcbf5-df45-410a-909e-7234ba9ae7fe.1150x.jpg', 'https://s1.ljcdn.com/matrix_lianjia_pc/dist/pc/src/resource/default/1150-450.png?_v=201906280941017d9', 'https://s1.ljcdn.com/matrix_lianjia_pc/dist/pc/src/resource/default/1150-450.png?_v=201906280941017d9', 'https://s1.ljcdn.com/matrix_lianjia_pc/dist/pc/src/resource/default/1150-450.png?_v=201906280941017d9', 'https://s1.ljcdn.com/matrix_lianjia_pc/dist/pc/src/resource/default/1150-450.png?_v=201906280941017d9']",,,,,,,,,,,,,[],22.710588,114.316842
https://sz.lianjia.com/apartment/7581.html,,,职业房东 · 塘尾 15区 千之公寓,"
职业房东 · 塘尾 15区 千之公寓

          700元/月起

",,,,,"['https://image1.ljcdn.com/rent-user-avatar/6251b7a5-f55f-40eb-bb83-ef89b1933ee9.1150x.jpg', 'https://s1.ljcdn.com/matrix_lianjia_pc/dist/pc/src/resource/default/1150-450.png?_v=201906280941017d9', 'https://s1.ljcdn.com/matrix_lianjia_pc/dist/pc/src/resource/default/1150-450.png?_v=201906280941017d9', 'https://s1.ljcdn.com/matrix_lianjia_pc/dist/pc/src/resource/default/1150-450.png?_v=201906280941017d9', 'https://s1.ljcdn.com/matrix_lianjia_pc/dist/pc/src/resource/default/1150-450.png?_v=201906280941017d9', 'https://s1.ljcdn.com/matrix_lianjia_pc/dist/pc/src/resource/default/1150-450.png?_v=201906280941017d9', 'https://s1.ljcdn.com/matrix_lianjia_pc/dist/pc/src/resource/default/1150-450.png?_v=201906280941017d9']",,,,,,,,,,,,,[],22.707378,113.816687
https://sz.lianjia.com/apartment/4146.html,,,职业房东 · 塘上湾公寓,"
职业房东 · 塘上湾公寓

          600元/月起

",,,,,"['https://image1.ljcdn.com/rent-user-avatar/0b5fcbf5-df45-410a-909e-7234ba9ae7fe.1150x.jpg', 'https://s1.ljcdn.com/matrix_lianjia_pc/dist/pc/src/resource/default/1150-450.png?_v=201906280941017d9', 'https://s1.ljcdn.com/matrix_lianjia_pc/dist/pc/src/resource/default/1150-450.png?_v=201906280941017d9', 'https://s1.ljcdn.com/matrix_lianjia_pc/dist/pc/src/resource/default/1150-450.png?_v=201906280941017d9', 'https://s1.ljcdn.com/matrix_lianjia_pc/dist/pc/src/resource/default/1150-450.png?_v=201906280941017d9']",,,,,,,,,,,,,[],22.710588,114.316842
https://sz.lianjia.com/apartment/11077.html,,,尚驿时代青年公寓 · 别墅B区5栋,"
尚驿时代青年公寓 · 别墅B区5栋

          1000元/月起

",,,,,"['https://image1.ljcdn.com/rent-user-avatar/7c4f8c34-6f12-4959-820e-4c5b335eb1a7.1150x.jpg', 'https://s1.ljcdn.com/matrix_lianjia_pc/dist/pc/src/resource/default/1150-450.png?_v=201906280941017d9', 'https://s1.ljcdn.com/matrix_lianjia_pc/dist/pc/src/resource/default/1150-450.png?_v=201906280941017d9', 'https://s1.ljcdn.com/matrix_lianjia_pc/dist/pc/src/resource/default/1150-450.png?_v=201906280941017d9', 'https://s1.ljcdn.com/matrix_lianjia_pc/dist/pc/src/resource/default/1150-450.png?_v=201906280941017d9', 'https://s1.ljcdn.com/matrix_lianjia_pc/dist/pc/src/resource/default/1150-450.png?_v=201906280941017d9']",,,,,,,,,,,,,[],22.699566,113.947588
https://sz.lianjia.com/apartment/4146.html,,,职业房东 · 塘上湾公寓,"
职业房东 · 塘上湾公寓

          600元/月起

",,,,,"['https://image1.ljcdn.com/rent-user-avatar/0b5fcbf5-df45-410a-909e-7234ba9ae7fe.1150x.jpg', 'https://s1.ljcdn.com/matrix_lianjia_pc/dist/pc/src/resource/default/1150-450.png?_v=201906280941017d9', 'https://s1.ljcdn.com/matrix_lianjia_pc/dist/pc/src/resource/default/1150-450.png?_v=201906280941017d9', 'https://s1.ljcdn.com/matrix_lianjia_pc/dist/pc/src/resource/default/1150-450.png?_v=201906280941017d9', 'https://s1.ljcdn.com/matrix_lianjia_pc/dist/pc/src/resource/default/1150-450.png?_v=201906280941017d9']",,,,,,,,,,,,,[],22.710588,114.316842
https://sz.lianjia.com/apartment/16702.html,,,万科泊寓 · 沙井步涌公社,"
万科泊寓 · 沙井步涌公社

          828元/月起

",,,,,"['https://image1.ljcdn.com/rent-user-avatar/3076d75c-e24f-4afe-84c3-9d722ceb1121.1150x.jpg', 'https://s1.ljcdn.com/matrix_lianjia_pc/dist/pc/src/resource/default/1150-450.png?_v=201906280941017d9', 'https://s1.ljcdn.com/matrix_lianjia_pc/dist/pc/src/resource/default/1150-450.png?_v=201906280941017d9', 'https://s1.ljcdn.com/matrix_lianjia_pc/dist/pc/src/resource/default/1150-450.png?_v=201906280941017d9', 'https://s1.ljcdn.com/matrix_lianjia_pc/dist/pc/src/resource/default/1150-450.png?_v=201906280941017d9']",,,,,,,,,,,,,[],22.757846,113.822392
https://sz.lianjia.com/apartment/1973.html,,,张优公寓 · 塘尾店,"
张优公寓 · 塘尾店

          650元/月起

",,,,,"['https://image1.ljcdn.com/rent-user-avatar/7c5fa096-5169-4839-a957-0ee51f73ce7b.1150x.jpg', 'https://s1.ljcdn.com/matrix_lianjia_pc/dist/pc/src/resource/default/1150-450.png?_v=201906280941017d9', 'https://s1.ljcdn.com/matrix_lianjia_pc/dist/pc/src/resource/default/1150-450.png?_v=201906280941017d9', 'https://s1.ljcdn.com/matrix_lianjia_pc/dist/pc/src/resource/default/1150-450.png?_v=201906280941017d9', 'https://s1.ljcdn.com/matrix_lianjia_pc/dist/pc/src/resource/default/1150-450.png?_v=201906280941017d9', 'https://s1.ljcdn.com/matrix_lianjia_pc/dist/pc/src/resource/default/1150-450.png?_v=201906280941017d9']",,,,,,,,,,,,,[],22.705856,113.8114
https://sz.lianjia.com/apartment/16702.html,,,万科泊寓 · 沙井步涌公社,"
万科泊寓 · 沙井步涌公社

          828元/月起

",,,,,"['https://image1.ljcdn.com/rent-user-avatar/3076d75c-e24f-4afe-84c3-9d722ceb1121.1150x.jpg', 'https://s1.ljcdn.com/matrix_lianjia_pc/dist/pc/src/resource/default/1150-450.png?_v=201906280941017d9', 'https://s1.ljcdn.com/matrix_lianjia_pc/dist/pc/src/resource/default/1150-450.png?_v=201906280941017d9', 'https://s1.ljcdn.com/matrix_lianjia_pc/dist/pc/src/resource/default/1150-450.png?_v=201906280941017d9', 'https://s1.ljcdn.com/matrix_lianjia_pc/dist/pc/src/resource/default/1150-450.png?_v=201906280941017d9']",,,,,,,,,,,,,[],22.757846,113.822392
https://sz.lianjia.com/apartment/17338.html,,,职业房东 · Hello公寓万锦3号,"
职业房东 · Hello公寓万锦3号

          850元/月起

",,,,,['https://image1.ljcdn.com/rent-user-avatar/cfa5e6cd-4c1e-4769-a74f-3821528eb56f.1150x.jpg'],,,,,,,,,,,,,[],22.730285,113.790238
https://sz.lianjia.com/apartment/4146.html,,,职业房东 · 塘上湾公寓,"
职业房东 · 塘上湾公寓

          600元/月起

",,,,,"['https://image1.ljcdn.com/rent-user-avatar/0b5fcbf5-df45-410a-909e-7234ba9ae7fe.1150x.jpg', 'https://s1.ljcdn.com/matrix_lianjia_pc/dist/pc/src/resource/default/1150-450.png?_v=201906280941017d9', 'https://s1.ljcdn.com/matrix_lianjia_pc/dist/pc/src/resource/default/1150-450.png?_v=201906280941017d9', 'https://s1.ljcdn.com/matrix_lianjia_pc/dist/pc/src/resource/default/1150-450.png?_v=201906280941017d9', 'https://s1.ljcdn.com/matrix_lianjia_pc/dist/pc/src/resource/default/1150-450.png?_v=201906280941017d9']",,,,,,,,,,,,,[],22.710588,114.316842
https://sz.lianjia.com/apartment/3757.html,,,峻诚公寓 · 同乐店,"
峻诚公寓 · 同乐店

          900元/月起

",,,,,"['https://image1.ljcdn.com/rent-user-avatar/4835b7d7-0538-4daf-9533-b6f4fd3f9a20.1150x.jpg', 'https://s1.ljcdn.com/matrix_lianjia_pc/dist/pc/src/resource/default/1150-450.png?_v=201906280941017d9', 'https://s1.ljcdn.com/matrix_lianjia_pc/dist/pc/src/resource/default/1150-450.png?_v=201906280941017d9', 'https://s1.ljcdn.com/matrix_lianjia_pc/dist/pc/src/resource/default/1150-450.png?_v=201906280941017d9', 'https://s1.ljcdn.com/matrix_lianjia_pc/dist/pc/src/resource/default/1150-450.png?_v=201906280941017d9', 'https://s1.ljcdn.com/matrix_lianjia_pc/dist/pc/src/resource/default/1150-450.png?_v=201906280941017d9', 'https://s1.ljcdn.com/matrix_lianjia_pc/dist/pc/src/resource/default/1150-450.png?_v=201906280941017d9', 'https://s1.ljcdn.com/matrix_lianjia_pc/dist/pc/src/resource/default/1150-450.png?_v=201906280941017d9']",,,,,,,,,,,,,[],22.718574,114.321476
https://sz.lianjia.com/apartment/16702.html,,,万科泊寓 · 沙井步涌公社,"
万科泊寓 · 沙井步涌公社

          828元/月起

",,,,,"['https://image1.ljcdn.com/rent-user-avatar/3076d75c-e24f-4afe-84c3-9d722ceb1121.1150x.jpg', 'https://s1.ljcdn.com/matrix_lianjia_pc/dist/pc/src/resource/default/1150-450.png?_v=201906280941017d9', 'https://s1.ljcdn.com/matrix_lianjia_pc/dist/pc/src/resource/default/1150-450.png?_v=201906280941017d9', 'https://s1.ljcdn.com/matrix_lianjia_pc/dist/pc/src/resource/default/1150-450.png?_v=201906280941017d9', 'https://s1.ljcdn.com/matrix_lianjia_pc/dist/pc/src/resource/default/1150-450.png?_v=201906280941017d9']",,,,,,,,,,,,,[],22.757846,113.822392
https://sz.lianjia.com/apartment/1973.html,,,张优公寓 · 塘尾店,"
张优公寓 · 塘尾店

          650元/月起

",,,,,"['https://image1.ljcdn.com/rent-user-avatar/7c5fa096-5169-4839-a957-0ee51f73ce7b.1150x.jpg', 'https://s1.ljcdn.com/matrix_lianjia_pc/dist/pc/src/resource/default/1150-450.png?_v=201906280941017d9', 'https://s1.ljcdn.com/matrix_lianjia_pc/dist/pc/src/resource/default/1150-450.png?_v=201906280941017d9', 'https://s1.ljcdn.com/matrix_lianjia_pc/dist/pc/src/resource/default/1150-450.png?_v=201906280941017d9', 'https://s1.ljcdn.com/matrix_lianjia_pc/dist/pc/src/resource/default/1150-450.png?_v=201906280941017d9', 'https://s1.ljcdn.com/matrix_lianjia_pc/dist/pc/src/resource/default/1150-450.png?_v=201906280941017d9']",,,,,,,,,,,,,[],22.705856,113.8114
https://sz.lianjia.com/apartment/9059.html,,,职业房东 · 雅韵公寓 桥南138号店,"
职业房东 · 雅韵公寓 桥南138号店

          800元/月起

",,,,,['https://image1.ljcdn.com/rent-user-avatar/77d150f8-03cf-41ff-a726-5fa389fac56d.1150x.jpg'],,,,,,,,,,,,,[],22.695533,113.816126
https://sz.lianjia.com/apartment/8494.html,,,职业房东 · 雅韵公寓  塘尾新源11号店,"
职业房东 · 雅韵公寓  塘尾新源11号店

          800元/月起

",,,,,['https://image1.ljcdn.com/rent-user-avatar/929525f8-1225-4d62-9fc6-471ebf5f1d11.1150x.jpg'],,,,,,,,,,,,,[],22.705919,113.815703
https://sz.lianjia.com/apartment/16702.html,,,万科泊寓 · 沙井步涌公社,"
万科泊寓 · 沙井步涌公社

          828元/月起

",,,,,"['https://image1.ljcdn.com/rent-user-avatar/3076d75c-e24f-4afe-84c3-9d722ceb1121.1150x.jpg', 'https://s1.ljcdn.com/matrix_lianjia_pc/dist/pc/src/resource/default/1150-450.png?_v=201906280941017d9', 'https://s1.ljcdn.com/matrix_lianjia_pc/dist/pc/src/resource/default/1150-450.png?_v=201906280941017d9', 'https://s1.ljcdn.com/matrix_lianjia_pc/dist/pc/src/resource/default/1150-450.png?_v=201906280941017d9', 'https://s1.ljcdn.com/matrix_lianjia_pc/dist/pc/src/resource/default/1150-450.png?_v=201906280941017d9']",,,,,,,,,,,,,[],22.757846,113.822392
https://sz.lianjia.com/apartment/8673.html,,,职业房东 · 雅韵公寓 桥塘10号店,"
职业房东 · 雅韵公寓 桥塘10号店

          750元/月起

",,,,,['https://image1.ljcdn.com/rent-user-avatar/410f9d3e-896a-4042-aa79-fed0ecdb3aa2.1150x.jpg'],,,,,,,,,,,,,[],22.698784,113.812878
https://sz.lianjia.com/apartment/18355.html,,,壹家公寓 · 沙井九分店,"
壹家公寓 · 沙井九分店

          980元/月起

",,,,,"['https://image1.ljcdn.com/rent-user-avatar/e6c1d2f2-05aa-436d-aa21-4fcc146c5e16.1150x.jpg', 'https://s1.ljcdn.com/matrix_lianjia_pc/dist/pc/src/resource/default/1150-450.png?_v=201906280941017d9', 'https://s1.ljcdn.com/matrix_lianjia_pc/dist/pc/src/resource/default/1150-450.png?_v=201906280941017d9']",,,,,,,,,,,,,[],22.723347,113.823258
https://sz.lianjia.com/apartment/16702.html,,,万科泊寓 · 沙井步涌公社,"
万科泊寓 · 沙井步涌公社

          828元/月起

",,,,,"['https://image1.ljcdn.com/rent-user-avatar/3076d75c-e24f-4afe-84c3-9d722ceb1121.1150x.jpg', 'https://s1.ljcdn.com/matrix_lianjia_pc/dist/pc/src/resource/default/1150-450.png?_v=201906280941017d9', 'https://s1.ljcdn.com/matrix_lianjia_pc/dist/pc/src/resource/default/1150-450.png?_v=201906280941017d9', 'https://s1.ljcdn.com/matrix_lianjia_pc/dist/pc/src/resource/default/1150-450.png?_v=201906280941017d9', 'https://s1.ljcdn.com/matrix_lianjia_pc/dist/pc/src/resource/default/1150-450.png?_v=201906280941017d9']",,,,,,,,,,,,,[],22.757846,113.822392
https://sz.lianjia.com/apartment/1733.html,,,张优公寓 · 星际豪庭,"
张优公寓 · 星际豪庭

          1000元/月起

",,,,,"['https://image1.ljcdn.com/rent-user-avatar/03deaff4-bf51-45a8-ad23-35a7b8432138.1150x.jpg', 'https://s1.ljcdn.com/matrix_lianjia_pc/dist/pc/src/resource/default/1150-450.png?_v=201906280941017d9']",,,,,,,,,,,,,[],22.735164,113.844106
https://sz.lianjia.com/apartment/4146.html,,,职业房东 · 塘上湾公寓,"
职业房东 · 塘上湾公寓

          600元/月起

",,,,,"['https://image1.ljcdn.com/rent-user-avatar/0b5fcbf5-df45-410a-909e-7234ba9ae7fe.1150x.jpg', 'https://s1.ljcdn.com/matrix_lianjia_pc/dist/pc/src/resource/default/1150-450.png?_v=201906280941017d9', 'https://s1.ljcdn.com/matrix_lianjia_pc/dist/pc/src/resource/default/1150-450.png?_v=201906280941017d9', 'https://s1.ljcdn.com/matrix_lianjia_pc/dist/pc/src/resource/default/1150-450.png?_v=201906280941017d9', 'https://s1.ljcdn.com/matrix_lianjia_pc/dist/pc/src/resource/default/1150-450.png?_v=201906280941017d9']",,,,,,,,,,,,,[],22.710588,114.316842
https://sz.lianjia.com/apartment/4146.html,,,职业房东 · 塘上湾公寓,"
职业房东 · 塘上湾公寓

          600元/月起

",,,,,"['https://image1.ljcdn.com/rent-user-avatar/0b5fcbf5-df45-410a-909e-7234ba9ae7fe.1150x.jpg', 'https://s1.ljcdn.com/matrix_lianjia_pc/dist/pc/src/resource/default/1150-450.png?_v=201906280941017d9', 'https://s1.ljcdn.com/matrix_lianjia_pc/dist/pc/src/resource/default/1150-450.png?_v=201906280941017d9', 'https://s1.ljcdn.com/matrix_lianjia_pc/dist/pc/src/resource/default/1150-450.png?_v=201906280941017d9', 'https://s1.ljcdn.com/matrix_lianjia_pc/dist/pc/src/resource/default/1150-450.png?_v=201906280941017d9']",,,,,,,,,,,,,[],22.710588,114.316842
https://sz.lianjia.com/apartment/5111.html,,,职业房东 · 梦之湾公寓,"
职业房东 · 梦之湾公寓

          980元/月起

",,,,,"['https://image1.ljcdn.com/rent-user-avatar/9906de88-a241-4188-bf61-cbba18c65d50.1150x.jpg', 'https://s1.ljcdn.com/matrix_lianjia_pc/dist/pc/src/resource/default/1150-450.png?_v=201906280941017d9', 'https://s1.ljcdn.com/matrix_lianjia_pc/dist/pc/src/resource/default/1150-450.png?_v=201906280941017d9']",,,,,,,,,,,,,[],22.708168,113.838938
