房源地址,行政区,位置,标题,租金,租赁方式,户型,面积,朝向,图片列表,发布时间,入住时间,租期,看房时间,楼层,电梯,车位,用水,用电,燃气,采暖,标签,station,latitude,longtitude
https://sz.lianjia.com/apartment/14141.html,,,盛捷服务公寓 · 盛捷君临天下服务公寓,"
盛捷服务公寓 · 盛捷君临天下服务公寓

          18500元/月起

",,,,,"['https://image1.ljcdn.com/rent-user-avatar/1bc0e1ed-60c2-4862-a08b-a6e5a09d332e.1150x.jpg', 'https://s1.ljcdn.com/matrix_lianjia_pc/dist/pc/src/resource/default/1150-450.png?_v=201906280941017d9']",,,,,,,,,,,,,[],22.536042,114.052827
https://sz.lianjia.com/zufang/SZ2286033394670510080.html,福田区,石厦,新新家园 3室2厅 西北,9000元/月 ,租赁方式未知,3室2厅2卫,96㎡,朝西北,"['https://image1.ljcdn.com/440300-inspection/a285bb7d-f9fb-453e-ab26-27d7a0fee679.jpg.780x439.jpg', 'https://s1.ljcdn.com/matrix_lianjia_pc/dist/pc/src/resource/default/780-439.png?_v=201906280941017d9', 'https://s1.ljcdn.com/matrix_lianjia_pc/dist/pc/src/resource/default/780-439.png?_v=201906280941017d9', 'https://s1.ljcdn.com/matrix_lianjia_pc/dist/pc/src/resource/default/780-439.png?_v=201906280941017d9', 'https://s1.ljcdn.com/matrix_lianjia_pc/dist/pc/src/resource/default/780-439.png?_v=201906280941017d9', 'https://s1.ljcdn.com/matrix_lianjia_pc/dist/pc/src/resource/default/780-439.png?_v=201906280941017d9', 'https://s1.ljcdn.com/matrix_lianjia_pc/dist/pc/src/resource/default/780-439.png?_v=201906280941017d9', 'https://s1.ljcdn.com/matrix_lianjia_pc/dist/pc/src/resource/default/780-439.png?_v=201906280941017d9', 'https://s1.ljcdn.com/matrix_lianjia_pc/dist/pc/src/resource/default/780-439.png?_v=201906280941017d9', 'https://s1.ljcdn.com/matrix_lianjia_pc/dist/pc/src/resource/default/780-439.png?_v=201906280941017d9']",6天前,2019-07-30,暂无数据,需提前预约,中楼层/32层,有,暂无数据,民水,民电,有,暂无数据,"['近地铁', '新上']","['3号线(龙岗线) - 益田', '379m', '3号线(龙岗线),7号线 - 石厦', '407m', '7号线 - 皇岗村', '842m', '7号线 - 沙尾', '1169m']",22.524735430567,114.05963805904
https://sz.lianjia.com/zufang/SZ2243443711046320128.html,龙华区,红山,莱蒙水榭春天二期 5室2厅 东南/西北,12500元/月 ,租赁方式未知,5室2厅2卫,164㎡,朝东南 西北,"['http://vrlab-image.ljcdn.com/release/auto3dhd/b79f3284b55933047ae7cd3720b53ca7/screenshot/1561345540_6/pc0_JRS7bzHow.jpg.q_70.jpg', 'https://s1.ljcdn.com/matrix_lianjia_pc/dist/pc/src/resource/default/780-439.png?_v=201906280941017d9', 'https://s1.ljcdn.com/matrix_lianjia_pc/dist/pc/src/resource/default/780-439.png?_v=201906280941017d9', 'https://s1.ljcdn.com/matrix_lianjia_pc/dist/pc/src/resource/default/780-439.png?_v=201906280941017d9', 'https://s1.ljcdn.com/matrix_lianjia_pc/dist/pc/src/resource/default/780-439.png?_v=201906280941017d9', 'https://s1.ljcdn.com/matrix_lianjia_pc/dist/pc/src/resource/default/780-439.png?_v=201906280941017d9', 'https://s1.ljcdn.com/matrix_lianjia_pc/dist/pc/src/resource/default/780-439.png?_v=201906280941017d9']",2个月前,随时入住,暂无数据,暂无数据,中楼层/33层,有,暂无数据,民水,民电,有,暂无数据,"['近地铁', '随时看房']","['4号线(龙华线) - 红山', '856m']",22.634241,114.030726
https://sz.lianjia.com/zufang/SZ2243519475150495744.html,罗湖区,百仕达,新港鸿花园 3室1厅 西北,8500元/月 ,租赁方式未知,3室1厅2卫,104㎡,朝西北,"['https://image1.ljcdn.com/440300-inspection/prod-602c203a-915a-4b1a-8c03-7bf6966b5f6f.jpg.780x439.jpg', 'https://s1.ljcdn.com/matrix_lianjia_pc/dist/pc/src/resource/default/780-439.png?_v=201906280941017d9', 'https://s1.ljcdn.com/matrix_lianjia_pc/dist/pc/src/resource/default/780-439.png?_v=201906280941017d9', 'https://s1.ljcdn.com/matrix_lianjia_pc/dist/pc/src/resource/default/780-439.png?_v=201906280941017d9', 'https://s1.ljcdn.com/matrix_lianjia_pc/dist/pc/src/resource/default/780-439.png?_v=201906280941017d9', 'https://s1.ljcdn.com/matrix_lianjia_pc/dist/pc/src/resource/default/780-439.png?_v=201906280941017d9']",2个月前,随时入住,暂无数据,需提前预约,高楼层/24层,有,暂无数据,民水,民电,有,暂无数据,['近地铁'],"['5号线(环中线),7号线 - 太安', '483m', '3号线(龙岗线),7号线 - 田贝', '514m', '3号线(龙岗线) - 水贝', '592m', '7号线 - 洪湖', '1162m']",22.578710073252,114.13786104954
https://sz.lianjia.com/zufang/SZ2280364438764650496.html,罗湖区,黄贝岭,整租·靖轩豪苑 4室2厅 西北,13000元/月 (月付价),整租,4室2厅2卫,124㎡,朝西北,"['https://image1.ljcdn.com/rent-user-avatar/407e001e-131c-4428-bb37-b02a5c303f8a.780x439.jpg', 'https://s1.ljcdn.com/matrix_lianjia_pc/dist/pc/src/resource/default/780-439.png?_v=201906280941017d9', 'https://s1.ljcdn.com/matrix_lianjia_pc/dist/pc/src/resource/default/780-439.png?_v=201906280941017d9']",14天前,随时入住,3年,随时可看,10/32层,暂无数据,暂无数据,暂无数据,暂无数据,暂无数据,暂无数据,"['公寓', '精装', '双卫生间', '随时看房']",[],22.55407,114.14559
https://sz.lianjia.com/zufang/SZ2097558746858258432.html,罗湖区,黄贝岭,整租·深业东岭 3室2厅 西北,9000元/月 (月付价),整租,3室2厅2卫,92㎡,朝西北,"['https://image1.ljcdn.com/rent-user-avatar/01274b13-0554-4fd7-bfd4-a63aaa01aab1.780x439.jpg', 'https://s1.ljcdn.com/matrix_lianjia_pc/dist/pc/src/resource/default/780-439.png?_v=201906280941017d9', 'https://s1.ljcdn.com/matrix_lianjia_pc/dist/pc/src/resource/default/780-439.png?_v=201906280941017d9', 'https://s1.ljcdn.com/matrix_lianjia_pc/dist/pc/src/resource/default/780-439.png?_v=201906280941017d9', 'https://s1.ljcdn.com/matrix_lianjia_pc/dist/pc/src/resource/default/780-439.png?_v=201906280941017d9', 'https://s1.ljcdn.com/matrix_lianjia_pc/dist/pc/src/resource/default/780-439.png?_v=201906280941017d9', 'https://s1.ljcdn.com/matrix_lianjia_pc/dist/pc/src/resource/default/780-439.png?_v=201906280941017d9', 'https://s1.ljcdn.com/matrix_lianjia_pc/dist/pc/src/resource/default/780-439.png?_v=201906280941017d9']",8个月前,随时入住,1~2年,随时可看,24/44层,暂无数据,租用车位,民水,民电,有,暂无数据,"['公寓', '近地铁', '精装', '双卫生间', '随时看房']","['2号线(蛇口线),5号线(环中线) - 黄贝岭', '497m', '5号线(环中线) - 怡景', '789m', '2号线(蛇口线) - 新秀', '1094m']",22.555308,114.146576
https://sz.lianjia.com/zufang/SZ2267988211127296000.html,南山区,后海,蔚蓝海岸3期 4室2厅 西北,20000元/月 ,租赁方式未知,4室2厅2卫,165㎡,朝西北,"['https://image1.ljcdn.com/440300-inspection/7aac4619-61de-4691-ab55-11c39ff9d042.jpg.780x439.jpg', 'https://s1.ljcdn.com/matrix_lianjia_pc/dist/pc/src/resource/default/780-439.png?_v=201906280941017d9', 'https://s1.ljcdn.com/matrix_lianjia_pc/dist/pc/src/resource/default/780-439.png?_v=201906280941017d9', 'https://s1.ljcdn.com/matrix_lianjia_pc/dist/pc/src/resource/default/780-439.png?_v=201906280941017d9', 'https://s1.ljcdn.com/matrix_lianjia_pc/dist/pc/src/resource/default/780-439.png?_v=201906280941017d9', 'https://s1.ljcdn.com/matrix_lianjia_pc/dist/pc/src/resource/default/780-439.png?_v=201906280941017d9', 'https://s1.ljcdn.com/matrix_lianjia_pc/dist/pc/src/resource/default/780-439.png?_v=201906280941017d9', 'https://s1.ljcdn.com/matrix_lianjia_pc/dist/pc/src/resource/default/780-439.png?_v=201906280941017d9', 'https://s1.ljcdn.com/matrix_lianjia_pc/dist/pc/src/resource/default/780-439.png?_v=201906280941017d9', 'https://s1.ljcdn.com/matrix_lianjia_pc/dist/pc/src/resource/default/780-439.png?_v=201906280941017d9', 'https://s1.ljcdn.com/matrix_lianjia_pc/dist/pc/src/resource/default/780-439.png?_v=201906280941017d9', 'https://s1.ljcdn.com/matrix_lianjia_pc/dist/pc/src/resource/default/780-439.png?_v=201906280941017d9']",1个月前,随时入住,暂无数据,需提前预约,中楼层/17层,有,暂无数据,民水,民电,有,暂无数据,['近地铁'],"['2号线(蛇口线) - 登良', '59m', '2号线(蛇口线),11号线 - 后海', '584m', '2号线(蛇口线) - 海月', '1129m']",22.517566215385,113.94331509437
https://sz.lianjia.com/zufang/SZ2244000866191548416.html,罗湖区,黄贝岭,深业东岭 3室2厅 西北,9000元/月 ,租赁方式未知,3室2厅2卫,87㎡,朝西北,"['http://vrlab-image.ljcdn.com/release/auto3dhd/2855675f44b2ad7e8e5068d7e562141a/screenshot/1556160192_6/pc0_dzNwbFIMk.jpg.q_70.jpg', 'https://s1.ljcdn.com/matrix_lianjia_pc/dist/pc/src/resource/default/780-439.png?_v=201906280941017d9', 'https://s1.ljcdn.com/matrix_lianjia_pc/dist/pc/src/resource/default/780-439.png?_v=201906280941017d9', 'https://s1.ljcdn.com/matrix_lianjia_pc/dist/pc/src/resource/default/780-439.png?_v=201906280941017d9', 'https://s1.ljcdn.com/matrix_lianjia_pc/dist/pc/src/resource/default/780-439.png?_v=201906280941017d9', 'https://s1.ljcdn.com/matrix_lianjia_pc/dist/pc/src/resource/default/780-439.png?_v=201906280941017d9']",2个月前,随时入住,暂无数据,需提前预约,中楼层/39层,有,暂无数据,民水,民电,有,暂无数据,"['近地铁', '随时看房']","['2号线(蛇口线),5号线(环中线) - 黄贝岭', '497m', '5号线(环中线) - 怡景', '789m', '2号线(蛇口线) - 新秀', '1094m']",22.555308,114.146576
https://sz.lianjia.com/zufang/SZ2257908142597734400.html,福田区,竹子林,碧海云天二期 2室2厅 西北,14000元/月 ,租赁方式未知,2室2厅2卫,103㎡,朝西北,"['https://image1.ljcdn.com/440300-inspection/9d19a338-e614-427c-bebf-582f06bf5dab.jpg.780x439.jpg', 'https://s1.ljcdn.com/matrix_lianjia_pc/dist/pc/src/resource/default/780-439.png?_v=201906280941017d9', 'https://s1.ljcdn.com/matrix_lianjia_pc/dist/pc/src/resource/default/780-439.png?_v=201906280941017d9', 'https://s1.ljcdn.com/matrix_lianjia_pc/dist/pc/src/resource/default/780-439.png?_v=201906280941017d9', 'https://s1.ljcdn.com/matrix_lianjia_pc/dist/pc/src/resource/default/780-439.png?_v=201906280941017d9', 'https://s1.ljcdn.com/matrix_lianjia_pc/dist/pc/src/resource/default/780-439.png?_v=201906280941017d9', 'https://s1.ljcdn.com/matrix_lianjia_pc/dist/pc/src/resource/default/780-439.png?_v=201906280941017d9', 'https://s1.ljcdn.com/matrix_lianjia_pc/dist/pc/src/resource/default/780-439.png?_v=201906280941017d9', 'https://s1.ljcdn.com/matrix_lianjia_pc/dist/pc/src/resource/default/780-439.png?_v=201906280941017d9', 'https://s1.ljcdn.com/matrix_lianjia_pc/dist/pc/src/resource/default/780-439.png?_v=201906280941017d9', 'https://s1.ljcdn.com/matrix_lianjia_pc/dist/pc/src/resource/default/780-439.png?_v=201906280941017d9']",1个月前,随时入住,暂无数据,需提前预约,中楼层/32层,有,暂无数据,民水,民电,有,暂无数据,"['近地铁', '随时看房']","['1号线(罗宝线) - 侨城东', '234m', '9号线 - 深圳湾公园', '853m']",22.535147,114.003207
https://sz.lianjia.com/apartment/14141.html,,,盛捷服务公寓 · 盛捷君临天下服务公寓,"
盛捷服务公寓 · 盛捷君临天下服务公寓

          18500元/月起

",,,,,"['https://image1.ljcdn.com/rent-user-avatar/1bc0e1ed-60c2-4862-a08b-a6e5a09d332e.1150x.jpg', 'https://s1.ljcdn.com/matrix_lianjia_pc/dist/pc/src/resource/default/1150-450.png?_v=201906280941017d9']",,,,,,,,,,,,,[],22.536042,114.052827
https://sz.lianjia.com/apartment/13245.html,,,深圳优品公寓 · 石厦店,"
深圳优品公寓 · 石厦店

          2880元/月起

",,,,,"['https://image1.ljcdn.com/rent-user-avatar/9f0b623f-c508-49c6-b2a3-db5a1ad3a7f0.1150x.jpg', 'https://s1.ljcdn.com/matrix_lianjia_pc/dist/pc/src/resource/default/1150-450.png?_v=201906280941017d9', 'https://s1.ljcdn.com/matrix_lianjia_pc/dist/pc/src/resource/default/1150-450.png?_v=201906280941017d9']",,,,,,,,,,,,,[],22.527653,114.05905
https://sz.lianjia.com/zufang/SZ2282382765112426496.html,宝安区,新安,雅然居 4室1厅 西北,8000元/月 ,租赁方式未知,4室1厅2卫,112㎡,朝西北,"['https://image1.ljcdn.com/440300-inspection/49e04a8c-f673-4c0a-9302-d93176fd7e32.jpg.780x439.jpg', 'https://s1.ljcdn.com/matrix_lianjia_pc/dist/pc/src/resource/default/780-439.png?_v=201906280941017d9', 'https://s1.ljcdn.com/matrix_lianjia_pc/dist/pc/src/resource/default/780-439.png?_v=201906280941017d9', 'https://s1.ljcdn.com/matrix_lianjia_pc/dist/pc/src/resource/default/780-439.png?_v=201906280941017d9', 'https://s1.ljcdn.com/matrix_lianjia_pc/dist/pc/src/resource/default/780-439.png?_v=201906280941017d9', 'https://s1.ljcdn.com/matrix_lianjia_pc/dist/pc/src/resource/default/780-439.png?_v=201906280941017d9', 'https://s1.ljcdn.com/matrix_lianjia_pc/dist/pc/src/resource/default/780-439.png?_v=201906280941017d9', 'https://s1.ljcdn.com/matrix_lianjia_pc/dist/pc/src/resource/default/780-439.png?_v=201906280941017d9', 'https://s1.ljcdn.com/matrix_lianjia_pc/dist/pc/src/resource/default/780-439.png?_v=201906280941017d9', 'https://s1.ljcdn.com/matrix_lianjia_pc/dist/pc/src/resource/default/780-439.png?_v=201906280941017d9', 'https://s1.ljcdn.com/matrix_lianjia_pc/dist/pc/src/resource/default/780-439.png?_v=201906280941017d9', 'https://s1.ljcdn.com/matrix_lianjia_pc/dist/pc/src/resource/default/780-439.png?_v=201906280941017d9']",11天前,随时入住,暂无数据,需提前预约,中楼层/18层,有,暂无数据,民水,民电,有,暂无数据,[],[],22.585066963183,113.89961643881
https://sz.lianjia.com/zufang/SZ2285247878060580864.html,福田区,景田,景西大厦 4室2厅 西北,9500元/月 ,租赁方式未知,4室2厅2卫,115㎡,朝西北,"['https://image1.ljcdn.com/440300-inspection/12702967-2f18-44ff-9d92-6208cb0a76ab.jpg.780x439.jpg', 'https://s1.ljcdn.com/matrix_lianjia_pc/dist/pc/src/resource/default/780-439.png?_v=201906280941017d9', 'https://s1.ljcdn.com/matrix_lianjia_pc/dist/pc/src/resource/default/780-439.png?_v=201906280941017d9', 'https://s1.ljcdn.com/matrix_lianjia_pc/dist/pc/src/resource/default/780-439.png?_v=201906280941017d9', 'https://s1.ljcdn.com/matrix_lianjia_pc/dist/pc/src/resource/default/780-439.png?_v=201906280941017d9', 'https://s1.ljcdn.com/matrix_lianjia_pc/dist/pc/src/resource/default/780-439.png?_v=201906280941017d9', 'https://s1.ljcdn.com/matrix_lianjia_pc/dist/pc/src/resource/default/780-439.png?_v=201906280941017d9', 'https://s1.ljcdn.com/matrix_lianjia_pc/dist/pc/src/resource/default/780-439.png?_v=201906280941017d9', 'https://s1.ljcdn.com/matrix_lianjia_pc/dist/pc/src/resource/default/780-439.png?_v=201906280941017d9', 'https://s1.ljcdn.com/matrix_lianjia_pc/dist/pc/src/resource/default/780-439.png?_v=201906280941017d9']",7天前,随时入住,暂无数据,需提前预约,中楼层/30层,有,暂无数据,民水,民电,有,暂无数据,['近地铁'],"['9号线 - 梅景', '257m', '2号线(蛇口线),9号线 - 景田', '608m', '2号线(蛇口线) - 香梅北', '1040m']",22.563744,114.046586
https://sz.lianjia.com/zufang/SZ2264370805909487616.html,福田区,福田保税区,宝瑞轩 3室2厅 东南/西北/北,9000元/月 ,租赁方式未知,3室2厅1卫,111㎡,朝东南 西北 北,"['https://image1.ljcdn.com/440300-inspection/946e8568-edb4-4301-9d86-8cb328e8a90e.jpg.780x439.jpg', 'https://s1.ljcdn.com/matrix_lianjia_pc/dist/pc/src/resource/default/780-439.png?_v=201906280941017d9', 'https://s1.ljcdn.com/matrix_lianjia_pc/dist/pc/src/resource/default/780-439.png?_v=201906280941017d9', 'https://s1.ljcdn.com/matrix_lianjia_pc/dist/pc/src/resource/default/780-439.png?_v=201906280941017d9', 'https://s1.ljcdn.com/matrix_lianjia_pc/dist/pc/src/resource/default/780-439.png?_v=201906280941017d9', 'https://s1.ljcdn.com/matrix_lianjia_pc/dist/pc/src/resource/default/780-439.png?_v=201906280941017d9', 'https://s1.ljcdn.com/matrix_lianjia_pc/dist/pc/src/resource/default/780-439.png?_v=201906280941017d9', 'https://s1.ljcdn.com/matrix_lianjia_pc/dist/pc/src/resource/default/780-439.png?_v=201906280941017d9', 'https://s1.ljcdn.com/matrix_lianjia_pc/dist/pc/src/resource/default/780-439.png?_v=201906280941017d9', 'https://s1.ljcdn.com/matrix_lianjia_pc/dist/pc/src/resource/default/780-439.png?_v=201906280941017d9']",1个月前,随时入住,暂无数据,需提前预约,低楼层/12层,有,暂无数据,民水,民电,有,暂无数据,"['近地铁', '随时看房']","['4号线(龙华线) - 福田口岸', '1141m']",22.51578715604,114.06662460515
https://sz.lianjia.com/zufang/SZ2246127435848892416.html,福田区,新洲,整租·嘉葆润金座 2室1厅 复式 西北,8200元/月 (月付价),整租,2室1厅1卫,35㎡,朝西北,"['https://image1.ljcdn.com/rent-user-avatar/0bcd39ef-3d74-4c3c-8913-4888a7cbd71c.780x439.jpg', 'https://s1.ljcdn.com/matrix_lianjia_pc/dist/pc/src/resource/default/780-439.png?_v=201906280941017d9', 'https://s1.ljcdn.com/matrix_lianjia_pc/dist/pc/src/resource/default/780-439.png?_v=201906280941017d9', 'https://s1.ljcdn.com/matrix_lianjia_pc/dist/pc/src/resource/default/780-439.png?_v=201906280941017d9', 'https://s1.ljcdn.com/matrix_lianjia_pc/dist/pc/src/resource/default/780-439.png?_v=201906280941017d9', 'https://s1.ljcdn.com/matrix_lianjia_pc/dist/pc/src/resource/default/780-439.png?_v=201906280941017d9']",2个月前,随时入住,1年以上,随时可看,13/20层,暂无数据,暂无数据,暂无数据,暂无数据,暂无数据,暂无数据,"['公寓', '近地铁', '精装', '随时看房']","['7号线 - 沙尾', '736m', '3号线(龙岗线),7号线 - 石厦', '835m']",22.530104171103,114.05386329166
https://sz.lianjia.com/zufang/SZ2248241230620131328.html,龙华区,民治,春华四季园二期 4室1厅 跃层 西北,8600元/月 ,租赁方式未知,4室1厅3卫,141㎡,朝西北,"['https://image1.ljcdn.com/440300-inspection/d357910c-2d98-4b68-94b5-76b8a91b5346.jpg.780x439.jpg', 'https://s1.ljcdn.com/matrix_lianjia_pc/dist/pc/src/resource/default/780-439.png?_v=201906280941017d9', 'https://s1.ljcdn.com/matrix_lianjia_pc/dist/pc/src/resource/default/780-439.png?_v=201906280941017d9', 'https://s1.ljcdn.com/matrix_lianjia_pc/dist/pc/src/resource/default/780-439.png?_v=201906280941017d9', 'https://s1.ljcdn.com/matrix_lianjia_pc/dist/pc/src/resource/default/780-439.png?_v=201906280941017d9', 'https://s1.ljcdn.com/matrix_lianjia_pc/dist/pc/src/resource/default/780-439.png?_v=201906280941017d9', 'https://s1.ljcdn.com/matrix_lianjia_pc/dist/pc/src/resource/default/780-439.png?_v=201906280941017d9', 'https://s1.ljcdn.com/matrix_lianjia_pc/dist/pc/src/resource/default/780-439.png?_v=201906280941017d9', 'https://s1.ljcdn.com/matrix_lianjia_pc/dist/pc/src/resource/default/780-439.png?_v=201906280941017d9', 'https://s1.ljcdn.com/matrix_lianjia_pc/dist/pc/src/resource/default/780-439.png?_v=201906280941017d9', 'https://s1.ljcdn.com/matrix_lianjia_pc/dist/pc/src/resource/default/780-439.png?_v=201906280941017d9', 'https://s1.ljcdn.com/matrix_lianjia_pc/dist/pc/src/resource/default/780-439.png?_v=201906280941017d9']",1个月前,随时入住,暂无数据,需提前预约,低楼层/18层,有,暂无数据,民水,民电,有,暂无数据,['随时看房'],[],22.627596791881,114.05804908442
https://sz.lianjia.com/zufang/SZ2275257496703090688.html,南山区,南头,整租·豪方天际花园 3室2厅 西北,8500元/月 ,整租,3室2厅1卫,74㎡,朝西北,"['http://vrlab-image.ljcdn.com/release/auto3dhd/33156aadb001494902babe74dc30ca1e/screenshot/1557301200_0/pc0_6pspnorOe.jpg.q_70.jpg', 'https://s1.ljcdn.com/matrix_lianjia_pc/dist/pc/src/resource/default/780-439.png?_v=201906280941017d9', 'https://s1.ljcdn.com/matrix_lianjia_pc/dist/pc/src/resource/default/780-439.png?_v=201906280941017d9', 'https://s1.ljcdn.com/matrix_lianjia_pc/dist/pc/src/resource/default/780-439.png?_v=201906280941017d9', 'https://s1.ljcdn.com/matrix_lianjia_pc/dist/pc/src/resource/default/780-439.png?_v=201906280941017d9', 'https://s1.ljcdn.com/matrix_lianjia_pc/dist/pc/src/resource/default/780-439.png?_v=201906280941017d9', 'https://s1.ljcdn.com/matrix_lianjia_pc/dist/pc/src/resource/default/780-439.png?_v=201906280941017d9', 'https://s1.ljcdn.com/matrix_lianjia_pc/dist/pc/src/resource/default/780-439.png?_v=201906280941017d9', 'https://s1.ljcdn.com/matrix_lianjia_pc/dist/pc/src/resource/default/780-439.png?_v=201906280941017d9', 'https://s1.ljcdn.com/matrix_lianjia_pc/dist/pc/src/resource/default/780-439.png?_v=201906280941017d9']",21天前,随时入住,1年以内,需提前预约,低楼层/49层,有,租用车位,民水,民电,有,暂无数据,"['精装', '随时看房']",[],22.560305,113.927414
https://sz.lianjia.com/zufang/SZ2273800480301776896.html,南山区,南山中心,康乐大厦 3室2厅 西北,10900元/月 ,租赁方式未知,3室2厅1卫,87㎡,朝西北,"['https://image1.ljcdn.com/440300-inspection/3edf0b66-f6af-49ca-94de-1ff2b845ccca.jpg.780x439.jpg', 'https://s1.ljcdn.com/matrix_lianjia_pc/dist/pc/src/resource/default/780-439.png?_v=201906280941017d9', 'https://s1.ljcdn.com/matrix_lianjia_pc/dist/pc/src/resource/default/780-439.png?_v=201906280941017d9', 'https://s1.ljcdn.com/matrix_lianjia_pc/dist/pc/src/resource/default/780-439.png?_v=201906280941017d9', 'https://s1.ljcdn.com/matrix_lianjia_pc/dist/pc/src/resource/default/780-439.png?_v=201906280941017d9', 'https://s1.ljcdn.com/matrix_lianjia_pc/dist/pc/src/resource/default/780-439.png?_v=201906280941017d9', 'https://s1.ljcdn.com/matrix_lianjia_pc/dist/pc/src/resource/default/780-439.png?_v=201906280941017d9']",22天前,随时入住,暂无数据,需提前预约,中楼层/28层,有,暂无数据,民水,民电,有,暂无数据,['近地铁'],"['11号线 - 南山', '383m', '1号线(罗宝线) - 桃园', '524m']",22.532782,113.931572
https://sz.lianjia.com/zufang/SZ2103645224277917696.html,宝安区,曦城,招商华侨城曦城四期 6室3厅 东南/西北,100000元/月 ,租赁方式未知,6室3厅8卫,418㎡,朝东南 西北,"['https://image1.ljcdn.com/440300-inspection/6a47b196-237f-4c5b-a092-6b52abcb2fc2.jpg.780x439.jpg', 'https://s1.ljcdn.com/matrix_lianjia_pc/dist/pc/src/resource/default/780-439.png?_v=201906280941017d9', 'https://s1.ljcdn.com/matrix_lianjia_pc/dist/pc/src/resource/default/780-439.png?_v=201906280941017d9', 'https://s1.ljcdn.com/matrix_lianjia_pc/dist/pc/src/resource/default/780-439.png?_v=201906280941017d9', 'https://s1.ljcdn.com/matrix_lianjia_pc/dist/pc/src/resource/default/780-439.png?_v=201906280941017d9', 'https://s1.ljcdn.com/matrix_lianjia_pc/dist/pc/src/resource/default/780-439.png?_v=201906280941017d9', 'https://s1.ljcdn.com/matrix_lianjia_pc/dist/pc/src/resource/default/780-439.png?_v=201906280941017d9', 'https://s1.ljcdn.com/matrix_lianjia_pc/dist/pc/src/resource/default/780-439.png?_v=201906280941017d9', 'https://s1.ljcdn.com/matrix_lianjia_pc/dist/pc/src/resource/default/780-439.png?_v=201906280941017d9', 'https://s1.ljcdn.com/matrix_lianjia_pc/dist/pc/src/resource/default/780-439.png?_v=201906280941017d9', 'https://s1.ljcdn.com/matrix_lianjia_pc/dist/pc/src/resource/default/780-439.png?_v=201906280941017d9', 'https://s1.ljcdn.com/matrix_lianjia_pc/dist/pc/src/resource/default/780-439.png?_v=201906280941017d9', 'https://s1.ljcdn.com/matrix_lianjia_pc/dist/pc/src/resource/default/780-439.png?_v=201906280941017d9', 'https://s1.ljcdn.com/matrix_lianjia_pc/dist/pc/src/resource/default/780-439.png?_v=201906280941017d9', 'https://s1.ljcdn.com/matrix_lianjia_pc/dist/pc/src/resource/default/780-439.png?_v=201906280941017d9', 'https://s1.ljcdn.com/matrix_lianjia_pc/dist/pc/src/resource/default/780-439.png?_v=201906280941017d9', 'https://s1.ljcdn.com/matrix_lianjia_pc/dist/pc/src/resource/default/780-439.png?_v=201906280941017d9']",8个月前,随时入住,暂无数据,需提前预约,低楼层/1层,无,暂无数据,民水,民电,有,暂无数据,[],[],22.60085,113.91623
https://sz.lianjia.com/zufang/SZ2269475294606008320.html,龙华区,梅林关,整租·溪山 5室2厅 西北,9000元/月 (月付价),整租,5室2厅2卫,127㎡,朝西北,"['https://image1.ljcdn.com/440300-inspection/286a16b8-260d-4e8e-9115-7b453520a1ae.jpg.780x439.jpg', 'https://s1.ljcdn.com/matrix_lianjia_pc/dist/pc/src/resource/default/780-439.png?_v=201906280941017d9', 'https://s1.ljcdn.com/matrix_lianjia_pc/dist/pc/src/resource/default/780-439.png?_v=201906280941017d9', 'https://s1.ljcdn.com/matrix_lianjia_pc/dist/pc/src/resource/default/780-439.png?_v=201906280941017d9', 'https://s1.ljcdn.com/matrix_lianjia_pc/dist/pc/src/resource/default/780-439.png?_v=201906280941017d9', 'https://s1.ljcdn.com/matrix_lianjia_pc/dist/pc/src/resource/default/780-439.png?_v=201906280941017d9', 'https://s1.ljcdn.com/matrix_lianjia_pc/dist/pc/src/resource/default/780-439.png?_v=201906280941017d9', 'https://s1.ljcdn.com/matrix_lianjia_pc/dist/pc/src/resource/default/780-439.png?_v=201906280941017d9', 'https://s1.ljcdn.com/matrix_lianjia_pc/dist/pc/src/resource/default/780-439.png?_v=201906280941017d9', 'https://s1.ljcdn.com/matrix_lianjia_pc/dist/pc/src/resource/default/780-439.png?_v=201906280941017d9', 'https://s1.ljcdn.com/matrix_lianjia_pc/dist/pc/src/resource/default/780-439.png?_v=201906280941017d9', 'https://s1.ljcdn.com/matrix_lianjia_pc/dist/pc/src/resource/default/780-439.png?_v=201906280941017d9']",29天前,随时入住,1年以内,需提前预约,高楼层/31层,有,暂无数据,民水,民电,有,暂无数据,"['精装', '双卫生间']",[],22.607163,114.063567
https://sz.lianjia.com/zufang/SZ2259432186384498688.html,南山区,南头,豪方天际花园 3室1厅 西北,8500元/月 ,租赁方式未知,3室1厅1卫,75㎡,朝西北,"['https://image1.ljcdn.com/440300-inspection/33e527ae-6704-4ee4-8ef9-458670e452d0.jpg.780x439.jpg', 'https://s1.ljcdn.com/matrix_lianjia_pc/dist/pc/src/resource/default/780-439.png?_v=201906280941017d9', 'https://s1.ljcdn.com/matrix_lianjia_pc/dist/pc/src/resource/default/780-439.png?_v=201906280941017d9', 'https://s1.ljcdn.com/matrix_lianjia_pc/dist/pc/src/resource/default/780-439.png?_v=201906280941017d9', 'https://s1.ljcdn.com/matrix_lianjia_pc/dist/pc/src/resource/default/780-439.png?_v=201906280941017d9', 'https://s1.ljcdn.com/matrix_lianjia_pc/dist/pc/src/resource/default/780-439.png?_v=201906280941017d9', 'https://s1.ljcdn.com/matrix_lianjia_pc/dist/pc/src/resource/default/780-439.png?_v=201906280941017d9', 'https://s1.ljcdn.com/matrix_lianjia_pc/dist/pc/src/resource/default/780-439.png?_v=201906280941017d9', 'https://s1.ljcdn.com/matrix_lianjia_pc/dist/pc/src/resource/default/780-439.png?_v=201906280941017d9', 'https://s1.ljcdn.com/matrix_lianjia_pc/dist/pc/src/resource/default/780-439.png?_v=201906280941017d9']",1个月前,随时入住,暂无数据,需提前预约,低楼层/44层,有,暂无数据,民水,民电,有,暂无数据,[],[],22.560305,113.927414
https://sz.lianjia.com/zufang/SZ2247558260414480384.html,南山区,蛇口,半岛城邦花园一期 2室2厅 西北,14000元/月 ,租赁方式未知,2室2厅1卫,86㎡,朝西北,"['https://image1.ljcdn.com/440300-inspection/3c2cda93-bdad-4b1f-9fa0-1d9cc423e4f2.jpg.780x439.jpg', 'https://s1.ljcdn.com/matrix_lianjia_pc/dist/pc/src/resource/default/780-439.png?_v=201906280941017d9', 'https://s1.ljcdn.com/matrix_lianjia_pc/dist/pc/src/resource/default/780-439.png?_v=201906280941017d9', 'https://s1.ljcdn.com/matrix_lianjia_pc/dist/pc/src/resource/default/780-439.png?_v=201906280941017d9', 'https://s1.ljcdn.com/matrix_lianjia_pc/dist/pc/src/resource/default/780-439.png?_v=201906280941017d9', 'https://s1.ljcdn.com/matrix_lianjia_pc/dist/pc/src/resource/default/780-439.png?_v=201906280941017d9', 'https://s1.ljcdn.com/matrix_lianjia_pc/dist/pc/src/resource/default/780-439.png?_v=201906280941017d9', 'https://s1.ljcdn.com/matrix_lianjia_pc/dist/pc/src/resource/default/780-439.png?_v=201906280941017d9', 'https://s1.ljcdn.com/matrix_lianjia_pc/dist/pc/src/resource/default/780-439.png?_v=201906280941017d9', 'https://s1.ljcdn.com/matrix_lianjia_pc/dist/pc/src/resource/default/780-439.png?_v=201906280941017d9']",1个月前,随时入住,暂无数据,需提前预约,低楼层/27层,有,暂无数据,民水,民电,有,暂无数据,"['近地铁', '随时看房']","['2号线(蛇口线) - 东角头', '835m']",22.484402,113.938293
https://sz.lianjia.com/zufang/SZ2262926647307550720.html,福田区,莲花,天健世纪花园 5室1厅 复式 西北,35000元/月 ,租赁方式未知,5室1厅3卫,239㎡,朝西北,"['http://vrlab-image.ljcdn.com/release/auto3dhd/a583d2a9ac2ee3ab5ac7efe44af24681/screenshot/1555821029_9/pc0_FV6K7D0LP.jpg.q_70.jpg', 'https://s1.ljcdn.com/matrix_lianjia_pc/dist/pc/src/resource/default/780-439.png?_v=201906280941017d9', 'https://s1.ljcdn.com/matrix_lianjia_pc/dist/pc/src/resource/default/780-439.png?_v=201906280941017d9', 'https://s1.ljcdn.com/matrix_lianjia_pc/dist/pc/src/resource/default/780-439.png?_v=201906280941017d9', 'https://s1.ljcdn.com/matrix_lianjia_pc/dist/pc/src/resource/default/780-439.png?_v=201906280941017d9', 'https://s1.ljcdn.com/matrix_lianjia_pc/dist/pc/src/resource/default/780-439.png?_v=201906280941017d9', 'https://s1.ljcdn.com/matrix_lianjia_pc/dist/pc/src/resource/default/780-439.png?_v=201906280941017d9', 'https://s1.ljcdn.com/matrix_lianjia_pc/dist/pc/src/resource/default/780-439.png?_v=201906280941017d9']",26天前,随时入住,暂无数据,需提前预约,高楼层/10层,有,暂无数据,民水,民电,有,暂无数据,"['近地铁', '随时看房']","['3号线(龙岗线),4号线(龙华线) - 少年宫', '320m', '3号线(龙岗线) - 莲花村', '383m', '2号线(蛇口线),4号线(龙华线) - 市民中心', '566m', '2号线(蛇口线) - 岗厦北', '875m', '2号线(蛇口线),3号线(龙岗线),11号线 - 福田', '1113m']",22.55156136006,114.07128218329
https://sz.lianjia.com/zufang/SZ2259308723405062144.html,福田区,华强南,整租·城市杰座 3室2厅 西北,15000元/月 (年付价),整租,3室2厅2卫,127㎡,朝西北,"['http://vrlab-image.ljcdn.com/release/auto3dhd/edf07868bb76f2131d57dea88759b1c7/screenshot/1558678277_1/pc0_cZOpMfXHw.jpg.q_70.jpg', 'https://s1.ljcdn.com/matrix_lianjia_pc/dist/pc/src/resource/default/780-439.png?_v=201906280941017d9', 'https://s1.ljcdn.com/matrix_lianjia_pc/dist/pc/src/resource/default/780-439.png?_v=201906280941017d9', 'https://s1.ljcdn.com/matrix_lianjia_pc/dist/pc/src/resource/default/780-439.png?_v=201906280941017d9', 'https://s1.ljcdn.com/matrix_lianjia_pc/dist/pc/src/resource/default/780-439.png?_v=201906280941017d9', 'https://s1.ljcdn.com/matrix_lianjia_pc/dist/pc/src/resource/default/780-439.png?_v=201906280941017d9']",1个月前,随时入住,暂无数据,需提前预约,中楼层/32层,有,暂无数据,民水,民电,有,暂无数据,"['近地铁', '精装', '双卫生间', '随时看房']","['7号线 - 华强南', '802m', '1号线(罗宝线) - 华强路', '892m', '1号线(罗宝线) - 岗厦', '1002m', '7号线 - 赤尾', '1191m']",22.54250757416,114.08445580599
https://sz.lianjia.com/zufang/SZ2276906631034322944.html,罗湖区,东门,天玺一号 3室1厅 西北,11500元/月 ,租赁方式未知,3室1厅2卫,86㎡,朝西北,"['https://image1.ljcdn.com/440300-inspection/e4c30f20-9fb6-4f5d-a5f9-61b774c35c4a.jpg.780x439.jpg', 'https://s1.ljcdn.com/matrix_lianjia_pc/dist/pc/src/resource/default/780-439.png?_v=201906280941017d9', 'https://s1.ljcdn.com/matrix_lianjia_pc/dist/pc/src/resource/default/780-439.png?_v=201906280941017d9', 'https://s1.ljcdn.com/matrix_lianjia_pc/dist/pc/src/resource/default/780-439.png?_v=201906280941017d9', 'https://s1.ljcdn.com/matrix_lianjia_pc/dist/pc/src/resource/default/780-439.png?_v=201906280941017d9', 'https://s1.ljcdn.com/matrix_lianjia_pc/dist/pc/src/resource/default/780-439.png?_v=201906280941017d9', 'https://s1.ljcdn.com/matrix_lianjia_pc/dist/pc/src/resource/default/780-439.png?_v=201906280941017d9', 'https://s1.ljcdn.com/matrix_lianjia_pc/dist/pc/src/resource/default/780-439.png?_v=201906280941017d9', 'https://s1.ljcdn.com/matrix_lianjia_pc/dist/pc/src/resource/default/780-439.png?_v=201906280941017d9']",16天前,随时入住,暂无数据,暂无数据,低楼层/32层,有,暂无数据,商水,商电,有,暂无数据,['近地铁'],"['3号线(龙岗线) - 晒布', '218m', '3号线(龙岗线) - 翠竹', '805m', '2号线(蛇口线) - 湖贝', '1119m', '1号线(罗宝线),3号线(龙岗线) - 老街', '1198m']",22.558203,114.130232
https://sz.lianjia.com/zufang/SZ2241778797894975488.html,福田区,莲花,黄埔雅苑一期 4室2厅 西/西北/北,19000元/月 ,租赁方式未知,4室2厅2卫,157㎡,朝西 西北 北,"['https://image1.ljcdn.com/440300-inspection/2befecbb-df99-4a1e-bcbc-6f4803ad4f08.jpg.780x439.jpg', 'https://s1.ljcdn.com/matrix_lianjia_pc/dist/pc/src/resource/default/780-439.png?_v=201906280941017d9', 'https://s1.ljcdn.com/matrix_lianjia_pc/dist/pc/src/resource/default/780-439.png?_v=201906280941017d9', 'https://s1.ljcdn.com/matrix_lianjia_pc/dist/pc/src/resource/default/780-439.png?_v=201906280941017d9', 'https://s1.ljcdn.com/matrix_lianjia_pc/dist/pc/src/resource/default/780-439.png?_v=201906280941017d9', 'https://s1.ljcdn.com/matrix_lianjia_pc/dist/pc/src/resource/default/780-439.png?_v=201906280941017d9', 'https://s1.ljcdn.com/matrix_lianjia_pc/dist/pc/src/resource/default/780-439.png?_v=201906280941017d9', 'https://s1.ljcdn.com/matrix_lianjia_pc/dist/pc/src/resource/default/780-439.png?_v=201906280941017d9', 'https://s1.ljcdn.com/matrix_lianjia_pc/dist/pc/src/resource/default/780-439.png?_v=201906280941017d9', 'https://s1.ljcdn.com/matrix_lianjia_pc/dist/pc/src/resource/default/780-439.png?_v=201906280941017d9', 'https://s1.ljcdn.com/matrix_lianjia_pc/dist/pc/src/resource/default/780-439.png?_v=201906280941017d9', 'https://s1.ljcdn.com/matrix_lianjia_pc/dist/pc/src/resource/default/780-439.png?_v=201906280941017d9', 'https://s1.ljcdn.com/matrix_lianjia_pc/dist/pc/src/resource/default/780-439.png?_v=201906280941017d9', 'https://s1.ljcdn.com/matrix_lianjia_pc/dist/pc/src/resource/default/780-439.png?_v=201906280941017d9', 'https://s1.ljcdn.com/matrix_lianjia_pc/dist/pc/src/resource/default/780-439.png?_v=201906280941017d9', 'https://s1.ljcdn.com/matrix_lianjia_pc/dist/pc/src/resource/default/780-439.png?_v=201906280941017d9']",2个月前,随时入住,暂无数据,暂无数据,高楼层/21层,有,暂无数据,民水,民电,有,暂无数据,"['近地铁', '随时看房']","['2号线(蛇口线) - 莲花西', '213m', '2号线(蛇口线),3号线(龙岗线),11号线 - 福田', '564m', '3号线(龙岗线),4号线(龙华线) - 少年宫', '1138m']",22.551255189355,114.05710977909
https://sz.lianjia.com/zufang/SZ2272967204192387072.html,罗湖区,螺岭,环岛丽园 2室1厅 西/西北/北,8000元/月 ,租赁方式未知,2室1厅1卫,72㎡,朝西 西北 北,"['https://image1.ljcdn.com/440300-inspection/caca9267-fb1f-494c-a176-5901789dd000.jpg.780x439.jpg', 'https://s1.ljcdn.com/matrix_lianjia_pc/dist/pc/src/resource/default/780-439.png?_v=201906280941017d9', 'https://s1.ljcdn.com/matrix_lianjia_pc/dist/pc/src/resource/default/780-439.png?_v=201906280941017d9', 'https://s1.ljcdn.com/matrix_lianjia_pc/dist/pc/src/resource/default/780-439.png?_v=201906280941017d9', 'https://s1.ljcdn.com/matrix_lianjia_pc/dist/pc/src/resource/default/780-439.png?_v=201906280941017d9', 'https://s1.ljcdn.com/matrix_lianjia_pc/dist/pc/src/resource/default/780-439.png?_v=201906280941017d9', 'https://s1.ljcdn.com/matrix_lianjia_pc/dist/pc/src/resource/default/780-439.png?_v=201906280941017d9']",23天前,随时入住,暂无数据,需提前预约,中楼层/33层,有,暂无数据,民水,民电,有,暂无数据,['近地铁'],"['3号线(龙岗线) - 翠竹', '607m', '5号线(环中线) - 怡景', '796m', '2号线(蛇口线),5号线(环中线) - 黄贝岭', '1004m']",22.558453,114.140405
https://sz.lianjia.com/zufang/SZ2279397302978215936.html,罗湖区,地王,鸿翔花园 3室2厅 西南/西北,14000元/月 ,租赁方式未知,3室2厅2卫,139㎡,朝西南 西北,"['https://image1.ljcdn.com/440300-inspection/2ed6a743-2cef-4bdd-b81b-9d9e80e83550.jpg.780x439.jpg', 'https://s1.ljcdn.com/matrix_lianjia_pc/dist/pc/src/resource/default/780-439.png?_v=201906280941017d9', 'https://s1.ljcdn.com/matrix_lianjia_pc/dist/pc/src/resource/default/780-439.png?_v=201906280941017d9', 'https://s1.ljcdn.com/matrix_lianjia_pc/dist/pc/src/resource/default/780-439.png?_v=201906280941017d9', 'https://s1.ljcdn.com/matrix_lianjia_pc/dist/pc/src/resource/default/780-439.png?_v=201906280941017d9', 'https://s1.ljcdn.com/matrix_lianjia_pc/dist/pc/src/resource/default/780-439.png?_v=201906280941017d9', 'https://s1.ljcdn.com/matrix_lianjia_pc/dist/pc/src/resource/default/780-439.png?_v=201906280941017d9', 'https://s1.ljcdn.com/matrix_lianjia_pc/dist/pc/src/resource/default/780-439.png?_v=201906280941017d9', 'https://s1.ljcdn.com/matrix_lianjia_pc/dist/pc/src/resource/default/780-439.png?_v=201906280941017d9', 'https://s1.ljcdn.com/matrix_lianjia_pc/dist/pc/src/resource/default/780-439.png?_v=201906280941017d9', 'https://s1.ljcdn.com/matrix_lianjia_pc/dist/pc/src/resource/default/780-439.png?_v=201906280941017d9']",15天前,随时入住,暂无数据,需提前预约,低楼层/32层,有,暂无数据,民水,民电,有,暂无数据,"['近地铁', '随时看房']","['9号线 - 园岭', '238m', '3号线(龙岗线),9号线 - 红岭', '592m', '7号线,9号线 - 红岭北', '913m', '7号线 - 笋岗', '1192m']",22.560197,114.112788
https://sz.lianjia.com/zufang/SZ2271739581567074304.html,南山区,后海,蔚蓝海岸2期 3室2厅 东南/西北,14000元/月 ,租赁方式未知,3室2厅2卫,127㎡,朝东南 西北,"['https://image1.ljcdn.com/440300-inspection/4a4dd501-5942-440b-afa0-0c8905fc7dc9.jpg.780x439.jpg', 'https://s1.ljcdn.com/matrix_lianjia_pc/dist/pc/src/resource/default/780-439.png?_v=201906280941017d9', 'https://s1.ljcdn.com/matrix_lianjia_pc/dist/pc/src/resource/default/780-439.png?_v=201906280941017d9', 'https://s1.ljcdn.com/matrix_lianjia_pc/dist/pc/src/resource/default/780-439.png?_v=201906280941017d9', 'https://s1.ljcdn.com/matrix_lianjia_pc/dist/pc/src/resource/default/780-439.png?_v=201906280941017d9', 'https://s1.ljcdn.com/matrix_lianjia_pc/dist/pc/src/resource/default/780-439.png?_v=201906280941017d9', 'https://s1.ljcdn.com/matrix_lianjia_pc/dist/pc/src/resource/default/780-439.png?_v=201906280941017d9', 'https://s1.ljcdn.com/matrix_lianjia_pc/dist/pc/src/resource/default/780-439.png?_v=201906280941017d9', 'https://s1.ljcdn.com/matrix_lianjia_pc/dist/pc/src/resource/default/780-439.png?_v=201906280941017d9', 'https://s1.ljcdn.com/matrix_lianjia_pc/dist/pc/src/resource/default/780-439.png?_v=201906280941017d9', 'https://s1.ljcdn.com/matrix_lianjia_pc/dist/pc/src/resource/default/780-439.png?_v=201906280941017d9']",26天前,随时入住,暂无数据,需提前预约,高楼层/27层,有,暂无数据,民水,民电,有,暂无数据,['近地铁'],"['2号线(蛇口线) - 登良', '44m', '2号线(蛇口线) - 海月', '762m', '2号线(蛇口线),11号线 - 后海', '904m']",22.513834496321,113.94252006583
https://sz.lianjia.com/zufang/SZ2073688003381043200.html,罗湖区,黄贝岭,整租·万科俊园 5室2厅 西北,23000元/月 ,整租,5室2厅4卫,308㎡,朝西北,"['https://image1.ljcdn.com/440300-inspection/7969bc5a-1054-43d6-a5ac-a4e0ebd95dab.jpg.780x439.jpg', 'https://s1.ljcdn.com/matrix_lianjia_pc/dist/pc/src/resource/default/780-439.png?_v=201906280941017d9', 'https://s1.ljcdn.com/matrix_lianjia_pc/dist/pc/src/resource/default/780-439.png?_v=201906280941017d9', 'https://s1.ljcdn.com/matrix_lianjia_pc/dist/pc/src/resource/default/780-439.png?_v=201906280941017d9', 'https://s1.ljcdn.com/matrix_lianjia_pc/dist/pc/src/resource/default/780-439.png?_v=201906280941017d9', 'https://s1.ljcdn.com/matrix_lianjia_pc/dist/pc/src/resource/default/780-439.png?_v=201906280941017d9', 'https://s1.ljcdn.com/matrix_lianjia_pc/dist/pc/src/resource/default/780-439.png?_v=201906280941017d9', 'https://s1.ljcdn.com/matrix_lianjia_pc/dist/pc/src/resource/default/780-439.png?_v=201906280941017d9', 'https://s1.ljcdn.com/matrix_lianjia_pc/dist/pc/src/resource/default/780-439.png?_v=201906280941017d9', 'https://s1.ljcdn.com/matrix_lianjia_pc/dist/pc/src/resource/default/780-439.png?_v=201906280941017d9', 'https://s1.ljcdn.com/matrix_lianjia_pc/dist/pc/src/resource/default/780-439.png?_v=201906280941017d9', 'https://s1.ljcdn.com/matrix_lianjia_pc/dist/pc/src/resource/default/780-439.png?_v=201906280941017d9', 'https://s1.ljcdn.com/matrix_lianjia_pc/dist/pc/src/resource/default/780-439.png?_v=201906280941017d9']",9个月前,暂无数据,暂无数据,需提前预约,高楼层/43层,有,暂无数据,民水,民电,有,暂无数据,"['近地铁', '精装', '随时看房']","['3号线(龙岗线) - 翠竹', '778m', '9号线 - 文锦', '1059m', '3号线(龙岗线) - 晒布', '1108m']",22.557732424038,114.13735012803
