房源地址,行政区,位置,标题,租金,租赁方式,户型,面积,朝向,图片列表,发布时间,入住时间,租期,看房时间,楼层,电梯,车位,用水,用电,燃气,采暖,标签,station,latitude,longtitude
https://sz.lianjia.com/zufang/SZ2289978281530753024.html,南山区,科技园,整租·大冲新城花园 2室1厅 西南,7300元/月 (月付价),整租,2室1厅1卫,60㎡,朝西南,"['https://image1.ljcdn.com/rent-user-avatar/9de83ff9-f796-48ae-94a5-d7027b4061d8.780x439.jpg', 'https://s1.ljcdn.com/matrix_lianjia_pc/dist/pc/src/resource/default/780-439.png?_v=201906280941017d9', 'https://s1.ljcdn.com/matrix_lianjia_pc/dist/pc/src/resource/default/780-439.png?_v=201906280941017d9', 'https://s1.ljcdn.com/matrix_lianjia_pc/dist/pc/src/resource/default/780-439.png?_v=201906280941017d9', 'https://s1.ljcdn.com/matrix_lianjia_pc/dist/pc/src/resource/default/780-439.png?_v=201906280941017d9', 'https://s1.ljcdn.com/matrix_lianjia_pc/dist/pc/src/resource/default/780-439.png?_v=201906280941017d9', 'https://s1.ljcdn.com/matrix_lianjia_pc/dist/pc/src/resource/default/780-439.png?_v=201906280941017d9']",1天前,随时入住,1~24个月,随时可看,30/41层,暂无数据,暂无数据,暂无数据,暂无数据,暂无数据,暂无数据,"['公寓', '月租', '近地铁', '精装', '新上', '随时看房']","['1号线(罗宝线) - 高新园', '238m', '1号线(罗宝线) - 深大', '846m']",22.547709,113.957672
https://sz.lianjia.com/zufang/SZ2288875387968823296.html,福田区,景田,时代华庭 3室1厅 西南,8000元/月 ,租赁方式未知,3室1厅1卫,89㎡,朝西南,"['https://image1.ljcdn.com/440300-inspection/6970d527-6b56-47b5-9bb1-1f11cff739f4.jpg.780x439.jpg', 'https://s1.ljcdn.com/matrix_lianjia_pc/dist/pc/src/resource/default/780-439.png?_v=201906280941017d9', 'https://s1.ljcdn.com/matrix_lianjia_pc/dist/pc/src/resource/default/780-439.png?_v=201906280941017d9', 'https://s1.ljcdn.com/matrix_lianjia_pc/dist/pc/src/resource/default/780-439.png?_v=201906280941017d9', 'https://s1.ljcdn.com/matrix_lianjia_pc/dist/pc/src/resource/default/780-439.png?_v=201906280941017d9', 'https://s1.ljcdn.com/matrix_lianjia_pc/dist/pc/src/resource/default/780-439.png?_v=201906280941017d9', 'https://s1.ljcdn.com/matrix_lianjia_pc/dist/pc/src/resource/default/780-439.png?_v=201906280941017d9', 'https://s1.ljcdn.com/matrix_lianjia_pc/dist/pc/src/resource/default/780-439.png?_v=201906280941017d9']",2天前,随时入住,暂无数据,需提前预约,低楼层/30层,有,暂无数据,民水,民电,有,暂无数据,"['近地铁', '新上']","['2号线(蛇口线) - 莲花西', '427m', '2号线(蛇口线),3号线(龙岗线),11号线 - 福田', '948m', '9号线 - 香梅', '1113m']",22.549392271839,114.05510769255
https://sz.lianjia.com/zufang/SZ2272484985539657728.html,罗湖区,地王,ONE 39 1室1厅 西南,6000元/月 ,租赁方式未知,1室1厅2卫,43㎡,朝西南,"['https://image1.ljcdn.com/440300-inspection/a0a66d5d-fa0c-4e01-a742-78e27e514bdd.jpg.780x439.jpg', 'https://s1.ljcdn.com/matrix_lianjia_pc/dist/pc/src/resource/default/780-439.png?_v=201906280941017d9']",14天前,随时入住,暂无数据,暂无数据,高楼层/37层,有,暂无数据,民水,民电,无,暂无数据,['近地铁'],"['1号线(罗宝线),2号线(蛇口线) - 大剧院', '430m', '1号线(罗宝线),3号线(龙岗线) - 老街', '430m', '9号线 - 红岭南', '1029m', '9号线 - 鹿丹村', '1159m']",22.549892,114.118334
https://sz.lianjia.com/zufang/SZ2290367015581655040.html,宝安区,翻身,华安苑 3室1厅 西南,5200元/月 ,租赁方式未知,3室1厅1卫,86㎡,朝西南,"['https://image1.ljcdn.com/440300-inspection/c30bdb10-1ba6-4849-9b01-871533dfbf97.png.780x439.jpg', 'https://s1.ljcdn.com/matrix_lianjia_pc/dist/pc/src/resource/default/780-439.png?_v=201906280941017d9', 'https://s1.ljcdn.com/matrix_lianjia_pc/dist/pc/src/resource/default/780-439.png?_v=201906280941017d9', 'https://s1.ljcdn.com/matrix_lianjia_pc/dist/pc/src/resource/default/780-439.png?_v=201906280941017d9', 'https://s1.ljcdn.com/matrix_lianjia_pc/dist/pc/src/resource/default/780-439.png?_v=201906280941017d9', 'https://s1.ljcdn.com/matrix_lianjia_pc/dist/pc/src/resource/default/780-439.png?_v=201906280941017d9', 'https://s1.ljcdn.com/matrix_lianjia_pc/dist/pc/src/resource/default/780-439.png?_v=201906280941017d9', 'https://s1.ljcdn.com/matrix_lianjia_pc/dist/pc/src/resource/default/780-439.png?_v=201906280941017d9']",今天,2019-07-06,暂无数据,需提前预约,中楼层/8层,无,暂无数据,民水,民电,有,暂无数据,['新上'],"['5号线(环中线) - 翻身', '1136m']",22.564779167656,113.90883282491
https://sz.lianjia.com/zufang/SZ2277318003933069312.html,福田区,竹子林,整租·安峦公馆 1室0厅 西南,5000元/月 (月付价),整租,1室0厅1卫,48㎡,朝西南,"['https://image1.ljcdn.com/rent-user-avatar/0fdf56a5-e57c-4724-bea2-bf5c0011a5c5.780x439.jpg', 'https://s1.ljcdn.com/matrix_lianjia_pc/dist/pc/src/resource/default/780-439.png?_v=201906280941017d9', 'https://s1.ljcdn.com/matrix_lianjia_pc/dist/pc/src/resource/default/780-439.png?_v=201906280941017d9', 'https://s1.ljcdn.com/matrix_lianjia_pc/dist/pc/src/resource/default/780-439.png?_v=201906280941017d9', 'https://s1.ljcdn.com/matrix_lianjia_pc/dist/pc/src/resource/default/780-439.png?_v=201906280941017d9', 'https://s1.ljcdn.com/matrix_lianjia_pc/dist/pc/src/resource/default/780-439.png?_v=201906280941017d9', 'https://s1.ljcdn.com/matrix_lianjia_pc/dist/pc/src/resource/default/780-439.png?_v=201906280941017d9', 'https://s1.ljcdn.com/matrix_lianjia_pc/dist/pc/src/resource/default/780-439.png?_v=201906280941017d9', 'https://s1.ljcdn.com/matrix_lianjia_pc/dist/pc/src/resource/default/780-439.png?_v=201906280941017d9', 'https://s1.ljcdn.com/matrix_lianjia_pc/dist/pc/src/resource/default/780-439.png?_v=201906280941017d9', 'https://s1.ljcdn.com/matrix_lianjia_pc/dist/pc/src/resource/default/780-439.png?_v=201906280941017d9', 'https://s1.ljcdn.com/matrix_lianjia_pc/dist/pc/src/resource/default/780-439.png?_v=201906280941017d9', 'https://s1.ljcdn.com/matrix_lianjia_pc/dist/pc/src/resource/default/780-439.png?_v=201906280941017d9']",18天前,随时入住,1~12个月,随时可看,6/38层,有,暂无数据,暂无数据,暂无数据,暂无数据,暂无数据,"['公寓', '月租', '近地铁', '精装', '随时看房']","['2号线(蛇口线),7号线 - 安托山', '196m', '2号线(蛇口线) - 深康', '692m', '2号线(蛇口线) - 侨香', '1098m']",22.554473,114.011522
https://sz.lianjia.com/zufang/SZ2246132666414415872.html,宝安区,西乡,整租·流塘阳光花园 2室1厅 西南,5230元/月 (季付价),整租,2室1厅1卫,44㎡,朝西南,"['https://image1.ljcdn.com/rent-house-1/636f69b83827f24f7723a443c68fdbb3-1561203680584/645f98104fbcf0a92075b237a9c8d683.jpg.780x439.jpg', 'https://s1.ljcdn.com/matrix_lianjia_pc/dist/pc/src/resource/default/780-439.png?_v=201906280941017d9', 'https://s1.ljcdn.com/matrix_lianjia_pc/dist/pc/src/resource/default/780-439.png?_v=201906280941017d9', 'https://s1.ljcdn.com/matrix_lianjia_pc/dist/pc/src/resource/default/780-439.png?_v=201906280941017d9', 'https://s1.ljcdn.com/matrix_lianjia_pc/dist/pc/src/resource/default/780-439.png?_v=201906280941017d9', 'https://s1.ljcdn.com/matrix_lianjia_pc/dist/pc/src/resource/default/780-439.png?_v=201906280941017d9', 'https://s1.ljcdn.com/matrix_lianjia_pc/dist/pc/src/resource/default/780-439.png?_v=201906280941017d9']",2个月前,随时入住,3~12个月,随时可看,11/30层,暂无数据,暂无数据,暂无数据,暂无数据,暂无数据,暂无数据,"['公寓', '月租', '随时看房']",[],22.587554,113.89682
https://sz.lianjia.com/zufang/SZ2279709906636374016.html,龙岗区,坂田,万科里城 2室2厅 西南,5000元/月 ,租赁方式未知,2室2厅1卫,70㎡,朝西南,"['https://image1.ljcdn.com/440300-inspection/9531c6fa-918b-4430-a681-785969619a5b.jpg.780x439.jpg', 'https://s1.ljcdn.com/matrix_lianjia_pc/dist/pc/src/resource/default/780-439.png?_v=201906280941017d9', 'https://s1.ljcdn.com/matrix_lianjia_pc/dist/pc/src/resource/default/780-439.png?_v=201906280941017d9', 'https://s1.ljcdn.com/matrix_lianjia_pc/dist/pc/src/resource/default/780-439.png?_v=201906280941017d9', 'https://s1.ljcdn.com/matrix_lianjia_pc/dist/pc/src/resource/default/780-439.png?_v=201906280941017d9', 'https://s1.ljcdn.com/matrix_lianjia_pc/dist/pc/src/resource/default/780-439.png?_v=201906280941017d9', 'https://s1.ljcdn.com/matrix_lianjia_pc/dist/pc/src/resource/default/780-439.png?_v=201906280941017d9', 'https://s1.ljcdn.com/matrix_lianjia_pc/dist/pc/src/resource/default/780-439.png?_v=201906280941017d9']",15天前,随时入住,暂无数据,暂无数据,低楼层/18层,有,暂无数据,民水,民电,有,暂无数据,['随时看房'],[],22.618879762304,114.07240757622
https://sz.lianjia.com/zufang/SZ2197788677873074176.html,罗湖区,春风路,兴隆大厦 2室1厅 西南,5300元/月 ,租赁方式未知,2室1厅1卫,70㎡,朝西南,"['https://image1.ljcdn.com/440300-inspection/c9fe7603-3dc1-49a5-8770-db22e07d4fd3.jpg.780x439.jpg', 'https://s1.ljcdn.com/matrix_lianjia_pc/dist/pc/src/resource/default/780-439.png?_v=201906280941017d9', 'https://s1.ljcdn.com/matrix_lianjia_pc/dist/pc/src/resource/default/780-439.png?_v=201906280941017d9', 'https://s1.ljcdn.com/matrix_lianjia_pc/dist/pc/src/resource/default/780-439.png?_v=201906280941017d9', 'https://s1.ljcdn.com/matrix_lianjia_pc/dist/pc/src/resource/default/780-439.png?_v=201906280941017d9', 'https://s1.ljcdn.com/matrix_lianjia_pc/dist/pc/src/resource/default/780-439.png?_v=201906280941017d9', 'https://s1.ljcdn.com/matrix_lianjia_pc/dist/pc/src/resource/default/780-439.png?_v=201906280941017d9']",4个月前,随时入住,暂无数据,一般下班后可看,低楼层/30层,有,暂无数据,民水,民电,有,暂无数据,['近地铁'],"['1号线(罗宝线) - 国贸', '252m', '1号线(罗宝线),3号线(龙岗线) - 老街', '426m', '2号线(蛇口线) - 湖贝', '635m', '9号线 - 向西村', '748m', '9号线 - 人民南', '857m', '3号线(龙岗线) - 晒布', '900m', '1号线(罗宝线) - 罗湖', '1160m']",22.549049264303,114.12654850361
https://sz.lianjia.com/zufang/SZ2252677098211131392.html,龙华区,梅林关,书香门第上河坊 2室1厅 西南,5400元/月 ,租赁方式未知,2室1厅1卫,56㎡,朝西南,"['https://image1.ljcdn.com/440300-inspection/c53b0a25-19fe-465e-a69c-8b3827aec281.jpg.780x439.jpg', 'https://s1.ljcdn.com/matrix_lianjia_pc/dist/pc/src/resource/default/780-439.png?_v=201906280941017d9', 'https://s1.ljcdn.com/matrix_lianjia_pc/dist/pc/src/resource/default/780-439.png?_v=201906280941017d9', 'https://s1.ljcdn.com/matrix_lianjia_pc/dist/pc/src/resource/default/780-439.png?_v=201906280941017d9', 'https://s1.ljcdn.com/matrix_lianjia_pc/dist/pc/src/resource/default/780-439.png?_v=201906280941017d9', 'https://s1.ljcdn.com/matrix_lianjia_pc/dist/pc/src/resource/default/780-439.png?_v=201906280941017d9', 'https://s1.ljcdn.com/matrix_lianjia_pc/dist/pc/src/resource/default/780-439.png?_v=201906280941017d9', 'https://s1.ljcdn.com/matrix_lianjia_pc/dist/pc/src/resource/default/780-439.png?_v=201906280941017d9']",26天前,随时入住,暂无数据,暂无数据,中楼层/22层,有,暂无数据,民水,民电,有,暂无数据,['近地铁'],"['4号线(龙华线) - 民乐', '477m', '4号线(龙华线) - 白石龙', '617m']",22.603682359198,114.054127185
https://sz.lianjia.com/zufang/SZ2235817598371495936.html,宝安区,碧海,整租·幸福珺湾 2室1厅 西南,6190元/月 (季付价),整租,2室1厅1卫,64㎡,朝西南,"['https://image1.ljcdn.com/rent-house-1/636f69b83827f24f7723a443c68fdbb3-1561201195735/6044352b683ac1d95e9919db619ead95.jpg.780x439.jpg', 'https://s1.ljcdn.com/matrix_lianjia_pc/dist/pc/src/resource/default/780-439.png?_v=201906280941017d9', 'https://s1.ljcdn.com/matrix_lianjia_pc/dist/pc/src/resource/default/780-439.png?_v=201906280941017d9', 'https://s1.ljcdn.com/matrix_lianjia_pc/dist/pc/src/resource/default/780-439.png?_v=201906280941017d9', 'https://s1.ljcdn.com/matrix_lianjia_pc/dist/pc/src/resource/default/780-439.png?_v=201906280941017d9', 'https://s1.ljcdn.com/matrix_lianjia_pc/dist/pc/src/resource/default/780-439.png?_v=201906280941017d9', 'https://s1.ljcdn.com/matrix_lianjia_pc/dist/pc/src/resource/default/780-439.png?_v=201906280941017d9', 'https://s1.ljcdn.com/matrix_lianjia_pc/dist/pc/src/resource/default/780-439.png?_v=201906280941017d9']",2个月前,随时入住,1年,随时可看,21/31层,暂无数据,暂无数据,暂无数据,暂无数据,暂无数据,暂无数据,"['公寓', '近地铁', '随时看房']","['11号线 - 碧海湾', '1036m']",22.573075,113.863654
https://sz.lianjia.com/zufang/SZ2279627378655772672.html,南山区,科技园,整租·大冲新城花园 1室1厅 东/东南/南/西南/西,7000元/月 (月付价),整租,1室1厅1卫,50㎡,朝东 东南 南 西南 西,"['https://image1.ljcdn.com/rent-user-avatar/186ae7a6-dcd3-4c87-bc3f-2bf936625dd5.780x439.jpg', 'https://s1.ljcdn.com/matrix_lianjia_pc/dist/pc/src/resource/default/780-439.png?_v=201906280941017d9', 'https://s1.ljcdn.com/matrix_lianjia_pc/dist/pc/src/resource/default/780-439.png?_v=201906280941017d9', 'https://s1.ljcdn.com/matrix_lianjia_pc/dist/pc/src/resource/default/780-439.png?_v=201906280941017d9', 'https://s1.ljcdn.com/matrix_lianjia_pc/dist/pc/src/resource/default/780-439.png?_v=201906280941017d9', 'https://s1.ljcdn.com/matrix_lianjia_pc/dist/pc/src/resource/default/780-439.png?_v=201906280941017d9', 'https://s1.ljcdn.com/matrix_lianjia_pc/dist/pc/src/resource/default/780-439.png?_v=201906280941017d9']",15天前,随时入住,1个月以上,需提前预约,26/44层,暂无数据,暂无数据,暂无数据,暂无数据,暂无数据,暂无数据,"['公寓', '月租', '近地铁', '精装', '押一付一']","['1号线(罗宝线) - 高新园', '459m', '1号线(罗宝线) - 深大', '887m']",22.548086,113.956815
https://sz.lianjia.com/zufang/SZ2207262099695484928.html,南山区,深圳湾,太古城南 1室1厅 西南,7800元/月 ,租赁方式未知,1室1厅1卫,41㎡,朝西南,"['https://image1.ljcdn.com/440300-inspection/93c87cc2-c76c-43c3-b259-49916d4f0899.png.780x439.jpg', 'https://s1.ljcdn.com/matrix_lianjia_pc/dist/pc/src/resource/default/780-439.png?_v=201906280941017d9', 'https://s1.ljcdn.com/matrix_lianjia_pc/dist/pc/src/resource/default/780-439.png?_v=201906280941017d9', 'https://s1.ljcdn.com/matrix_lianjia_pc/dist/pc/src/resource/default/780-439.png?_v=201906280941017d9', 'https://s1.ljcdn.com/matrix_lianjia_pc/dist/pc/src/resource/default/780-439.png?_v=201906280941017d9']",3个月前,随时入住,暂无数据,需提前预约,高楼层/24层,有,暂无数据,民水,民电,有,暂无数据,['近地铁'],"['2号线(蛇口线) - 海月', '121m', '2号线(蛇口线) - 湾厦', '559m', '2号线(蛇口线) - 登良', '1121m']",22.505041356796,113.94558442687
https://sz.lianjia.com/zufang/SZ2289045473908506624.html,宝安区,西乡,整租·金港华庭 2室2厅 西南,5500元/月 ,整租,2室2厅1卫,64㎡,朝西南,"['https://image1.ljcdn.com/440300-inspection/1ef9d7eb-ab51-466c-8252-42423179e1b0.jpg.780x439.jpg', 'https://s1.ljcdn.com/matrix_lianjia_pc/dist/pc/src/resource/default/780-439.png?_v=201906280941017d9', 'https://s1.ljcdn.com/matrix_lianjia_pc/dist/pc/src/resource/default/780-439.png?_v=201906280941017d9', 'https://s1.ljcdn.com/matrix_lianjia_pc/dist/pc/src/resource/default/780-439.png?_v=201906280941017d9', 'https://s1.ljcdn.com/matrix_lianjia_pc/dist/pc/src/resource/default/780-439.png?_v=201906280941017d9', 'https://s1.ljcdn.com/matrix_lianjia_pc/dist/pc/src/resource/default/780-439.png?_v=201906280941017d9', 'https://s1.ljcdn.com/matrix_lianjia_pc/dist/pc/src/resource/default/780-439.png?_v=201906280941017d9']",2天前,随时入住,1年以内,需提前预约,中楼层/31层,有,暂无数据,民水,民电,有,暂无数据,"['近地铁', '新上']","['1号线(罗宝线) - 西乡', '791m', '11号线 - 碧海湾', '962m']",22.588634,113.867739
https://sz.lianjia.com/zufang/SZ2288917972518961152.html,罗湖区,布心,太白居 2室1厅 西南,6000元/月 ,租赁方式未知,2室1厅1卫,83㎡,朝西南,"['https://image1.ljcdn.com/440300-inspection/58bb7590-acb1-4810-b0c6-33d2a3f17646.jpg.780x439.jpg', 'https://s1.ljcdn.com/matrix_lianjia_pc/dist/pc/src/resource/default/780-439.png?_v=201906280941017d9', 'https://s1.ljcdn.com/matrix_lianjia_pc/dist/pc/src/resource/default/780-439.png?_v=201906280941017d9', 'https://s1.ljcdn.com/matrix_lianjia_pc/dist/pc/src/resource/default/780-439.png?_v=201906280941017d9', 'https://s1.ljcdn.com/matrix_lianjia_pc/dist/pc/src/resource/default/780-439.png?_v=201906280941017d9', 'https://s1.ljcdn.com/matrix_lianjia_pc/dist/pc/src/resource/default/780-439.png?_v=201906280941017d9', 'https://s1.ljcdn.com/matrix_lianjia_pc/dist/pc/src/resource/default/780-439.png?_v=201906280941017d9', 'https://s1.ljcdn.com/matrix_lianjia_pc/dist/pc/src/resource/default/780-439.png?_v=201906280941017d9']",2天前,随时入住,暂无数据,需提前预约,低楼层/7层,无,暂无数据,民水,民电,有,暂无数据,"['近地铁', '新上']","['5号线(环中线) - 布心', '10m', '5号线(环中线),7号线 - 太安', '568m']",22.586308071588,114.14504713021
https://sz.lianjia.com/zufang/SZ2282692059985362944.html,南山区,科技园,整租·大冲新城花园 2室1厅 东/东南/南/西南/西,7300元/月 (月付价),整租,2室1厅1卫,60㎡,朝东 东南 南 西南 西,"['https://image1.ljcdn.com/rent-user-avatar/8c2ffcd3-1d3b-423f-a0f4-1d12f8b9ec14.780x439.jpg', 'https://s1.ljcdn.com/matrix_lianjia_pc/dist/pc/src/resource/default/780-439.png?_v=201906280941017d9', 'https://s1.ljcdn.com/matrix_lianjia_pc/dist/pc/src/resource/default/780-439.png?_v=201906280941017d9', 'https://s1.ljcdn.com/matrix_lianjia_pc/dist/pc/src/resource/default/780-439.png?_v=201906280941017d9']",11天前,随时入住,1个月以上,需提前预约,17/39层,暂无数据,暂无数据,暂无数据,暂无数据,暂无数据,暂无数据,"['公寓', '月租', '近地铁', '精装', '押一付一']","['1号线(罗宝线) - 高新园', '445m', '1号线(罗宝线) - 深大', '995m']",22.547572,113.956968
https://sz.lianjia.com/zufang/SZ2237612882303401984.html,南山区,蛇口,整租·花园城一期 2室1厅 西南,6660元/月 (季付价),整租,2室1厅1卫,73㎡,朝西南,"['https://image1.ljcdn.com/rent-house-1/636f69b83827f24f7723a443c68fdbb3-1561354118101/f5804f936eab69832d73e34f3da27003.jpg.780x439.jpg', 'https://s1.ljcdn.com/matrix_lianjia_pc/dist/pc/src/resource/default/780-439.png?_v=201906280941017d9', 'https://s1.ljcdn.com/matrix_lianjia_pc/dist/pc/src/resource/default/780-439.png?_v=201906280941017d9', 'https://s1.ljcdn.com/matrix_lianjia_pc/dist/pc/src/resource/default/780-439.png?_v=201906280941017d9', 'https://s1.ljcdn.com/matrix_lianjia_pc/dist/pc/src/resource/default/780-439.png?_v=201906280941017d9', 'https://s1.ljcdn.com/matrix_lianjia_pc/dist/pc/src/resource/default/780-439.png?_v=201906280941017d9', 'https://s1.ljcdn.com/matrix_lianjia_pc/dist/pc/src/resource/default/780-439.png?_v=201906280941017d9', 'https://s1.ljcdn.com/matrix_lianjia_pc/dist/pc/src/resource/default/780-439.png?_v=201906280941017d9']",2个月前,随时入住,1年,随时可看,1/9层,暂无数据,暂无数据,暂无数据,暂无数据,暂无数据,暂无数据,"['公寓', '随时看房']",[],22.508615,113.928784
https://sz.lianjia.com/zufang/SZ2254282417651597312.html,龙岗区,布吉关,信义假日名城五期A逸翠园 3室1厅 西南,6500元/月 ,租赁方式未知,3室1厅2卫,100㎡,朝西南,"['https://image1.ljcdn.com/440300-inspection/prod-4336390a-c75c-498a-84ca-a1599770bc90.png.780x439.jpg', 'https://s1.ljcdn.com/matrix_lianjia_pc/dist/pc/src/resource/default/780-439.png?_v=201906280941017d9', 'https://s1.ljcdn.com/matrix_lianjia_pc/dist/pc/src/resource/default/780-439.png?_v=201906280941017d9', 'https://s1.ljcdn.com/matrix_lianjia_pc/dist/pc/src/resource/default/780-439.png?_v=201906280941017d9', 'https://s1.ljcdn.com/matrix_lianjia_pc/dist/pc/src/resource/default/780-439.png?_v=201906280941017d9', 'https://s1.ljcdn.com/matrix_lianjia_pc/dist/pc/src/resource/default/780-439.png?_v=201906280941017d9']",1个月前,随时入住,暂无数据,暂无数据,中楼层/18层,有,暂无数据,民水,民电,有,暂无数据,['近地铁'],"['5号线(环中线) - 百鸽笼', '1147m', '3号线(龙岗线),5号线(环中线) - 布吉', '1162m']",22.599581,114.130285
https://sz.lianjia.com/zufang/SZ2288891203791896576.html,宝安区,宝安中心,御景湾 3室2厅 西南,8000元/月 ,租赁方式未知,3室2厅2卫,116㎡,朝西南,"['https://image1.ljcdn.com/440300-inspection/3e8c0092-7e83-4e8a-90fb-aec239216fcd.jpg.780x439.jpg', 'https://s1.ljcdn.com/matrix_lianjia_pc/dist/pc/src/resource/default/780-439.png?_v=201906280941017d9', 'https://s1.ljcdn.com/matrix_lianjia_pc/dist/pc/src/resource/default/780-439.png?_v=201906280941017d9', 'https://s1.ljcdn.com/matrix_lianjia_pc/dist/pc/src/resource/default/780-439.png?_v=201906280941017d9', 'https://s1.ljcdn.com/matrix_lianjia_pc/dist/pc/src/resource/default/780-439.png?_v=201906280941017d9', 'https://s1.ljcdn.com/matrix_lianjia_pc/dist/pc/src/resource/default/780-439.png?_v=201906280941017d9', 'https://s1.ljcdn.com/matrix_lianjia_pc/dist/pc/src/resource/default/780-439.png?_v=201906280941017d9', 'https://s1.ljcdn.com/matrix_lianjia_pc/dist/pc/src/resource/default/780-439.png?_v=201906280941017d9', 'https://s1.ljcdn.com/matrix_lianjia_pc/dist/pc/src/resource/default/780-439.png?_v=201906280941017d9', 'https://s1.ljcdn.com/matrix_lianjia_pc/dist/pc/src/resource/default/780-439.png?_v=201906280941017d9', 'https://s1.ljcdn.com/matrix_lianjia_pc/dist/pc/src/resource/default/780-439.png?_v=201906280941017d9', 'https://s1.ljcdn.com/matrix_lianjia_pc/dist/pc/src/resource/default/780-439.png?_v=201906280941017d9', 'https://s1.ljcdn.com/matrix_lianjia_pc/dist/pc/src/resource/default/780-439.png?_v=201906280941017d9']",2天前,随时入住,暂无数据,需提前预约,低楼层/27层,有,暂无数据,民水,民电,有,暂无数据,"['近地铁', '新上']","['1号线(罗宝线) - 宝体', '844m', '1号线(罗宝线) - 坪洲', '902m', '11号线 - 宝安', '952m']",22.568536522626,113.88112630332
https://sz.lianjia.com/zufang/SZ2288924058051952640.html,南山区,前海,汉京确悦 3室1厅 西南,7000元/月 ,租赁方式未知,3室1厅1卫,61㎡,朝西南,"['https://image1.ljcdn.com/440300-inspection/prod-ca642ed4-134e-4f31-9fa6-26138a98a2f0.jpg.780x439.jpg', 'https://s1.ljcdn.com/matrix_lianjia_pc/dist/pc/src/resource/default/780-439.png?_v=201906280941017d9', 'https://s1.ljcdn.com/matrix_lianjia_pc/dist/pc/src/resource/default/780-439.png?_v=201906280941017d9', 'https://s1.ljcdn.com/matrix_lianjia_pc/dist/pc/src/resource/default/780-439.png?_v=201906280941017d9', 'https://s1.ljcdn.com/matrix_lianjia_pc/dist/pc/src/resource/default/780-439.png?_v=201906280941017d9']",2天前,随时入住,暂无数据,需提前预约,高楼层/24层,有,暂无数据,民水,民电,有,暂无数据,['新上'],[],22.504399670196,113.89907587052
https://sz.lianjia.com/zufang/SZ2279627381096316928.html,南山区,科技园,整租·大冲新城花园 1室1厅 东/东南/南/西南/西,7000元/月 (月付价),整租,1室1厅1卫,50㎡,朝东 东南 南 西南 西,"['https://image1.ljcdn.com/rent-user-avatar/0ef57eee-bc92-49d2-a90d-7cbc26615641.780x439.jpg', 'https://s1.ljcdn.com/matrix_lianjia_pc/dist/pc/src/resource/default/780-439.png?_v=201906280941017d9', 'https://s1.ljcdn.com/matrix_lianjia_pc/dist/pc/src/resource/default/780-439.png?_v=201906280941017d9', 'https://s1.ljcdn.com/matrix_lianjia_pc/dist/pc/src/resource/default/780-439.png?_v=201906280941017d9', 'https://s1.ljcdn.com/matrix_lianjia_pc/dist/pc/src/resource/default/780-439.png?_v=201906280941017d9', 'https://s1.ljcdn.com/matrix_lianjia_pc/dist/pc/src/resource/default/780-439.png?_v=201906280941017d9', 'https://s1.ljcdn.com/matrix_lianjia_pc/dist/pc/src/resource/default/780-439.png?_v=201906280941017d9', 'https://s1.ljcdn.com/matrix_lianjia_pc/dist/pc/src/resource/default/780-439.png?_v=201906280941017d9']",15天前,随时入住,1个月以上,需提前预约,23/39层,暂无数据,暂无数据,暂无数据,暂无数据,暂无数据,暂无数据,"['公寓', '月租', '近地铁', '精装', '押一付一']","['1号线(罗宝线) - 高新园', '524m', '1号线(罗宝线) - 深大', '846m']",22.54857,113.956842
https://sz.lianjia.com/zufang/SZ2282588702024663040.html,福田区,皇岗,整租·福业大厦 3室2厅 西南,7800元/月 (月付价),整租,3室2厅2卫,84㎡,朝 西南,"['https://image1.ljcdn.com/rent-user-avatar/08c2c7c0-6ce1-44a4-a651-bb797eea84f2.780x439.jpg', 'https://s1.ljcdn.com/matrix_lianjia_pc/dist/pc/src/resource/default/780-439.png?_v=201906280941017d9', 'https://s1.ljcdn.com/matrix_lianjia_pc/dist/pc/src/resource/default/780-439.png?_v=201906280941017d9', 'https://s1.ljcdn.com/matrix_lianjia_pc/dist/pc/src/resource/default/780-439.png?_v=201906280941017d9', 'https://s1.ljcdn.com/matrix_lianjia_pc/dist/pc/src/resource/default/780-439.png?_v=201906280941017d9', 'https://s1.ljcdn.com/matrix_lianjia_pc/dist/pc/src/resource/default/780-439.png?_v=201906280941017d9', 'https://s1.ljcdn.com/matrix_lianjia_pc/dist/pc/src/resource/default/780-439.png?_v=201906280941017d9']",11天前,随时入住,1年,随时可看,9/20层,有,暂无数据,民水,民电,有,暂无数据,"['近地铁', '精装', '双卫生间', '随时看房']","['4号线(龙华线),7号线 - 福民', '707m']",22.533402276212,114.07433037471
https://sz.lianjia.com/zufang/SZ2276736538241417216.html,罗湖区,东门,整租·南海中心 2室2厅 西南,6000元/月 (月付价),整租,2室2厅1卫,74㎡,朝西南,"['http://vrlab-image.ljcdn.com/release/auto3dhd/1d17bf3a60b8887a442080610e9d2ccf/screenshot/1558154890_2/pc0_lH1vXzfFH.jpg.q_70.jpg', 'https://s1.ljcdn.com/matrix_lianjia_pc/dist/pc/src/resource/default/780-439.png?_v=201906280941017d9', 'https://s1.ljcdn.com/matrix_lianjia_pc/dist/pc/src/resource/default/780-439.png?_v=201906280941017d9', 'https://s1.ljcdn.com/matrix_lianjia_pc/dist/pc/src/resource/default/780-439.png?_v=201906280941017d9', 'https://s1.ljcdn.com/matrix_lianjia_pc/dist/pc/src/resource/default/780-439.png?_v=201906280941017d9']",19天前,随时入住,1年以内,需提前预约,低楼层/29层,有,暂无数据,民水,民电,有,暂无数据,"['近地铁', '随时看房']","['3号线(龙岗线) - 晒布', '65m', '2号线(蛇口线) - 湖贝', '692m', '1号线(罗宝线),3号线(龙岗线) - 老街', '695m', '1号线(罗宝线) - 国贸', '1121m', '9号线 - 向西村', '1137m']",22.554686424937,114.12816727177
https://sz.lianjia.com/zufang/SZ2287604042853531648.html,南山区,南头,豪方天际花园 3室1厅 西南,7500元/月 ,租赁方式未知,3室1厅1卫,75㎡,朝西南,"['https://image1.ljcdn.com/440300-inspection/a0f3f598-516c-4336-8a8e-ebf55594fb21.jpg.780x439.jpg', 'https://s1.ljcdn.com/matrix_lianjia_pc/dist/pc/src/resource/default/780-439.png?_v=201906280941017d9', 'https://s1.ljcdn.com/matrix_lianjia_pc/dist/pc/src/resource/default/780-439.png?_v=201906280941017d9', 'https://s1.ljcdn.com/matrix_lianjia_pc/dist/pc/src/resource/default/780-439.png?_v=201906280941017d9', 'https://s1.ljcdn.com/matrix_lianjia_pc/dist/pc/src/resource/default/780-439.png?_v=201906280941017d9', 'https://s1.ljcdn.com/matrix_lianjia_pc/dist/pc/src/resource/default/780-439.png?_v=201906280941017d9']",4天前,随时入住,暂无数据,一般下班后可看,低楼层/49层,有,暂无数据,民水,民电,有,暂无数据,['新上'],[],22.560305,113.927414
https://sz.lianjia.com/zufang/SZ2246958134499213312.html,龙岗区,坂田,万科四季花城七期 4室2厅 西南,7600元/月 ,租赁方式未知,4室2厅2卫,129㎡,朝西南,"['http://vrlab-image.ljcdn.com/release/vradmin/1000000023109017/images/822dccdb-eeca-4936-8bff-d3423af9ee1f.png.q_70.jpg', 'https://s1.ljcdn.com/matrix_lianjia_pc/dist/pc/src/resource/default/780-439.png?_v=201906280941017d9', 'https://s1.ljcdn.com/matrix_lianjia_pc/dist/pc/src/resource/default/780-439.png?_v=201906280941017d9', 'https://s1.ljcdn.com/matrix_lianjia_pc/dist/pc/src/resource/default/780-439.png?_v=201906280941017d9', 'https://s1.ljcdn.com/matrix_lianjia_pc/dist/pc/src/resource/default/780-439.png?_v=201906280941017d9', 'https://s1.ljcdn.com/matrix_lianjia_pc/dist/pc/src/resource/default/780-439.png?_v=201906280941017d9', 'https://s1.ljcdn.com/matrix_lianjia_pc/dist/pc/src/resource/default/780-439.png?_v=201906280941017d9']",1个月前,随时入住,暂无数据,需提前预约,高楼层/6层,无,暂无数据,民水,民电,有,暂无数据,"['近地铁', '随时看房']","['5号线(环中线) - 五和', '980m']",22.624304496242,114.06361460862
https://sz.lianjia.com/apartment/17031.html,,,湾流国际青年社区 · 彩田店二期,"
湾流国际青年社区 · 彩田店二期

          4250元/月起

",,,,,"['https://image1.ljcdn.com/rent-user-avatar/270aced4-fb6c-4cb5-9110-551a3fb78f57.1150x.jpg', 'https://s1.ljcdn.com/matrix_lianjia_pc/dist/pc/src/resource/default/1150-450.png?_v=201906280941017d9', 'https://s1.ljcdn.com/matrix_lianjia_pc/dist/pc/src/resource/default/1150-450.png?_v=201906280941017d9', 'https://s1.ljcdn.com/matrix_lianjia_pc/dist/pc/src/resource/default/1150-450.png?_v=201906280941017d9', 'https://s1.ljcdn.com/matrix_lianjia_pc/dist/pc/src/resource/default/1150-450.png?_v=201906280941017d9', 'https://s1.ljcdn.com/matrix_lianjia_pc/dist/pc/src/resource/default/1150-450.png?_v=201906280941017d9', 'https://s1.ljcdn.com/matrix_lianjia_pc/dist/pc/src/resource/default/1150-450.png?_v=201906280941017d9', 'https://s1.ljcdn.com/matrix_lianjia_pc/dist/pc/src/resource/default/1150-450.png?_v=201906280941017d9', 'https://s1.ljcdn.com/matrix_lianjia_pc/dist/pc/src/resource/default/1150-450.png?_v=201906280941017d9']",,,,,,,,,,,,,[],22.570432,114.075408
https://sz.lianjia.com/zufang/SZ2285926518813638656.html,福田区,皇岗,整租·福业大厦 3室2厅 西南,7800元/月 (月付价),整租,3室2厅2卫,87㎡,朝西南,"['https://image1.ljcdn.com/rent-user-avatar/09e441c1-801c-4064-bf97-64d280234a0d.780x439.jpg', 'https://s1.ljcdn.com/matrix_lianjia_pc/dist/pc/src/resource/default/780-439.png?_v=201906280941017d9', 'https://s1.ljcdn.com/matrix_lianjia_pc/dist/pc/src/resource/default/780-439.png?_v=201906280941017d9', 'https://s1.ljcdn.com/matrix_lianjia_pc/dist/pc/src/resource/default/780-439.png?_v=201906280941017d9', 'https://s1.ljcdn.com/matrix_lianjia_pc/dist/pc/src/resource/default/780-439.png?_v=201906280941017d9', 'https://s1.ljcdn.com/matrix_lianjia_pc/dist/pc/src/resource/default/780-439.png?_v=201906280941017d9', 'https://s1.ljcdn.com/matrix_lianjia_pc/dist/pc/src/resource/default/780-439.png?_v=201906280941017d9', 'https://s1.ljcdn.com/matrix_lianjia_pc/dist/pc/src/resource/default/780-439.png?_v=201906280941017d9', 'https://s1.ljcdn.com/matrix_lianjia_pc/dist/pc/src/resource/default/780-439.png?_v=201906280941017d9']",6天前,随时入住,1年,随时可看,9/19层,有,暂无数据,民水,民电,有,暂无数据,"['近地铁', '精装', '双卫生间', '新上', '随时看房']","['4号线(龙华线),7号线 - 福民', '707m']",22.533375,114.074188
https://sz.lianjia.com/zufang/SZ2268522915664232448.html,龙岗区,布吉石芽岭,鸿荣源尚峰 4室1厅 西南,5300元/月 ,租赁方式未知,4室1厅2卫,89㎡,朝西南,"['https://image1.ljcdn.com/440300-inspection/157b3f8e-994b-43b0-ab8c-597afddfb6fa.jpg.780x439.jpg', 'https://s1.ljcdn.com/matrix_lianjia_pc/dist/pc/src/resource/default/780-439.png?_v=201906280941017d9', 'https://s1.ljcdn.com/matrix_lianjia_pc/dist/pc/src/resource/default/780-439.png?_v=201906280941017d9', 'https://s1.ljcdn.com/matrix_lianjia_pc/dist/pc/src/resource/default/780-439.png?_v=201906280941017d9', 'https://s1.ljcdn.com/matrix_lianjia_pc/dist/pc/src/resource/default/780-439.png?_v=201906280941017d9', 'https://s1.ljcdn.com/matrix_lianjia_pc/dist/pc/src/resource/default/780-439.png?_v=201906280941017d9', 'https://s1.ljcdn.com/matrix_lianjia_pc/dist/pc/src/resource/default/780-439.png?_v=201906280941017d9', 'https://s1.ljcdn.com/matrix_lianjia_pc/dist/pc/src/resource/default/780-439.png?_v=201906280941017d9', 'https://s1.ljcdn.com/matrix_lianjia_pc/dist/pc/src/resource/default/780-439.png?_v=201906280941017d9', 'https://s1.ljcdn.com/matrix_lianjia_pc/dist/pc/src/resource/default/780-439.png?_v=201906280941017d9']",1个月前,随时入住,暂无数据,需提前预约,高楼层/32层,暂无数据,暂无数据,暂无数据,暂无数据,有,暂无数据,['随时看房'],[],22.630126,114.144564
https://sz.lianjia.com/zufang/SZ2284546199480705024.html,盐田区,沙头角,君临海域 2室1厅 西南,6000元/月 ,租赁方式未知,2室1厅1卫,65㎡,朝西南,"['https://image1.ljcdn.com/440300-inspection/c0b50c1f-6981-4a7e-a957-1f156bed7078.jpg.780x439.jpg', 'https://s1.ljcdn.com/matrix_lianjia_pc/dist/pc/src/resource/default/780-439.png?_v=201906280941017d9', 'https://s1.ljcdn.com/matrix_lianjia_pc/dist/pc/src/resource/default/780-439.png?_v=201906280941017d9', 'https://s1.ljcdn.com/matrix_lianjia_pc/dist/pc/src/resource/default/780-439.png?_v=201906280941017d9', 'https://s1.ljcdn.com/matrix_lianjia_pc/dist/pc/src/resource/default/780-439.png?_v=201906280941017d9', 'https://s1.ljcdn.com/matrix_lianjia_pc/dist/pc/src/resource/default/780-439.png?_v=201906280941017d9', 'https://s1.ljcdn.com/matrix_lianjia_pc/dist/pc/src/resource/default/780-439.png?_v=201906280941017d9']",5天前,2019-07-10,暂无数据,需提前预约,中楼层/31层,有,暂无数据,商水,商电,有,暂无数据,['新上'],[],22.562647,114.25033
https://sz.lianjia.com/zufang/SZ2271376551603863552.html,宝安区,翻身,富盛苑 3室1厅 西南,5300元/月 ,租赁方式未知,3室1厅1卫,90㎡,朝西南,"['https://image1.ljcdn.com/440300-inspection/40c7e175-a41e-4dcc-82d7-ad78ca18e185.jpg.780x439.jpg', 'https://s1.ljcdn.com/matrix_lianjia_pc/dist/pc/src/resource/default/780-439.png?_v=201906280941017d9', 'https://s1.ljcdn.com/matrix_lianjia_pc/dist/pc/src/resource/default/780-439.png?_v=201906280941017d9', 'https://s1.ljcdn.com/matrix_lianjia_pc/dist/pc/src/resource/default/780-439.png?_v=201906280941017d9', 'https://s1.ljcdn.com/matrix_lianjia_pc/dist/pc/src/resource/default/780-439.png?_v=201906280941017d9', 'https://s1.ljcdn.com/matrix_lianjia_pc/dist/pc/src/resource/default/780-439.png?_v=201906280941017d9']",2天前,随时入住,暂无数据,一般下班后可看,中楼层/8层,无,暂无数据,民水,民电,有,暂无数据,"['近地铁', '新上', '随时看房']","['5号线(环中线) - 翻身', '619m']",22.570573892913,113.90183320579
https://sz.lianjia.com/zufang/SZ2268548712756420608.html,福田区,赤尾,京基御景华城 2室1厅 西南,6800元/月 ,租赁方式未知,2室1厅1卫,62㎡,朝西南,"['https://image1.ljcdn.com/440300-inspection/77220945-778c-4f6f-a753-c4c8b80dcb73.png.780x439.jpg', 'https://s1.ljcdn.com/matrix_lianjia_pc/dist/pc/src/resource/default/780-439.png?_v=201906280941017d9', 'https://s1.ljcdn.com/matrix_lianjia_pc/dist/pc/src/resource/default/780-439.png?_v=201906280941017d9', 'https://s1.ljcdn.com/matrix_lianjia_pc/dist/pc/src/resource/default/780-439.png?_v=201906280941017d9', 'https://s1.ljcdn.com/matrix_lianjia_pc/dist/pc/src/resource/default/780-439.png?_v=201906280941017d9', 'https://s1.ljcdn.com/matrix_lianjia_pc/dist/pc/src/resource/default/780-439.png?_v=201906280941017d9', 'https://s1.ljcdn.com/matrix_lianjia_pc/dist/pc/src/resource/default/780-439.png?_v=201906280941017d9', 'https://s1.ljcdn.com/matrix_lianjia_pc/dist/pc/src/resource/default/780-439.png?_v=201906280941017d9']",1个月前,随时入住,暂无数据,暂无数据,高楼层/34层,有,暂无数据,民水,民电,有,暂无数据,['近地铁'],"['7号线 - 赤尾', '135m', '7号线 - 华强南', '591m', '1号线(罗宝线) - 华强路', '1002m']",22.538761462211,114.09214392421
