房源地址,行政区,位置,标题,租金,租赁方式,户型,面积,朝向,图片列表,发布时间,入住时间,租期,看房时间,楼层,电梯,车位,用水,用电,燃气,采暖,标签,station,latitude,longtitude
https://sz.lianjia.com/zufang/SZ2136225724787597312.html,宝安区,新安,合租·弘雅花园雅兰亭四期 3居室 西北卧,1430元/月 (季付价),合租,3室1厅2卫,7㎡,朝西北,"['https://image1.ljcdn.com/rent-house-1/636f69b83827f24f7723a443c68fdbb3-1561187330234/b49051a7afa4eaf5a69196e5ab9365c1.jpg.780x439.jpg', 'https://s1.ljcdn.com/matrix_lianjia_pc/dist/pc/src/resource/default/780-439.png?_v=201906280941017d9', 'https://s1.ljcdn.com/matrix_lianjia_pc/dist/pc/src/resource/default/780-439.png?_v=201906280941017d9', 'https://s1.ljcdn.com/matrix_lianjia_pc/dist/pc/src/resource/default/780-439.png?_v=201906280941017d9', 'https://s1.ljcdn.com/matrix_lianjia_pc/dist/pc/src/resource/default/780-439.png?_v=201906280941017d9', 'https://s1.ljcdn.com/matrix_lianjia_pc/dist/pc/src/resource/default/780-439.png?_v=201906280941017d9', 'https://s1.ljcdn.com/matrix_lianjia_pc/dist/pc/src/resource/default/780-439.png?_v=201906280941017d9']",7个月前,随时入住,1年,随时可看,2/12层,暂无数据,暂无数据,暂无数据,暂无数据,暂无数据,暂无数据,"['公寓', '随时看房']",[],22.578936509837,113.89883166736
https://sz.lianjia.com/zufang/SZ2263664613747343360.html,龙华区,龙华中心,合租·鸿荣源·壹城中心第九区 4居室 西北卧,1099元/月 (月付价),合租,4室1厅1卫,9㎡,朝西北,"['https://image1.ljcdn.com/rent-user-avatar/62047b8d-c110-4641-b0c9-16c198eb3ec1.780x439.jpg', 'https://s1.ljcdn.com/matrix_lianjia_pc/dist/pc/src/resource/default/780-439.png?_v=201906280941017d9', 'https://s1.ljcdn.com/matrix_lianjia_pc/dist/pc/src/resource/default/780-439.png?_v=201906280941017d9', 'https://s1.ljcdn.com/matrix_lianjia_pc/dist/pc/src/resource/default/780-439.png?_v=201906280941017d9']",1个月前,随时入住,1年以上,随时可看,37/46层,有,租用车位,民水,民电,有,暂无数据,"['近地铁', '随时看房']","['4号线(龙华线) - 龙华', '670m']",22.655875,114.034306
https://sz.lianjia.com/zufang/SZ2136262455323017216.html,龙岗区,布吉大芬,合租·康达尔花园五期蝴蝶堡 5居室 西北卧,1440元/月 (月付价),合租,5室1厅1卫,10㎡,朝西北,"['https://image1.ljcdn.com/rent-user-avatar/9c4e56e6-b45d-4bbf-a465-64bb35dfb3a0.780x439.jpg', 'https://s1.ljcdn.com/matrix_lianjia_pc/dist/pc/src/resource/default/780-439.png?_v=201906280941017d9', 'https://s1.ljcdn.com/matrix_lianjia_pc/dist/pc/src/resource/default/780-439.png?_v=201906280941017d9', 'https://s1.ljcdn.com/matrix_lianjia_pc/dist/pc/src/resource/default/780-439.png?_v=201906280941017d9', 'https://s1.ljcdn.com/matrix_lianjia_pc/dist/pc/src/resource/default/780-439.png?_v=201906280941017d9', 'https://s1.ljcdn.com/matrix_lianjia_pc/dist/pc/src/resource/default/780-439.png?_v=201906280941017d9', 'https://s1.ljcdn.com/matrix_lianjia_pc/dist/pc/src/resource/default/780-439.png?_v=201906280941017d9', 'https://s1.ljcdn.com/matrix_lianjia_pc/dist/pc/src/resource/default/780-439.png?_v=201906280941017d9']",7个月前,随时入住,6~12个月,随时可看,9/34层,有,暂无数据,民水,民电,有,暂无数据,"['公寓', '限女生', '月租', '近地铁', '精装', '押一付一', '随时看房']","['3号线(龙岗线) - 大芬', '442m']",22.623887,114.143465
https://sz.lianjia.com/apartment/1605.html,,,十六号公寓 · 福永桥头分店,"
十六号公寓 · 福永桥头分店

          780元/月起

",,,,,"['https://image1.ljcdn.com/rent-user-avatar/5c44946f-51c6-42c6-893c-733408c5fc46.1150x.jpg', 'https://s1.ljcdn.com/matrix_lianjia_pc/dist/pc/src/resource/default/1150-450.png?_v=201906280941017d9', 'https://s1.ljcdn.com/matrix_lianjia_pc/dist/pc/src/resource/default/1150-450.png?_v=201906280941017d9']",,,,,,,,,,,,,[],22.697902,113.818023
https://sz.lianjia.com/zufang/SZ2283121111229005824.html,龙岗区,龙岗中心城,合租·壹锦园 4居室 西北卧,1290元/月 (季付价),合租,4室1厅2卫,12㎡,朝西北,"['https://image1.ljcdn.com/rent-house-1/636f69b83827f24f7723a443c68fdbb3-1561213010973/23c5f57421f69b70e142efbc936d00fc.jpg.780x439.jpg', 'https://s1.ljcdn.com/matrix_lianjia_pc/dist/pc/src/resource/default/780-439.png?_v=201906280941017d9', 'https://s1.ljcdn.com/matrix_lianjia_pc/dist/pc/src/resource/default/780-439.png?_v=201906280941017d9', 'https://s1.ljcdn.com/matrix_lianjia_pc/dist/pc/src/resource/default/780-439.png?_v=201906280941017d9', 'https://s1.ljcdn.com/matrix_lianjia_pc/dist/pc/src/resource/default/780-439.png?_v=201906280941017d9', 'https://s1.ljcdn.com/matrix_lianjia_pc/dist/pc/src/resource/default/780-439.png?_v=201906280941017d9', 'https://s1.ljcdn.com/matrix_lianjia_pc/dist/pc/src/resource/default/780-439.png?_v=201906280941017d9', 'https://s1.ljcdn.com/matrix_lianjia_pc/dist/pc/src/resource/default/780-439.png?_v=201906280941017d9', 'https://s1.ljcdn.com/matrix_lianjia_pc/dist/pc/src/resource/default/780-439.png?_v=201906280941017d9']",9天前,随时入住,1年,随时可看,4/34层,暂无数据,暂无数据,暂无数据,暂无数据,暂无数据,暂无数据,"['公寓', '独立阳台', '随时看房']",[],22.735761,114.229178
https://sz.lianjia.com/zufang/SZ2283121012486701056.html,龙岗区,龙岗中心城,合租·壹锦园 4居室 西北卧,1060元/月 (季付价),合租,4室1厅2卫,8㎡,朝西北,"['https://image1.ljcdn.com/rent-house-1/636f69b83827f24f7723a443c68fdbb3-1561347118403/10ebdf7a728ed3c2acc857290cfe5c93.jpg.780x439.jpg', 'https://s1.ljcdn.com/matrix_lianjia_pc/dist/pc/src/resource/default/780-439.png?_v=201906280941017d9', 'https://s1.ljcdn.com/matrix_lianjia_pc/dist/pc/src/resource/default/780-439.png?_v=201906280941017d9', 'https://s1.ljcdn.com/matrix_lianjia_pc/dist/pc/src/resource/default/780-439.png?_v=201906280941017d9', 'https://s1.ljcdn.com/matrix_lianjia_pc/dist/pc/src/resource/default/780-439.png?_v=201906280941017d9', 'https://s1.ljcdn.com/matrix_lianjia_pc/dist/pc/src/resource/default/780-439.png?_v=201906280941017d9', 'https://s1.ljcdn.com/matrix_lianjia_pc/dist/pc/src/resource/default/780-439.png?_v=201906280941017d9']",9天前,随时入住,1年,随时可看,4/34层,暂无数据,暂无数据,暂无数据,暂无数据,暂无数据,暂无数据,"['公寓', '随时看房']",[],22.735761,114.229178
https://sz.lianjia.com/apartment/9449.html,,,职业房东 · 南昌新村店,"
职业房东 · 南昌新村店

          1499元/月起

",,,,,['https://image1.ljcdn.com/rent-user-avatar/679028c3-2410-4079-a2a2-c4090c8eae92.1150x.jpg'],,,,,,,,,,,,,[],22.605279,113.849444
https://sz.lianjia.com/apartment/2783.html,,,暖寓 · 沙井后亭家,"
暖寓 · 沙井后亭家

          1350元/月起

",,,,,"['https://image1.ljcdn.com/rent-user-avatar/b4b518fe-05bf-4214-bd48-596886348b1e.1150x.jpg', 'https://s1.ljcdn.com/matrix_lianjia_pc/dist/pc/src/resource/default/1150-450.png?_v=201906280941017d9', 'https://s1.ljcdn.com/matrix_lianjia_pc/dist/pc/src/resource/default/1150-450.png?_v=201906280941017d9', 'https://s1.ljcdn.com/matrix_lianjia_pc/dist/pc/src/resource/default/1150-450.png?_v=201906280941017d9', 'https://s1.ljcdn.com/matrix_lianjia_pc/dist/pc/src/resource/default/1150-450.png?_v=201906280941017d9', 'https://s1.ljcdn.com/matrix_lianjia_pc/dist/pc/src/resource/default/1150-450.png?_v=201906280941017d9', 'https://s1.ljcdn.com/matrix_lianjia_pc/dist/pc/src/resource/default/1150-450.png?_v=201906280941017d9', 'https://s1.ljcdn.com/matrix_lianjia_pc/dist/pc/src/resource/default/1150-450.png?_v=201906280941017d9', 'https://s1.ljcdn.com/matrix_lianjia_pc/dist/pc/src/resource/default/1150-450.png?_v=201906280941017d9', 'https://s1.ljcdn.com/matrix_lianjia_pc/dist/pc/src/resource/default/1150-450.png?_v=201906280941017d9', 'https://s1.ljcdn.com/matrix_lianjia_pc/dist/pc/src/resource/default/1150-450.png?_v=201906280941017d9', 'https://s1.ljcdn.com/matrix_lianjia_pc/dist/pc/src/resource/default/1150-450.png?_v=201906280941017d9', 'https://s1.ljcdn.com/matrix_lianjia_pc/dist/pc/src/resource/default/1150-450.png?_v=201906280941017d9', 'https://s1.ljcdn.com/matrix_lianjia_pc/dist/pc/src/resource/default/1150-450.png?_v=201906280941017d9']",,,,,,,,,,,,,[],22.758348,113.831353
https://sz.lianjia.com/zufang/SZ2246243412531748864.html,龙岗区,大运新城,合租·颐安都会中央一期 4居室 西北卧,1190元/月 (季付价),合租,4室1厅2卫,10㎡,朝西北,"['https://image1.ljcdn.com/rent-house-1/636f69b83827f24f7723a443c68fdbb3-1561185318870/a1bcce59813d3e8e7b090bb9157315dd.jpg.780x439.jpg', 'https://s1.ljcdn.com/matrix_lianjia_pc/dist/pc/src/resource/default/780-439.png?_v=201906280941017d9', 'https://s1.ljcdn.com/matrix_lianjia_pc/dist/pc/src/resource/default/780-439.png?_v=201906280941017d9', 'https://s1.ljcdn.com/matrix_lianjia_pc/dist/pc/src/resource/default/780-439.png?_v=201906280941017d9', 'https://s1.ljcdn.com/matrix_lianjia_pc/dist/pc/src/resource/default/780-439.png?_v=201906280941017d9', 'https://s1.ljcdn.com/matrix_lianjia_pc/dist/pc/src/resource/default/780-439.png?_v=201906280941017d9']",1个月前,随时入住,3~12个月,随时可看,10/31层,暂无数据,暂无数据,暂无数据,暂无数据,暂无数据,暂无数据,"['公寓', '月租', '近地铁', '随时看房']","['3号线(龙岗线) - 大运', '834m']",22.693462,114.229357
https://sz.lianjia.com/zufang/SZ2256334404068573184.html,龙岗区,大运新城,合租·又一城 4居室 西北卧,1130元/月 (季付价),合租,4室1厅2卫,11㎡,朝西北,"['https://image1.ljcdn.com/rent-house-1/636f69b83827f24f7723a443c68fdbb3-1561187736506/c023bab156d99e2782b29e9a4f94347e.jpg.780x439.jpg', 'https://s1.ljcdn.com/matrix_lianjia_pc/dist/pc/src/resource/default/780-439.png?_v=201906280941017d9', 'https://s1.ljcdn.com/matrix_lianjia_pc/dist/pc/src/resource/default/780-439.png?_v=201906280941017d9', 'https://s1.ljcdn.com/matrix_lianjia_pc/dist/pc/src/resource/default/780-439.png?_v=201906280941017d9', 'https://s1.ljcdn.com/matrix_lianjia_pc/dist/pc/src/resource/default/780-439.png?_v=201906280941017d9', 'https://s1.ljcdn.com/matrix_lianjia_pc/dist/pc/src/resource/default/780-439.png?_v=201906280941017d9', 'https://s1.ljcdn.com/matrix_lianjia_pc/dist/pc/src/resource/default/780-439.png?_v=201906280941017d9']",1个月前,随时入住,1年,随时可看,15/32层,暂无数据,暂无数据,暂无数据,暂无数据,暂无数据,暂无数据,"['公寓', '独立阳台', '随时看房']",[],22.731801,114.220185
https://sz.lianjia.com/zufang/SZ2196841618466938880.html,龙岗区,龙岗双龙,合租·深圳海航城 5居室 西北卧,1430元/月 (季付价),合租,5室1厅2卫,12㎡,朝西北,"['https://image1.ljcdn.com/rent-house-1/636f69b83827f24f7723a443c68fdbb3-1561189072690/2a0e22112ce8e6806e732f8a4c5af6fe.jpg.780x439.jpg', 'https://s1.ljcdn.com/matrix_lianjia_pc/dist/pc/src/resource/default/780-439.png?_v=201906280941017d9', 'https://s1.ljcdn.com/matrix_lianjia_pc/dist/pc/src/resource/default/780-439.png?_v=201906280941017d9', 'https://s1.ljcdn.com/matrix_lianjia_pc/dist/pc/src/resource/default/780-439.png?_v=201906280941017d9', 'https://s1.ljcdn.com/matrix_lianjia_pc/dist/pc/src/resource/default/780-439.png?_v=201906280941017d9', 'https://s1.ljcdn.com/matrix_lianjia_pc/dist/pc/src/resource/default/780-439.png?_v=201906280941017d9', 'https://s1.ljcdn.com/matrix_lianjia_pc/dist/pc/src/resource/default/780-439.png?_v=201906280941017d9', 'https://s1.ljcdn.com/matrix_lianjia_pc/dist/pc/src/resource/default/780-439.png?_v=201906280941017d9']",4个月前,随时入住,1年,随时可看,7/33层,暂无数据,暂无数据,暂无数据,暂无数据,暂无数据,暂无数据,"['公寓', '近地铁', '独立阳台', '随时看房']","['3号线(龙岗线) - 南联', '231m', '3号线(龙岗线) - 双龙', '1126m']",22.731377,114.273219
https://sz.lianjia.com/zufang/SZ2283324700060811264.html,龙岗区,大运新城,合租·颐安都会中央二期 5居室 西北卧,1290元/月 (季付价),合租,5室1厅2卫,11㎡,朝西北,"['https://image1.ljcdn.com/rent-house-1/636f69b83827f24f7723a443c68fdbb3-1561355476010/6efb123f3328e32438a6e1cc593379f5.jpg.780x439.jpg', 'https://s1.ljcdn.com/matrix_lianjia_pc/dist/pc/src/resource/default/780-439.png?_v=201906280941017d9', 'https://s1.ljcdn.com/matrix_lianjia_pc/dist/pc/src/resource/default/780-439.png?_v=201906280941017d9', 'https://s1.ljcdn.com/matrix_lianjia_pc/dist/pc/src/resource/default/780-439.png?_v=201906280941017d9', 'https://s1.ljcdn.com/matrix_lianjia_pc/dist/pc/src/resource/default/780-439.png?_v=201906280941017d9', 'https://s1.ljcdn.com/matrix_lianjia_pc/dist/pc/src/resource/default/780-439.png?_v=201906280941017d9']",8天前,随时入住,3~12个月,随时可看,20/30层,暂无数据,暂无数据,暂无数据,暂无数据,暂无数据,暂无数据,"['公寓', '月租', '近地铁', '随时看房']","['3号线(龙岗线) - 大运', '558m']",22.695314,114.2293
https://sz.lianjia.com/zufang/SZ2256304565219491840.html,龙岗区,大运新城,合租·中粮祥云 5居室 西北卧,1030元/月 (季付价),合租,5室1厅2卫,8㎡,朝西北,"['https://image1.ljcdn.com/rent-house-1/636f69b83827f24f7723a443c68fdbb3-1561181388991/3bd727e14ed6f06e50b3531d9fba022f.jpg.780x439.jpg', 'https://s1.ljcdn.com/matrix_lianjia_pc/dist/pc/src/resource/default/780-439.png?_v=201906280941017d9', 'https://s1.ljcdn.com/matrix_lianjia_pc/dist/pc/src/resource/default/780-439.png?_v=201906280941017d9', 'https://s1.ljcdn.com/matrix_lianjia_pc/dist/pc/src/resource/default/780-439.png?_v=201906280941017d9', 'https://s1.ljcdn.com/matrix_lianjia_pc/dist/pc/src/resource/default/780-439.png?_v=201906280941017d9', 'https://s1.ljcdn.com/matrix_lianjia_pc/dist/pc/src/resource/default/780-439.png?_v=201906280941017d9']",1个月前,随时入住,1年,随时可看,25/30层,暂无数据,暂无数据,暂无数据,暂无数据,暂无数据,暂无数据,"['公寓', '近地铁', '随时看房']","['3号线(龙岗线) - 爱联', '148m']",22.70236,114.238641
https://sz.lianjia.com/zufang/SZ2205669917393420288.html,龙岗区,龙岗中心城,合租·远洋新干线二期 5居室 西北卧,1160元/月 (季付价),合租,5室1厅2卫,11㎡,朝西北,"['https://image1.ljcdn.com/rent-house-1/636f69b83827f24f7723a443c68fdbb3-1560826986900/473193fc4ab87aa7b3c43172b14cb4cb.jpg.780x439.jpg', 'https://s1.ljcdn.com/matrix_lianjia_pc/dist/pc/src/resource/default/780-439.png?_v=201906280941017d9', 'https://s1.ljcdn.com/matrix_lianjia_pc/dist/pc/src/resource/default/780-439.png?_v=201906280941017d9', 'https://s1.ljcdn.com/matrix_lianjia_pc/dist/pc/src/resource/default/780-439.png?_v=201906280941017d9', 'https://s1.ljcdn.com/matrix_lianjia_pc/dist/pc/src/resource/default/780-439.png?_v=201906280941017d9', 'https://s1.ljcdn.com/matrix_lianjia_pc/dist/pc/src/resource/default/780-439.png?_v=201906280941017d9', 'https://s1.ljcdn.com/matrix_lianjia_pc/dist/pc/src/resource/default/780-439.png?_v=201906280941017d9', 'https://s1.ljcdn.com/matrix_lianjia_pc/dist/pc/src/resource/default/780-439.png?_v=201906280941017d9']",3个月前,随时入住,3~12个月,随时可看,29/31层,暂无数据,暂无数据,暂无数据,暂无数据,暂无数据,暂无数据,"['公寓', '月租', '近地铁', '随时看房']","['3号线(龙岗线) - 南联', '315m', '3号线(龙岗线) - 龙城广场', '855m']",22.726592,114.270276
https://sz.lianjia.com/apartment/16869.html,,,泰鑫商务公寓 · 白石龙总店,"
泰鑫商务公寓 · 白石龙总店

          1444元/月起

",,,,,['https://image1.ljcdn.com/rent-user-avatar/1dfe19e0-b303-4c1e-b6fb-f6871d1b89fa.1150x.jpg'],,,,,,,,,,,,,[],22.610977,114.043659
https://sz.lianjia.com/apartment/5111.html,,,职业房东 · 梦之湾公寓,"
职业房东 · 梦之湾公寓

          980元/月起

",,,,,"['https://image1.ljcdn.com/rent-user-avatar/9906de88-a241-4188-bf61-cbba18c65d50.1150x.jpg', 'https://s1.ljcdn.com/matrix_lianjia_pc/dist/pc/src/resource/default/1150-450.png?_v=201906280941017d9', 'https://s1.ljcdn.com/matrix_lianjia_pc/dist/pc/src/resource/default/1150-450.png?_v=201906280941017d9']",,,,,,,,,,,,,[],22.708168,113.838938
https://sz.lianjia.com/apartment/4088.html,,,职业房东 · 塘坑店,"
职业房东 · 塘坑店

          850元/月起

",,,,,"['https://image1.ljcdn.com/rent-user-avatar/4190adc1-5e58-42c9-8b11-4673133564df.1150x.jpg', 'https://s1.ljcdn.com/matrix_lianjia_pc/dist/pc/src/resource/default/1150-450.png?_v=201906280941017d9', 'https://s1.ljcdn.com/matrix_lianjia_pc/dist/pc/src/resource/default/1150-450.png?_v=201906280941017d9', 'https://s1.ljcdn.com/matrix_lianjia_pc/dist/pc/src/resource/default/1150-450.png?_v=201906280941017d9', 'https://s1.ljcdn.com/matrix_lianjia_pc/dist/pc/src/resource/default/1150-450.png?_v=201906280941017d9', 'https://s1.ljcdn.com/matrix_lianjia_pc/dist/pc/src/resource/default/1150-450.png?_v=201906280941017d9', 'https://s1.ljcdn.com/matrix_lianjia_pc/dist/pc/src/resource/default/1150-450.png?_v=201906280941017d9']",,,,,,,,,,,,,[],22.639393,114.201006
https://sz.lianjia.com/apartment/18796.html,,,祥寓 · 永湖1号店,"
祥寓 · 永湖1号店

          1300元/月起

",,,,,['https://image1.ljcdn.com/rent-user-avatar/e87a42d2-e429-4b4c-af12-9cccc17c9360.1150x.jpg'],,,,,,,,,,,,,[],22.6629,114.22287
https://sz.lianjia.com/apartment/1562.html,,,翡翠公寓 · 石岩店,"
翡翠公寓 · 石岩店

          1280元/月起

",,,,,"['https://image1.ljcdn.com/rent-user-avatar/2933376e-b957-4240-b364-466eccda08c8.1150x.jpg', 'https://s1.ljcdn.com/matrix_lianjia_pc/dist/pc/src/resource/default/1150-450.png?_v=201906280941017d9', 'https://s1.ljcdn.com/matrix_lianjia_pc/dist/pc/src/resource/default/1150-450.png?_v=201906280941017d9', 'https://s1.ljcdn.com/matrix_lianjia_pc/dist/pc/src/resource/default/1150-450.png?_v=201906280941017d9', 'https://s1.ljcdn.com/matrix_lianjia_pc/dist/pc/src/resource/default/1150-450.png?_v=201906280941017d9', 'https://s1.ljcdn.com/matrix_lianjia_pc/dist/pc/src/resource/default/1150-450.png?_v=201906280941017d9']",,,,,,,,,,,,,[],22.692044,113.929694
https://sz.lianjia.com/apartment/14925.html,,,亚丁公寓 · 共和店,"
亚丁公寓 · 共和店

          1380元/月起

",,,,,"['https://image1.ljcdn.com/rent-user-avatar/b42c1bf2-4452-45a4-827a-1d2ff79783dc.1150x.jpg', 'https://s1.ljcdn.com/matrix_lianjia_pc/dist/pc/src/resource/default/1150-450.png?_v=201906280941017d9', 'https://s1.ljcdn.com/matrix_lianjia_pc/dist/pc/src/resource/default/1150-450.png?_v=201906280941017d9', 'https://s1.ljcdn.com/matrix_lianjia_pc/dist/pc/src/resource/default/1150-450.png?_v=201906280941017d9', 'https://s1.ljcdn.com/matrix_lianjia_pc/dist/pc/src/resource/default/1150-450.png?_v=201906280941017d9']",,,,,,,,,,,,,[],22.654555,114.040319
https://sz.lianjia.com/apartment/3335.html,,,乐家青年公寓 · 盛丰店,"
乐家青年公寓 · 盛丰店

          1000元/月起

",,,,,"['https://image1.ljcdn.com/rent-user-avatar/6db829da-f067-44af-94ac-5d4093207d69.1150x.jpg', 'https://s1.ljcdn.com/matrix_lianjia_pc/dist/pc/src/resource/default/1150-450.png?_v=201906280941017d9', 'https://s1.ljcdn.com/matrix_lianjia_pc/dist/pc/src/resource/default/1150-450.png?_v=201906280941017d9', 'https://s1.ljcdn.com/matrix_lianjia_pc/dist/pc/src/resource/default/1150-450.png?_v=201906280941017d9', 'https://s1.ljcdn.com/matrix_lianjia_pc/dist/pc/src/resource/default/1150-450.png?_v=201906280941017d9', 'https://s1.ljcdn.com/matrix_lianjia_pc/dist/pc/src/resource/default/1150-450.png?_v=201906280941017d9', 'https://s1.ljcdn.com/matrix_lianjia_pc/dist/pc/src/resource/default/1150-450.png?_v=201906280941017d9', 'https://s1.ljcdn.com/matrix_lianjia_pc/dist/pc/src/resource/default/1150-450.png?_v=201906280941017d9']",,,,,,,,,,,,,[],22.737694,114.265601
https://sz.lianjia.com/apartment/16855.html,,,平台认证机构 · 金丰源公寓·平湖平龙东路店,"
平台认证机构 · 金丰源公寓·平湖平龙东路店

          1200元/月起

",,,,,"['https://image1.ljcdn.com/rent-user-avatar/0f4157b2-57d9-4b65-aedf-aa4d31066540.1150x.jpg', 'https://s1.ljcdn.com/matrix_lianjia_pc/dist/pc/src/resource/default/1150-450.png?_v=201906280941017d9']",,,,,,,,,,,,,[],22.714035,114.143701
https://sz.lianjia.com/apartment/8501.html,,,职业房东 · 吉鑫公寓·布吉店,"
职业房东 · 吉鑫公寓·布吉店

          1100元/月起

",,,,,"['https://image1.ljcdn.com/rent-user-avatar/a8d806cb-e32f-48f6-861e-e222d4393308.1150x.jpg', 'https://s1.ljcdn.com/matrix_lianjia_pc/dist/pc/src/resource/default/1150-450.png?_v=201906280941017d9', 'https://s1.ljcdn.com/matrix_lianjia_pc/dist/pc/src/resource/default/1150-450.png?_v=201906280941017d9', 'https://s1.ljcdn.com/matrix_lianjia_pc/dist/pc/src/resource/default/1150-450.png?_v=201906280941017d9']",,,,,,,,,,,,,[],22.615676,114.151162
https://sz.lianjia.com/apartment/8884.html,,,瑞鑫家园青年社区 · 宝安店,"
瑞鑫家园青年社区 · 宝安店

          1300元/月起

",,,,,"['https://image1.ljcdn.com/rent-user-avatar/4766dc44-fa45-4b84-88db-2d1c04654e0c.1150x.jpg', 'https://s1.ljcdn.com/matrix_lianjia_pc/dist/pc/src/resource/default/1150-450.png?_v=201906280941017d9', 'https://s1.ljcdn.com/matrix_lianjia_pc/dist/pc/src/resource/default/1150-450.png?_v=201906280941017d9', 'https://s1.ljcdn.com/matrix_lianjia_pc/dist/pc/src/resource/default/1150-450.png?_v=201906280941017d9', 'https://s1.ljcdn.com/matrix_lianjia_pc/dist/pc/src/resource/default/1150-450.png?_v=201906280941017d9', 'https://s1.ljcdn.com/matrix_lianjia_pc/dist/pc/src/resource/default/1150-450.png?_v=201906280941017d9', 'https://s1.ljcdn.com/matrix_lianjia_pc/dist/pc/src/resource/default/1150-450.png?_v=201906280941017d9', 'https://s1.ljcdn.com/matrix_lianjia_pc/dist/pc/src/resource/default/1150-450.png?_v=201906280941017d9', 'https://s1.ljcdn.com/matrix_lianjia_pc/dist/pc/src/resource/default/1150-450.png?_v=201906280941017d9', 'https://s1.ljcdn.com/matrix_lianjia_pc/dist/pc/src/resource/default/1150-450.png?_v=201906280941017d9', 'https://s1.ljcdn.com/matrix_lianjia_pc/dist/pc/src/resource/default/1150-450.png?_v=201906280941017d9', 'https://s1.ljcdn.com/matrix_lianjia_pc/dist/pc/src/resource/default/1150-450.png?_v=201906280941017d9']",,,,,,,,,,,,,[],22.586375,113.891323
https://sz.lianjia.com/apartment/4586.html,,,职业房东 · 永湖地铁站店,"
职业房东 · 永湖地铁站店

          800元/月起

",,,,,"['https://image1.ljcdn.com/rent-user-avatar/00435e9e-075c-4e31-a25d-90fdfb51c446.1150x.jpg', 'https://s1.ljcdn.com/matrix_lianjia_pc/dist/pc/src/resource/default/1150-450.png?_v=201906280941017d9', 'https://s1.ljcdn.com/matrix_lianjia_pc/dist/pc/src/resource/default/1150-450.png?_v=201906280941017d9', 'https://s1.ljcdn.com/matrix_lianjia_pc/dist/pc/src/resource/default/1150-450.png?_v=201906280941017d9', 'https://s1.ljcdn.com/matrix_lianjia_pc/dist/pc/src/resource/default/1150-450.png?_v=201906280941017d9', 'https://s1.ljcdn.com/matrix_lianjia_pc/dist/pc/src/resource/default/1150-450.png?_v=201906280941017d9', 'https://s1.ljcdn.com/matrix_lianjia_pc/dist/pc/src/resource/default/1150-450.png?_v=201906280941017d9']",,,,,,,,,,,,,[],22.664371,114.221674
https://sz.lianjia.com/apartment/10502.html,,,中民公寓 · 新生路店,"
中民公寓 · 新生路店

          1050元/月起

",,,,,"['https://image1.ljcdn.com/rent-user-avatar/7d0a5e9e-f30a-4e58-8dc1-649640064418.1150x.jpg', 'https://s1.ljcdn.com/matrix_lianjia_pc/dist/pc/src/resource/default/1150-450.png?_v=201906280941017d9', 'https://s1.ljcdn.com/matrix_lianjia_pc/dist/pc/src/resource/default/1150-450.png?_v=201906280941017d9']",,,,,,,,,,,,,[],22.746287,114.284838
https://sz.lianjia.com/apartment/8287.html,,,禧邻公寓 · 西湾店,"
禧邻公寓 · 西湾店

          950元/月起

",,,,,"['https://image1.ljcdn.com/rent-user-avatar/03f23764-6c3d-44dd-8c06-1e89cfc56b24.1150x.jpg', 'https://s1.ljcdn.com/matrix_lianjia_pc/dist/pc/src/resource/default/1150-450.png?_v=201906280941017d9', 'https://s1.ljcdn.com/matrix_lianjia_pc/dist/pc/src/resource/default/1150-450.png?_v=201906280941017d9', 'https://s1.ljcdn.com/matrix_lianjia_pc/dist/pc/src/resource/default/1150-450.png?_v=201906280941017d9', 'https://s1.ljcdn.com/matrix_lianjia_pc/dist/pc/src/resource/default/1150-450.png?_v=201906280941017d9', 'https://s1.ljcdn.com/matrix_lianjia_pc/dist/pc/src/resource/default/1150-450.png?_v=201906280941017d9', 'https://s1.ljcdn.com/matrix_lianjia_pc/dist/pc/src/resource/default/1150-450.png?_v=201906280941017d9', 'https://s1.ljcdn.com/matrix_lianjia_pc/dist/pc/src/resource/default/1150-450.png?_v=201906280941017d9', 'https://s1.ljcdn.com/matrix_lianjia_pc/dist/pc/src/resource/default/1150-450.png?_v=201906280941017d9', 'https://s1.ljcdn.com/matrix_lianjia_pc/dist/pc/src/resource/default/1150-450.png?_v=201906280941017d9']",,,,,,,,,,,,,[],22.595309,113.848905
https://sz.lianjia.com/apartment/4146.html,,,职业房东 · 塘上湾公寓,"
职业房东 · 塘上湾公寓

          600元/月起

",,,,,"['https://image1.ljcdn.com/rent-user-avatar/0b5fcbf5-df45-410a-909e-7234ba9ae7fe.1150x.jpg', 'https://s1.ljcdn.com/matrix_lianjia_pc/dist/pc/src/resource/default/1150-450.png?_v=201906280941017d9', 'https://s1.ljcdn.com/matrix_lianjia_pc/dist/pc/src/resource/default/1150-450.png?_v=201906280941017d9', 'https://s1.ljcdn.com/matrix_lianjia_pc/dist/pc/src/resource/default/1150-450.png?_v=201906280941017d9', 'https://s1.ljcdn.com/matrix_lianjia_pc/dist/pc/src/resource/default/1150-450.png?_v=201906280941017d9']",,,,,,,,,,,,,[],22.710588,114.316842
https://sz.lianjia.com/apartment/9563.html,,,职业房东 · 公寓,"
职业房东 · 公寓

          750元/月起

",,,,,"['https://image1.ljcdn.com/rent-user-avatar/857f5068-3ab5-4c40-89bc-f58ce97cac8f.1150x.jpg', 'https://s1.ljcdn.com/matrix_lianjia_pc/dist/pc/src/resource/default/1150-450.png?_v=201906280941017d9', 'https://s1.ljcdn.com/matrix_lianjia_pc/dist/pc/src/resource/default/1150-450.png?_v=201906280941017d9', 'https://s1.ljcdn.com/matrix_lianjia_pc/dist/pc/src/resource/default/1150-450.png?_v=201906280941017d9', 'https://s1.ljcdn.com/matrix_lianjia_pc/dist/pc/src/resource/default/1150-450.png?_v=201906280941017d9', 'https://s1.ljcdn.com/matrix_lianjia_pc/dist/pc/src/resource/default/1150-450.png?_v=201906280941017d9', 'https://s1.ljcdn.com/matrix_lianjia_pc/dist/pc/src/resource/default/1150-450.png?_v=201906280941017d9', 'https://s1.ljcdn.com/matrix_lianjia_pc/dist/pc/src/resource/default/1150-450.png?_v=201906280941017d9', 'https://s1.ljcdn.com/matrix_lianjia_pc/dist/pc/src/resource/default/1150-450.png?_v=201906280941017d9', 'https://s1.ljcdn.com/matrix_lianjia_pc/dist/pc/src/resource/default/1150-450.png?_v=201906280941017d9']",,,,,,,,,,,,,[],22.635518,114.164776
https://sz.lianjia.com/apartment/16772.html,,,职业房东 · 梦上公寓宝雅幼儿园店,"
职业房东 · 梦上公寓宝雅幼儿园店

          990元/月起

",,,,,['https://image1.ljcdn.com/rent-user-avatar/d72be9f5-436f-4507-aa2e-4ed4db08c593.1150x.jpg'],,,,,,,,,,,,,[],22.642249,114.071673
