房源地址,行政区,位置,标题,租金,租赁方式,户型,面积,朝向,图片列表,发布时间,入住时间,租期,看房时间,楼层,电梯,车位,用水,用电,燃气,采暖,标签,station,latitude,longtitude
https://sz.lianjia.com/apartment/12702.html,,,职业房东 · 布心,"
职业房东 · 布心

          3300元/月起

",,,,,"['https://image1.ljcdn.com/rent-user-avatar/ee29e024-b671-4a10-adc8-ad93d067c514.1150x.jpg', 'https://s1.ljcdn.com/matrix_lianjia_pc/dist/pc/src/resource/default/1150-450.png?_v=201906280941017d9', 'https://s1.ljcdn.com/matrix_lianjia_pc/dist/pc/src/resource/default/1150-450.png?_v=201906280941017d9', 'https://s1.ljcdn.com/matrix_lianjia_pc/dist/pc/src/resource/default/1150-450.png?_v=201906280941017d9']",,,,,,,,,,,,,[],22.586797,114.143529
https://sz.lianjia.com/apartment/3352.html,,,职业房东 · 多米公寓44栋,"
职业房东 · 多米公寓44栋

          3600元/月起

",,,,,['https://image1.ljcdn.com/rent-user-avatar/146d0f0e-1f77-40e8-beeb-cd7a52869f14.1150x.jpg'],,,,,,,,,,,,,[],22.532397,114.053823
https://sz.lianjia.com/apartment/12702.html,,,职业房东 · 布心,"
职业房东 · 布心

          3300元/月起

",,,,,"['https://image1.ljcdn.com/rent-user-avatar/ee29e024-b671-4a10-adc8-ad93d067c514.1150x.jpg', 'https://s1.ljcdn.com/matrix_lianjia_pc/dist/pc/src/resource/default/1150-450.png?_v=201906280941017d9', 'https://s1.ljcdn.com/matrix_lianjia_pc/dist/pc/src/resource/default/1150-450.png?_v=201906280941017d9', 'https://s1.ljcdn.com/matrix_lianjia_pc/dist/pc/src/resource/default/1150-450.png?_v=201906280941017d9']",,,,,,,,,,,,,[],22.586797,114.143529
https://sz.lianjia.com/apartment/17140.html,,,美居 · 二店,"
美居 · 二店

          1580元/月起

",,,,,['https://image1.ljcdn.com/rent-user-avatar/684f131b-419a-47e8-87cd-1e6215d0fe75.1150x.jpg'],,,,,,,,,,,,,[],22.602919,113.853546
https://sz.lianjia.com/apartment/15249.html,,,海韵公寓 · 南水店,"
海韵公寓 · 南水店

          3680元/月起

",,,,,"['https://image1.ljcdn.com/rent-user-avatar/8095b4b5-8788-4927-844b-c721103997a0.1150x.jpg', 'https://s1.ljcdn.com/matrix_lianjia_pc/dist/pc/src/resource/default/1150-450.png?_v=201906280941017d9', 'https://s1.ljcdn.com/matrix_lianjia_pc/dist/pc/src/resource/default/1150-450.png?_v=201906280941017d9', 'https://s1.ljcdn.com/matrix_lianjia_pc/dist/pc/src/resource/default/1150-450.png?_v=201906280941017d9']",,,,,,,,,,,,,[],22.494854,113.931289
https://sz.lianjia.com/apartment/15095.html,,,芝麻公寓 · 大剧院店,"
芝麻公寓 · 大剧院店

          4800元/月起

",,,,,"['https://image1.ljcdn.com/rent-user-avatar/4b933c9f-4c88-4cfa-8dff-b33b4f16e1ac.1150x.jpg', 'https://s1.ljcdn.com/matrix_lianjia_pc/dist/pc/src/resource/default/1150-450.png?_v=201906280941017d9']",,,,,,,,,,,,,[],22.552584,114.115895
https://sz.lianjia.com/zufang/SZ2270751559287840768.html,福田区,上步,整租·佳兆业中心 1室1厅 西,4500元/月 (月付价),整租,1室1厅1卫,40㎡,朝 西,"['https://image1.ljcdn.com/rent-user-avatar/9007bf0f-143e-45d4-b944-e6acca760f5f.780x439.jpg', 'https://s1.ljcdn.com/matrix_lianjia_pc/dist/pc/src/resource/default/780-439.png?_v=201906280941017d9', 'https://s1.ljcdn.com/matrix_lianjia_pc/dist/pc/src/resource/default/780-439.png?_v=201906280941017d9', 'https://s1.ljcdn.com/matrix_lianjia_pc/dist/pc/src/resource/default/780-439.png?_v=201906280941017d9', 'https://s1.ljcdn.com/matrix_lianjia_pc/dist/pc/src/resource/default/780-439.png?_v=201906280941017d9']",26天前,随时入住,1年,需提前预约,12/29层,有,暂无数据,民水,民电,有,暂无数据,"['公寓', '近地铁', '精装']","['1号线(罗宝线) - 科学馆', '352m', '2号线(蛇口线) - 燕南', '909m', '9号线 - 红岭南', '939m', '7号线 - 华强南', '1085m', '3号线(龙岗线) - 通新岭', '1161m']",22.545851,114.103355
https://sz.lianjia.com/zufang/SZ2272944918563930112.html,福田区,上步,整租·佳兆业中心 1室0厅 西,4300元/月 (月付价),整租,1室0厅1卫,40㎡,朝西,"['https://image1.ljcdn.com/rent-user-avatar/85896f37-4d2a-4d6c-929f-2924627787c2.780x439.jpg', 'https://s1.ljcdn.com/matrix_lianjia_pc/dist/pc/src/resource/default/780-439.png?_v=201906280941017d9', 'https://s1.ljcdn.com/matrix_lianjia_pc/dist/pc/src/resource/default/780-439.png?_v=201906280941017d9', 'https://s1.ljcdn.com/matrix_lianjia_pc/dist/pc/src/resource/default/780-439.png?_v=201906280941017d9', 'https://s1.ljcdn.com/matrix_lianjia_pc/dist/pc/src/resource/default/780-439.png?_v=201906280941017d9', 'https://s1.ljcdn.com/matrix_lianjia_pc/dist/pc/src/resource/default/780-439.png?_v=201906280941017d9']",23天前,随时入住,1年,随时可看,9/29层,有,租用车位,民水,民电,有,暂无数据,"['公寓', '近地铁', '精装', '随时看房']","['1号线(罗宝线) - 科学馆', '352m', '2号线(蛇口线) - 燕南', '909m', '9号线 - 红岭南', '939m', '7号线 - 华强南', '1085m', '3号线(龙岗线) - 通新岭', '1161m']",22.545851,114.103355
https://sz.lianjia.com/zufang/SZ2259318703273549824.html,宝安区,曦城,整租·润科华府 3室2厅 东/东南/南/西南/西,4500元/月 (月付价),整租,3室2厅2卫,89㎡,朝东 东南 南 西南 西,"['https://image1.ljcdn.com/rent-user-avatar/23157ca7-eef8-4b89-a6f3-f19ad7837130.780x439.jpg', 'https://s1.ljcdn.com/matrix_lianjia_pc/dist/pc/src/resource/default/780-439.png?_v=201906280941017d9', 'https://s1.ljcdn.com/matrix_lianjia_pc/dist/pc/src/resource/default/780-439.png?_v=201906280941017d9', 'https://s1.ljcdn.com/matrix_lianjia_pc/dist/pc/src/resource/default/780-439.png?_v=201906280941017d9', 'https://s1.ljcdn.com/matrix_lianjia_pc/dist/pc/src/resource/default/780-439.png?_v=201906280941017d9']",1个月前,随时入住,6个月以上,随时可看,19/30层,暂无数据,暂无数据,民水,民电,暂无数据,暂无数据,"['公寓', '月租', '精装', '双卫生间', '随时看房']",[],22.632085,113.869
https://sz.lianjia.com/apartment/15249.html,,,海韵公寓 · 南水店,"
海韵公寓 · 南水店

          3680元/月起

",,,,,"['https://image1.ljcdn.com/rent-user-avatar/8095b4b5-8788-4927-844b-c721103997a0.1150x.jpg', 'https://s1.ljcdn.com/matrix_lianjia_pc/dist/pc/src/resource/default/1150-450.png?_v=201906280941017d9', 'https://s1.ljcdn.com/matrix_lianjia_pc/dist/pc/src/resource/default/1150-450.png?_v=201906280941017d9', 'https://s1.ljcdn.com/matrix_lianjia_pc/dist/pc/src/resource/default/1150-450.png?_v=201906280941017d9']",,,,,,,,,,,,,[],22.494854,113.931289
https://sz.lianjia.com/apartment/15653.html,,,张优公寓 · 石厦A店,"
张优公寓 · 石厦A店

          2590元/月起

",,,,,['https://image1.ljcdn.com/rent-user-avatar/7e3eea65-acfc-4880-90ab-a6d43e06149c.1150x.jpg'],,,,,,,,,,,,,[],22.526438,114.057101
https://sz.lianjia.com/apartment/8884.html,,,瑞鑫家园青年社区 · 宝安店,"
瑞鑫家园青年社区 · 宝安店

          1300元/月起

",,,,,"['https://image1.ljcdn.com/rent-user-avatar/4766dc44-fa45-4b84-88db-2d1c04654e0c.1150x.jpg', 'https://s1.ljcdn.com/matrix_lianjia_pc/dist/pc/src/resource/default/1150-450.png?_v=201906280941017d9', 'https://s1.ljcdn.com/matrix_lianjia_pc/dist/pc/src/resource/default/1150-450.png?_v=201906280941017d9', 'https://s1.ljcdn.com/matrix_lianjia_pc/dist/pc/src/resource/default/1150-450.png?_v=201906280941017d9', 'https://s1.ljcdn.com/matrix_lianjia_pc/dist/pc/src/resource/default/1150-450.png?_v=201906280941017d9', 'https://s1.ljcdn.com/matrix_lianjia_pc/dist/pc/src/resource/default/1150-450.png?_v=201906280941017d9', 'https://s1.ljcdn.com/matrix_lianjia_pc/dist/pc/src/resource/default/1150-450.png?_v=201906280941017d9', 'https://s1.ljcdn.com/matrix_lianjia_pc/dist/pc/src/resource/default/1150-450.png?_v=201906280941017d9', 'https://s1.ljcdn.com/matrix_lianjia_pc/dist/pc/src/resource/default/1150-450.png?_v=201906280941017d9', 'https://s1.ljcdn.com/matrix_lianjia_pc/dist/pc/src/resource/default/1150-450.png?_v=201906280941017d9', 'https://s1.ljcdn.com/matrix_lianjia_pc/dist/pc/src/resource/default/1150-450.png?_v=201906280941017d9', 'https://s1.ljcdn.com/matrix_lianjia_pc/dist/pc/src/resource/default/1150-450.png?_v=201906280941017d9']",,,,,,,,,,,,,[],22.586375,113.891323
https://sz.lianjia.com/zufang/SZ2231616097432911872.html,罗湖区,地王,整租·西湖大厦 1室1厅 LOFT 西,3500元/月 (月付价),整租,1室1厅1卫,30㎡,朝 西,"['https://image1.ljcdn.com/rent-user-avatar/12ca2869-cb5d-4dc2-b9ba-b5d23bedab32.780x439.jpg', 'https://s1.ljcdn.com/matrix_lianjia_pc/dist/pc/src/resource/default/780-439.png?_v=201906280941017d9', 'https://s1.ljcdn.com/matrix_lianjia_pc/dist/pc/src/resource/default/780-439.png?_v=201906280941017d9', 'https://s1.ljcdn.com/matrix_lianjia_pc/dist/pc/src/resource/default/780-439.png?_v=201906280941017d9', 'https://s1.ljcdn.com/matrix_lianjia_pc/dist/pc/src/resource/default/780-439.png?_v=201906280941017d9', 'https://s1.ljcdn.com/matrix_lianjia_pc/dist/pc/src/resource/default/780-439.png?_v=201906280941017d9', 'https://s1.ljcdn.com/matrix_lianjia_pc/dist/pc/src/resource/default/780-439.png?_v=201906280941017d9', 'https://s1.ljcdn.com/matrix_lianjia_pc/dist/pc/src/resource/default/780-439.png?_v=201906280941017d9', 'https://s1.ljcdn.com/matrix_lianjia_pc/dist/pc/src/resource/default/780-439.png?_v=201906280941017d9', 'https://s1.ljcdn.com/matrix_lianjia_pc/dist/pc/src/resource/default/780-439.png?_v=201906280941017d9']",2个月前,随时入住,1个月以上,随时可看,14/14层,暂无数据,租用车位,暂无数据,暂无数据,暂无数据,暂无数据,"['公寓', '月租', '近地铁', '押一付一', '随时看房']","['9号线 - 园岭', '603m', '7号线 - 笋岗', '964m', '3号线(龙岗线),9号线 - 红岭', '1001m', '7号线,9号线 - 红岭北', '1188m']",22.561194334482,114.11591308846
https://sz.lianjia.com/zufang/SZ2276875114949910528.html,罗湖区,螺岭,整租·东门168 1室0厅 西,3090元/月 (月付价),整租,1室0厅1卫,21㎡,朝 西,"['https://image1.ljcdn.com/rent-user-avatar/1e68cf20-712a-47b7-bd22-aba8b08370d5.780x439.jpg', 'https://s1.ljcdn.com/matrix_lianjia_pc/dist/pc/src/resource/default/780-439.png?_v=201906280941017d9', 'https://s1.ljcdn.com/matrix_lianjia_pc/dist/pc/src/resource/default/780-439.png?_v=201906280941017d9', 'https://s1.ljcdn.com/matrix_lianjia_pc/dist/pc/src/resource/default/780-439.png?_v=201906280941017d9', 'https://s1.ljcdn.com/matrix_lianjia_pc/dist/pc/src/resource/default/780-439.png?_v=201906280941017d9']",18天前,随时入住,1~2年,随时可看,15/29层,有,暂无数据,民水,民电,有,暂无数据,"['近地铁', '精装', '押一付一', '随时看房']","['3号线(龙岗线) - 晒布', '533m', '2号线(蛇口线) - 湖贝', '797m', '3号线(龙岗线) - 翠竹', '928m', '9号线 - 文锦', '1124m']",22.555890141396,114.13410931444
https://sz.lianjia.com/zufang/SZ2282568401635516416.html,福田区,上步,整租·佳兆业中心 1室1厅 西,4300元/月 (月付价),整租,1室1厅1卫,37㎡,朝 西,"['https://image1.ljcdn.com/rent-user-avatar/3bfb7278-d287-4c66-b5ac-70e6876a865c.780x439.jpg', 'https://s1.ljcdn.com/matrix_lianjia_pc/dist/pc/src/resource/default/780-439.png?_v=201906280941017d9', 'https://s1.ljcdn.com/matrix_lianjia_pc/dist/pc/src/resource/default/780-439.png?_v=201906280941017d9', 'https://s1.ljcdn.com/matrix_lianjia_pc/dist/pc/src/resource/default/780-439.png?_v=201906280941017d9', 'https://s1.ljcdn.com/matrix_lianjia_pc/dist/pc/src/resource/default/780-439.png?_v=201906280941017d9']",10天前,随时入住,1年,随时可看,11/29层,有,暂无数据,民水,民电,有,暂无数据,"['公寓', '近地铁', '精装', '随时看房']","['1号线(罗宝线) - 科学馆', '352m', '2号线(蛇口线) - 燕南', '909m', '9号线 - 红岭南', '939m', '7号线 - 华强南', '1085m', '3号线(龙岗线) - 通新岭', '1161m']",22.545851,114.103355
https://sz.lianjia.com/apartment/13440.html,,,深圳客邨公寓 · 洪浪北店 B店,"
深圳客邨公寓 · 洪浪北店 B店

          4200元/月起

",,,,,['https://image1.ljcdn.com/rent-user-avatar/399a2444-c1dd-4753-9688-e2575dbd8116.1150x.jpg'],,,,,,,,,,,,,[],22.585807,113.914625
https://sz.lianjia.com/apartment/15653.html,,,张优公寓 · 石厦A店,"
张优公寓 · 石厦A店

          2590元/月起

",,,,,['https://image1.ljcdn.com/rent-user-avatar/7e3eea65-acfc-4880-90ab-a6d43e06149c.1150x.jpg'],,,,,,,,,,,,,[],22.526438,114.057101
https://sz.lianjia.com/apartment/12391.html,,,天空之城公寓 · 西乡九围店,"
天空之城公寓 · 西乡九围店

          4200元/月起

",,,,,['https://image1.ljcdn.com/rent-user-avatar/42d89256-893a-4468-a7d5-8132b8b67e89.1150x.jpg'],,,,,,,,,,,,,[],22.659461,113.870176
https://sz.lianjia.com/zufang/SZ2268106133983985664.html,龙岗区,龙岗中心城,整租·万科天誉二期 2室2厅 东/东南/南/西南/西,4000元/月 (月付价),整租,2室2厅2卫,66㎡,朝东 东南 南 西南 西,"['https://image1.ljcdn.com/rent-user-avatar/0d7737ce-9f57-4f42-80cd-abf3b03f1364.780x439.jpg', 'https://s1.ljcdn.com/matrix_lianjia_pc/dist/pc/src/resource/default/780-439.png?_v=201906280941017d9', 'https://s1.ljcdn.com/matrix_lianjia_pc/dist/pc/src/resource/default/780-439.png?_v=201906280941017d9', 'https://s1.ljcdn.com/matrix_lianjia_pc/dist/pc/src/resource/default/780-439.png?_v=201906280941017d9', 'https://s1.ljcdn.com/matrix_lianjia_pc/dist/pc/src/resource/default/780-439.png?_v=201906280941017d9', 'https://s1.ljcdn.com/matrix_lianjia_pc/dist/pc/src/resource/default/780-439.png?_v=201906280941017d9', 'https://s1.ljcdn.com/matrix_lianjia_pc/dist/pc/src/resource/default/780-439.png?_v=201906280941017d9', 'https://s1.ljcdn.com/matrix_lianjia_pc/dist/pc/src/resource/default/780-439.png?_v=201906280941017d9', 'https://s1.ljcdn.com/matrix_lianjia_pc/dist/pc/src/resource/default/780-439.png?_v=201906280941017d9', 'https://s1.ljcdn.com/matrix_lianjia_pc/dist/pc/src/resource/default/780-439.png?_v=201906280941017d9', 'https://s1.ljcdn.com/matrix_lianjia_pc/dist/pc/src/resource/default/780-439.png?_v=201906280941017d9', 'https://s1.ljcdn.com/matrix_lianjia_pc/dist/pc/src/resource/default/780-439.png?_v=201906280941017d9', 'https://s1.ljcdn.com/matrix_lianjia_pc/dist/pc/src/resource/default/780-439.png?_v=201906280941017d9']",1个月前,随时入住,1年,随时可看,10/33层,有,暂无数据,暂无数据,暂无数据,有,暂无数据,"['公寓', '近地铁', '精装', '双卫生间', '随时看房']","['3号线(龙岗线) - 吉祥', '537m', '3号线(龙岗线) - 龙城广场', '1124m']",22.717501,114.251789
https://sz.lianjia.com/apartment/6441.html,,,深圳易居公寓 · 深圳易居公寓,"
深圳易居公寓 · 深圳易居公寓

          1800元/月起

",,,,,"['https://image1.ljcdn.com/rent-user-avatar/5eb51afd-cc53-4b06-92f8-f600a7abee41.1150x.jpg', 'https://s1.ljcdn.com/matrix_lianjia_pc/dist/pc/src/resource/default/1150-450.png?_v=201906280941017d9', 'https://s1.ljcdn.com/matrix_lianjia_pc/dist/pc/src/resource/default/1150-450.png?_v=201906280941017d9', 'https://s1.ljcdn.com/matrix_lianjia_pc/dist/pc/src/resource/default/1150-450.png?_v=201906280941017d9', 'https://s1.ljcdn.com/matrix_lianjia_pc/dist/pc/src/resource/default/1150-450.png?_v=201906280941017d9', 'https://s1.ljcdn.com/matrix_lianjia_pc/dist/pc/src/resource/default/1150-450.png?_v=201906280941017d9', 'https://s1.ljcdn.com/matrix_lianjia_pc/dist/pc/src/resource/default/1150-450.png?_v=201906280941017d9']",,,,,,,,,,,,,[],22.626968,114.049601
https://sz.lianjia.com/apartment/8884.html,,,瑞鑫家园青年社区 · 宝安店,"
瑞鑫家园青年社区 · 宝安店

          1300元/月起

",,,,,"['https://image1.ljcdn.com/rent-user-avatar/4766dc44-fa45-4b84-88db-2d1c04654e0c.1150x.jpg', 'https://s1.ljcdn.com/matrix_lianjia_pc/dist/pc/src/resource/default/1150-450.png?_v=201906280941017d9', 'https://s1.ljcdn.com/matrix_lianjia_pc/dist/pc/src/resource/default/1150-450.png?_v=201906280941017d9', 'https://s1.ljcdn.com/matrix_lianjia_pc/dist/pc/src/resource/default/1150-450.png?_v=201906280941017d9', 'https://s1.ljcdn.com/matrix_lianjia_pc/dist/pc/src/resource/default/1150-450.png?_v=201906280941017d9', 'https://s1.ljcdn.com/matrix_lianjia_pc/dist/pc/src/resource/default/1150-450.png?_v=201906280941017d9', 'https://s1.ljcdn.com/matrix_lianjia_pc/dist/pc/src/resource/default/1150-450.png?_v=201906280941017d9', 'https://s1.ljcdn.com/matrix_lianjia_pc/dist/pc/src/resource/default/1150-450.png?_v=201906280941017d9', 'https://s1.ljcdn.com/matrix_lianjia_pc/dist/pc/src/resource/default/1150-450.png?_v=201906280941017d9', 'https://s1.ljcdn.com/matrix_lianjia_pc/dist/pc/src/resource/default/1150-450.png?_v=201906280941017d9', 'https://s1.ljcdn.com/matrix_lianjia_pc/dist/pc/src/resource/default/1150-450.png?_v=201906280941017d9', 'https://s1.ljcdn.com/matrix_lianjia_pc/dist/pc/src/resource/default/1150-450.png?_v=201906280941017d9']",,,,,,,,,,,,,[],22.586375,113.891323
https://sz.lianjia.com/zufang/SZ2249864831203557376.html,龙岗区,龙岗中心城,整租·金地龙城中央二期 2室1厅 东/东南/南/西南/西,3700元/月 (月付价),整租,2室1厅1卫,69㎡,朝东 东南 南 西南 西,"['https://image1.ljcdn.com/rent-user-avatar/0b117247-0651-4663-82f3-62b6f7cf8afa.780x439.jpg', 'https://s1.ljcdn.com/matrix_lianjia_pc/dist/pc/src/resource/default/780-439.png?_v=201906280941017d9', 'https://s1.ljcdn.com/matrix_lianjia_pc/dist/pc/src/resource/default/780-439.png?_v=201906280941017d9', 'https://s1.ljcdn.com/matrix_lianjia_pc/dist/pc/src/resource/default/780-439.png?_v=201906280941017d9', 'https://s1.ljcdn.com/matrix_lianjia_pc/dist/pc/src/resource/default/780-439.png?_v=201906280941017d9', 'https://s1.ljcdn.com/matrix_lianjia_pc/dist/pc/src/resource/default/780-439.png?_v=201906280941017d9', 'https://s1.ljcdn.com/matrix_lianjia_pc/dist/pc/src/resource/default/780-439.png?_v=201906280941017d9', 'https://s1.ljcdn.com/matrix_lianjia_pc/dist/pc/src/resource/default/780-439.png?_v=201906280941017d9', 'https://s1.ljcdn.com/matrix_lianjia_pc/dist/pc/src/resource/default/780-439.png?_v=201906280941017d9']",1个月前,随时入住,1年,随时可看,32/41层,有,暂无数据,商水,商电,有,暂无数据,"['公寓', '近地铁', '精装', '随时看房']","['3号线(龙岗线) - 龙城广场', '559m', '3号线(龙岗线) - 吉祥', '904m']",22.719084,114.258273
https://sz.lianjia.com/zufang/SZ2245601260612878336.html,龙岗区,龙岗中心城,整租·万科时代广场 2室1厅 东/东南/南/西南/西,4000元/月 (月付价),整租,2室1厅1卫,68㎡,朝东 东南 南 西南 西,"['https://image1.ljcdn.com/rent-user-avatar/0d6b0422-97ba-474c-97e4-022ba66d71d1.780x439.jpg', 'https://s1.ljcdn.com/matrix_lianjia_pc/dist/pc/src/resource/default/780-439.png?_v=201906280941017d9', 'https://s1.ljcdn.com/matrix_lianjia_pc/dist/pc/src/resource/default/780-439.png?_v=201906280941017d9', 'https://s1.ljcdn.com/matrix_lianjia_pc/dist/pc/src/resource/default/780-439.png?_v=201906280941017d9', 'https://s1.ljcdn.com/matrix_lianjia_pc/dist/pc/src/resource/default/780-439.png?_v=201906280941017d9']",2个月前,随时入住,1年,需提前预约,44/46层,暂无数据,暂无数据,商水,商电,有,暂无数据,"['公寓', '近地铁', '精装']","['3号线(龙岗线) - 龙城广场', '1085m', '3号线(龙岗线) - 吉祥', '1147m']",22.723471,114.252572
https://sz.lianjia.com/zufang/SZ2264248907649794048.html,龙岗区,龙岗中心城,整租·金地龙城中央二期 3室1厅 东/西,4000元/月 (月付价),整租,3室1厅1卫,89㎡,朝东 西,"['https://image1.ljcdn.com/rent-user-avatar/04a26350-7b7b-40ba-b744-4a0cebb71d5e.780x439.jpg', 'https://s1.ljcdn.com/matrix_lianjia_pc/dist/pc/src/resource/default/780-439.png?_v=201906280941017d9', 'https://s1.ljcdn.com/matrix_lianjia_pc/dist/pc/src/resource/default/780-439.png?_v=201906280941017d9', 'https://s1.ljcdn.com/matrix_lianjia_pc/dist/pc/src/resource/default/780-439.png?_v=201906280941017d9', 'https://s1.ljcdn.com/matrix_lianjia_pc/dist/pc/src/resource/default/780-439.png?_v=201906280941017d9', 'https://s1.ljcdn.com/matrix_lianjia_pc/dist/pc/src/resource/default/780-439.png?_v=201906280941017d9', 'https://s1.ljcdn.com/matrix_lianjia_pc/dist/pc/src/resource/default/780-439.png?_v=201906280941017d9', 'https://s1.ljcdn.com/matrix_lianjia_pc/dist/pc/src/resource/default/780-439.png?_v=201906280941017d9']",1个月前,随时入住,1年以上,随时可看,4/33层,暂无数据,暂无数据,民水,民电,有,暂无数据,"['近地铁', '精装', '随时看房']","['3号线(龙岗线) - 龙城广场', '559m', '3号线(龙岗线) - 吉祥', '904m']",22.719084,114.258273
https://sz.lianjia.com/zufang/SZ2272244647751319552.html,龙岗区,龙岗中心城,整租·万科时代广场 2室1厅 东/东南/南/西南/西,4000元/月 (月付价),整租,2室1厅1卫,67㎡,朝东 东南 南 西南 西,"['https://image1.ljcdn.com/rent-user-avatar/2e46b670-498e-42bb-9ab5-20907dcde8e5.780x439.jpg', 'https://s1.ljcdn.com/matrix_lianjia_pc/dist/pc/src/resource/default/780-439.png?_v=201906280941017d9', 'https://s1.ljcdn.com/matrix_lianjia_pc/dist/pc/src/resource/default/780-439.png?_v=201906280941017d9', 'https://s1.ljcdn.com/matrix_lianjia_pc/dist/pc/src/resource/default/780-439.png?_v=201906280941017d9', 'https://s1.ljcdn.com/matrix_lianjia_pc/dist/pc/src/resource/default/780-439.png?_v=201906280941017d9', 'https://s1.ljcdn.com/matrix_lianjia_pc/dist/pc/src/resource/default/780-439.png?_v=201906280941017d9', 'https://s1.ljcdn.com/matrix_lianjia_pc/dist/pc/src/resource/default/780-439.png?_v=201906280941017d9']",24天前,随时入住,1年,随时可看,24/46层,暂无数据,暂无数据,商水,商电,有,暂无数据,"['公寓', '近地铁', '精装', '随时看房']","['3号线(龙岗线) - 龙城广场', '1085m', '3号线(龙岗线) - 吉祥', '1147m']",22.723471,114.252572
https://sz.lianjia.com/zufang/SZ2268108030581686272.html,龙岗区,龙岗中心城,整租·万科天誉二期 3室2厅 东/东南/南/西南/西,5000元/月 (月付价),整租,3室2厅2卫,86㎡,朝东 东南 南 西南 西,"['https://image1.ljcdn.com/rent-user-avatar/04e4edf4-8a6b-4fee-a4e1-b82b4378a1b3.780x439.jpg', 'https://s1.ljcdn.com/matrix_lianjia_pc/dist/pc/src/resource/default/780-439.png?_v=201906280941017d9', 'https://s1.ljcdn.com/matrix_lianjia_pc/dist/pc/src/resource/default/780-439.png?_v=201906280941017d9', 'https://s1.ljcdn.com/matrix_lianjia_pc/dist/pc/src/resource/default/780-439.png?_v=201906280941017d9', 'https://s1.ljcdn.com/matrix_lianjia_pc/dist/pc/src/resource/default/780-439.png?_v=201906280941017d9', 'https://s1.ljcdn.com/matrix_lianjia_pc/dist/pc/src/resource/default/780-439.png?_v=201906280941017d9', 'https://s1.ljcdn.com/matrix_lianjia_pc/dist/pc/src/resource/default/780-439.png?_v=201906280941017d9', 'https://s1.ljcdn.com/matrix_lianjia_pc/dist/pc/src/resource/default/780-439.png?_v=201906280941017d9', 'https://s1.ljcdn.com/matrix_lianjia_pc/dist/pc/src/resource/default/780-439.png?_v=201906280941017d9', 'https://s1.ljcdn.com/matrix_lianjia_pc/dist/pc/src/resource/default/780-439.png?_v=201906280941017d9', 'https://s1.ljcdn.com/matrix_lianjia_pc/dist/pc/src/resource/default/780-439.png?_v=201906280941017d9', 'https://s1.ljcdn.com/matrix_lianjia_pc/dist/pc/src/resource/default/780-439.png?_v=201906280941017d9', 'https://s1.ljcdn.com/matrix_lianjia_pc/dist/pc/src/resource/default/780-439.png?_v=201906280941017d9']",1个月前,随时入住,1年,随时可看,10/33层,有,暂无数据,暂无数据,暂无数据,有,暂无数据,"['公寓', '近地铁', '精装', '双卫生间', '随时看房']","['3号线(龙岗线) - 吉祥', '537m', '3号线(龙岗线) - 龙城广场', '1124m']",22.717501,114.251789
https://sz.lianjia.com/zufang/SZ2281725740275998720.html,福田区,皇岗,合租·银庄大厦 5居室 西卧,3090元/月 (月付价),合租,5室1厅2卫,15㎡,朝西,"['https://image1.ljcdn.com/rent-user-avatar/4a4ed4e9-ed88-4f45-9e5d-18f477b0bfdc.780x439.jpg', 'https://s1.ljcdn.com/matrix_lianjia_pc/dist/pc/src/resource/default/780-439.png?_v=201906280941017d9', 'https://s1.ljcdn.com/matrix_lianjia_pc/dist/pc/src/resource/default/780-439.png?_v=201906280941017d9', 'https://s1.ljcdn.com/matrix_lianjia_pc/dist/pc/src/resource/default/780-439.png?_v=201906280941017d9', 'https://s1.ljcdn.com/matrix_lianjia_pc/dist/pc/src/resource/default/780-439.png?_v=201906280941017d9']",11天前,随时入住,1年,随时可看,12/32层,有,暂无数据,民水,民电,有,暂无数据,"['近地铁', '精装', '押一付一', '随时看房']","['4号线(龙华线),7号线 - 福民', '75m', '7号线 - 皇岗村', '711m', '4号线(龙华线) - 福田口岸', '816m', '3号线(龙岗线),7号线 - 石厦', '1178m']",22.527259278147,114.07109516128
https://sz.lianjia.com/zufang/SZ2230916097421885440.html,龙岗区,龙岗中心城,整租·万科时代广场 2室1厅 东/东南/南/西南/西,4000元/月 (月付价),整租,2室1厅1卫,66㎡,朝东 东南 南 西南 西,"['https://image1.ljcdn.com/rent-user-avatar/010a455d-f84d-4e95-ae0f-82a348c7c8b8.780x439.jpg', 'https://s1.ljcdn.com/matrix_lianjia_pc/dist/pc/src/resource/default/780-439.png?_v=201906280941017d9', 'https://s1.ljcdn.com/matrix_lianjia_pc/dist/pc/src/resource/default/780-439.png?_v=201906280941017d9', 'https://s1.ljcdn.com/matrix_lianjia_pc/dist/pc/src/resource/default/780-439.png?_v=201906280941017d9', 'https://s1.ljcdn.com/matrix_lianjia_pc/dist/pc/src/resource/default/780-439.png?_v=201906280941017d9', 'https://s1.ljcdn.com/matrix_lianjia_pc/dist/pc/src/resource/default/780-439.png?_v=201906280941017d9', 'https://s1.ljcdn.com/matrix_lianjia_pc/dist/pc/src/resource/default/780-439.png?_v=201906280941017d9', 'https://s1.ljcdn.com/matrix_lianjia_pc/dist/pc/src/resource/default/780-439.png?_v=201906280941017d9', 'https://s1.ljcdn.com/matrix_lianjia_pc/dist/pc/src/resource/default/780-439.png?_v=201906280941017d9']",2个月前,随时入住,1年,需提前预约,28/46层,有,暂无数据,商水,商电,有,暂无数据,"['公寓', '近地铁', '精装']","['3号线(龙岗线) - 龙城广场', '1085m', '3号线(龙岗线) - 吉祥', '1147m']",22.723471,114.252572
https://sz.lianjia.com/zufang/SZ2268104960074334208.html,龙岗区,龙岗中心城,整租·万科天誉二期 2室2厅 东/东南/南/西南/西,4000元/月 (月付价),整租,2室2厅2卫,66㎡,朝东 东南 南 西南 西,"['https://image1.ljcdn.com/rent-user-avatar/1febe1f2-39a3-4f52-a1f7-2a41e9dc6968.780x439.jpg', 'https://s1.ljcdn.com/matrix_lianjia_pc/dist/pc/src/resource/default/780-439.png?_v=201906280941017d9', 'https://s1.ljcdn.com/matrix_lianjia_pc/dist/pc/src/resource/default/780-439.png?_v=201906280941017d9', 'https://s1.ljcdn.com/matrix_lianjia_pc/dist/pc/src/resource/default/780-439.png?_v=201906280941017d9', 'https://s1.ljcdn.com/matrix_lianjia_pc/dist/pc/src/resource/default/780-439.png?_v=201906280941017d9', 'https://s1.ljcdn.com/matrix_lianjia_pc/dist/pc/src/resource/default/780-439.png?_v=201906280941017d9', 'https://s1.ljcdn.com/matrix_lianjia_pc/dist/pc/src/resource/default/780-439.png?_v=201906280941017d9', 'https://s1.ljcdn.com/matrix_lianjia_pc/dist/pc/src/resource/default/780-439.png?_v=201906280941017d9', 'https://s1.ljcdn.com/matrix_lianjia_pc/dist/pc/src/resource/default/780-439.png?_v=201906280941017d9', 'https://s1.ljcdn.com/matrix_lianjia_pc/dist/pc/src/resource/default/780-439.png?_v=201906280941017d9', 'https://s1.ljcdn.com/matrix_lianjia_pc/dist/pc/src/resource/default/780-439.png?_v=201906280941017d9', 'https://s1.ljcdn.com/matrix_lianjia_pc/dist/pc/src/resource/default/780-439.png?_v=201906280941017d9']",1个月前,随时入住,1年,随时可看,26/33层,有,暂无数据,暂无数据,暂无数据,有,暂无数据,"['公寓', '近地铁', '精装', '双卫生间', '随时看房']","['3号线(龙岗线) - 吉祥', '537m', '3号线(龙岗线) - 龙城广场', '1124m']",22.717501,114.251789
https://sz.lianjia.com/zufang/SZ2268107039660318720.html,龙岗区,龙岗中心城,整租·万科天誉二期 2室2厅 东/东南/南/西南/西,4000元/月 (月付价),整租,2室2厅2卫,66㎡,朝东 东南 南 西南 西,"['https://image1.ljcdn.com/rent-user-avatar/0ea22c83-abb6-4149-8c52-6a65de6d57ff.780x439.jpg', 'https://s1.ljcdn.com/matrix_lianjia_pc/dist/pc/src/resource/default/780-439.png?_v=201906280941017d9', 'https://s1.ljcdn.com/matrix_lianjia_pc/dist/pc/src/resource/default/780-439.png?_v=201906280941017d9', 'https://s1.ljcdn.com/matrix_lianjia_pc/dist/pc/src/resource/default/780-439.png?_v=201906280941017d9', 'https://s1.ljcdn.com/matrix_lianjia_pc/dist/pc/src/resource/default/780-439.png?_v=201906280941017d9', 'https://s1.ljcdn.com/matrix_lianjia_pc/dist/pc/src/resource/default/780-439.png?_v=201906280941017d9', 'https://s1.ljcdn.com/matrix_lianjia_pc/dist/pc/src/resource/default/780-439.png?_v=201906280941017d9', 'https://s1.ljcdn.com/matrix_lianjia_pc/dist/pc/src/resource/default/780-439.png?_v=201906280941017d9', 'https://s1.ljcdn.com/matrix_lianjia_pc/dist/pc/src/resource/default/780-439.png?_v=201906280941017d9', 'https://s1.ljcdn.com/matrix_lianjia_pc/dist/pc/src/resource/default/780-439.png?_v=201906280941017d9']",1个月前,随时入住,1年,随时可看,10/33层,有,暂无数据,暂无数据,暂无数据,有,暂无数据,"['公寓', '近地铁', '精装', '双卫生间', '随时看房']","['3号线(龙岗线) - 吉祥', '537m', '3号线(龙岗线) - 龙城广场', '1124m']",22.717501,114.251789
