房源地址,行政区,位置,标题,租金,租赁方式,户型,面积,朝向,图片列表,发布时间,入住时间,租期,看房时间,楼层,电梯,车位,用水,用电,燃气,采暖,标签,station,latitude,longtitude
https://sz.lianjia.com/zufang/SZ2266623221656715264.html,南山区,深圳湾,整租·卓越维港北区 4室2厅 西南/东北,24500元/月 (季付价),整租,4室2厅2卫,147㎡,朝西南 东北,"['https://image1.ljcdn.com/rent-user-avatar/7b13d4fd-220c-4d53-bab8-e2f4a8610e6e.780x439.jpg', 'https://s1.ljcdn.com/matrix_lianjia_pc/dist/pc/src/resource/default/780-439.png?_v=2019062712185388b', 'https://s1.ljcdn.com/matrix_lianjia_pc/dist/pc/src/resource/default/780-439.png?_v=2019062712185388b', 'https://s1.ljcdn.com/matrix_lianjia_pc/dist/pc/src/resource/default/780-439.png?_v=2019062712185388b', 'https://s1.ljcdn.com/matrix_lianjia_pc/dist/pc/src/resource/default/780-439.png?_v=2019062712185388b', 'https://s1.ljcdn.com/matrix_lianjia_pc/dist/pc/src/resource/default/780-439.png?_v=2019062712185388b', 'https://s1.ljcdn.com/matrix_lianjia_pc/dist/pc/src/resource/default/780-439.png?_v=2019062712185388b', 'https://s1.ljcdn.com/matrix_lianjia_pc/dist/pc/src/resource/default/780-439.png?_v=2019062712185388b', 'https://s1.ljcdn.com/matrix_lianjia_pc/dist/pc/src/resource/default/780-439.png?_v=2019062712185388b', 'https://s1.ljcdn.com/matrix_lianjia_pc/dist/pc/src/resource/default/780-439.png?_v=2019062712185388b']",1个月前,随时入住,1~24个月,随时可看,12/23层,暂无数据,暂无数据,暂无数据,暂无数据,暂无数据,暂无数据,"['月租', '近地铁', '精装', '双卫生间', '随时看房']","['2号线(蛇口线) - 海月', '568m', '2号线(蛇口线) - 湾厦', '600m']",22.503649,113.94747
https://sz.lianjia.com/zufang/SZ2279013856502358016.html,罗湖区,百仕达,百仕达乐湖 3室2厅 东北,16800元/月 ,租赁方式未知,3室2厅2卫,121㎡,朝东北,"['https://image1.ljcdn.com/440300-inspection/619661be-bf3e-4374-95e6-515ef6cefcac.jpg.780x439.jpg', 'https://s1.ljcdn.com/matrix_lianjia_pc/dist/pc/src/resource/default/780-439.png?_v=2019062712185388b', 'https://s1.ljcdn.com/matrix_lianjia_pc/dist/pc/src/resource/default/780-439.png?_v=2019062712185388b', 'https://s1.ljcdn.com/matrix_lianjia_pc/dist/pc/src/resource/default/780-439.png?_v=2019062712185388b', 'https://s1.ljcdn.com/matrix_lianjia_pc/dist/pc/src/resource/default/780-439.png?_v=2019062712185388b', 'https://s1.ljcdn.com/matrix_lianjia_pc/dist/pc/src/resource/default/780-439.png?_v=2019062712185388b', 'https://s1.ljcdn.com/matrix_lianjia_pc/dist/pc/src/resource/default/780-439.png?_v=2019062712185388b', 'https://s1.ljcdn.com/matrix_lianjia_pc/dist/pc/src/resource/default/780-439.png?_v=2019062712185388b', 'https://s1.ljcdn.com/matrix_lianjia_pc/dist/pc/src/resource/default/780-439.png?_v=2019062712185388b', 'https://s1.ljcdn.com/matrix_lianjia_pc/dist/pc/src/resource/default/780-439.png?_v=2019062712185388b', 'https://s1.ljcdn.com/matrix_lianjia_pc/dist/pc/src/resource/default/780-439.png?_v=2019062712185388b']",13天前,随时入住,暂无数据,需提前预约,高楼层/32层,有,暂无数据,民水,民电,有,暂无数据,['近地铁'],"['5号线(环中线),7号线 - 太安', '557m', '3号线(龙岗线),7号线 - 田贝', '1026m']",22.574307182535,114.14672676934
https://sz.lianjia.com/zufang/SZ2252173019122237440.html,罗湖区,地王,鸿翔花园 2室2厅 东北,11500元/月 ,租赁方式未知,2室2厅1卫,101㎡,朝东北,"['https://image1.ljcdn.com/440300-inspection/6c0ab507-5465-496b-aea1-aad36d907498.jpg.780x439.jpg', 'https://s1.ljcdn.com/matrix_lianjia_pc/dist/pc/src/resource/default/780-439.png?_v=2019062712185388b', 'https://s1.ljcdn.com/matrix_lianjia_pc/dist/pc/src/resource/default/780-439.png?_v=2019062712185388b', 'https://s1.ljcdn.com/matrix_lianjia_pc/dist/pc/src/resource/default/780-439.png?_v=2019062712185388b', 'https://s1.ljcdn.com/matrix_lianjia_pc/dist/pc/src/resource/default/780-439.png?_v=2019062712185388b', 'https://s1.ljcdn.com/matrix_lianjia_pc/dist/pc/src/resource/default/780-439.png?_v=2019062712185388b', 'https://s1.ljcdn.com/matrix_lianjia_pc/dist/pc/src/resource/default/780-439.png?_v=2019062712185388b', 'https://s1.ljcdn.com/matrix_lianjia_pc/dist/pc/src/resource/default/780-439.png?_v=2019062712185388b', 'https://s1.ljcdn.com/matrix_lianjia_pc/dist/pc/src/resource/default/780-439.png?_v=2019062712185388b', 'https://s1.ljcdn.com/matrix_lianjia_pc/dist/pc/src/resource/default/780-439.png?_v=2019062712185388b']",1个月前,随时入住,暂无数据,暂无数据,中楼层/33层,有,暂无数据,民水,民电,有,暂无数据,['近地铁'],"['9号线 - 园岭', '238m', '3号线(龙岗线),9号线 - 红岭', '592m', '7号线,9号线 - 红岭北', '913m', '7号线 - 笋岗', '1192m']",22.560197,114.112788
https://sz.lianjia.com/zufang/SZ2247840595953860608.html,宝安区,宝安中心,鸿荣源·壹方中心|玖誉 3室1厅 东北,16000元/月 ,租赁方式未知,3室1厅1卫,95㎡,朝东北,"['https://image1.ljcdn.com/440300-inspection/0ecf6f6a-a32e-49cd-846f-46411a131f44.jpg.780x439.jpg', 'https://s1.ljcdn.com/matrix_lianjia_pc/dist/pc/src/resource/default/780-439.png?_v=2019062712185388b', 'https://s1.ljcdn.com/matrix_lianjia_pc/dist/pc/src/resource/default/780-439.png?_v=2019062712185388b', 'https://s1.ljcdn.com/matrix_lianjia_pc/dist/pc/src/resource/default/780-439.png?_v=2019062712185388b', 'https://s1.ljcdn.com/matrix_lianjia_pc/dist/pc/src/resource/default/780-439.png?_v=2019062712185388b', 'https://s1.ljcdn.com/matrix_lianjia_pc/dist/pc/src/resource/default/780-439.png?_v=2019062712185388b', 'https://s1.ljcdn.com/matrix_lianjia_pc/dist/pc/src/resource/default/780-439.png?_v=2019062712185388b']",1个月前,随时入住,暂无数据,需提前预约,高楼层/40层,有,暂无数据,民水,民电,有,暂无数据,"['近地铁', '随时看房']","['11号线 - 宝安', '360m', '1号线(罗宝线),5号线(环中线) - 宝安中心', '487m', '5号线(环中线) - 宝华', '575m', '1号线(罗宝线) - 新安', '884m', '1号线(罗宝线) - 宝体', '918m', '5号线(环中线) - 临海', '1115m']",22.560644,113.889953
https://sz.lianjia.com/zufang/SZ2283166777871433728.html,福田区,车公庙,整租·天安高尔夫花园 2室2厅 东北,12000元/月 (月付价),整租,2室2厅2卫,150㎡,朝东北,"['https://image1.ljcdn.com/rent-user-avatar/01a217da-7526-4855-a40b-39a1027c3986.780x439.jpg', 'https://s1.ljcdn.com/matrix_lianjia_pc/dist/pc/src/resource/default/780-439.png?_v=2019062712185388b', 'https://s1.ljcdn.com/matrix_lianjia_pc/dist/pc/src/resource/default/780-439.png?_v=2019062712185388b', 'https://s1.ljcdn.com/matrix_lianjia_pc/dist/pc/src/resource/default/780-439.png?_v=2019062712185388b', 'https://s1.ljcdn.com/matrix_lianjia_pc/dist/pc/src/resource/default/780-439.png?_v=2019062712185388b', 'https://s1.ljcdn.com/matrix_lianjia_pc/dist/pc/src/resource/default/780-439.png?_v=2019062712185388b', 'https://s1.ljcdn.com/matrix_lianjia_pc/dist/pc/src/resource/default/780-439.png?_v=2019062712185388b', 'https://s1.ljcdn.com/matrix_lianjia_pc/dist/pc/src/resource/default/780-439.png?_v=2019062712185388b']",8天前,随时入住,1~2年,随时可看,17/31层,有,暂无数据,民水,民电,有,暂无数据,"['近地铁', '双卫生间', '随时看房']","['7号线 - 上沙', '910m', '9号线 - 下沙', '1168m']",22.534704,114.040573
https://sz.lianjia.com/zufang/SZ2260152508553379840.html,南山区,科技园,整租·阳光粤海 3室2厅 东北,11500元/月 (月付价),整租,3室2厅1卫,87㎡,朝东北,"['https://image1.ljcdn.com/rent-user-avatar/52870af4-5a76-4211-92d6-150be9dfdd5e.780x439.jpg', 'https://s1.ljcdn.com/matrix_lianjia_pc/dist/pc/src/resource/default/780-439.png?_v=2019062712185388b']",1个月前,随时入住,1年,随时可看,18/45层,暂无数据,暂无数据,民水,民电,有,暂无数据,"['精装', '随时看房']",[],22.53903,113.947
https://sz.lianjia.com/zufang/SZ2241984709011701760.html,福田区,莲花,长城盛世家园二期 3室1厅 东北,8600元/月 ,租赁方式未知,3室1厅2卫,97㎡,朝东北,"['https://image1.ljcdn.com/440300-inspection/c73775a4-32d6-41d5-8794-24c8a6d7e405.jpg.780x439.jpg', 'https://s1.ljcdn.com/matrix_lianjia_pc/dist/pc/src/resource/default/780-439.png?_v=2019062712185388b', 'https://s1.ljcdn.com/matrix_lianjia_pc/dist/pc/src/resource/default/780-439.png?_v=2019062712185388b', 'https://s1.ljcdn.com/matrix_lianjia_pc/dist/pc/src/resource/default/780-439.png?_v=2019062712185388b', 'https://s1.ljcdn.com/matrix_lianjia_pc/dist/pc/src/resource/default/780-439.png?_v=2019062712185388b', 'https://s1.ljcdn.com/matrix_lianjia_pc/dist/pc/src/resource/default/780-439.png?_v=2019062712185388b', 'https://s1.ljcdn.com/matrix_lianjia_pc/dist/pc/src/resource/default/780-439.png?_v=2019062712185388b', 'https://s1.ljcdn.com/matrix_lianjia_pc/dist/pc/src/resource/default/780-439.png?_v=2019062712185388b', 'https://s1.ljcdn.com/matrix_lianjia_pc/dist/pc/src/resource/default/780-439.png?_v=2019062712185388b']",2个月前,随时入住,暂无数据,需提前预约,中楼层/34层,有,暂无数据,民水,民电,有,暂无数据,"['近地铁', '随时看房']","['4号线(龙华线) - 莲花北', '921m']",22.566853,114.071555
https://sz.lianjia.com/zufang/SZ2269326131020963840.html,福田区,上下沙,京基滨河时代 2室1厅 东北,13000元/月 ,租赁方式未知,2室1厅1卫,67㎡,朝东北,"['https://image1.ljcdn.com/440300-inspection/83d89b3e-f912-4a8f-bc63-3b7ee726def2.jpg.780x439.jpg', 'https://s1.ljcdn.com/matrix_lianjia_pc/dist/pc/src/resource/default/780-439.png?_v=2019062712185388b', 'https://s1.ljcdn.com/matrix_lianjia_pc/dist/pc/src/resource/default/780-439.png?_v=2019062712185388b', 'https://s1.ljcdn.com/matrix_lianjia_pc/dist/pc/src/resource/default/780-439.png?_v=2019062712185388b', 'https://s1.ljcdn.com/matrix_lianjia_pc/dist/pc/src/resource/default/780-439.png?_v=2019062712185388b', 'https://s1.ljcdn.com/matrix_lianjia_pc/dist/pc/src/resource/default/780-439.png?_v=2019062712185388b', 'https://s1.ljcdn.com/matrix_lianjia_pc/dist/pc/src/resource/default/780-439.png?_v=2019062712185388b', 'https://s1.ljcdn.com/matrix_lianjia_pc/dist/pc/src/resource/default/780-439.png?_v=2019062712185388b', 'https://s1.ljcdn.com/matrix_lianjia_pc/dist/pc/src/resource/default/780-439.png?_v=2019062712185388b']",27天前,随时入住,暂无数据,需提前预约,中楼层/30层,有,暂无数据,商水,商电,有,暂无数据,"['近地铁', '随时看房']","['9号线 - 下沙', '29m', '7号线 - 上沙', '815m', '1号线(罗宝线),11号线,7号线,9号线 - 车公庙', '1128m']",22.534192,114.032753
https://sz.lianjia.com/zufang/SZ2196427684098080768.html,福田区,百花,核电花园 3室2厅 东北,9200元/月 ,租赁方式未知,3室2厅1卫,99㎡,朝东北,"['http://vrlab-image.ljcdn.com/release/auto3dhd/ceba4707e48eed0c41b70e875454753b/screenshot/1553840633_1/pc0_eoe14lg2k.jpg.q_70.jpg', 'https://s1.ljcdn.com/matrix_lianjia_pc/dist/pc/src/resource/default/780-439.png?_v=2019062712185388b', 'https://s1.ljcdn.com/matrix_lianjia_pc/dist/pc/src/resource/default/780-439.png?_v=2019062712185388b', 'https://s1.ljcdn.com/matrix_lianjia_pc/dist/pc/src/resource/default/780-439.png?_v=2019062712185388b', 'https://s1.ljcdn.com/matrix_lianjia_pc/dist/pc/src/resource/default/780-439.png?_v=2019062712185388b', 'https://s1.ljcdn.com/matrix_lianjia_pc/dist/pc/src/resource/default/780-439.png?_v=2019062712185388b']",4个月前,随时入住,暂无数据,暂无数据,高楼层/30层,有,暂无数据,民水,民电,有,暂无数据,"['近地铁', '随时看房']","['3号线(龙岗线),7号线 - 华新', '390m', '3号线(龙岗线) - 通新岭', '648m', '2号线(蛇口线) - 燕南', '946m', '2号线(蛇口线),7号线 - 华强北', '955m']",22.556597597046,114.09651694716
https://sz.lianjia.com/zufang/SZ2263501082070360064.html,南山区,南头,整租·前海枫叶大厦 3室1厅 复式 东北,9500元/月 (季付价),整租,3室1厅1卫,62㎡,朝东北,"['https://image1.ljcdn.com/rent-user-avatar/121a6313-76cf-4dcf-a03f-27b438e66d18.780x439.jpg', 'https://s1.ljcdn.com/matrix_lianjia_pc/dist/pc/src/resource/default/780-439.png?_v=2019062712185388b', 'https://s1.ljcdn.com/matrix_lianjia_pc/dist/pc/src/resource/default/780-439.png?_v=2019062712185388b', 'https://s1.ljcdn.com/matrix_lianjia_pc/dist/pc/src/resource/default/780-439.png?_v=2019062712185388b', 'https://s1.ljcdn.com/matrix_lianjia_pc/dist/pc/src/resource/default/780-439.png?_v=2019062712185388b', 'https://s1.ljcdn.com/matrix_lianjia_pc/dist/pc/src/resource/default/780-439.png?_v=2019062712185388b', 'https://s1.ljcdn.com/matrix_lianjia_pc/dist/pc/src/resource/default/780-439.png?_v=2019062712185388b', 'https://s1.ljcdn.com/matrix_lianjia_pc/dist/pc/src/resource/default/780-439.png?_v=2019062712185388b']",1个月前,随时入住,1~2年,随时可看,17/24层,暂无数据,暂无数据,暂无数据,暂无数据,暂无数据,暂无数据,"['近地铁', '精装', '随时看房']","['11号线 - 南山', '347m', '1号线(罗宝线) - 桃园', '956m', '1号线(罗宝线) - 大新', '1113m']",22.532566768153,113.92740212718
https://sz.lianjia.com/zufang/SZ2243195854557020160.html,福田区,车公庙,整租·天安高尔夫花园 4室1厅 东北,11500元/月 (月付价),整租,4室1厅2卫,150㎡,朝东北,"['https://image1.ljcdn.com/rent-user-avatar/428e5b32-0a58-4ea5-830b-e59e3492765f.780x439.jpg', 'https://s1.ljcdn.com/matrix_lianjia_pc/dist/pc/src/resource/default/780-439.png?_v=2019062712185388b', 'https://s1.ljcdn.com/matrix_lianjia_pc/dist/pc/src/resource/default/780-439.png?_v=2019062712185388b', 'https://s1.ljcdn.com/matrix_lianjia_pc/dist/pc/src/resource/default/780-439.png?_v=2019062712185388b', 'https://s1.ljcdn.com/matrix_lianjia_pc/dist/pc/src/resource/default/780-439.png?_v=2019062712185388b', 'https://s1.ljcdn.com/matrix_lianjia_pc/dist/pc/src/resource/default/780-439.png?_v=2019062712185388b', 'https://s1.ljcdn.com/matrix_lianjia_pc/dist/pc/src/resource/default/780-439.png?_v=2019062712185388b', 'https://s1.ljcdn.com/matrix_lianjia_pc/dist/pc/src/resource/default/780-439.png?_v=2019062712185388b', 'https://s1.ljcdn.com/matrix_lianjia_pc/dist/pc/src/resource/default/780-439.png?_v=2019062712185388b']",2个月前,随时入住,1~3年,随时可看,6/31层,暂无数据,暂无数据,暂无数据,暂无数据,暂无数据,暂无数据,"['近地铁', '精装', '双卫生间', '随时看房']","['7号线 - 上沙', '838m', '1号线(罗宝线) - 香蜜湖', '879m', '9号线 - 下沙', '952m']",22.538942495253,114.03926656198
https://sz.lianjia.com/zufang/SZ2281177837119741952.html,福田区,香梅北,天然居 2室1厅 东北,8800元/月 ,租赁方式未知,2室1厅1卫,87㎡,朝东北,"['https://image1.ljcdn.com/440300-inspection/0024b82e-5694-41e2-a60c-43b012c5170e.png.780x439.jpg', 'https://s1.ljcdn.com/matrix_lianjia_pc/dist/pc/src/resource/default/780-439.png?_v=2019062712185388b', 'https://s1.ljcdn.com/matrix_lianjia_pc/dist/pc/src/resource/default/780-439.png?_v=2019062712185388b', 'https://s1.ljcdn.com/matrix_lianjia_pc/dist/pc/src/resource/default/780-439.png?_v=2019062712185388b', 'https://s1.ljcdn.com/matrix_lianjia_pc/dist/pc/src/resource/default/780-439.png?_v=2019062712185388b', 'https://s1.ljcdn.com/matrix_lianjia_pc/dist/pc/src/resource/default/780-439.png?_v=2019062712185388b', 'https://s1.ljcdn.com/matrix_lianjia_pc/dist/pc/src/resource/default/780-439.png?_v=2019062712185388b', 'https://s1.ljcdn.com/matrix_lianjia_pc/dist/pc/src/resource/default/780-439.png?_v=2019062712185388b']",10天前,2019-07-10,暂无数据,需提前预约,中楼层/33层,有,暂无数据,民水,民电,有,暂无数据,['近地铁'],"['2号线(蛇口线) - 香梅北', '133m', '9号线 - 梅景', '613m', '2号线(蛇口线),9号线 - 景田', '743m', '9号线 - 香梅', '1146m', '2号线(蛇口线) - 香蜜', '1179m']",22.560147,114.042307
https://sz.lianjia.com/zufang/SZ2202096419828416512.html,宝安区,宝安中心,鸿荣源·壹方中心|玖誉 3室2厅 东北,15000元/月 ,租赁方式未知,3室2厅2卫,95㎡,朝东北,"['https://image1.ljcdn.com/440300-inspection/25958805-23c0-4b78-8c25-c1bc25764175.jpg.780x439.jpg', 'https://s1.ljcdn.com/matrix_lianjia_pc/dist/pc/src/resource/default/780-439.png?_v=2019062712185388b', 'https://s1.ljcdn.com/matrix_lianjia_pc/dist/pc/src/resource/default/780-439.png?_v=2019062712185388b', 'https://s1.ljcdn.com/matrix_lianjia_pc/dist/pc/src/resource/default/780-439.png?_v=2019062712185388b', 'https://s1.ljcdn.com/matrix_lianjia_pc/dist/pc/src/resource/default/780-439.png?_v=2019062712185388b', 'https://s1.ljcdn.com/matrix_lianjia_pc/dist/pc/src/resource/default/780-439.png?_v=2019062712185388b', 'https://s1.ljcdn.com/matrix_lianjia_pc/dist/pc/src/resource/default/780-439.png?_v=2019062712185388b', 'https://s1.ljcdn.com/matrix_lianjia_pc/dist/pc/src/resource/default/780-439.png?_v=2019062712185388b']",4个月前,随时入住,暂无数据,需提前预约,高楼层/40层,有,暂无数据,民水,民电,有,暂无数据,"['近地铁', '随时看房']","['11号线 - 宝安', '360m', '1号线(罗宝线),5号线(环中线) - 宝安中心', '487m', '5号线(环中线) - 宝华', '575m', '1号线(罗宝线) - 新安', '884m', '1号线(罗宝线) - 宝体', '918m', '5号线(环中线) - 临海', '1115m']",22.560644,113.889953
https://sz.lianjia.com/zufang/SZ2283865664202743808.html,福田区,上下沙,鸿景湾名苑 3室2厅 东北,9800元/月 ,租赁方式未知,3室2厅1卫,87㎡,朝东北,"['https://image1.ljcdn.com/440300-inspection/b47752f3-bb01-4106-ac25-da9f57f62e82.jpg.780x439.jpg', 'https://s1.ljcdn.com/matrix_lianjia_pc/dist/pc/src/resource/default/780-439.png?_v=2019062712185388b', 'https://s1.ljcdn.com/matrix_lianjia_pc/dist/pc/src/resource/default/780-439.png?_v=2019062712185388b', 'https://s1.ljcdn.com/matrix_lianjia_pc/dist/pc/src/resource/default/780-439.png?_v=2019062712185388b', 'https://s1.ljcdn.com/matrix_lianjia_pc/dist/pc/src/resource/default/780-439.png?_v=2019062712185388b', 'https://s1.ljcdn.com/matrix_lianjia_pc/dist/pc/src/resource/default/780-439.png?_v=2019062712185388b', 'https://s1.ljcdn.com/matrix_lianjia_pc/dist/pc/src/resource/default/780-439.png?_v=2019062712185388b', 'https://s1.ljcdn.com/matrix_lianjia_pc/dist/pc/src/resource/default/780-439.png?_v=2019062712185388b', 'https://s1.ljcdn.com/matrix_lianjia_pc/dist/pc/src/resource/default/780-439.png?_v=2019062712185388b', 'https://s1.ljcdn.com/matrix_lianjia_pc/dist/pc/src/resource/default/780-439.png?_v=2019062712185388b', 'https://s1.ljcdn.com/matrix_lianjia_pc/dist/pc/src/resource/default/780-439.png?_v=2019062712185388b', 'https://s1.ljcdn.com/matrix_lianjia_pc/dist/pc/src/resource/default/780-439.png?_v=2019062712185388b', 'https://s1.ljcdn.com/matrix_lianjia_pc/dist/pc/src/resource/default/780-439.png?_v=2019062712185388b']",7天前,随时入住,暂无数据,需提前预约,低楼层/33层,有,暂无数据,民水,民电,有,暂无数据,"['近地铁', '随时看房']","['9号线 - 下沙', '849m', '7号线 - 上沙', '1166m']",22.52807,114.034108
https://sz.lianjia.com/zufang/SZ2289036862414651392.html,福田区,梅林,整租·绿景虹湾 4室2厅 东北,16000元/月 (月付价),整租,4室2厅2卫,121㎡,朝东北,"['https://image1.ljcdn.com/rent-user-avatar/01e3de40-519b-4218-a4fd-3ac9ee4a7117.780x439.jpg', 'https://s1.ljcdn.com/matrix_lianjia_pc/dist/pc/src/resource/default/780-439.png?_v=2019062712185388b', 'https://s1.ljcdn.com/matrix_lianjia_pc/dist/pc/src/resource/default/780-439.png?_v=2019062712185388b', 'https://s1.ljcdn.com/matrix_lianjia_pc/dist/pc/src/resource/default/780-439.png?_v=2019062712185388b', 'https://s1.ljcdn.com/matrix_lianjia_pc/dist/pc/src/resource/default/780-439.png?_v=2019062712185388b', 'https://s1.ljcdn.com/matrix_lianjia_pc/dist/pc/src/resource/default/780-439.png?_v=2019062712185388b', 'https://s1.ljcdn.com/matrix_lianjia_pc/dist/pc/src/resource/default/780-439.png?_v=2019062712185388b', 'https://s1.ljcdn.com/matrix_lianjia_pc/dist/pc/src/resource/default/780-439.png?_v=2019062712185388b', 'https://s1.ljcdn.com/matrix_lianjia_pc/dist/pc/src/resource/default/780-439.png?_v=2019062712185388b']",今天,2019-07-03,1年以上,随时可看,31/45层,有,暂无数据,民水,民电,有,暂无数据,"['近地铁', '精装', '双卫生间', '新上', '随时看房']","['9号线 - 梅景', '143m', '9号线 - 下梅林', '727m']",22.567219,114.045315
https://sz.lianjia.com/zufang/SZ2247762896580771840.html,福田区,莲花,中银花园 4室2厅 东北,13000元/月 ,租赁方式未知,4室2厅2卫,160㎡,朝东北,"['https://image1.ljcdn.com/440300-inspection/c5516e14-688c-4e95-9332-0535db65e5ab.jpg.780x439.jpg', 'https://s1.ljcdn.com/matrix_lianjia_pc/dist/pc/src/resource/default/780-439.png?_v=2019062712185388b', 'https://s1.ljcdn.com/matrix_lianjia_pc/dist/pc/src/resource/default/780-439.png?_v=2019062712185388b', 'https://s1.ljcdn.com/matrix_lianjia_pc/dist/pc/src/resource/default/780-439.png?_v=2019062712185388b', 'https://s1.ljcdn.com/matrix_lianjia_pc/dist/pc/src/resource/default/780-439.png?_v=2019062712185388b', 'https://s1.ljcdn.com/matrix_lianjia_pc/dist/pc/src/resource/default/780-439.png?_v=2019062712185388b', 'https://s1.ljcdn.com/matrix_lianjia_pc/dist/pc/src/resource/default/780-439.png?_v=2019062712185388b', 'https://s1.ljcdn.com/matrix_lianjia_pc/dist/pc/src/resource/default/780-439.png?_v=2019062712185388b', 'https://s1.ljcdn.com/matrix_lianjia_pc/dist/pc/src/resource/default/780-439.png?_v=2019062712185388b', 'https://s1.ljcdn.com/matrix_lianjia_pc/dist/pc/src/resource/default/780-439.png?_v=2019062712185388b', 'https://s1.ljcdn.com/matrix_lianjia_pc/dist/pc/src/resource/default/780-439.png?_v=2019062712185388b']",1个月前,随时入住,暂无数据,需提前预约,高楼层/31层,有,暂无数据,民水,民电,有,暂无数据,['近地铁'],"['3号线(龙岗线) - 莲花村', '272m', '3号线(龙岗线),4号线(龙华线) - 少年宫', '487m', '2号线(蛇口线) - 岗厦北', '829m', '2号线(蛇口线),4号线(龙华线) - 市民中心', '932m']",22.552873693079,114.07287664809
https://sz.lianjia.com/zufang/SZ2280192627003359232.html,福田区,莲花,中银花园 3室2厅 东北,10000元/月 ,租赁方式未知,3室2厅2卫,99㎡,朝东北,"['https://image1.ljcdn.com/440300-inspection/0a8f517a-216a-45e2-8e9b-15e4e40cd2ca.jpg.780x439.jpg', 'https://s1.ljcdn.com/matrix_lianjia_pc/dist/pc/src/resource/default/780-439.png?_v=2019062712185388b', 'https://s1.ljcdn.com/matrix_lianjia_pc/dist/pc/src/resource/default/780-439.png?_v=2019062712185388b', 'https://s1.ljcdn.com/matrix_lianjia_pc/dist/pc/src/resource/default/780-439.png?_v=2019062712185388b', 'https://s1.ljcdn.com/matrix_lianjia_pc/dist/pc/src/resource/default/780-439.png?_v=2019062712185388b', 'https://s1.ljcdn.com/matrix_lianjia_pc/dist/pc/src/resource/default/780-439.png?_v=2019062712185388b', 'https://s1.ljcdn.com/matrix_lianjia_pc/dist/pc/src/resource/default/780-439.png?_v=2019062712185388b', 'https://s1.ljcdn.com/matrix_lianjia_pc/dist/pc/src/resource/default/780-439.png?_v=2019062712185388b']",12天前,随时入住,暂无数据,需提前预约,高楼层/31层,有,暂无数据,民水,民电,有,暂无数据,['近地铁'],"['3号线(龙岗线) - 莲花村', '272m', '3号线(龙岗线),4号线(龙华线) - 少年宫', '487m', '2号线(蛇口线) - 岗厦北', '829m', '2号线(蛇口线),4号线(龙华线) - 市民中心', '932m']",22.552873693079,114.07287664809
https://sz.lianjia.com/zufang/SZ2235523380244135936.html,福田区,石厦,皇庭世纪 2室1厅 东北,8200元/月 ,租赁方式未知,2室1厅1卫,63㎡,朝东北,"['https://image1.ljcdn.com/440300-inspection/da13802c-225d-4392-bcac-048191fee597.jpg.780x439.jpg', 'https://s1.ljcdn.com/matrix_lianjia_pc/dist/pc/src/resource/default/780-439.png?_v=2019062712185388b', 'https://s1.ljcdn.com/matrix_lianjia_pc/dist/pc/src/resource/default/780-439.png?_v=2019062712185388b', 'https://s1.ljcdn.com/matrix_lianjia_pc/dist/pc/src/resource/default/780-439.png?_v=2019062712185388b', 'https://s1.ljcdn.com/matrix_lianjia_pc/dist/pc/src/resource/default/780-439.png?_v=2019062712185388b', 'https://s1.ljcdn.com/matrix_lianjia_pc/dist/pc/src/resource/default/780-439.png?_v=2019062712185388b', 'https://s1.ljcdn.com/matrix_lianjia_pc/dist/pc/src/resource/default/780-439.png?_v=2019062712185388b', 'https://s1.ljcdn.com/matrix_lianjia_pc/dist/pc/src/resource/default/780-439.png?_v=2019062712185388b']",2个月前,随时入住,暂无数据,需提前预约,中楼层/31层,有,暂无数据,民水,民电,有,暂无数据,"['近地铁', '随时看房']","['7号线 - 皇岗村', '273m', '3号线(龙岗线),7号线 - 石厦', '526m', '4号线(龙华线),7号线 - 福民', '929m', '1号线(罗宝线),3号线(龙岗线) - 购物公园', '1182m']",22.532197522312,114.06439751471
https://sz.lianjia.com/zufang/SZ2159132812240748544.html,罗湖区,黄贝岭,万科俊园 4室1厅 东北,17000元/月 ,租赁方式未知,4室1厅2卫,202㎡,朝东北,"['https://image1.ljcdn.com/440300-inspection/prod-6d775aca-7451-4258-8bcd-a3f6b0c22a84.jpg.780x439.jpg', 'https://s1.ljcdn.com/matrix_lianjia_pc/dist/pc/src/resource/default/780-439.png?_v=2019062712185388b', 'https://s1.ljcdn.com/matrix_lianjia_pc/dist/pc/src/resource/default/780-439.png?_v=2019062712185388b', 'https://s1.ljcdn.com/matrix_lianjia_pc/dist/pc/src/resource/default/780-439.png?_v=2019062712185388b', 'https://s1.ljcdn.com/matrix_lianjia_pc/dist/pc/src/resource/default/780-439.png?_v=2019062712185388b', 'https://s1.ljcdn.com/matrix_lianjia_pc/dist/pc/src/resource/default/780-439.png?_v=2019062712185388b', 'https://s1.ljcdn.com/matrix_lianjia_pc/dist/pc/src/resource/default/780-439.png?_v=2019062712185388b', 'https://s1.ljcdn.com/matrix_lianjia_pc/dist/pc/src/resource/default/780-439.png?_v=2019062712185388b', 'https://s1.ljcdn.com/matrix_lianjia_pc/dist/pc/src/resource/default/780-439.png?_v=2019062712185388b', 'https://s1.ljcdn.com/matrix_lianjia_pc/dist/pc/src/resource/default/780-439.png?_v=2019062712185388b', 'https://s1.ljcdn.com/matrix_lianjia_pc/dist/pc/src/resource/default/780-439.png?_v=2019062712185388b', 'https://s1.ljcdn.com/matrix_lianjia_pc/dist/pc/src/resource/default/780-439.png?_v=2019062712185388b']",5个月前,随时入住,暂无数据,需提前预约,低楼层/43层,有,暂无数据,民水,民电,有,暂无数据,['近地铁'],"['3号线(龙岗线) - 翠竹', '778m', '9号线 - 文锦', '1059m', '3号线(龙岗线) - 晒布', '1108m']",22.557732424038,114.13735012803
https://sz.lianjia.com/zufang/SZ2096750928966189056.html,南山区,深圳湾,恒裕滨城一期 3室1厅 西南/东北,23000元/月 ,租赁方式未知,3室1厅2卫,111㎡,朝西南 东北,"['https://image1.ljcdn.com/440300-inspection/0dfddf88-cae7-4a5a-b5dc-3dc777af1adb.jpg.780x439.jpg', 'https://s1.ljcdn.com/matrix_lianjia_pc/dist/pc/src/resource/default/780-439.png?_v=2019062712185388b', 'https://s1.ljcdn.com/matrix_lianjia_pc/dist/pc/src/resource/default/780-439.png?_v=2019062712185388b', 'https://s1.ljcdn.com/matrix_lianjia_pc/dist/pc/src/resource/default/780-439.png?_v=2019062712185388b', 'https://s1.ljcdn.com/matrix_lianjia_pc/dist/pc/src/resource/default/780-439.png?_v=2019062712185388b', 'https://s1.ljcdn.com/matrix_lianjia_pc/dist/pc/src/resource/default/780-439.png?_v=2019062712185388b', 'https://s1.ljcdn.com/matrix_lianjia_pc/dist/pc/src/resource/default/780-439.png?_v=2019062712185388b', 'https://s1.ljcdn.com/matrix_lianjia_pc/dist/pc/src/resource/default/780-439.png?_v=2019062712185388b', 'https://s1.ljcdn.com/matrix_lianjia_pc/dist/pc/src/resource/default/780-439.png?_v=2019062712185388b', 'https://s1.ljcdn.com/matrix_lianjia_pc/dist/pc/src/resource/default/780-439.png?_v=2019062712185388b']",8个月前,随时入住,暂无数据,需提前预约,中楼层/24层,有,暂无数据,民水,民电,有,暂无数据,"['近地铁', '随时看房']","['2号线(蛇口线) - 湾厦', '170m', '2号线(蛇口线) - 海月', '861m']",22.498091,113.946959
https://sz.lianjia.com/zufang/SZ2031167291001151488.html,福田区,莲花,整租·天健世纪花园 3室2厅 东北,16000元/月 (月付价),整租,3室2厅2卫,132㎡,朝东北,"['https://image1.ljcdn.com/440300-inspection/8f391270-19b2-455b-a282-2bd262e56808.jpg.780x439.jpg', 'https://s1.ljcdn.com/matrix_lianjia_pc/dist/pc/src/resource/default/780-439.png?_v=2019062712185388b', 'https://s1.ljcdn.com/matrix_lianjia_pc/dist/pc/src/resource/default/780-439.png?_v=2019062712185388b', 'https://s1.ljcdn.com/matrix_lianjia_pc/dist/pc/src/resource/default/780-439.png?_v=2019062712185388b', 'https://s1.ljcdn.com/matrix_lianjia_pc/dist/pc/src/resource/default/780-439.png?_v=2019062712185388b', 'https://s1.ljcdn.com/matrix_lianjia_pc/dist/pc/src/resource/default/780-439.png?_v=2019062712185388b', 'https://s1.ljcdn.com/matrix_lianjia_pc/dist/pc/src/resource/default/780-439.png?_v=2019062712185388b', 'https://s1.ljcdn.com/matrix_lianjia_pc/dist/pc/src/resource/default/780-439.png?_v=2019062712185388b', 'https://s1.ljcdn.com/matrix_lianjia_pc/dist/pc/src/resource/default/780-439.png?_v=2019062712185388b']",11个月前,随时入住,1年以内,需提前预约,中楼层/10层,有,暂无数据,民水,民电,有,暂无数据,"['近地铁', '双卫生间']","['3号线(龙岗线),4号线(龙华线) - 少年宫', '320m', '3号线(龙岗线) - 莲花村', '383m', '2号线(蛇口线),4号线(龙华线) - 市民中心', '566m', '2号线(蛇口线) - 岗厦北', '875m', '2号线(蛇口线),3号线(龙岗线),11号线 - 福田', '1113m']",22.55156136006,114.07128218329
https://sz.lianjia.com/zufang/SZ2260879917367427072.html,福田区,景田,国泰豪园 2室1厅 东北,9800元/月 ,租赁方式未知,2室1厅2卫,97㎡,朝东北,"['https://image1.ljcdn.com/440300-inspection/0d7f9ddc-4c91-4f92-aa0c-e1fb7fd81ecd.jpg.780x439.jpg', 'https://s1.ljcdn.com/matrix_lianjia_pc/dist/pc/src/resource/default/780-439.png?_v=2019062712185388b', 'https://s1.ljcdn.com/matrix_lianjia_pc/dist/pc/src/resource/default/780-439.png?_v=2019062712185388b', 'https://s1.ljcdn.com/matrix_lianjia_pc/dist/pc/src/resource/default/780-439.png?_v=2019062712185388b', 'https://s1.ljcdn.com/matrix_lianjia_pc/dist/pc/src/resource/default/780-439.png?_v=2019062712185388b', 'https://s1.ljcdn.com/matrix_lianjia_pc/dist/pc/src/resource/default/780-439.png?_v=2019062712185388b', 'https://s1.ljcdn.com/matrix_lianjia_pc/dist/pc/src/resource/default/780-439.png?_v=2019062712185388b', 'https://s1.ljcdn.com/matrix_lianjia_pc/dist/pc/src/resource/default/780-439.png?_v=2019062712185388b']",1个月前,2019-07-20,暂无数据,暂无数据,中楼层/16层,有,暂无数据,民水,民电,有,暂无数据,['近地铁'],"['2号线(蛇口线) - 莲花西', '566m', '9号线 - 香梅', '888m', '2号线(蛇口线),3号线(龙岗线),11号线 - 福田', '1121m', '2号线(蛇口线),9号线 - 景田', '1144m', '1号线(罗宝线) - 香蜜湖', '1179m']",22.550075040762,114.05274163659
https://sz.lianjia.com/zufang/SZ2281577537807597568.html,南山区,深圳湾,太古城北 2室1厅 东北,13000元/月 ,租赁方式未知,2室1厅1卫,76㎡,朝东北,"['https://image1.ljcdn.com/440300-inspection/4b6ae461-33ef-4ad0-aa9e-73324fee0c49.jpg.780x439.jpg', 'https://s1.ljcdn.com/matrix_lianjia_pc/dist/pc/src/resource/default/780-439.png?_v=2019062712185388b', 'https://s1.ljcdn.com/matrix_lianjia_pc/dist/pc/src/resource/default/780-439.png?_v=2019062712185388b', 'https://s1.ljcdn.com/matrix_lianjia_pc/dist/pc/src/resource/default/780-439.png?_v=2019062712185388b', 'https://s1.ljcdn.com/matrix_lianjia_pc/dist/pc/src/resource/default/780-439.png?_v=2019062712185388b', 'https://s1.ljcdn.com/matrix_lianjia_pc/dist/pc/src/resource/default/780-439.png?_v=2019062712185388b', 'https://s1.ljcdn.com/matrix_lianjia_pc/dist/pc/src/resource/default/780-439.png?_v=2019062712185388b', 'https://s1.ljcdn.com/matrix_lianjia_pc/dist/pc/src/resource/default/780-439.png?_v=2019062712185388b', 'https://s1.ljcdn.com/matrix_lianjia_pc/dist/pc/src/resource/default/780-439.png?_v=2019062712185388b']",10天前,随时入住,暂无数据,需提前预约,中楼层/32层,有,暂无数据,民水,民电,有,暂无数据,"['近地铁', '随时看房']","['2号线(蛇口线) - 海月', '154m', '2号线(蛇口线) - 登良', '725m', '2号线(蛇口线) - 湾厦', '848m']",22.506545,113.945568
https://sz.lianjia.com/zufang/SZ2199278672006094848.html,福田区,莲花,天威花园 3室2厅 东北,8500元/月 ,租赁方式未知,3室2厅1卫,97㎡,朝东北,"['https://image1.ljcdn.com/440300-inspection/554317c0-1a51-4736-8e08-d1ac6eced119.jpg.780x439.jpg', 'https://s1.ljcdn.com/matrix_lianjia_pc/dist/pc/src/resource/default/780-439.png?_v=2019062712185388b', 'https://s1.ljcdn.com/matrix_lianjia_pc/dist/pc/src/resource/default/780-439.png?_v=2019062712185388b', 'https://s1.ljcdn.com/matrix_lianjia_pc/dist/pc/src/resource/default/780-439.png?_v=2019062712185388b', 'https://s1.ljcdn.com/matrix_lianjia_pc/dist/pc/src/resource/default/780-439.png?_v=2019062712185388b', 'https://s1.ljcdn.com/matrix_lianjia_pc/dist/pc/src/resource/default/780-439.png?_v=2019062712185388b', 'https://s1.ljcdn.com/matrix_lianjia_pc/dist/pc/src/resource/default/780-439.png?_v=2019062712185388b']",4个月前,随时入住,暂无数据,需提前预约,低楼层/23层,有,暂无数据,民水,民电,有,暂无数据,['近地铁'],"['4号线(龙华线) - 莲花北', '864m']",22.563818,114.072444
https://sz.lianjia.com/zufang/SZ2281924165818646528.html,宝安区,宝安中心,金泓凯旋城一期 4室2厅 东北,11000元/月 ,租赁方式未知,4室2厅2卫,158㎡,朝东北,"['https://image1.ljcdn.com/440300-inspection/prod-3e2402f4-d94a-4620-855c-9a5c5e8271ba.jpg.780x439.jpg', 'https://s1.ljcdn.com/matrix_lianjia_pc/dist/pc/src/resource/default/780-439.png?_v=2019062712185388b', 'https://s1.ljcdn.com/matrix_lianjia_pc/dist/pc/src/resource/default/780-439.png?_v=2019062712185388b', 'https://s1.ljcdn.com/matrix_lianjia_pc/dist/pc/src/resource/default/780-439.png?_v=2019062712185388b', 'https://s1.ljcdn.com/matrix_lianjia_pc/dist/pc/src/resource/default/780-439.png?_v=2019062712185388b', 'https://s1.ljcdn.com/matrix_lianjia_pc/dist/pc/src/resource/default/780-439.png?_v=2019062712185388b', 'https://s1.ljcdn.com/matrix_lianjia_pc/dist/pc/src/resource/default/780-439.png?_v=2019062712185388b', 'https://s1.ljcdn.com/matrix_lianjia_pc/dist/pc/src/resource/default/780-439.png?_v=2019062712185388b']",9天前,随时入住,暂无数据,需提前预约,中楼层/25层,有,暂无数据,民水,民电,有,暂无数据,['近地铁'],"['1号线(罗宝线) - 新安', '350m']",22.553384740388,113.90530633921
https://sz.lianjia.com/zufang/SZ2282328196588240896.html,福田区,皇岗,共和世家 4室1厅 东北,19000元/月 ,租赁方式未知,4室1厅3卫,131㎡,朝东北,"['https://image1.ljcdn.com/440300-inspection/prod-092eb3d8-13c3-42da-98f8-b1174e0d0d2e.jpg.780x439.jpg', 'https://s1.ljcdn.com/matrix_lianjia_pc/dist/pc/src/resource/default/780-439.png?_v=2019062712185388b', 'https://s1.ljcdn.com/matrix_lianjia_pc/dist/pc/src/resource/default/780-439.png?_v=2019062712185388b', 'https://s1.ljcdn.com/matrix_lianjia_pc/dist/pc/src/resource/default/780-439.png?_v=2019062712185388b', 'https://s1.ljcdn.com/matrix_lianjia_pc/dist/pc/src/resource/default/780-439.png?_v=2019062712185388b', 'https://s1.ljcdn.com/matrix_lianjia_pc/dist/pc/src/resource/default/780-439.png?_v=2019062712185388b']",9天前,随时入住,暂无数据,需提前预约,低楼层/24层,有,暂无数据,民水,民电,有,暂无数据,"['近地铁', '随时看房']","['7号线 - 皇岗村', '12m', '3号线(龙岗线),7号线 - 石厦', '452m', '4号线(龙华线),7号线 - 福民', '705m', '3号线(龙岗线) - 益田', '1138m']",22.526927405767,114.06484884166
https://sz.lianjia.com/zufang/SZ2228722408817704960.html,宝安区,西乡,整租·中粮鸿云 4室2厅 东北,8000元/月 (月付价),整租,4室2厅2卫,136㎡,朝东北,"['https://image1.ljcdn.com/440300-inspection/8df36658-36ea-4716-900f-7258c3dff395.jpg.780x439.jpg', 'https://s1.ljcdn.com/matrix_lianjia_pc/dist/pc/src/resource/default/780-439.png?_v=2019062712185388b', 'https://s1.ljcdn.com/matrix_lianjia_pc/dist/pc/src/resource/default/780-439.png?_v=2019062712185388b', 'https://s1.ljcdn.com/matrix_lianjia_pc/dist/pc/src/resource/default/780-439.png?_v=2019062712185388b', 'https://s1.ljcdn.com/matrix_lianjia_pc/dist/pc/src/resource/default/780-439.png?_v=2019062712185388b', 'https://s1.ljcdn.com/matrix_lianjia_pc/dist/pc/src/resource/default/780-439.png?_v=2019062712185388b', 'https://s1.ljcdn.com/matrix_lianjia_pc/dist/pc/src/resource/default/780-439.png?_v=2019062712185388b', 'https://s1.ljcdn.com/matrix_lianjia_pc/dist/pc/src/resource/default/780-439.png?_v=2019062712185388b', 'https://s1.ljcdn.com/matrix_lianjia_pc/dist/pc/src/resource/default/780-439.png?_v=2019062712185388b']",2个月前,随时入住,1年以内,需提前预约,低楼层/26层,有,暂无数据,民水,民电,有,暂无数据,"['近地铁', '精装', '双卫生间', '随时看房']","['1号线(罗宝线) - 西乡', '953m']",22.585659255403,113.873953992
https://sz.lianjia.com/zufang/SZ2276703268292009984.html,南山区,华侨城,中旅广场 3室1厅 北/东北,15000元/月 ,租赁方式未知,3室1厅2卫,113㎡,朝北 东北,"['https://image1.ljcdn.com/440300-inspection/970d9300-650a-4c83-81ec-628baec9de8d.jpg.780x439.jpg', 'https://s1.ljcdn.com/matrix_lianjia_pc/dist/pc/src/resource/default/780-439.png?_v=2019062712185388b', 'https://s1.ljcdn.com/matrix_lianjia_pc/dist/pc/src/resource/default/780-439.png?_v=2019062712185388b', 'https://s1.ljcdn.com/matrix_lianjia_pc/dist/pc/src/resource/default/780-439.png?_v=2019062712185388b', 'https://s1.ljcdn.com/matrix_lianjia_pc/dist/pc/src/resource/default/780-439.png?_v=2019062712185388b', 'https://s1.ljcdn.com/matrix_lianjia_pc/dist/pc/src/resource/default/780-439.png?_v=2019062712185388b', 'https://s1.ljcdn.com/matrix_lianjia_pc/dist/pc/src/resource/default/780-439.png?_v=2019062712185388b', 'https://s1.ljcdn.com/matrix_lianjia_pc/dist/pc/src/resource/default/780-439.png?_v=2019062712185388b', 'https://s1.ljcdn.com/matrix_lianjia_pc/dist/pc/src/resource/default/780-439.png?_v=2019062712185388b', 'https://s1.ljcdn.com/matrix_lianjia_pc/dist/pc/src/resource/default/780-439.png?_v=2019062712185388b', 'https://s1.ljcdn.com/matrix_lianjia_pc/dist/pc/src/resource/default/780-439.png?_v=2019062712185388b', 'https://s1.ljcdn.com/matrix_lianjia_pc/dist/pc/src/resource/default/780-439.png?_v=2019062712185388b']",17天前,随时入住,暂无数据,暂无数据,低楼层/34层,有,暂无数据,民水,民电,有,暂无数据,"['近地铁', '随时看房']","['1号线(罗宝线) - 华侨城', '439m', '1号线(罗宝线),2号线(蛇口线) - 世界之窗', '762m']",22.542696,113.988899
https://sz.lianjia.com/zufang/SZ2264319290075791360.html,福田区,莲花,黄埔雅苑三期 2室2厅 东北,12000元/月 ,租赁方式未知,2室2厅1卫,81㎡,朝东北,"['https://image1.ljcdn.com/440300-inspection/4bb022e3-b142-4646-a89a-652b8aeb319f.jpg.780x439.jpg', 'https://s1.ljcdn.com/matrix_lianjia_pc/dist/pc/src/resource/default/780-439.png?_v=2019062712185388b', 'https://s1.ljcdn.com/matrix_lianjia_pc/dist/pc/src/resource/default/780-439.png?_v=2019062712185388b', 'https://s1.ljcdn.com/matrix_lianjia_pc/dist/pc/src/resource/default/780-439.png?_v=2019062712185388b', 'https://s1.ljcdn.com/matrix_lianjia_pc/dist/pc/src/resource/default/780-439.png?_v=2019062712185388b', 'https://s1.ljcdn.com/matrix_lianjia_pc/dist/pc/src/resource/default/780-439.png?_v=2019062712185388b', 'https://s1.ljcdn.com/matrix_lianjia_pc/dist/pc/src/resource/default/780-439.png?_v=2019062712185388b', 'https://s1.ljcdn.com/matrix_lianjia_pc/dist/pc/src/resource/default/780-439.png?_v=2019062712185388b', 'https://s1.ljcdn.com/matrix_lianjia_pc/dist/pc/src/resource/default/780-439.png?_v=2019062712185388b']",1个月前,随时入住,暂无数据,暂无数据,高楼层/28层,有,暂无数据,民水,民电,有,暂无数据,['近地铁'],"['2号线(蛇口线),3号线(龙岗线),11号线 - 福田', '257m', '2号线(蛇口线) - 莲花西', '549m', '2号线(蛇口线),4号线(龙华线) - 市民中心', '683m', '3号线(龙岗线),4号线(龙华线) - 少年宫', '997m', '1号线(罗宝线),3号线(龙岗线) - 购物公园', '1072m']",22.549630240338,114.05986299069
https://sz.lianjia.com/zufang/SZ2073608057002672128.html,福田区,香蜜湖,整租·万科温馨家园 3室2厅 东北,16000元/月 (月付价),整租,3室2厅2卫,118㎡,朝东北,"['https://image1.ljcdn.com/440300-inspection/6783c799-da59-4128-9af1-b1e98d9faa3d.jpg.780x439.jpg', 'https://s1.ljcdn.com/matrix_lianjia_pc/dist/pc/src/resource/default/780-439.png?_v=2019062712185388b', 'https://s1.ljcdn.com/matrix_lianjia_pc/dist/pc/src/resource/default/780-439.png?_v=2019062712185388b', 'https://s1.ljcdn.com/matrix_lianjia_pc/dist/pc/src/resource/default/780-439.png?_v=2019062712185388b', 'https://s1.ljcdn.com/matrix_lianjia_pc/dist/pc/src/resource/default/780-439.png?_v=2019062712185388b', 'https://s1.ljcdn.com/matrix_lianjia_pc/dist/pc/src/resource/default/780-439.png?_v=2019062712185388b', 'https://s1.ljcdn.com/matrix_lianjia_pc/dist/pc/src/resource/default/780-439.png?_v=2019062712185388b', 'https://s1.ljcdn.com/matrix_lianjia_pc/dist/pc/src/resource/default/780-439.png?_v=2019062712185388b', 'https://s1.ljcdn.com/matrix_lianjia_pc/dist/pc/src/resource/default/780-439.png?_v=2019062712185388b', 'https://s1.ljcdn.com/matrix_lianjia_pc/dist/pc/src/resource/default/780-439.png?_v=2019062712185388b', 'https://s1.ljcdn.com/matrix_lianjia_pc/dist/pc/src/resource/default/780-439.png?_v=2019062712185388b', 'https://s1.ljcdn.com/matrix_lianjia_pc/dist/pc/src/resource/default/780-439.png?_v=2019062712185388b']",9个月前,随时入住,3年以上,需提前预约,中楼层/14层,有,免费使用,民水,民电,有,暂无数据,"['近地铁', '精装', '双卫生间']","['2号线(蛇口线) - 香蜜', '450m', '2号线(蛇口线) - 侨香', '944m', '2号线(蛇口线),7号线 - 安托山', '967m']",22.560612938934,114.02604096397
