房源地址,行政区,位置,标题,租金,租赁方式,户型,面积,朝向,图片列表,发布时间,入住时间,租期,看房时间,楼层,电梯,车位,用水,用电,燃气,采暖,标签,station,latitude,longtitude
https://sz.lianjia.com/apartment/17142.html,,,万科泊寓 · 福永芳华公社,"
万科泊寓 · 福永芳华公社

          816元/月起

",,,,,"['https://image1.ljcdn.com/rent-user-avatar/1e238fd8-5029-4fd1-9280-29871ae08a4d.1150x.jpg', 'https://s1.ljcdn.com/matrix_lianjia_pc/dist/pc/src/resource/default/1150-450.png?_v=201906280941017d9', 'https://s1.ljcdn.com/matrix_lianjia_pc/dist/pc/src/resource/default/1150-450.png?_v=201906280941017d9']",,,,,,,,,,,,,[],22.674957,113.825288
https://sz.lianjia.com/apartment/15129.html,,,职业房东 · 南坑1店,"
职业房东 · 南坑1店

          1000元/月起

",,,,,"['https://image1.ljcdn.com/rent-user-avatar/96d96b26-734a-475d-96ed-94115bb1695c.1150x.jpg', 'https://s1.ljcdn.com/matrix_lianjia_pc/dist/pc/src/resource/default/1150-450.png?_v=201906280941017d9', 'https://s1.ljcdn.com/matrix_lianjia_pc/dist/pc/src/resource/default/1150-450.png?_v=201906280941017d9']",,,,,,,,,,,,,[],22.620186,114.069264
https://sz.lianjia.com/apartment/9509.html,,,平台认证机构 · 钟屋店,"
平台认证机构 · 钟屋店

          750元/月起

",,,,,['https://image1.ljcdn.com/rent-user-avatar/4168c5a5-463f-4b5e-a5f3-319632729136.1150x.jpg'],,,,,,,,,,,,,[],22.628735,113.850945
https://sz.lianjia.com/apartment/11081.html,,,尚驿时代青年公寓 · 别墅A区9栋,"
尚驿时代青年公寓 · 别墅A区9栋

          800元/月起

",,,,,"['https://image1.ljcdn.com/rent-user-avatar/da3e209e-238a-49e0-9df9-b1cf5d22ccd7.1150x.jpg', 'https://s1.ljcdn.com/matrix_lianjia_pc/dist/pc/src/resource/default/1150-450.png?_v=201906280941017d9', 'https://s1.ljcdn.com/matrix_lianjia_pc/dist/pc/src/resource/default/1150-450.png?_v=201906280941017d9', 'https://s1.ljcdn.com/matrix_lianjia_pc/dist/pc/src/resource/default/1150-450.png?_v=201906280941017d9', 'https://s1.ljcdn.com/matrix_lianjia_pc/dist/pc/src/resource/default/1150-450.png?_v=201906280941017d9', 'https://s1.ljcdn.com/matrix_lianjia_pc/dist/pc/src/resource/default/1150-450.png?_v=201906280941017d9', 'https://s1.ljcdn.com/matrix_lianjia_pc/dist/pc/src/resource/default/1150-450.png?_v=201906280941017d9', 'https://s1.ljcdn.com/matrix_lianjia_pc/dist/pc/src/resource/default/1150-450.png?_v=201906280941017d9']",,,,,,,,,,,,,[],22.699793,113.947871
https://sz.lianjia.com/apartment/19191.html,,,鸿都公寓 · 爱联地铁站店,"
鸿都公寓 · 爱联地铁站店

          820元/月起

",,,,,"['https://image1.ljcdn.com/rent-user-avatar/0a6a31d4-161d-4cb9-89a2-6c9d12d0b570.1150x.jpg', 'https://s1.ljcdn.com/matrix_lianjia_pc/dist/pc/src/resource/default/1150-450.png?_v=201906280941017d9', 'https://s1.ljcdn.com/matrix_lianjia_pc/dist/pc/src/resource/default/1150-450.png?_v=201906280941017d9', 'https://s1.ljcdn.com/matrix_lianjia_pc/dist/pc/src/resource/default/1150-450.png?_v=201906280941017d9', 'https://s1.ljcdn.com/matrix_lianjia_pc/dist/pc/src/resource/default/1150-450.png?_v=201906280941017d9', 'https://s1.ljcdn.com/matrix_lianjia_pc/dist/pc/src/resource/default/1150-450.png?_v=201906280941017d9', 'https://s1.ljcdn.com/matrix_lianjia_pc/dist/pc/src/resource/default/1150-450.png?_v=201906280941017d9', 'https://s1.ljcdn.com/matrix_lianjia_pc/dist/pc/src/resource/default/1150-450.png?_v=201906280941017d9']",,,,,,,,,,,,,[],22.698986,114.244849
https://sz.lianjia.com/apartment/15133.html,,,一加一公寓 · 沙井松岗,"
一加一公寓 · 沙井松岗

          650元/月起

",,,,,"['https://image1.ljcdn.com/rent-user-avatar/7310f6bc-e765-4850-98b7-098b635f321a.1150x.jpg', 'https://s1.ljcdn.com/matrix_lianjia_pc/dist/pc/src/resource/default/1150-450.png?_v=201906280941017d9', 'https://s1.ljcdn.com/matrix_lianjia_pc/dist/pc/src/resource/default/1150-450.png?_v=201906280941017d9']",,,,,,,,,,,,,[],22.774009,113.834945
https://sz.lianjia.com/apartment/15133.html,,,一加一公寓 · 沙井松岗,"
一加一公寓 · 沙井松岗

          650元/月起

",,,,,"['https://image1.ljcdn.com/rent-user-avatar/7310f6bc-e765-4850-98b7-098b635f321a.1150x.jpg', 'https://s1.ljcdn.com/matrix_lianjia_pc/dist/pc/src/resource/default/1150-450.png?_v=201906280941017d9', 'https://s1.ljcdn.com/matrix_lianjia_pc/dist/pc/src/resource/default/1150-450.png?_v=201906280941017d9']",,,,,,,,,,,,,[],22.774009,113.834945
https://sz.lianjia.com/apartment/14153.html,,,职业房东 · 领潮公寓,"
职业房东 · 领潮公寓

          650元/月起

",,,,,['https://image1.ljcdn.com/rent-user-avatar/88cf9eb6-13e6-45d6-a95f-3316f8f570dc.1150x.jpg'],,,,,,,,,,,,,[],22.783532,113.837373
https://sz.lianjia.com/apartment/7785.html,,,职业房东 · 荔香街店,"
职业房东 · 荔香街店

          780元/月起

",,,,,"['https://image1.ljcdn.com/rent-user-avatar/ee3e7f04-1b5d-4066-b695-03658ecf7d9f.1150x.jpg', 'https://s1.ljcdn.com/matrix_lianjia_pc/dist/pc/src/resource/default/1150-450.png?_v=201906280941017d9', 'https://s1.ljcdn.com/matrix_lianjia_pc/dist/pc/src/resource/default/1150-450.png?_v=201906280941017d9', 'https://s1.ljcdn.com/matrix_lianjia_pc/dist/pc/src/resource/default/1150-450.png?_v=201906280941017d9']",,,,,,,,,,,,,[],22.704864,114.139808
https://sz.lianjia.com/apartment/6129.html,,,职业房东 · 荔湖花园店,"
职业房东 · 荔湖花园店

          750元/月起

",,,,,"['https://image1.ljcdn.com/rent-user-avatar/ef30de92-0959-44c6-85d5-85762af49b0c.1150x.jpg', 'https://s1.ljcdn.com/matrix_lianjia_pc/dist/pc/src/resource/default/1150-450.png?_v=201906280941017d9']",,,,,,,,,,,,,[],22.688712,113.932706
https://sz.lianjia.com/apartment/15517.html,,,职业房东 · 梦上公寓塘坑店,"
职业房东 · 梦上公寓塘坑店

          900元/月起

",,,,,['https://image1.ljcdn.com/rent-user-avatar/406a87c3-c0df-4486-b249-7606eced79b0.1150x.jpg'],,,,,,,,,,,,,[],22.645767,114.198674
https://sz.lianjia.com/apartment/11079.html,,,尚驿时代青年公寓 · 别墅B区15栋,"
尚驿时代青年公寓 · 别墅B区15栋

          1000元/月起

",,,,,"['https://image1.ljcdn.com/rent-user-avatar/bb857fff-9c5f-4ca8-8bd1-d9f257e273d3.1150x.jpg', 'https://s1.ljcdn.com/matrix_lianjia_pc/dist/pc/src/resource/default/1150-450.png?_v=201906280941017d9', 'https://s1.ljcdn.com/matrix_lianjia_pc/dist/pc/src/resource/default/1150-450.png?_v=201906280941017d9', 'https://s1.ljcdn.com/matrix_lianjia_pc/dist/pc/src/resource/default/1150-450.png?_v=201906280941017d9', 'https://s1.ljcdn.com/matrix_lianjia_pc/dist/pc/src/resource/default/1150-450.png?_v=201906280941017d9', 'https://s1.ljcdn.com/matrix_lianjia_pc/dist/pc/src/resource/default/1150-450.png?_v=201906280941017d9', 'https://s1.ljcdn.com/matrix_lianjia_pc/dist/pc/src/resource/default/1150-450.png?_v=201906280941017d9']",,,,,,,,,,,,,[],22.699182,113.946821
https://sz.lianjia.com/apartment/6482.html,,,职业房东 · 洲石路店,"
职业房东 · 洲石路店

          750元/月起

",,,,,"['https://image1.ljcdn.com/rent-user-avatar/b20a870f-a7e1-4864-b033-9fc966b08cef.1150x.jpg', 'https://s1.ljcdn.com/matrix_lianjia_pc/dist/pc/src/resource/default/1150-450.png?_v=201906280941017d9']",,,,,,,,,,,,,[],22.676848,113.927186
https://sz.lianjia.com/apartment/7373.html,,,深圳居无忧公寓 · 西二村2号店,"
深圳居无忧公寓 · 西二村2号店

          750元/月起

",,,,,"['https://image1.ljcdn.com/rent-user-avatar/28728539-daae-4900-ba4d-869290b268eb.1150x.jpg', 'https://s1.ljcdn.com/matrix_lianjia_pc/dist/pc/src/resource/default/1150-450.png?_v=201906280941017d9', 'https://s1.ljcdn.com/matrix_lianjia_pc/dist/pc/src/resource/default/1150-450.png?_v=201906280941017d9', 'https://s1.ljcdn.com/matrix_lianjia_pc/dist/pc/src/resource/default/1150-450.png?_v=201906280941017d9', 'https://s1.ljcdn.com/matrix_lianjia_pc/dist/pc/src/resource/default/1150-450.png?_v=201906280941017d9', 'https://s1.ljcdn.com/matrix_lianjia_pc/dist/pc/src/resource/default/1150-450.png?_v=201906280941017d9', 'https://s1.ljcdn.com/matrix_lianjia_pc/dist/pc/src/resource/default/1150-450.png?_v=201906280941017d9', 'https://s1.ljcdn.com/matrix_lianjia_pc/dist/pc/src/resource/default/1150-450.png?_v=201906280941017d9', 'https://s1.ljcdn.com/matrix_lianjia_pc/dist/pc/src/resource/default/1150-450.png?_v=201906280941017d9', 'https://s1.ljcdn.com/matrix_lianjia_pc/dist/pc/src/resource/default/1150-450.png?_v=201906280941017d9', 'https://s1.ljcdn.com/matrix_lianjia_pc/dist/pc/src/resource/default/1150-450.png?_v=201906280941017d9', 'https://s1.ljcdn.com/matrix_lianjia_pc/dist/pc/src/resource/default/1150-450.png?_v=201906280941017d9']",,,,,,,,,,,,,[],22.734402,114.277134
https://sz.lianjia.com/apartment/16772.html,,,职业房东 · 梦上公寓宝雅幼儿园店,"
职业房东 · 梦上公寓宝雅幼儿园店

          990元/月起

",,,,,['https://image1.ljcdn.com/rent-user-avatar/d72be9f5-436f-4507-aa2e-4ed4db08c593.1150x.jpg'],,,,,,,,,,,,,[],22.642249,114.071673
https://sz.lianjia.com/apartment/3583.html,,,职业房东 · 家馨公寓吉祥店,"
职业房东 · 家馨公寓吉祥店

          880元/月起

",,,,,['https://image1.ljcdn.com/rent-user-avatar/fa504507-d2c6-4285-bdd1-59fb74faa126.1150x.jpg'],,,,,,,,,,,,,[],22.705145,114.253429
https://sz.lianjia.com/apartment/8673.html,,,职业房东 · 雅韵公寓 桥塘10号店,"
职业房东 · 雅韵公寓 桥塘10号店

          750元/月起

",,,,,['https://image1.ljcdn.com/rent-user-avatar/410f9d3e-896a-4042-aa79-fed0ecdb3aa2.1150x.jpg'],,,,,,,,,,,,,[],22.698784,113.812878
https://sz.lianjia.com/apartment/4146.html,,,职业房东 · 塘上湾公寓,"
职业房东 · 塘上湾公寓

          600元/月起

",,,,,"['https://image1.ljcdn.com/rent-user-avatar/0b5fcbf5-df45-410a-909e-7234ba9ae7fe.1150x.jpg', 'https://s1.ljcdn.com/matrix_lianjia_pc/dist/pc/src/resource/default/1150-450.png?_v=201906280941017d9', 'https://s1.ljcdn.com/matrix_lianjia_pc/dist/pc/src/resource/default/1150-450.png?_v=201906280941017d9', 'https://s1.ljcdn.com/matrix_lianjia_pc/dist/pc/src/resource/default/1150-450.png?_v=201906280941017d9', 'https://s1.ljcdn.com/matrix_lianjia_pc/dist/pc/src/resource/default/1150-450.png?_v=201906280941017d9']",,,,,,,,,,,,,[],22.710588,114.316842
https://sz.lianjia.com/apartment/13999.html,,,鸿都公寓 · 南联地铁站店,"
鸿都公寓 · 南联地铁站店

          995元/月起

",,,,,"['https://image1.ljcdn.com/rent-user-avatar/167ebfa2-a88f-4da0-9ae6-44c93e1362c0.1150x.jpg', 'https://s1.ljcdn.com/matrix_lianjia_pc/dist/pc/src/resource/default/1150-450.png?_v=201906280941017d9', 'https://s1.ljcdn.com/matrix_lianjia_pc/dist/pc/src/resource/default/1150-450.png?_v=201906280941017d9', 'https://s1.ljcdn.com/matrix_lianjia_pc/dist/pc/src/resource/default/1150-450.png?_v=201906280941017d9', 'https://s1.ljcdn.com/matrix_lianjia_pc/dist/pc/src/resource/default/1150-450.png?_v=201906280941017d9', 'https://s1.ljcdn.com/matrix_lianjia_pc/dist/pc/src/resource/default/1150-450.png?_v=201906280941017d9', 'https://s1.ljcdn.com/matrix_lianjia_pc/dist/pc/src/resource/default/1150-450.png?_v=201906280941017d9', 'https://s1.ljcdn.com/matrix_lianjia_pc/dist/pc/src/resource/default/1150-450.png?_v=201906280941017d9', 'https://s1.ljcdn.com/matrix_lianjia_pc/dist/pc/src/resource/default/1150-450.png?_v=201906280941017d9', 'https://s1.ljcdn.com/matrix_lianjia_pc/dist/pc/src/resource/default/1150-450.png?_v=201906280941017d9']",,,,,,,,,,,,,[],22.728088,114.270227
https://sz.lianjia.com/apartment/17142.html,,,万科泊寓 · 福永芳华公社,"
万科泊寓 · 福永芳华公社

          816元/月起

",,,,,"['https://image1.ljcdn.com/rent-user-avatar/1e238fd8-5029-4fd1-9280-29871ae08a4d.1150x.jpg', 'https://s1.ljcdn.com/matrix_lianjia_pc/dist/pc/src/resource/default/1150-450.png?_v=201906280941017d9', 'https://s1.ljcdn.com/matrix_lianjia_pc/dist/pc/src/resource/default/1150-450.png?_v=201906280941017d9']",,,,,,,,,,,,,[],22.674957,113.825288
https://sz.lianjia.com/apartment/7846.html,,,职业房东 · 爱联蒲排店,"
职业房东 · 爱联蒲排店

          800元/月起

",,,,,"['https://image1.ljcdn.com/rent-user-avatar/cef9ecc5-a7e9-465e-8e05-5712bdd961cc.1150x.jpg', 'https://s1.ljcdn.com/matrix_lianjia_pc/dist/pc/src/resource/default/1150-450.png?_v=201906280941017d9']",,,,,,,,,,,,,[],22.702306,114.24857
https://sz.lianjia.com/apartment/17945.html,,,职业房东 · 碧海湾二店,"
职业房东 · 碧海湾二店

          999元/月起

",,,,,['https://image1.ljcdn.com/rent-user-avatar/a4514e2e-da4d-468f-9b14-f16f63a7d13c.1150x.jpg'],,,,,,,,,,,,,[],22.596786,113.845748
https://sz.lianjia.com/apartment/17091.html,,,职业房东 · 福海公寓,"
职业房东 · 福海公寓

          650元/月起

",,,,,"['https://image1.ljcdn.com/rent-user-avatar/785b5232-1bf8-40e4-aa93-c5a32c1465ba.1150x.jpg', 'https://s1.ljcdn.com/matrix_lianjia_pc/dist/pc/src/resource/default/1150-450.png?_v=201906280941017d9', 'https://s1.ljcdn.com/matrix_lianjia_pc/dist/pc/src/resource/default/1150-450.png?_v=201906280941017d9']",,,,,,,,,,,,,[],22.677866,113.828299
https://sz.lianjia.com/apartment/7291.html,,,职业房东 · 守珍街店,"
职业房东 · 守珍街店

          950元/月起

",,,,,['https://image1.ljcdn.com/rent-user-avatar/565f3adb-ee6f-4f9b-a834-e7dbbbe9b683.1150x.jpg'],,,,,,,,,,,,,[],22.703064,114.141038
https://sz.lianjia.com/apartment/3144.html,,,Odin微社区 · 南约店,"
Odin微社区 · 南约店

          790元/月起

",,,,,"['https://image1.ljcdn.com/rent-user-avatar/ee420696-e0ec-47cf-8d58-a2aef6e9f8a0.1150x.jpg', 'https://s1.ljcdn.com/matrix_lianjia_pc/dist/pc/src/resource/default/1150-450.png?_v=201906280941017d9']",,,,,,,,,,,,,[],22.711385,114.281639
https://sz.lianjia.com/apartment/7848.html,,,职业房东 · 爱联宝荷店,"
职业房东 · 爱联宝荷店

          850元/月起

",,,,,"['https://image1.ljcdn.com/rent-user-avatar/8b21e10d-9a65-4c4c-9b29-0bd19ab092e7.1150x.jpg', 'https://s1.ljcdn.com/matrix_lianjia_pc/dist/pc/src/resource/default/1150-450.png?_v=201906280941017d9']",,,,,,,,,,,,,[],22.702331,114.24786
https://sz.lianjia.com/apartment/7785.html,,,职业房东 · 荔香街店,"
职业房东 · 荔香街店

          780元/月起

",,,,,"['https://image1.ljcdn.com/rent-user-avatar/ee3e7f04-1b5d-4066-b695-03658ecf7d9f.1150x.jpg', 'https://s1.ljcdn.com/matrix_lianjia_pc/dist/pc/src/resource/default/1150-450.png?_v=201906280941017d9', 'https://s1.ljcdn.com/matrix_lianjia_pc/dist/pc/src/resource/default/1150-450.png?_v=201906280941017d9', 'https://s1.ljcdn.com/matrix_lianjia_pc/dist/pc/src/resource/default/1150-450.png?_v=201906280941017d9']",,,,,,,,,,,,,[],22.704864,114.139808
https://sz.lianjia.com/apartment/9496.html,,,随寓 · 随寓（大浪商业中心店）,"
随寓 · 随寓（大浪商业中心店）

          860元/月起

",,,,,"['https://image1.ljcdn.com/rent-user-avatar/b9748172-1dce-458b-9c9a-5d7b1c5750a8.1150x.jpg', 'https://s1.ljcdn.com/matrix_lianjia_pc/dist/pc/src/resource/default/1150-450.png?_v=201906280941017d9', 'https://s1.ljcdn.com/matrix_lianjia_pc/dist/pc/src/resource/default/1150-450.png?_v=201906280941017d9', 'https://s1.ljcdn.com/matrix_lianjia_pc/dist/pc/src/resource/default/1150-450.png?_v=201906280941017d9']",,,,,,,,,,,,,[],22.678472,114.005965
https://sz.lianjia.com/apartment/1532.html,,,职业房东 · 祺寓,"
职业房东 · 祺寓

          880元/月起

",,,,,"['https://image1.ljcdn.com/rent-user-avatar/1e0f16cf-bfaf-4bc0-9bd8-4d6a03a30b43.1150x.jpg', 'https://s1.ljcdn.com/matrix_lianjia_pc/dist/pc/src/resource/default/1150-450.png?_v=201906280941017d9', 'https://s1.ljcdn.com/matrix_lianjia_pc/dist/pc/src/resource/default/1150-450.png?_v=201906280941017d9', 'https://s1.ljcdn.com/matrix_lianjia_pc/dist/pc/src/resource/default/1150-450.png?_v=201906280941017d9', 'https://s1.ljcdn.com/matrix_lianjia_pc/dist/pc/src/resource/default/1150-450.png?_v=201906280941017d9', 'https://s1.ljcdn.com/matrix_lianjia_pc/dist/pc/src/resource/default/1150-450.png?_v=201906280941017d9', 'https://s1.ljcdn.com/matrix_lianjia_pc/dist/pc/src/resource/default/1150-450.png?_v=201906280941017d9', 'https://s1.ljcdn.com/matrix_lianjia_pc/dist/pc/src/resource/default/1150-450.png?_v=201906280941017d9', 'https://s1.ljcdn.com/matrix_lianjia_pc/dist/pc/src/resource/default/1150-450.png?_v=201906280941017d9', 'https://s1.ljcdn.com/matrix_lianjia_pc/dist/pc/src/resource/default/1150-450.png?_v=201906280941017d9', 'https://s1.ljcdn.com/matrix_lianjia_pc/dist/pc/src/resource/default/1150-450.png?_v=201906280941017d9', 'https://s1.ljcdn.com/matrix_lianjia_pc/dist/pc/src/resource/default/1150-450.png?_v=201906280941017d9', 'https://s1.ljcdn.com/matrix_lianjia_pc/dist/pc/src/resource/default/1150-450.png?_v=201906280941017d9', 'https://s1.ljcdn.com/matrix_lianjia_pc/dist/pc/src/resource/default/1150-450.png?_v=201906280941017d9', 'https://s1.ljcdn.com/matrix_lianjia_pc/dist/pc/src/resource/default/1150-450.png?_v=201906280941017d9', 'https://s1.ljcdn.com/matrix_lianjia_pc/dist/pc/src/resource/default/1150-450.png?_v=201906280941017d9', 'https://s1.ljcdn.com/matrix_lianjia_pc/dist/pc/src/resource/default/1150-450.png?_v=201906280941017d9']",,,,,,,,,,,,,[],22.732853,113.910344
https://sz.lianjia.com/apartment/4574.html,,,幸福湾公寓 · 簕竹角店,"
幸福湾公寓 · 簕竹角店

          880元/月起

",,,,,"['https://image1.ljcdn.com/rent-user-avatar/5da188e6-4dc4-439f-a7b2-3616afbd60b8.1150x.jpg', 'https://s1.ljcdn.com/matrix_lianjia_pc/dist/pc/src/resource/default/1150-450.png?_v=201906280941017d9']",,,,,,,,,,,,,[],22.669838,113.87429
