房源地址,行政区,位置,标题,租金,租赁方式,户型,面积,朝向,图片列表,发布时间,入住时间,租期,看房时间,楼层,电梯,车位,用水,用电,燃气,采暖,标签,station,latitude,longtitude
https://sz.lianjia.com/zufang/SZ2285002712376680448.html,龙岗区,横岗,合租·麟恒中心广场二期 3居室 南卧,810元/月 (月付价),合租,3室1厅2卫,6㎡,朝南,"['https://image1.ljcdn.com/rent-user-avatar/0ac6769b-9819-49d8-a1c9-178ebda8df1f.780x439.jpg', 'https://s1.ljcdn.com/matrix_lianjia_pc/dist/pc/src/resource/default/780-439.png?_v=201906280941017d9', 'https://s1.ljcdn.com/matrix_lianjia_pc/dist/pc/src/resource/default/780-439.png?_v=201906280941017d9', 'https://s1.ljcdn.com/matrix_lianjia_pc/dist/pc/src/resource/default/780-439.png?_v=201906280941017d9', 'https://s1.ljcdn.com/matrix_lianjia_pc/dist/pc/src/resource/default/780-439.png?_v=201906280941017d9', 'https://s1.ljcdn.com/matrix_lianjia_pc/dist/pc/src/resource/default/780-439.png?_v=201906280941017d9', 'https://s1.ljcdn.com/matrix_lianjia_pc/dist/pc/src/resource/default/780-439.png?_v=201906280941017d9', 'https://s1.ljcdn.com/matrix_lianjia_pc/dist/pc/src/resource/default/780-439.png?_v=201906280941017d9']",5天前,随时入住,1年,随时可看,17/33层,有,暂无数据,民水,民电,有,暂无数据,"['近地铁', '精装', '新上', '随时看房']","['3号线(龙岗线) - 六约', '1049m']",22.644282,114.190586
https://sz.lianjia.com/zufang/SZ2276554997715959808.html,龙华区,观澜,启点公寓 1室0厅 东南/南,600元/月 ,租赁方式未知,1室0厅1卫,17㎡,朝东南 南,"['https://image1.ljcdn.com/440300-inspection/7723ece4-22a9-4c49-b16b-0fa74db2d7ce.jpg.780x439.jpg', 'https://s1.ljcdn.com/matrix_lianjia_pc/dist/pc/src/resource/default/780-439.png?_v=201906280941017d9', 'https://s1.ljcdn.com/matrix_lianjia_pc/dist/pc/src/resource/default/780-439.png?_v=201906280941017d9', 'https://s1.ljcdn.com/matrix_lianjia_pc/dist/pc/src/resource/default/780-439.png?_v=201906280941017d9']",17天前,随时入住,暂无数据,需提前预约,低楼层/22层,暂无数据,暂无数据,暂无数据,暂无数据,有,暂无数据,[],[],22.747793,114.022873
https://sz.lianjia.com/zufang/SZ2274549187389964288.html,罗湖区,黄贝岭,景贝南小区 1室0厅 南,1000元/月 ,租赁方式未知,1室0厅1卫,10㎡,朝南,"['https://image1.ljcdn.com/hdic-frame/052c419a-40d8-4c09-bd4d-bcb971e2a12b.png.780x439.jpg', 'https://s1.ljcdn.com/matrix_lianjia_pc/dist/pc/src/resource/default/780-439.png?_v=201906280941017d9', 'https://s1.ljcdn.com/matrix_lianjia_pc/dist/pc/src/resource/default/780-439.png?_v=201906280941017d9']",20天前,随时入住,暂无数据,需提前预约,低楼层/8层,无,暂无数据,民水,民电,有,暂无数据,['近地铁'],"['5号线(环中线) - 怡景', '140m', '3号线(龙岗线) - 翠竹', '935m', '2号线(蛇口线),5号线(环中线) - 黄贝岭', '937m', '2号线(蛇口线) - 新秀', '1161m']",22.559376207774,114.14746344477
https://sz.lianjia.com/zufang/SZ2278065439467126784.html,龙岗区,龙岗中心城,竹沁苑公寓 1室0厅 南,1000元/月 ,租赁方式未知,1室0厅1卫,25㎡,朝南,"['https://image1.ljcdn.com/440300-inspection/b7e06279-b8a7-4922-9966-5bfa64bc2347.jpg.780x439.jpg', 'https://s1.ljcdn.com/matrix_lianjia_pc/dist/pc/src/resource/default/780-439.png?_v=201906280941017d9', 'https://s1.ljcdn.com/matrix_lianjia_pc/dist/pc/src/resource/default/780-439.png?_v=201906280941017d9']",15天前,随时入住,暂无数据,需提前预约,中楼层/9层,有,暂无数据,民水,民电,有,暂无数据,[],[],22.741138,114.259722
https://sz.lianjia.com/zufang/SZ2286162250819706880.html,龙岗区,大运新城,整租·爱联B区 1室0厅 南,850元/月 (月付价),整租,1室0厅1卫,20㎡,朝南,"['https://image1.ljcdn.com/rent-user-avatar/3cfabdc2-2f2c-452e-8bbc-3ddd0e23c4a5.780x439.jpg', 'https://s1.ljcdn.com/matrix_lianjia_pc/dist/pc/src/resource/default/780-439.png?_v=201906280941017d9', 'https://s1.ljcdn.com/matrix_lianjia_pc/dist/pc/src/resource/default/780-439.png?_v=201906280941017d9', 'https://s1.ljcdn.com/matrix_lianjia_pc/dist/pc/src/resource/default/780-439.png?_v=201906280941017d9', 'https://s1.ljcdn.com/matrix_lianjia_pc/dist/pc/src/resource/default/780-439.png?_v=201906280941017d9']",4天前,随时入住,3~6个月,随时可看,2/10层,暂无数据,暂无数据,暂无数据,暂无数据,暂无数据,暂无数据,"['公寓', '月租', '近地铁', '精装', '押一付一', '新上', '随时看房']","['3号线(龙岗线) - 爱联', '542m', '3号线(龙岗线) - 大运', '1115m']",22.699869,114.239898
https://sz.lianjia.com/apartment/6866.html,,,恬心公寓 · 恬心公寓三和村7号店,"
恬心公寓 · 恬心公寓三和村7号店

          650元/月起

",,,,,['https://image1.ljcdn.com/rent-user-avatar/c1b5e4d1-d932-47ac-8989-7bea730c329d.1150x.jpg'],,,,,,,,,,,,,[],22.731527,114.285231
https://sz.lianjia.com/apartment/12813.html,,,米琪公寓 · 固戍3店,"
米琪公寓 · 固戍3店

          800元/月起

",,,,,['https://image1.ljcdn.com/rent-user-avatar/849ad15c-ed19-4c9d-8e0c-c58af4d6df88.1150x.jpg'],,,,,,,,,,,,,[],22.617368,113.847187
https://sz.lianjia.com/apartment/14646.html,,,简尚公寓 · 坂田店,"
简尚公寓 · 坂田店

          888元/月起

",,,,,"['https://image1.ljcdn.com/rent-user-avatar/caf2223e-8f34-48c5-a881-d029a784b5d4.1150x.jpg', 'https://s1.ljcdn.com/matrix_lianjia_pc/dist/pc/src/resource/default/1150-450.png?_v=201906280941017d9', 'https://s1.ljcdn.com/matrix_lianjia_pc/dist/pc/src/resource/default/1150-450.png?_v=201906280941017d9', 'https://s1.ljcdn.com/matrix_lianjia_pc/dist/pc/src/resource/default/1150-450.png?_v=201906280941017d9', 'https://s1.ljcdn.com/matrix_lianjia_pc/dist/pc/src/resource/default/1150-450.png?_v=201906280941017d9', 'https://s1.ljcdn.com/matrix_lianjia_pc/dist/pc/src/resource/default/1150-450.png?_v=201906280941017d9', 'https://s1.ljcdn.com/matrix_lianjia_pc/dist/pc/src/resource/default/1150-450.png?_v=201906280941017d9', 'https://s1.ljcdn.com/matrix_lianjia_pc/dist/pc/src/resource/default/1150-450.png?_v=201906280941017d9', 'https://s1.ljcdn.com/matrix_lianjia_pc/dist/pc/src/resource/default/1150-450.png?_v=201906280941017d9', 'https://s1.ljcdn.com/matrix_lianjia_pc/dist/pc/src/resource/default/1150-450.png?_v=201906280941017d9', 'https://s1.ljcdn.com/matrix_lianjia_pc/dist/pc/src/resource/default/1150-450.png?_v=201906280941017d9']",,,,,,,,,,,,,[],22.664047,114.069789
https://sz.lianjia.com/apartment/12388.html,,,合富创寓 · 马安山店,"
合富创寓 · 马安山店

          880元/月起

",,,,,"['https://image1.ljcdn.com/rent-user-avatar/f4b8f0cf-69ed-44ed-8a38-57656fa8fa3d.1150x.jpg', 'https://s1.ljcdn.com/matrix_lianjia_pc/dist/pc/src/resource/default/1150-450.png?_v=201906280941017d9', 'https://s1.ljcdn.com/matrix_lianjia_pc/dist/pc/src/resource/default/1150-450.png?_v=201906280941017d9', 'https://s1.ljcdn.com/matrix_lianjia_pc/dist/pc/src/resource/default/1150-450.png?_v=201906280941017d9', 'https://s1.ljcdn.com/matrix_lianjia_pc/dist/pc/src/resource/default/1150-450.png?_v=201906280941017d9', 'https://s1.ljcdn.com/matrix_lianjia_pc/dist/pc/src/resource/default/1150-450.png?_v=201906280941017d9', 'https://s1.ljcdn.com/matrix_lianjia_pc/dist/pc/src/resource/default/1150-450.png?_v=201906280941017d9', 'https://s1.ljcdn.com/matrix_lianjia_pc/dist/pc/src/resource/default/1150-450.png?_v=201906280941017d9', 'https://s1.ljcdn.com/matrix_lianjia_pc/dist/pc/src/resource/default/1150-450.png?_v=201906280941017d9', 'https://s1.ljcdn.com/matrix_lianjia_pc/dist/pc/src/resource/default/1150-450.png?_v=201906280941017d9', 'https://s1.ljcdn.com/matrix_lianjia_pc/dist/pc/src/resource/default/1150-450.png?_v=201906280941017d9', 'https://s1.ljcdn.com/matrix_lianjia_pc/dist/pc/src/resource/default/1150-450.png?_v=201906280941017d9', 'https://s1.ljcdn.com/matrix_lianjia_pc/dist/pc/src/resource/default/1150-450.png?_v=201906280941017d9', 'https://s1.ljcdn.com/matrix_lianjia_pc/dist/pc/src/resource/default/1150-450.png?_v=201906280941017d9', 'https://s1.ljcdn.com/matrix_lianjia_pc/dist/pc/src/resource/default/1150-450.png?_v=201906280941017d9', 'https://s1.ljcdn.com/matrix_lianjia_pc/dist/pc/src/resource/default/1150-450.png?_v=201906280941017d9', 'https://s1.ljcdn.com/matrix_lianjia_pc/dist/pc/src/resource/default/1150-450.png?_v=201906280941017d9', 'https://s1.ljcdn.com/matrix_lianjia_pc/dist/pc/src/resource/default/1150-450.png?_v=201906280941017d9', 'https://s1.ljcdn.com/matrix_lianjia_pc/dist/pc/src/resource/default/1150-450.png?_v=201906280941017d9', 'https://s1.ljcdn.com/matrix_lianjia_pc/dist/pc/src/resource/default/1150-450.png?_v=201906280941017d9']",,,,,,,,,,,,,[],22.724884,113.821344
https://sz.lianjia.com/apartment/16119.html,,,WeWa创享域 · 创享家·深圳坂田天安云谷店,"
WeWa创享域 · 创享家·深圳坂田天安云谷店

          850元/月起

",,,,,"['https://image1.ljcdn.com/rent-user-avatar/5759d337-0b8d-42c9-a485-14d1e85ed017.1150x.jpg', 'https://s1.ljcdn.com/matrix_lianjia_pc/dist/pc/src/resource/default/1150-450.png?_v=201906280941017d9', 'https://s1.ljcdn.com/matrix_lianjia_pc/dist/pc/src/resource/default/1150-450.png?_v=201906280941017d9', 'https://s1.ljcdn.com/matrix_lianjia_pc/dist/pc/src/resource/default/1150-450.png?_v=201906280941017d9']",,,,,,,,,,,,,[],22.656824,114.087604
https://sz.lianjia.com/apartment/3093.html,,,幸福里公寓 · 幸福里公寓坂田店,"
幸福里公寓 · 幸福里公寓坂田店

          700元/月起

",,,,,['https://image1.ljcdn.com/rent-user-avatar/f6c4583f-7b98-4152-8f86-06dbaed00376.1150x.jpg'],,,,,,,,,,,,,[],22.623729,114.073296
https://sz.lianjia.com/apartment/1822.html,,,金湖公寓 · 万悦城,"
金湖公寓 · 万悦城

          500元/月起

",,,,,"['https://image1.ljcdn.com/rent-user-avatar/ffebdbf3-44c2-403b-a061-9b9d28fa9113.1150x.jpg', 'https://s1.ljcdn.com/matrix_lianjia_pc/dist/pc/src/resource/default/1150-450.png?_v=201906280941017d9', 'https://s1.ljcdn.com/matrix_lianjia_pc/dist/pc/src/resource/default/1150-450.png?_v=201906280941017d9', 'https://s1.ljcdn.com/matrix_lianjia_pc/dist/pc/src/resource/default/1150-450.png?_v=201906280941017d9', 'https://s1.ljcdn.com/matrix_lianjia_pc/dist/pc/src/resource/default/1150-450.png?_v=201906280941017d9', 'https://s1.ljcdn.com/matrix_lianjia_pc/dist/pc/src/resource/default/1150-450.png?_v=201906280941017d9', 'https://s1.ljcdn.com/matrix_lianjia_pc/dist/pc/src/resource/default/1150-450.png?_v=201906280941017d9', 'https://s1.ljcdn.com/matrix_lianjia_pc/dist/pc/src/resource/default/1150-450.png?_v=201906280941017d9']",,,,,,,,,,,,,[],22.740552,114.018657
https://sz.lianjia.com/apartment/3240.html,,,金湖公寓 · 沙博小区61栋,"
金湖公寓 · 沙博小区61栋

          380元/月起

",,,,,"['https://image1.ljcdn.com/rent-user-avatar/bf9bafb0-42b6-4539-b23e-85866757f078.1150x.jpg', 'https://s1.ljcdn.com/matrix_lianjia_pc/dist/pc/src/resource/default/1150-450.png?_v=201906280941017d9', 'https://s1.ljcdn.com/matrix_lianjia_pc/dist/pc/src/resource/default/1150-450.png?_v=201906280941017d9', 'https://s1.ljcdn.com/matrix_lianjia_pc/dist/pc/src/resource/default/1150-450.png?_v=201906280941017d9', 'https://s1.ljcdn.com/matrix_lianjia_pc/dist/pc/src/resource/default/1150-450.png?_v=201906280941017d9']",,,,,,,,,,,,,[],22.71109,114.088298
https://sz.lianjia.com/apartment/17141.html,,,职业房东 · 固戍南昌店·光多耀公寓,"
职业房东 · 固戍南昌店·光多耀公寓

          850元/月起

",,,,,"['https://image1.ljcdn.com/rent-user-avatar/5b9c5421-6dd0-4a80-a40f-4eb738d662e8.1150x.jpg', 'https://s1.ljcdn.com/matrix_lianjia_pc/dist/pc/src/resource/default/1150-450.png?_v=201906280941017d9']",,,,,,,,,,,,,[],22.605027,113.84738
https://sz.lianjia.com/apartment/13540.html,,,湾流国际青年社区 · 福永店,"
湾流国际青年社区 · 福永店

          500元/月起

",,,,,"['https://image1.ljcdn.com/rent-user-avatar/c5c45dd2-5a78-43b7-afa4-e9855b0b191f.1150x.jpg', 'https://s1.ljcdn.com/matrix_lianjia_pc/dist/pc/src/resource/default/1150-450.png?_v=201906280941017d9', 'https://s1.ljcdn.com/matrix_lianjia_pc/dist/pc/src/resource/default/1150-450.png?_v=201906280941017d9', 'https://s1.ljcdn.com/matrix_lianjia_pc/dist/pc/src/resource/default/1150-450.png?_v=201906280941017d9', 'https://s1.ljcdn.com/matrix_lianjia_pc/dist/pc/src/resource/default/1150-450.png?_v=201906280941017d9', 'https://s1.ljcdn.com/matrix_lianjia_pc/dist/pc/src/resource/default/1150-450.png?_v=201906280941017d9', 'https://s1.ljcdn.com/matrix_lianjia_pc/dist/pc/src/resource/default/1150-450.png?_v=201906280941017d9', 'https://s1.ljcdn.com/matrix_lianjia_pc/dist/pc/src/resource/default/1150-450.png?_v=201906280941017d9', 'https://s1.ljcdn.com/matrix_lianjia_pc/dist/pc/src/resource/default/1150-450.png?_v=201906280941017d9', 'https://s1.ljcdn.com/matrix_lianjia_pc/dist/pc/src/resource/default/1150-450.png?_v=201906280941017d9', 'https://s1.ljcdn.com/matrix_lianjia_pc/dist/pc/src/resource/default/1150-450.png?_v=201906280941017d9']",,,,,,,,,,,,,[],22.686991,113.812886
https://sz.lianjia.com/apartment/16391.html,,,乐乎城市青年社区 · 乐乎有朋·风景青年公寓,"
乐乎城市青年社区 · 乐乎有朋·风景青年公寓

          900元/月起

",,,,,"['https://image1.ljcdn.com/rent-house-1/492de982d6f30ec08c539e6056309399-1552988643698/d3d0ee62a33e479126b59f9dc5327e87.jpg.1150x.jpg', 'https://s1.ljcdn.com/matrix_lianjia_pc/dist/pc/src/resource/default/1150-450.png?_v=201906280941017d9']",,,,,,,,,,,,,[],22.63644,114.15749
https://sz.lianjia.com/zufang/SZ2279519254984531968.html,龙华区,龙华中心,合租·鸿荣源·壹成中心第七区 4居室 南卧,810元/月 (月付价),合租,4室1厅2卫,10㎡,朝南,"['https://image1.ljcdn.com/rent-user-avatar/1049c748-1c24-4a56-9276-ef6aa3621bdb.780x439.jpg', 'https://s1.ljcdn.com/matrix_lianjia_pc/dist/pc/src/resource/default/780-439.png?_v=201906280941017d9', 'https://s1.ljcdn.com/matrix_lianjia_pc/dist/pc/src/resource/default/780-439.png?_v=201906280941017d9', 'https://s1.ljcdn.com/matrix_lianjia_pc/dist/pc/src/resource/default/780-439.png?_v=201906280941017d9', 'https://s1.ljcdn.com/matrix_lianjia_pc/dist/pc/src/resource/default/780-439.png?_v=201906280941017d9', 'https://s1.ljcdn.com/matrix_lianjia_pc/dist/pc/src/resource/default/780-439.png?_v=201906280941017d9', 'https://s1.ljcdn.com/matrix_lianjia_pc/dist/pc/src/resource/default/780-439.png?_v=201906280941017d9']",13天前,随时入住,6~12个月,随时可看,41/52层,有,暂无数据,民水,民电,有,暂无数据,"['月租', '精装', '押一付一', '随时看房']",[],22.653172,114.036547
https://sz.lianjia.com/apartment/18281.html,,,乐乎城市青年社区 · 乐乎有朋·Z+house,"
乐乎城市青年社区 · 乐乎有朋·Z+house

          980元/月起

",,,,,"['https://image1.ljcdn.com/rent-house-1/492de982d6f30ec08c539e6056309399-1558592986674/d3d0ee62a33e479126b59f9dc5327e87.jpg.1150x.jpg', 'https://s1.ljcdn.com/matrix_lianjia_pc/dist/pc/src/resource/default/1150-450.png?_v=201906280941017d9']",,,,,,,,,,,,,[],22.71176,113.82015
https://sz.lianjia.com/apartment/15470.html,,,十六号公寓 · 宝安福永塘尾店,"
十六号公寓 · 宝安福永塘尾店

          700元/月起

",,,,,"['https://image1.ljcdn.com/rent-user-avatar/56f00888-15f3-4993-8b3a-28ce0a7950f7.1150x.jpg', 'https://s1.ljcdn.com/matrix_lianjia_pc/dist/pc/src/resource/default/1150-450.png?_v=201906280941017d9']",,,,,,,,,,,,,[],22.709174,113.823072
https://sz.lianjia.com/apartment/8901.html,,,职业房东 · 潇湘公寓新园路店,"
职业房东 · 潇湘公寓新园路店

          700元/月起

",,,,,"['https://image1.ljcdn.com/rent-user-avatar/2b5dccb0-4ef2-4404-b48c-3a8a83d5f285.1150x.jpg', 'https://s1.ljcdn.com/matrix_lianjia_pc/dist/pc/src/resource/default/1150-450.png?_v=201906280941017d9', 'https://s1.ljcdn.com/matrix_lianjia_pc/dist/pc/src/resource/default/1150-450.png?_v=201906280941017d9']",,,,,,,,,,,,,[],22.661828,114.22308
https://sz.lianjia.com/apartment/16824.html,,,WeWa创享域 · 松岗店,"
WeWa创享域 · 松岗店

          608元/月起

",,,,,"['https://image1.ljcdn.com/rent-user-avatar/d701a65e-0737-4e65-95b1-11e3c0c405d6.1150x.jpg', 'https://s1.ljcdn.com/matrix_lianjia_pc/dist/pc/src/resource/default/1150-450.png?_v=201906280941017d9', 'https://s1.ljcdn.com/matrix_lianjia_pc/dist/pc/src/resource/default/1150-450.png?_v=201906280941017d9', 'https://s1.ljcdn.com/matrix_lianjia_pc/dist/pc/src/resource/default/1150-450.png?_v=201906280941017d9']",,,,,,,,,,,,,[],22.784077,113.834829
https://sz.lianjia.com/apartment/16933.html,,,烁家公寓 · 固戍3号店,"
烁家公寓 · 固戍3号店

          980元/月起

",,,,,"['https://image1.ljcdn.com/rent-user-avatar/73b7c9b0-ebb5-4f3b-97b4-4c66af5629c7.1150x.jpg', 'https://s1.ljcdn.com/matrix_lianjia_pc/dist/pc/src/resource/default/1150-450.png?_v=201906280941017d9', 'https://s1.ljcdn.com/matrix_lianjia_pc/dist/pc/src/resource/default/1150-450.png?_v=201906280941017d9', 'https://s1.ljcdn.com/matrix_lianjia_pc/dist/pc/src/resource/default/1150-450.png?_v=201906280941017d9', 'https://s1.ljcdn.com/matrix_lianjia_pc/dist/pc/src/resource/default/1150-450.png?_v=201906280941017d9', 'https://s1.ljcdn.com/matrix_lianjia_pc/dist/pc/src/resource/default/1150-450.png?_v=201906280941017d9', 'https://s1.ljcdn.com/matrix_lianjia_pc/dist/pc/src/resource/default/1150-450.png?_v=201906280941017d9', 'https://s1.ljcdn.com/matrix_lianjia_pc/dist/pc/src/resource/default/1150-450.png?_v=201906280941017d9']",,,,,,,,,,,,,[],22.620191,113.851848
https://sz.lianjia.com/apartment/15470.html,,,十六号公寓 · 宝安福永塘尾店,"
十六号公寓 · 宝安福永塘尾店

          700元/月起

",,,,,"['https://image1.ljcdn.com/rent-user-avatar/56f00888-15f3-4993-8b3a-28ce0a7950f7.1150x.jpg', 'https://s1.ljcdn.com/matrix_lianjia_pc/dist/pc/src/resource/default/1150-450.png?_v=201906280941017d9']",,,,,,,,,,,,,[],22.709174,113.823072
https://sz.lianjia.com/apartment/3791.html,,,职业房东 · 水斗新围村11巷1号,"
职业房东 · 水斗新围村11巷1号

          800元/月起

",,,,,['https://image1.ljcdn.com/rent-user-avatar/00b118ee-3499-4603-9ed1-424a0e5ef55d.1150x.jpg'],,,,,,,,,,,,,[],22.643639,114.055289
https://sz.lianjia.com/apartment/7830.html,,,职业房东 · 小时光公寓2分店,"
职业房东 · 小时光公寓2分店

          650元/月起

",,,,,"['https://image1.ljcdn.com/rent-user-avatar/1af88806-bc25-427f-82b6-23d67200bbb2.1150x.jpg', 'https://s1.ljcdn.com/matrix_lianjia_pc/dist/pc/src/resource/default/1150-450.png?_v=201906280941017d9']",,,,,,,,,,,,,[],22.69545,113.816099
https://sz.lianjia.com/apartment/16932.html,,,职业房东 · 清湖2店,"
职业房东 · 清湖2店

          1000元/月起

",,,,,"['https://image1.ljcdn.com/rent-user-avatar/844b3b39-76ed-44bc-85e2-582b636996fc.1150x.jpg', 'https://s1.ljcdn.com/matrix_lianjia_pc/dist/pc/src/resource/default/1150-450.png?_v=201906280941017d9', 'https://s1.ljcdn.com/matrix_lianjia_pc/dist/pc/src/resource/default/1150-450.png?_v=201906280941017d9', 'https://s1.ljcdn.com/matrix_lianjia_pc/dist/pc/src/resource/default/1150-450.png?_v=201906280941017d9', 'https://s1.ljcdn.com/matrix_lianjia_pc/dist/pc/src/resource/default/1150-450.png?_v=201906280941017d9']",,,,,,,,,,,,,[],22.675364,114.031389
https://sz.lianjia.com/apartment/19017.html,,,希悦公寓 · 坪地店,"
希悦公寓 · 坪地店

          399元/月起

",,,,,['https://image1.ljcdn.com/rent-user-avatar/da2be9e5-cc5f-4ba0-9f59-ac0c65f993b8.1150x.jpg'],,,,,,,,,,,,,[],22.776082,114.285314
https://sz.lianjia.com/apartment/7027.html,,,职业房东 · 丰收城公寓,"
职业房东 · 丰收城公寓

          700元/月起

",,,,,['https://image1.ljcdn.com/rent-user-avatar/5f7f948f-138a-4876-a032-37104e2e8f36.1150x.jpg'],,,,,,,,,,,,,[],22.657505,114.202765
https://sz.lianjia.com/apartment/13600.html,,,职业房东 · 德亿公寓（龙胜店）,"
职业房东 · 德亿公寓（龙胜店）

          750元/月起

",,,,,"['https://image1.ljcdn.com/rent-user-avatar/84fd3b55-489c-413e-858b-73c07e99b543.1150x.jpg', 'https://s1.ljcdn.com/matrix_lianjia_pc/dist/pc/src/resource/default/1150-450.png?_v=201906280941017d9']",,,,,,,,,,,,,[],22.666931,114.011678
https://sz.lianjia.com/apartment/18524.html,,,乐乎城市青年社区 · 乐乎有朋·圆点公寓,"
乐乎城市青年社区 · 乐乎有朋·圆点公寓

          848元/月起

",,,,,"['https://image1.ljcdn.com/rent-user-avatar/049fb4f7-0cd6-4d84-ad2c-6a160d2d3d09.1150x.jpg', 'https://s1.ljcdn.com/matrix_lianjia_pc/dist/pc/src/resource/default/1150-450.png?_v=201906280941017d9', 'https://s1.ljcdn.com/matrix_lianjia_pc/dist/pc/src/resource/default/1150-450.png?_v=201906280941017d9', 'https://s1.ljcdn.com/matrix_lianjia_pc/dist/pc/src/resource/default/1150-450.png?_v=201906280941017d9', 'https://s1.ljcdn.com/matrix_lianjia_pc/dist/pc/src/resource/default/1150-450.png?_v=201906280941017d9']",,,,,,,,,,,,,[],22.670689,113.817278
