房源地址,行政区,位置,标题,租金,租赁方式,户型,面积,朝向,图片列表,发布时间,入住时间,租期,看房时间,楼层,电梯,车位,用水,用电,燃气,采暖,标签,station,latitude,longtitude
https://sz.lianjia.com/zufang/SZ2286148829952606208.html,南山区,蛇口,整租·集悦城荔山公寓 1室1厅 复式 东/东南/南/西南/西,2000元/月 (月付价),整租,1室1厅1卫,18㎡,朝东 东南 南 西南 西,"['https://image1.ljcdn.com/rent-user-avatar/0b254406-db5e-4b97-8e1e-e06475956d96.780x439.jpg', 'https://s1.ljcdn.com/matrix_lianjia_pc/dist/pc/src/resource/default/780-439.png?_v=201906280941017d9', 'https://s1.ljcdn.com/matrix_lianjia_pc/dist/pc/src/resource/default/780-439.png?_v=201906280941017d9', 'https://s1.ljcdn.com/matrix_lianjia_pc/dist/pc/src/resource/default/780-439.png?_v=201906280941017d9', 'https://s1.ljcdn.com/matrix_lianjia_pc/dist/pc/src/resource/default/780-439.png?_v=201906280941017d9', 'https://s1.ljcdn.com/matrix_lianjia_pc/dist/pc/src/resource/default/780-439.png?_v=201906280941017d9', 'https://s1.ljcdn.com/matrix_lianjia_pc/dist/pc/src/resource/default/780-439.png?_v=201906280941017d9', 'https://s1.ljcdn.com/matrix_lianjia_pc/dist/pc/src/resource/default/780-439.png?_v=201906280941017d9']",4天前,随时入住,3~12个月,随时可看,3/4层,暂无数据,暂无数据,暂无数据,暂无数据,暂无数据,暂无数据,"['公寓', '月租', '精装', '新上', '随时看房']",[],22.497171,113.899866
https://sz.lianjia.com/zufang/SZ2281083923717169152.html,龙岗区,丹竹头,英郡年华 1室0厅 西南,1900元/月 ,租赁方式未知,1室0厅1卫,89㎡,朝西南,"['https://image1.ljcdn.com/440300-inspection/25445d2a-8d17-47e5-8853-961419a96fe3.jpg.780x439.jpg', 'https://s1.ljcdn.com/matrix_lianjia_pc/dist/pc/src/resource/default/780-439.png?_v=201906280941017d9', 'https://s1.ljcdn.com/matrix_lianjia_pc/dist/pc/src/resource/default/780-439.png?_v=201906280941017d9', 'https://s1.ljcdn.com/matrix_lianjia_pc/dist/pc/src/resource/default/780-439.png?_v=201906280941017d9', 'https://s1.ljcdn.com/matrix_lianjia_pc/dist/pc/src/resource/default/780-439.png?_v=201906280941017d9', 'https://s1.ljcdn.com/matrix_lianjia_pc/dist/pc/src/resource/default/780-439.png?_v=201906280941017d9', 'https://s1.ljcdn.com/matrix_lianjia_pc/dist/pc/src/resource/default/780-439.png?_v=201906280941017d9', 'https://s1.ljcdn.com/matrix_lianjia_pc/dist/pc/src/resource/default/780-439.png?_v=201906280941017d9', 'https://s1.ljcdn.com/matrix_lianjia_pc/dist/pc/src/resource/default/780-439.png?_v=201906280941017d9']",6天前,随时入住,暂无数据,需提前预约,低楼层/31层,有,暂无数据,民水,民电,有,暂无数据,"['近地铁', '新上', '随时看房']","['3号线(龙岗线) - 丹竹头', '355m']",22.622233984324,114.15678995395
https://sz.lianjia.com/zufang/SZ2234744202041245696.html,宝安区,西乡,福中福花园一期 1室1厅 西南,2000元/月 ,租赁方式未知,1室1厅1卫,20㎡,朝西南,"['https://image1.ljcdn.com/440300-inspection/5bed3346-76cd-4953-9f4c-f15d8c3fe28f.jpg.780x439.jpg', 'https://s1.ljcdn.com/matrix_lianjia_pc/dist/pc/src/resource/default/780-439.png?_v=201906280941017d9', 'https://s1.ljcdn.com/matrix_lianjia_pc/dist/pc/src/resource/default/780-439.png?_v=201906280941017d9', 'https://s1.ljcdn.com/matrix_lianjia_pc/dist/pc/src/resource/default/780-439.png?_v=201906280941017d9']",2个月前,随时入住,暂无数据,需提前预约,低楼层/8层,无,暂无数据,民水,民电,有,暂无数据,"['近地铁', '随时看房']","['1号线(罗宝线) - 坪洲', '375m', '1号线(罗宝线) - 宝体', '901m']",22.57120871356,113.88010930274
https://sz.lianjia.com/zufang/SZ2282527669357133824.html,大鹏新区,大鹏半岛,承翰半山海 1室1厅 西南,2000元/月 ,租赁方式未知,1室1厅1卫,36㎡,朝西南,"['https://image1.ljcdn.com/440300-inspection/6ed536bc-4783-4968-87dc-252dc9ce3ff1.jpg.780x439.jpg', 'https://s1.ljcdn.com/matrix_lianjia_pc/dist/pc/src/resource/default/780-439.png?_v=201906280941017d9', 'https://s1.ljcdn.com/matrix_lianjia_pc/dist/pc/src/resource/default/780-439.png?_v=201906280941017d9', 'https://s1.ljcdn.com/matrix_lianjia_pc/dist/pc/src/resource/default/780-439.png?_v=201906280941017d9', 'https://s1.ljcdn.com/matrix_lianjia_pc/dist/pc/src/resource/default/780-439.png?_v=201906280941017d9']",3天前,随时入住,暂无数据,需提前预约,高楼层/12层,有,暂无数据,民水,民电,有,暂无数据,['新上'],[],22.620305,114.420268
https://sz.lianjia.com/apartment/1141.html,,,Here house · 爱联店,"
Here house · 爱联店

          1400元/月起

",,,,,"['https://image1.ljcdn.com/rent-user-avatar/f506e6c1-be49-41b1-b623-663de9f34b2a.1150x.jpg', 'https://s1.ljcdn.com/matrix_lianjia_pc/dist/pc/src/resource/default/1150-450.png?_v=201906280941017d9', 'https://s1.ljcdn.com/matrix_lianjia_pc/dist/pc/src/resource/default/1150-450.png?_v=201906280941017d9', 'https://s1.ljcdn.com/matrix_lianjia_pc/dist/pc/src/resource/default/1150-450.png?_v=201906280941017d9', 'https://s1.ljcdn.com/matrix_lianjia_pc/dist/pc/src/resource/default/1150-450.png?_v=201906280941017d9', 'https://s1.ljcdn.com/matrix_lianjia_pc/dist/pc/src/resource/default/1150-450.png?_v=201906280941017d9', 'https://s1.ljcdn.com/matrix_lianjia_pc/dist/pc/src/resource/default/1150-450.png?_v=201906280941017d9', 'https://s1.ljcdn.com/matrix_lianjia_pc/dist/pc/src/resource/default/1150-450.png?_v=201906280941017d9', 'https://s1.ljcdn.com/matrix_lianjia_pc/dist/pc/src/resource/default/1150-450.png?_v=201906280941017d9', 'https://s1.ljcdn.com/matrix_lianjia_pc/dist/pc/src/resource/default/1150-450.png?_v=201906280941017d9', 'https://s1.ljcdn.com/matrix_lianjia_pc/dist/pc/src/resource/default/1150-450.png?_v=201906280941017d9', 'https://s1.ljcdn.com/matrix_lianjia_pc/dist/pc/src/resource/default/1150-450.png?_v=201906280941017d9', 'https://s1.ljcdn.com/matrix_lianjia_pc/dist/pc/src/resource/default/1150-450.png?_v=201906280941017d9', 'https://s1.ljcdn.com/matrix_lianjia_pc/dist/pc/src/resource/default/1150-450.png?_v=201906280941017d9', 'https://s1.ljcdn.com/matrix_lianjia_pc/dist/pc/src/resource/default/1150-450.png?_v=201906280941017d9', 'https://s1.ljcdn.com/matrix_lianjia_pc/dist/pc/src/resource/default/1150-450.png?_v=201906280941017d9', 'https://s1.ljcdn.com/matrix_lianjia_pc/dist/pc/src/resource/default/1150-450.png?_v=201906280941017d9', 'https://s1.ljcdn.com/matrix_lianjia_pc/dist/pc/src/resource/default/1150-450.png?_v=201906280941017d9']",,,,,,,,,,,,,[],22.704899,114.234523
https://sz.lianjia.com/apartment/18007.html,,,深圳爱尚家公寓 · 五和地铁站店,"
深圳爱尚家公寓 · 五和地铁站店

          1280元/月起

",,,,,"['https://image1.ljcdn.com/rent-user-avatar/d6366274-d40f-4eeb-a6f4-2189650d8133.1150x.jpg', 'https://s1.ljcdn.com/matrix_lianjia_pc/dist/pc/src/resource/default/1150-450.png?_v=201906280941017d9', 'https://s1.ljcdn.com/matrix_lianjia_pc/dist/pc/src/resource/default/1150-450.png?_v=201906280941017d9']",,,,,,,,,,,,,[],22.633199,114.069
https://sz.lianjia.com/zufang/SZ2166362201806610432.html,大鹏新区,大鹏半岛,整租·承翰半山海 1室1厅 西南,2000元/月 (月付价),整租,1室1厅1卫,36㎡,朝西南,"['https://image1.ljcdn.com/440300-inspection/3eb2a610-9d5f-4efa-a926-2200c8ce4559.jpg.780x439.jpg', 'https://s1.ljcdn.com/matrix_lianjia_pc/dist/pc/src/resource/default/780-439.png?_v=201906280941017d9', 'https://s1.ljcdn.com/matrix_lianjia_pc/dist/pc/src/resource/default/780-439.png?_v=201906280941017d9', 'https://s1.ljcdn.com/matrix_lianjia_pc/dist/pc/src/resource/default/780-439.png?_v=201906280941017d9', 'https://s1.ljcdn.com/matrix_lianjia_pc/dist/pc/src/resource/default/780-439.png?_v=201906280941017d9']",5个月前,随时入住,1年以内,需提前预约,中楼层/12层,有,暂无数据,民水,民电,有,暂无数据,"['精装', '随时看房']",[],22.620305,114.420268
https://sz.lianjia.com/zufang/SZ2262112255556722688.html,罗湖区,清水河,旭飞华天苑 1室0厅 西南,2000元/月 ,租赁方式未知,1室0厅1卫,21㎡,朝西南,"['http://vrlab-image.ljcdn.com/release/auto3dhd/e895d6de24d5b936723144753dcd4cb1/screenshot/1552615677_1/pc0_2y8fhI3CJ.jpg.q_70.jpg', 'https://s1.ljcdn.com/matrix_lianjia_pc/dist/pc/src/resource/default/780-439.png?_v=201906280941017d9', 'https://s1.ljcdn.com/matrix_lianjia_pc/dist/pc/src/resource/default/780-439.png?_v=201906280941017d9']",1个月前,随时入住,暂无数据,需提前预约,低楼层/33层,有,暂无数据,民水,民电,有,暂无数据,['随时看房'],"['7号线 - 笋岗', '1173m']",22.576183309191,114.11328881991
https://sz.lianjia.com/zufang/SZ2283350877375045632.html,宝安区,碧海,合租·碧海富通城三期 3居室 西南卧,1900元/月 ,合租,3室1厅2卫,67㎡,朝西南,"['https://image1.ljcdn.com/440300-inspection/548ebb84-6b70-4df4-8508-f3d25df1ef16.jpg.780x439.jpg', 'https://s1.ljcdn.com/matrix_lianjia_pc/dist/pc/src/resource/default/780-439.png?_v=201906280941017d9', 'https://s1.ljcdn.com/matrix_lianjia_pc/dist/pc/src/resource/default/780-439.png?_v=201906280941017d9', 'https://s1.ljcdn.com/matrix_lianjia_pc/dist/pc/src/resource/default/780-439.png?_v=201906280941017d9', 'https://s1.ljcdn.com/matrix_lianjia_pc/dist/pc/src/resource/default/780-439.png?_v=201906280941017d9', 'https://s1.ljcdn.com/matrix_lianjia_pc/dist/pc/src/resource/default/780-439.png?_v=201906280941017d9']",8天前,随时入住,暂无数据,需提前预约,中楼层/26层,有,暂无数据,民水,民电,有,暂无数据,[],"['11号线 - 碧海湾', '914m', '1号线(罗宝线) - 西乡', '1176m']",22.573121,113.861957
https://sz.lianjia.com/apartment/7459.html,,,TANK公寓 · 翻身店,"
TANK公寓 · 翻身店

          1850元/月起

",,,,,"['https://image1.ljcdn.com/rent-user-avatar/5db4209e-e754-40a6-a807-91acf585c45f.1150x.jpg', 'https://s1.ljcdn.com/matrix_lianjia_pc/dist/pc/src/resource/default/1150-450.png?_v=201906280941017d9', 'https://s1.ljcdn.com/matrix_lianjia_pc/dist/pc/src/resource/default/1150-450.png?_v=201906280941017d9', 'https://s1.ljcdn.com/matrix_lianjia_pc/dist/pc/src/resource/default/1150-450.png?_v=201906280941017d9', 'https://s1.ljcdn.com/matrix_lianjia_pc/dist/pc/src/resource/default/1150-450.png?_v=201906280941017d9']",,,,,,,,,,,,,[],22.567276,113.898788
https://sz.lianjia.com/apartment/18263.html,,,Mix-Valley·融寓 · 石厦西村店,"
Mix-Valley·融寓 · 石厦西村店

          1800元/月起

",,,,,"['https://image1.ljcdn.com/rent-user-avatar/1e8e9fe2-9bb3-4ad7-ac9c-cfc797776b3b.1150x.jpg', 'https://s1.ljcdn.com/matrix_lianjia_pc/dist/pc/src/resource/default/1150-450.png?_v=201906280941017d9', 'https://s1.ljcdn.com/matrix_lianjia_pc/dist/pc/src/resource/default/1150-450.png?_v=201906280941017d9', 'https://s1.ljcdn.com/matrix_lianjia_pc/dist/pc/src/resource/default/1150-450.png?_v=201906280941017d9', 'https://s1.ljcdn.com/matrix_lianjia_pc/dist/pc/src/resource/default/1150-450.png?_v=201906280941017d9', 'https://s1.ljcdn.com/matrix_lianjia_pc/dist/pc/src/resource/default/1150-450.png?_v=201906280941017d9', 'https://s1.ljcdn.com/matrix_lianjia_pc/dist/pc/src/resource/default/1150-450.png?_v=201906280941017d9', 'https://s1.ljcdn.com/matrix_lianjia_pc/dist/pc/src/resource/default/1150-450.png?_v=201906280941017d9', 'https://s1.ljcdn.com/matrix_lianjia_pc/dist/pc/src/resource/default/1150-450.png?_v=201906280941017d9', 'https://s1.ljcdn.com/matrix_lianjia_pc/dist/pc/src/resource/default/1150-450.png?_v=201906280941017d9']",,,,,,,,,,,,,[],22.527275,114.056002
https://sz.lianjia.com/zufang/SZ2251941546079559680.html,龙岗区,龙岗双龙,锦城星苑 2室1厅 东南/西南/西北/东北,1800元/月 ,租赁方式未知,2室1厅1卫,57㎡,朝东南 西南 西北 东北,"['http://vrlab-image.ljcdn.com/release/auto3dhd/02b49f7c8feda0f5a4b6d49a58fd45b0/screenshot/1554803262_0/pc0_irDbBMOlM.jpg.q_70.jpg', 'https://s1.ljcdn.com/matrix_lianjia_pc/dist/pc/src/resource/default/780-439.png?_v=201906280941017d9', 'https://s1.ljcdn.com/matrix_lianjia_pc/dist/pc/src/resource/default/780-439.png?_v=201906280941017d9', 'https://s1.ljcdn.com/matrix_lianjia_pc/dist/pc/src/resource/default/780-439.png?_v=201906280941017d9', 'https://s1.ljcdn.com/matrix_lianjia_pc/dist/pc/src/resource/default/780-439.png?_v=201906280941017d9']",1个月前,随时入住,暂无数据,需提前预约,低楼层/6层,无,暂无数据,民水,民电,有,暂无数据,['随时看房'],[],22.751925445789,114.2864754459
https://sz.lianjia.com/zufang/SZ2257961675917901824.html,龙岗区,龙岗双龙,东方瑞景苑 1室1厅 西南,1800元/月 ,租赁方式未知,1室1厅1卫,32㎡,朝西南,"['http://vrlab-image.ljcdn.com/release/auto3dhd/382a04436a50d45fae3bbaf10a25b004/screenshot/1555656910_0/pc0_AGEspDFdZ.jpg.q_70.jpg', 'https://s1.ljcdn.com/matrix_lianjia_pc/dist/pc/src/resource/default/780-439.png?_v=201906280941017d9', 'https://s1.ljcdn.com/matrix_lianjia_pc/dist/pc/src/resource/default/780-439.png?_v=201906280941017d9']",1个月前,随时入住,暂无数据,需提前预约,中楼层/23层,有,暂无数据,民水,民电,有,暂无数据,"['近地铁', '随时看房']","['3号线(龙岗线) - 双龙', '1064m', '3号线(龙岗线) - 南联', '1116m']",22.735755,114.275003
https://sz.lianjia.com/zufang/SZ2281655046347702272.html,龙岗区,龙岗双龙,东方瑞景苑 1室0厅 西南,1900元/月 ,租赁方式未知,1室0厅1卫,36㎡,朝西南,"['https://image1.ljcdn.com/hdic-frame/580a1f2f-58a1-4f3a-9696-966321004d0c.png.780x439.jpg', 'https://s1.ljcdn.com/matrix_lianjia_pc/dist/pc/src/resource/default/780-439.png?_v=201906280941017d9', 'https://s1.ljcdn.com/matrix_lianjia_pc/dist/pc/src/resource/default/780-439.png?_v=201906280941017d9']",11天前,随时入住,暂无数据,暂无数据,中楼层/23层,有,暂无数据,民水,民电,有,暂无数据,['近地铁'],"['3号线(龙岗线) - 双龙', '1064m', '3号线(龙岗线) - 南联', '1116m']",22.735755,114.275003
https://sz.lianjia.com/apartment/14638.html,,,枢纽青年公寓 · 灵芝店,"
枢纽青年公寓 · 灵芝店

          1680元/月起

",,,,,"['https://image1.ljcdn.com/rent-user-avatar/f82e2474-3fc2-424b-88b4-2b680e12b743.1150x.jpg', 'https://s1.ljcdn.com/matrix_lianjia_pc/dist/pc/src/resource/default/1150-450.png?_v=201906280941017d9', 'https://s1.ljcdn.com/matrix_lianjia_pc/dist/pc/src/resource/default/1150-450.png?_v=201906280941017d9', 'https://s1.ljcdn.com/matrix_lianjia_pc/dist/pc/src/resource/default/1150-450.png?_v=201906280941017d9', 'https://s1.ljcdn.com/matrix_lianjia_pc/dist/pc/src/resource/default/1150-450.png?_v=201906280941017d9', 'https://s1.ljcdn.com/matrix_lianjia_pc/dist/pc/src/resource/default/1150-450.png?_v=201906280941017d9', 'https://s1.ljcdn.com/matrix_lianjia_pc/dist/pc/src/resource/default/1150-450.png?_v=201906280941017d9', 'https://s1.ljcdn.com/matrix_lianjia_pc/dist/pc/src/resource/default/1150-450.png?_v=201906280941017d9', 'https://s1.ljcdn.com/matrix_lianjia_pc/dist/pc/src/resource/default/1150-450.png?_v=201906280941017d9', 'https://s1.ljcdn.com/matrix_lianjia_pc/dist/pc/src/resource/default/1150-450.png?_v=201906280941017d9']",,,,,,,,,,,,,[],22.572704,113.905635
https://sz.lianjia.com/apartment/1657.html,,,筑梦雅居 · 深圳北站店,"
筑梦雅居 · 深圳北站店

          1500元/月起

",,,,,"['https://image1.ljcdn.com/rent-user-avatar/ab1f33ea-f81e-4775-b28b-7d7070620fc4.1150x.jpg', 'https://s1.ljcdn.com/matrix_lianjia_pc/dist/pc/src/resource/default/1150-450.png?_v=201906280941017d9', 'https://s1.ljcdn.com/matrix_lianjia_pc/dist/pc/src/resource/default/1150-450.png?_v=201906280941017d9', 'https://s1.ljcdn.com/matrix_lianjia_pc/dist/pc/src/resource/default/1150-450.png?_v=201906280941017d9', 'https://s1.ljcdn.com/matrix_lianjia_pc/dist/pc/src/resource/default/1150-450.png?_v=201906280941017d9', 'https://s1.ljcdn.com/matrix_lianjia_pc/dist/pc/src/resource/default/1150-450.png?_v=201906280941017d9', 'https://s1.ljcdn.com/matrix_lianjia_pc/dist/pc/src/resource/default/1150-450.png?_v=201906280941017d9', 'https://s1.ljcdn.com/matrix_lianjia_pc/dist/pc/src/resource/default/1150-450.png?_v=201906280941017d9', 'https://s1.ljcdn.com/matrix_lianjia_pc/dist/pc/src/resource/default/1150-450.png?_v=201906280941017d9', 'https://s1.ljcdn.com/matrix_lianjia_pc/dist/pc/src/resource/default/1150-450.png?_v=201906280941017d9', 'https://s1.ljcdn.com/matrix_lianjia_pc/dist/pc/src/resource/default/1150-450.png?_v=201906280941017d9', 'https://s1.ljcdn.com/matrix_lianjia_pc/dist/pc/src/resource/default/1150-450.png?_v=201906280941017d9', 'https://s1.ljcdn.com/matrix_lianjia_pc/dist/pc/src/resource/default/1150-450.png?_v=201906280941017d9', 'https://s1.ljcdn.com/matrix_lianjia_pc/dist/pc/src/resource/default/1150-450.png?_v=201906280941017d9', 'https://s1.ljcdn.com/matrix_lianjia_pc/dist/pc/src/resource/default/1150-450.png?_v=201906280941017d9', 'https://s1.ljcdn.com/matrix_lianjia_pc/dist/pc/src/resource/default/1150-450.png?_v=201906280941017d9', 'https://s1.ljcdn.com/matrix_lianjia_pc/dist/pc/src/resource/default/1150-450.png?_v=201906280941017d9', 'https://s1.ljcdn.com/matrix_lianjia_pc/dist/pc/src/resource/default/1150-450.png?_v=201906280941017d9', 'https://s1.ljcdn.com/matrix_lianjia_pc/dist/pc/src/resource/default/1150-450.png?_v=201906280941017d9', 'https://s1.ljcdn.com/matrix_lianjia_pc/dist/pc/src/resource/default/1150-450.png?_v=201906280941017d9', 'https://s1.ljcdn.com/matrix_lianjia_pc/dist/pc/src/resource/default/1150-450.png?_v=201906280941017d9', 'https://s1.ljcdn.com/matrix_lianjia_pc/dist/pc/src/resource/default/1150-450.png?_v=201906280941017d9']",,,,,,,,,,,,,[],22.61933,114.043508
https://sz.lianjia.com/apartment/2784.html,,,人才公寓 · 南山店A栋,"
人才公寓 · 南山店A栋

          1500元/月起

",,,,,"['https://image1.ljcdn.com/rent-user-avatar/6dddb2bf-aac7-4821-822f-d1a9c1daa733.1150x.jpg', 'https://s1.ljcdn.com/matrix_lianjia_pc/dist/pc/src/resource/default/1150-450.png?_v=201906280941017d9', 'https://s1.ljcdn.com/matrix_lianjia_pc/dist/pc/src/resource/default/1150-450.png?_v=201906280941017d9', 'https://s1.ljcdn.com/matrix_lianjia_pc/dist/pc/src/resource/default/1150-450.png?_v=201906280941017d9', 'https://s1.ljcdn.com/matrix_lianjia_pc/dist/pc/src/resource/default/1150-450.png?_v=201906280941017d9', 'https://s1.ljcdn.com/matrix_lianjia_pc/dist/pc/src/resource/default/1150-450.png?_v=201906280941017d9']",,,,,,,,,,,,,[],22.593163,113.937747
https://sz.lianjia.com/apartment/7538.html,,,湾流国际青年社区 · 1980店,"
湾流国际青年社区 · 1980店

          1350元/月起

",,,,,"['https://image1.ljcdn.com/rent-user-avatar/f9236db8-542c-4446-b0d1-488846b32cd8.1150x.jpg', 'https://s1.ljcdn.com/matrix_lianjia_pc/dist/pc/src/resource/default/1150-450.png?_v=201906280941017d9', 'https://s1.ljcdn.com/matrix_lianjia_pc/dist/pc/src/resource/default/1150-450.png?_v=201906280941017d9', 'https://s1.ljcdn.com/matrix_lianjia_pc/dist/pc/src/resource/default/1150-450.png?_v=201906280941017d9', 'https://s1.ljcdn.com/matrix_lianjia_pc/dist/pc/src/resource/default/1150-450.png?_v=201906280941017d9', 'https://s1.ljcdn.com/matrix_lianjia_pc/dist/pc/src/resource/default/1150-450.png?_v=201906280941017d9', 'https://s1.ljcdn.com/matrix_lianjia_pc/dist/pc/src/resource/default/1150-450.png?_v=201906280941017d9', 'https://s1.ljcdn.com/matrix_lianjia_pc/dist/pc/src/resource/default/1150-450.png?_v=201906280941017d9', 'https://s1.ljcdn.com/matrix_lianjia_pc/dist/pc/src/resource/default/1150-450.png?_v=201906280941017d9', 'https://s1.ljcdn.com/matrix_lianjia_pc/dist/pc/src/resource/default/1150-450.png?_v=201906280941017d9', 'https://s1.ljcdn.com/matrix_lianjia_pc/dist/pc/src/resource/default/1150-450.png?_v=201906280941017d9']",,,,,,,,,,,,,[],22.651569,114.051056
https://sz.lianjia.com/apartment/5689.html,,,湾流国际青年社区 · 华天店,"
湾流国际青年社区 · 华天店

          1500元/月起

",,,,,"['https://image1.ljcdn.com/rent-user-avatar/53fac47c-ee74-4fcb-9659-1bf66ff48634.1150x.jpg', 'https://s1.ljcdn.com/matrix_lianjia_pc/dist/pc/src/resource/default/1150-450.png?_v=201906280941017d9', 'https://s1.ljcdn.com/matrix_lianjia_pc/dist/pc/src/resource/default/1150-450.png?_v=201906280941017d9', 'https://s1.ljcdn.com/matrix_lianjia_pc/dist/pc/src/resource/default/1150-450.png?_v=201906280941017d9', 'https://s1.ljcdn.com/matrix_lianjia_pc/dist/pc/src/resource/default/1150-450.png?_v=201906280941017d9', 'https://s1.ljcdn.com/matrix_lianjia_pc/dist/pc/src/resource/default/1150-450.png?_v=201906280941017d9', 'https://s1.ljcdn.com/matrix_lianjia_pc/dist/pc/src/resource/default/1150-450.png?_v=201906280941017d9', 'https://s1.ljcdn.com/matrix_lianjia_pc/dist/pc/src/resource/default/1150-450.png?_v=201906280941017d9', 'https://s1.ljcdn.com/matrix_lianjia_pc/dist/pc/src/resource/default/1150-450.png?_v=201906280941017d9', 'https://s1.ljcdn.com/matrix_lianjia_pc/dist/pc/src/resource/default/1150-450.png?_v=201906280941017d9']",,,,,,,,,,,,,[],22.575996,114.113266
https://sz.lianjia.com/apartment/16869.html,,,泰鑫商务公寓 · 白石龙总店,"
泰鑫商务公寓 · 白石龙总店

          1444元/月起

",,,,,['https://image1.ljcdn.com/rent-user-avatar/1dfe19e0-b303-4c1e-b6fb-f6871d1b89fa.1150x.jpg'],,,,,,,,,,,,,[],22.610977,114.043659
https://sz.lianjia.com/apartment/2784.html,,,人才公寓 · 南山店A栋,"
人才公寓 · 南山店A栋

          1500元/月起

",,,,,"['https://image1.ljcdn.com/rent-user-avatar/6dddb2bf-aac7-4821-822f-d1a9c1daa733.1150x.jpg', 'https://s1.ljcdn.com/matrix_lianjia_pc/dist/pc/src/resource/default/1150-450.png?_v=201906280941017d9', 'https://s1.ljcdn.com/matrix_lianjia_pc/dist/pc/src/resource/default/1150-450.png?_v=201906280941017d9', 'https://s1.ljcdn.com/matrix_lianjia_pc/dist/pc/src/resource/default/1150-450.png?_v=201906280941017d9', 'https://s1.ljcdn.com/matrix_lianjia_pc/dist/pc/src/resource/default/1150-450.png?_v=201906280941017d9', 'https://s1.ljcdn.com/matrix_lianjia_pc/dist/pc/src/resource/default/1150-450.png?_v=201906280941017d9']",,,,,,,,,,,,,[],22.593163,113.937747
https://sz.lianjia.com/apartment/4342.html,,,智派公寓 · 智派公寓（五和熙旺店）,"
智派公寓 · 智派公寓（五和熙旺店）

          1300元/月起

",,,,,"['https://image1.ljcdn.com/rent-user-avatar/8c91dcdd-e4b7-42cc-8c25-a2bd1bf5776f.1150x.jpg', 'https://s1.ljcdn.com/matrix_lianjia_pc/dist/pc/src/resource/default/1150-450.png?_v=201906280941017d9', 'https://s1.ljcdn.com/matrix_lianjia_pc/dist/pc/src/resource/default/1150-450.png?_v=201906280941017d9', 'https://s1.ljcdn.com/matrix_lianjia_pc/dist/pc/src/resource/default/1150-450.png?_v=201906280941017d9', 'https://s1.ljcdn.com/matrix_lianjia_pc/dist/pc/src/resource/default/1150-450.png?_v=201906280941017d9']",,,,,,,,,,,,,[],22.635831,114.06791
https://sz.lianjia.com/apartment/16391.html,,,乐乎城市青年社区 · 乐乎有朋·风景青年公寓,"
乐乎城市青年社区 · 乐乎有朋·风景青年公寓

          900元/月起

",,,,,"['https://image1.ljcdn.com/rent-house-1/492de982d6f30ec08c539e6056309399-1552988643698/d3d0ee62a33e479126b59f9dc5327e87.jpg.1150x.jpg', 'https://s1.ljcdn.com/matrix_lianjia_pc/dist/pc/src/resource/default/1150-450.png?_v=201906280941017d9']",,,,,,,,,,,,,[],22.63644,114.15749
https://sz.lianjia.com/apartment/17522.html,,,玛可公寓 · 中南小区,"
玛可公寓 · 中南小区

          1998元/月起

",,,,,['https://image1.ljcdn.com/rent-user-avatar/99c89792-7676-43f6-bd0f-de81abb01962.1150x.jpg'],,,,,,,,,,,,,[],22.557334,114.115473
https://sz.lianjia.com/apartment/17890.html,,,泰鑫商务公寓 · 白石龙店,"
泰鑫商务公寓 · 白石龙店

          1938元/月起

",,,,,['https://image1.ljcdn.com/rent-user-avatar/a0a911e2-54a6-4d4e-ac14-b172a2660585.1150x.jpg'],,,,,,,,,,,,,[],22.609417,114.043403
https://sz.lianjia.com/apartment/13628.html,,,枢纽青年公寓 · 后瑞店,"
枢纽青年公寓 · 后瑞店

          1580元/月起

",,,,,"['https://image1.ljcdn.com/rent-user-avatar/b9b69985-229e-4b60-95c3-355112f14f41.1150x.jpg', 'https://s1.ljcdn.com/matrix_lianjia_pc/dist/pc/src/resource/default/1150-450.png?_v=201906280941017d9', 'https://s1.ljcdn.com/matrix_lianjia_pc/dist/pc/src/resource/default/1150-450.png?_v=201906280941017d9', 'https://s1.ljcdn.com/matrix_lianjia_pc/dist/pc/src/resource/default/1150-450.png?_v=201906280941017d9', 'https://s1.ljcdn.com/matrix_lianjia_pc/dist/pc/src/resource/default/1150-450.png?_v=201906280941017d9', 'https://s1.ljcdn.com/matrix_lianjia_pc/dist/pc/src/resource/default/1150-450.png?_v=201906280941017d9', 'https://s1.ljcdn.com/matrix_lianjia_pc/dist/pc/src/resource/default/1150-450.png?_v=201906280941017d9', 'https://s1.ljcdn.com/matrix_lianjia_pc/dist/pc/src/resource/default/1150-450.png?_v=201906280941017d9']",,,,,,,,,,,,,[],22.635945,113.844995
https://sz.lianjia.com/apartment/15090.html,,,职业房东 · 龙胜店,"
职业房东 · 龙胜店

          1350元/月起

",,,,,"['https://image1.ljcdn.com/rent-user-avatar/b58e1975-980e-4903-87eb-209ac64f1558.1150x.jpg', 'https://s1.ljcdn.com/matrix_lianjia_pc/dist/pc/src/resource/default/1150-450.png?_v=201906280941017d9', 'https://s1.ljcdn.com/matrix_lianjia_pc/dist/pc/src/resource/default/1150-450.png?_v=201906280941017d9', 'https://s1.ljcdn.com/matrix_lianjia_pc/dist/pc/src/resource/default/1150-450.png?_v=201906280941017d9', 'https://s1.ljcdn.com/matrix_lianjia_pc/dist/pc/src/resource/default/1150-450.png?_v=201906280941017d9']",,,,,,,,,,,,,[],22.648327,114.024692
https://sz.lianjia.com/apartment/5795.html,,,河豚公寓 · 开屏店,"
河豚公寓 · 开屏店

          1500元/月起

",,,,,"['https://image1.ljcdn.com/rent-user-avatar/7000f107-da01-4b82-9e73-6f263545c9f1.1150x.jpg', 'https://s1.ljcdn.com/matrix_lianjia_pc/dist/pc/src/resource/default/1150-450.png?_v=201906280941017d9', 'https://s1.ljcdn.com/matrix_lianjia_pc/dist/pc/src/resource/default/1150-450.png?_v=201906280941017d9']",,,,,,,,,,,,,[],22.57476,113.889691
https://sz.lianjia.com/apartment/18571.html,,,冠寓 · 深圳荷坳地铁站店,"
冠寓 · 深圳荷坳地铁站店

          1500元/月起

",,,,,"['https://image1.ljcdn.com/rent-house-1/e067d74ca3cefe515bb47a92f8ce9933-1561666443876/4c3640707b1f99d78fcef2e10807ab19.jpg.1150x.jpg', 'https://s1.ljcdn.com/matrix_lianjia_pc/dist/pc/src/resource/default/1150-450.png?_v=201906280941017d9', 'https://s1.ljcdn.com/matrix_lianjia_pc/dist/pc/src/resource/default/1150-450.png?_v=201906280941017d9']",,,,,,,,,,,,,[],22.67389097503075,114.22439581863439
https://sz.lianjia.com/apartment/18761.html,,,筑梦雅居 · 通博花园店,"
筑梦雅居 · 通博花园店

          1600元/月起

",,,,,"['https://image1.ljcdn.com/rent-user-avatar/28f9ad59-b65e-4e21-9a46-0b5d268a2b8f.1150x.jpg', 'https://s1.ljcdn.com/matrix_lianjia_pc/dist/pc/src/resource/default/1150-450.png?_v=201906280941017d9']",,,,,,,,,,,,,[],22.619821,114.043221
