房源地址,行政区,位置,标题,租金,租赁方式,户型,面积,朝向,图片列表,发布时间,入住时间,租期,看房时间,楼层,电梯,车位,用水,用电,燃气,采暖,标签,station,latitude,longtitude
https://sz.lianjia.com/zufang/SZ2268182451006480384.html,南山区,华侨城,合租·碧茵苑 4居室 西南卧,1800元/月 (月付价),合租,4室1厅2卫,15㎡,朝西南,"['https://image1.ljcdn.com/rent-user-avatar/219898ec-f752-4352-821d-43b2b375a56e.780x439.jpg', 'https://s1.ljcdn.com/matrix_lianjia_pc/dist/pc/src/resource/default/780-439.png?_v=201906280941017d9', 'https://s1.ljcdn.com/matrix_lianjia_pc/dist/pc/src/resource/default/780-439.png?_v=201906280941017d9', 'https://s1.ljcdn.com/matrix_lianjia_pc/dist/pc/src/resource/default/780-439.png?_v=201906280941017d9', 'https://s1.ljcdn.com/matrix_lianjia_pc/dist/pc/src/resource/default/780-439.png?_v=201906280941017d9']",29天前,随时入住,3个月以上,随时可看,4/8层,暂无数据,暂无数据,暂无数据,暂无数据,暂无数据,暂无数据,"['公寓', '月租', '随时看房']",[],22.556233,113.974627
https://sz.lianjia.com/apartment/16910.html,,,集悦城@荔山店 · 8栋,"
集悦城@荔山店 · 8栋

          2000元/月起

",,,,,"['https://image1.ljcdn.com/rent-user-avatar/107fa70f-15af-4356-b5cb-9eb175157a0b.1150x.jpg', 'https://s1.ljcdn.com/matrix_lianjia_pc/dist/pc/src/resource/default/1150-450.png?_v=201906280941017d9', 'https://s1.ljcdn.com/matrix_lianjia_pc/dist/pc/src/resource/default/1150-450.png?_v=201906280941017d9', 'https://s1.ljcdn.com/matrix_lianjia_pc/dist/pc/src/resource/default/1150-450.png?_v=201906280941017d9', 'https://s1.ljcdn.com/matrix_lianjia_pc/dist/pc/src/resource/default/1150-450.png?_v=201906280941017d9', 'https://s1.ljcdn.com/matrix_lianjia_pc/dist/pc/src/resource/default/1150-450.png?_v=201906280941017d9', 'https://s1.ljcdn.com/matrix_lianjia_pc/dist/pc/src/resource/default/1150-450.png?_v=201906280941017d9', 'https://s1.ljcdn.com/matrix_lianjia_pc/dist/pc/src/resource/default/1150-450.png?_v=201906280941017d9', 'https://s1.ljcdn.com/matrix_lianjia_pc/dist/pc/src/resource/default/1150-450.png?_v=201906280941017d9', 'https://s1.ljcdn.com/matrix_lianjia_pc/dist/pc/src/resource/default/1150-450.png?_v=201906280941017d9', 'https://s1.ljcdn.com/matrix_lianjia_pc/dist/pc/src/resource/default/1150-450.png?_v=201906280941017d9', 'https://s1.ljcdn.com/matrix_lianjia_pc/dist/pc/src/resource/default/1150-450.png?_v=201906280941017d9', 'https://s1.ljcdn.com/matrix_lianjia_pc/dist/pc/src/resource/default/1150-450.png?_v=201906280941017d9', 'https://s1.ljcdn.com/matrix_lianjia_pc/dist/pc/src/resource/default/1150-450.png?_v=201906280941017d9', 'https://s1.ljcdn.com/matrix_lianjia_pc/dist/pc/src/resource/default/1150-450.png?_v=201906280941017d9', 'https://s1.ljcdn.com/matrix_lianjia_pc/dist/pc/src/resource/default/1150-450.png?_v=201906280941017d9', 'https://s1.ljcdn.com/matrix_lianjia_pc/dist/pc/src/resource/default/1150-450.png?_v=201906280941017d9', 'https://s1.ljcdn.com/matrix_lianjia_pc/dist/pc/src/resource/default/1150-450.png?_v=201906280941017d9', 'https://s1.ljcdn.com/matrix_lianjia_pc/dist/pc/src/resource/default/1150-450.png?_v=201906280941017d9', 'https://s1.ljcdn.com/matrix_lianjia_pc/dist/pc/src/resource/default/1150-450.png?_v=201906280941017d9', 'https://s1.ljcdn.com/matrix_lianjia_pc/dist/pc/src/resource/default/1150-450.png?_v=201906280941017d9', 'https://s1.ljcdn.com/matrix_lianjia_pc/dist/pc/src/resource/default/1150-450.png?_v=201906280941017d9', 'https://s1.ljcdn.com/matrix_lianjia_pc/dist/pc/src/resource/default/1150-450.png?_v=201906280941017d9', 'https://s1.ljcdn.com/matrix_lianjia_pc/dist/pc/src/resource/default/1150-450.png?_v=201906280941017d9']",,,,,,,,,,,,,[],22.497209,113.899852
https://sz.lianjia.com/apartment/13707.html,,,百佳公寓 · 上塘店,"
百佳公寓 · 上塘店

          1700元/月起

",,,,,"['https://image1.ljcdn.com/rent-user-avatar/ea04ac80-ae32-46e3-9ea8-ef58426024ea.1150x.jpg', 'https://s1.ljcdn.com/matrix_lianjia_pc/dist/pc/src/resource/default/1150-450.png?_v=201906280941017d9', 'https://s1.ljcdn.com/matrix_lianjia_pc/dist/pc/src/resource/default/1150-450.png?_v=201906280941017d9']",,,,,,,,,,,,,[],22.64873,114.029034
https://sz.lianjia.com/apartment/16119.html,,,WeWa创享域 · 创享家·深圳坂田天安云谷店,"
WeWa创享域 · 创享家·深圳坂田天安云谷店

          850元/月起

",,,,,"['https://image1.ljcdn.com/rent-user-avatar/5759d337-0b8d-42c9-a485-14d1e85ed017.1150x.jpg', 'https://s1.ljcdn.com/matrix_lianjia_pc/dist/pc/src/resource/default/1150-450.png?_v=201906280941017d9', 'https://s1.ljcdn.com/matrix_lianjia_pc/dist/pc/src/resource/default/1150-450.png?_v=201906280941017d9', 'https://s1.ljcdn.com/matrix_lianjia_pc/dist/pc/src/resource/default/1150-450.png?_v=201906280941017d9']",,,,,,,,,,,,,[],22.656824,114.087604
https://sz.lianjia.com/apartment/4311.html,,,华洲公寓 · 南坑1号店,"
华洲公寓 · 南坑1号店

          1300元/月起

",,,,,['https://image1.ljcdn.com/rent-user-avatar/c3ebceec-31ae-4d3c-b18a-fd27771c985c.1150x.jpg'],,,,,,,,,,,,,[],22.615748,114.07151
https://sz.lianjia.com/apartment/18571.html,,,冠寓 · 深圳荷坳地铁站店,"
冠寓 · 深圳荷坳地铁站店

          1500元/月起

",,,,,"['https://image1.ljcdn.com/rent-house-1/e067d74ca3cefe515bb47a92f8ce9933-1561666443876/4c3640707b1f99d78fcef2e10807ab19.jpg.1150x.jpg', 'https://s1.ljcdn.com/matrix_lianjia_pc/dist/pc/src/resource/default/1150-450.png?_v=201906280941017d9', 'https://s1.ljcdn.com/matrix_lianjia_pc/dist/pc/src/resource/default/1150-450.png?_v=201906280941017d9']",,,,,,,,,,,,,[],22.67389097503075,114.22439581863439
https://sz.lianjia.com/apartment/8149.html,,,智派公寓 · 幸福楼,"
智派公寓 · 幸福楼

          1600元/月起

",,,,,"['https://image1.ljcdn.com/rent-user-avatar/076e5212-99f4-4520-a01d-a0f36d34a7c1.1150x.jpg', 'https://s1.ljcdn.com/matrix_lianjia_pc/dist/pc/src/resource/default/1150-450.png?_v=201906280941017d9', 'https://s1.ljcdn.com/matrix_lianjia_pc/dist/pc/src/resource/default/1150-450.png?_v=201906280941017d9', 'https://s1.ljcdn.com/matrix_lianjia_pc/dist/pc/src/resource/default/1150-450.png?_v=201906280941017d9', 'https://s1.ljcdn.com/matrix_lianjia_pc/dist/pc/src/resource/default/1150-450.png?_v=201906280941017d9', 'https://s1.ljcdn.com/matrix_lianjia_pc/dist/pc/src/resource/default/1150-450.png?_v=201906280941017d9', 'https://s1.ljcdn.com/matrix_lianjia_pc/dist/pc/src/resource/default/1150-450.png?_v=201906280941017d9', 'https://s1.ljcdn.com/matrix_lianjia_pc/dist/pc/src/resource/default/1150-450.png?_v=201906280941017d9']",,,,,,,,,,,,,[],22.6356,114.068208
https://sz.lianjia.com/apartment/15362.html,,,职业房东 · 小岛公寓,"
职业房东 · 小岛公寓

          1280元/月起

",,,,,"['https://image1.ljcdn.com/rent-user-avatar/47c17e9f-0fe3-4ba3-87a8-b618d41b1c94.1150x.jpg', 'https://s1.ljcdn.com/matrix_lianjia_pc/dist/pc/src/resource/default/1150-450.png?_v=201906280941017d9', 'https://s1.ljcdn.com/matrix_lianjia_pc/dist/pc/src/resource/default/1150-450.png?_v=201906280941017d9', 'https://s1.ljcdn.com/matrix_lianjia_pc/dist/pc/src/resource/default/1150-450.png?_v=201906280941017d9', 'https://s1.ljcdn.com/matrix_lianjia_pc/dist/pc/src/resource/default/1150-450.png?_v=201906280941017d9', 'https://s1.ljcdn.com/matrix_lianjia_pc/dist/pc/src/resource/default/1150-450.png?_v=201906280941017d9', 'https://s1.ljcdn.com/matrix_lianjia_pc/dist/pc/src/resource/default/1150-450.png?_v=201906280941017d9', 'https://s1.ljcdn.com/matrix_lianjia_pc/dist/pc/src/resource/default/1150-450.png?_v=201906280941017d9', 'https://s1.ljcdn.com/matrix_lianjia_pc/dist/pc/src/resource/default/1150-450.png?_v=201906280941017d9']",,,,,,,,,,,,,[],22.603558,113.853546
https://sz.lianjia.com/apartment/3353.html,,,职业房东 · 西乡盐田店,"
职业房东 · 西乡盐田店

          1880元/月起

",,,,,"['https://image1.ljcdn.com/rent-user-avatar/3c7816e4-705e-4809-923c-33cb14df916c.1150x.jpg', 'https://s1.ljcdn.com/matrix_lianjia_pc/dist/pc/src/resource/default/1150-450.png?_v=201906280941017d9', 'https://s1.ljcdn.com/matrix_lianjia_pc/dist/pc/src/resource/default/1150-450.png?_v=201906280941017d9']",,,,,,,,,,,,,[],22.585503,113.8665
https://sz.lianjia.com/apartment/5795.html,,,河豚公寓 · 开屏店,"
河豚公寓 · 开屏店

          1500元/月起

",,,,,"['https://image1.ljcdn.com/rent-user-avatar/7000f107-da01-4b82-9e73-6f263545c9f1.1150x.jpg', 'https://s1.ljcdn.com/matrix_lianjia_pc/dist/pc/src/resource/default/1150-450.png?_v=201906280941017d9', 'https://s1.ljcdn.com/matrix_lianjia_pc/dist/pc/src/resource/default/1150-450.png?_v=201906280941017d9']",,,,,,,,,,,,,[],22.57476,113.889691
https://sz.lianjia.com/apartment/17893.html,,,乐乎城市青年社区 · 坪洲二期店,"
乐乎城市青年社区 · 坪洲二期店

          1700元/月起

",,,,,"['https://image1.ljcdn.com/rent-user-avatar/18c2501c-ef8d-4308-96b4-9f9abbe782a5.1150x.jpg', 'https://s1.ljcdn.com/matrix_lianjia_pc/dist/pc/src/resource/default/1150-450.png?_v=201906280941017d9', 'https://s1.ljcdn.com/matrix_lianjia_pc/dist/pc/src/resource/default/1150-450.png?_v=201906280941017d9', 'https://s1.ljcdn.com/matrix_lianjia_pc/dist/pc/src/resource/default/1150-450.png?_v=201906280941017d9', 'https://s1.ljcdn.com/matrix_lianjia_pc/dist/pc/src/resource/default/1150-450.png?_v=201906280941017d9', 'https://s1.ljcdn.com/matrix_lianjia_pc/dist/pc/src/resource/default/1150-450.png?_v=201906280941017d9', 'https://s1.ljcdn.com/matrix_lianjia_pc/dist/pc/src/resource/default/1150-450.png?_v=201906280941017d9']",,,,,,,,,,,,,[],22.573502,113.878998
https://sz.lianjia.com/apartment/14479.html,,,设计小栈 · 松岗店,"
设计小栈 · 松岗店

          1680元/月起

",,,,,"['https://image1.ljcdn.com/rent-user-avatar/510fd8dc-e6a3-4456-b3d6-febc4629cfc7.1150x.jpg', 'https://s1.ljcdn.com/matrix_lianjia_pc/dist/pc/src/resource/default/1150-450.png?_v=201906280941017d9', 'https://s1.ljcdn.com/matrix_lianjia_pc/dist/pc/src/resource/default/1150-450.png?_v=201906280941017d9', 'https://s1.ljcdn.com/matrix_lianjia_pc/dist/pc/src/resource/default/1150-450.png?_v=201906280941017d9', 'https://s1.ljcdn.com/matrix_lianjia_pc/dist/pc/src/resource/default/1150-450.png?_v=201906280941017d9', 'https://s1.ljcdn.com/matrix_lianjia_pc/dist/pc/src/resource/default/1150-450.png?_v=201906280941017d9', 'https://s1.ljcdn.com/matrix_lianjia_pc/dist/pc/src/resource/default/1150-450.png?_v=201906280941017d9', 'https://s1.ljcdn.com/matrix_lianjia_pc/dist/pc/src/resource/default/1150-450.png?_v=201906280941017d9', 'https://s1.ljcdn.com/matrix_lianjia_pc/dist/pc/src/resource/default/1150-450.png?_v=201906280941017d9', 'https://s1.ljcdn.com/matrix_lianjia_pc/dist/pc/src/resource/default/1150-450.png?_v=201906280941017d9', 'https://s1.ljcdn.com/matrix_lianjia_pc/dist/pc/src/resource/default/1150-450.png?_v=201906280941017d9', 'https://s1.ljcdn.com/matrix_lianjia_pc/dist/pc/src/resource/default/1150-450.png?_v=201906280941017d9', 'https://s1.ljcdn.com/matrix_lianjia_pc/dist/pc/src/resource/default/1150-450.png?_v=201906280941017d9', 'https://s1.ljcdn.com/matrix_lianjia_pc/dist/pc/src/resource/default/1150-450.png?_v=201906280941017d9']",,,,,,,,,,,,,[],22.791254,113.837956
https://sz.lianjia.com/apartment/2784.html,,,人才公寓 · 南山店A栋,"
人才公寓 · 南山店A栋

          1500元/月起

",,,,,"['https://image1.ljcdn.com/rent-user-avatar/6dddb2bf-aac7-4821-822f-d1a9c1daa733.1150x.jpg', 'https://s1.ljcdn.com/matrix_lianjia_pc/dist/pc/src/resource/default/1150-450.png?_v=201906280941017d9', 'https://s1.ljcdn.com/matrix_lianjia_pc/dist/pc/src/resource/default/1150-450.png?_v=201906280941017d9', 'https://s1.ljcdn.com/matrix_lianjia_pc/dist/pc/src/resource/default/1150-450.png?_v=201906280941017d9', 'https://s1.ljcdn.com/matrix_lianjia_pc/dist/pc/src/resource/default/1150-450.png?_v=201906280941017d9', 'https://s1.ljcdn.com/matrix_lianjia_pc/dist/pc/src/resource/default/1150-450.png?_v=201906280941017d9']",,,,,,,,,,,,,[],22.593163,113.937747
https://sz.lianjia.com/apartment/11777.html,,,金地草莓公寓 · 西乡海乐家1号楼,"
金地草莓公寓 · 西乡海乐家1号楼

          1680元/月起

",,,,,['https://image1.ljcdn.com/rent-user-avatar/f1ec218b-8239-4e2d-915c-4f77f296596a.1150x.jpg'],,,,,,,,,,,,,[],22.585801,113.869332
https://sz.lianjia.com/zufang/SZ2287563962034176000.html,南山区,前海,合租·诺德假日花园 3居室 西南卧,1760元/月 (月付价),合租,3室1厅1卫,12㎡,朝西南,"['https://image1.ljcdn.com/rent-user-avatar/158048a1-2c2a-4d4d-8913-87e33f6b66d3.780x439.jpg', 'https://s1.ljcdn.com/matrix_lianjia_pc/dist/pc/src/resource/default/780-439.png?_v=201906280941017d9', 'https://s1.ljcdn.com/matrix_lianjia_pc/dist/pc/src/resource/default/780-439.png?_v=201906280941017d9', 'https://s1.ljcdn.com/matrix_lianjia_pc/dist/pc/src/resource/default/780-439.png?_v=201906280941017d9', 'https://s1.ljcdn.com/matrix_lianjia_pc/dist/pc/src/resource/default/780-439.png?_v=201906280941017d9', 'https://s1.ljcdn.com/matrix_lianjia_pc/dist/pc/src/resource/default/780-439.png?_v=201906280941017d9', 'https://s1.ljcdn.com/matrix_lianjia_pc/dist/pc/src/resource/default/780-439.png?_v=201906280941017d9', 'https://s1.ljcdn.com/matrix_lianjia_pc/dist/pc/src/resource/default/780-439.png?_v=201906280941017d9']",3天前,随时入住,6~12个月,随时可看,6/33层,有,暂无数据,商水,民电,有,暂无数据,"['月租', '精装', '新上', '随时看房']",[],22.516555,113.908637
https://sz.lianjia.com/apartment/8432.html,,,职业房东 · 福永暖家公寓,"
职业房东 · 福永暖家公寓

          1580元/月起

",,,,,['https://image1.ljcdn.com/rent-user-avatar/94c88c7a-cafe-49bf-9e76-002bd3aa41bf.1150x.jpg'],,,,,,,,,,,,,[],22.664605,113.826762
https://sz.lianjia.com/zufang/SZ2286466300220293120.html,罗湖区,布心,合租·布心花园一区 4居室 西南卧,1630元/月 (季付价),合租,4室1厅1卫,12㎡,朝西南,"['https://image1.ljcdn.com/rent-house-1/636f69b83827f24f7723a443c68fdbb3-1561154933299/12606984cb2bfb753c65a7a812b6837a.jpg.780x439.jpg', 'https://s1.ljcdn.com/matrix_lianjia_pc/dist/pc/src/resource/default/780-439.png?_v=201906280941017d9', 'https://s1.ljcdn.com/matrix_lianjia_pc/dist/pc/src/resource/default/780-439.png?_v=201906280941017d9', 'https://s1.ljcdn.com/matrix_lianjia_pc/dist/pc/src/resource/default/780-439.png?_v=201906280941017d9', 'https://s1.ljcdn.com/matrix_lianjia_pc/dist/pc/src/resource/default/780-439.png?_v=201906280941017d9', 'https://s1.ljcdn.com/matrix_lianjia_pc/dist/pc/src/resource/default/780-439.png?_v=201906280941017d9']",4天前,随时入住,1年,随时可看,4/8层,暂无数据,暂无数据,暂无数据,暂无数据,暂无数据,暂无数据,"['公寓', '近地铁', '新上', '随时看房']","['5号线(环中线),7号线 - 太安', '6m', '5号线(环中线) - 布心', '475m']",22.582087152199,114.1454303902
https://sz.lianjia.com/zufang/SZ2263558294038134784.html,宝安区,西乡,整租·万菱new寓 1室0厅 西南,1900元/月 (月付价),整租,1室0厅1卫,32㎡,朝西南,"['https://image1.ljcdn.com/rent-user-avatar/3d54909a-ad29-4df8-9ee4-e2c0ab80fada.780x439.jpg', 'https://s1.ljcdn.com/matrix_lianjia_pc/dist/pc/src/resource/default/780-439.png?_v=201906280941017d9', 'https://s1.ljcdn.com/matrix_lianjia_pc/dist/pc/src/resource/default/780-439.png?_v=201906280941017d9', 'https://s1.ljcdn.com/matrix_lianjia_pc/dist/pc/src/resource/default/780-439.png?_v=201906280941017d9', 'https://s1.ljcdn.com/matrix_lianjia_pc/dist/pc/src/resource/default/780-439.png?_v=201906280941017d9', 'https://s1.ljcdn.com/matrix_lianjia_pc/dist/pc/src/resource/default/780-439.png?_v=201906280941017d9']",1个月前,随时入住,1年,随时可看,7/13层,有,暂无数据,商水,商电,有,暂无数据,"['公寓', '精装', '随时看房']",[],22.60382,113.874221
https://sz.lianjia.com/apartment/13080.html,,,非谷公寓 · 坪洲店,"
非谷公寓 · 坪洲店

          1580元/月起

",,,,,['https://image1.ljcdn.com/rent-user-avatar/26b8610a-b560-443f-8dfb-b80dd7451772.1150x.jpg'],,,,,,,,,,,,,[],22.576035,113.874286
https://sz.lianjia.com/apartment/3232.html,,,金湖公寓 · 光明迳口社区店,"
金湖公寓 · 光明迳口社区店

          1800元/月起

",,,,,['https://image1.ljcdn.com/rent-user-avatar/c873a313-8ce8-4cf3-9ab6-8f3322e5a63f.1150x.jpg'],,,,,,,,,,,,,[],22.77095,113.972794
https://sz.lianjia.com/apartment/5984.html,,,泛美公寓 · 龙岗店,"
泛美公寓 · 龙岗店

          1500元/月起

",,,,,"['https://image1.ljcdn.com/rent-user-avatar/2f678de9-e1e8-480b-a623-74da31c126b4.1150x.jpg', 'https://s1.ljcdn.com/matrix_lianjia_pc/dist/pc/src/resource/default/1150-450.png?_v=201906280941017d9', 'https://s1.ljcdn.com/matrix_lianjia_pc/dist/pc/src/resource/default/1150-450.png?_v=201906280941017d9', 'https://s1.ljcdn.com/matrix_lianjia_pc/dist/pc/src/resource/default/1150-450.png?_v=201906280941017d9', 'https://s1.ljcdn.com/matrix_lianjia_pc/dist/pc/src/resource/default/1150-450.png?_v=201906280941017d9', 'https://s1.ljcdn.com/matrix_lianjia_pc/dist/pc/src/resource/default/1150-450.png?_v=201906280941017d9', 'https://s1.ljcdn.com/matrix_lianjia_pc/dist/pc/src/resource/default/1150-450.png?_v=201906280941017d9', 'https://s1.ljcdn.com/matrix_lianjia_pc/dist/pc/src/resource/default/1150-450.png?_v=201906280941017d9', 'https://s1.ljcdn.com/matrix_lianjia_pc/dist/pc/src/resource/default/1150-450.png?_v=201906280941017d9', 'https://s1.ljcdn.com/matrix_lianjia_pc/dist/pc/src/resource/default/1150-450.png?_v=201906280941017d9']",,,,,,,,,,,,,[],22.698504,114.244824
https://sz.lianjia.com/apartment/9033.html,,,宏奕公寓 · 南坑店,"
宏奕公寓 · 南坑店

          1480元/月起

",,,,,"['https://image1.ljcdn.com/rent-user-avatar/9fe518fe-8a38-4b5a-8ff3-d373c3195602.1150x.jpg', 'https://s1.ljcdn.com/matrix_lianjia_pc/dist/pc/src/resource/default/1150-450.png?_v=201906280941017d9', 'https://s1.ljcdn.com/matrix_lianjia_pc/dist/pc/src/resource/default/1150-450.png?_v=201906280941017d9']",,,,,,,,,,,,,[],22.617431,114.06956
https://sz.lianjia.com/apartment/5795.html,,,河豚公寓 · 开屏店,"
河豚公寓 · 开屏店

          1500元/月起

",,,,,"['https://image1.ljcdn.com/rent-user-avatar/7000f107-da01-4b82-9e73-6f263545c9f1.1150x.jpg', 'https://s1.ljcdn.com/matrix_lianjia_pc/dist/pc/src/resource/default/1150-450.png?_v=201906280941017d9', 'https://s1.ljcdn.com/matrix_lianjia_pc/dist/pc/src/resource/default/1150-450.png?_v=201906280941017d9']",,,,,,,,,,,,,[],22.57476,113.889691
https://sz.lianjia.com/zufang/SZ2286873973138661376.html,龙岗区,坂田,整租·佳华领汇广场 1室0厅 东/东南/南/西南/西,1700元/月 (月付价),整租,1室0厅1卫,25㎡,朝东 东南 南 西南 西,"['https://image1.ljcdn.com/rent-user-avatar/05156be7-bf2b-4318-990b-0fa7c4eb2ba1.780x439.jpg', 'https://s1.ljcdn.com/matrix_lianjia_pc/dist/pc/src/resource/default/780-439.png?_v=201906280941017d9', 'https://s1.ljcdn.com/matrix_lianjia_pc/dist/pc/src/resource/default/780-439.png?_v=201906280941017d9', 'https://s1.ljcdn.com/matrix_lianjia_pc/dist/pc/src/resource/default/780-439.png?_v=201906280941017d9', 'https://s1.ljcdn.com/matrix_lianjia_pc/dist/pc/src/resource/default/780-439.png?_v=201906280941017d9', 'https://s1.ljcdn.com/matrix_lianjia_pc/dist/pc/src/resource/default/780-439.png?_v=201906280941017d9']",3天前,随时入住,6~12个月,随时可看,3/7层,暂无数据,暂无数据,民水,民电,无,暂无数据,"['公寓', '月租', '近地铁', '精装', '新上', '随时看房']","['5号线(环中线) - 五和', '680m']",22.638574,114.06626
https://sz.lianjia.com/apartment/8758.html,,,职业房东 · 五和店,"
职业房东 · 五和店

          1499元/月起

",,,,,['https://image1.ljcdn.com/rent-user-avatar/4cda96b9-bb66-474e-8b97-892d63100a9e.1150x.jpg'],,,,,,,,,,,,,[],22.63045,114.070122
https://sz.lianjia.com/apartment/8088.html,,,职业房东 · 民治樟坑青年公寓,"
职业房东 · 民治樟坑青年公寓

          1580元/月起

",,,,,"['https://image1.ljcdn.com/rent-user-avatar/ed8ded5b-4a61-43ee-8fc1-8ec7dab562b1.1150x.jpg', 'https://s1.ljcdn.com/matrix_lianjia_pc/dist/pc/src/resource/default/1150-450.png?_v=201906280941017d9', 'https://s1.ljcdn.com/matrix_lianjia_pc/dist/pc/src/resource/default/1150-450.png?_v=201906280941017d9']",,,,,,,,,,,,,[],22.619609,114.044376
https://sz.lianjia.com/apartment/6336.html,,,欣欣公寓 · 坂田4号楼,"
欣欣公寓 · 坂田4号楼

          1180元/月起

",,,,,"['https://image1.ljcdn.com/rent-user-avatar/9ff0e1aa-9a6f-4cf6-bbf5-9a88ed06c613.1150x.jpg', 'https://s1.ljcdn.com/matrix_lianjia_pc/dist/pc/src/resource/default/1150-450.png?_v=201906280941017d9', 'https://s1.ljcdn.com/matrix_lianjia_pc/dist/pc/src/resource/default/1150-450.png?_v=201906280941017d9', 'https://s1.ljcdn.com/matrix_lianjia_pc/dist/pc/src/resource/default/1150-450.png?_v=201906280941017d9', 'https://s1.ljcdn.com/matrix_lianjia_pc/dist/pc/src/resource/default/1150-450.png?_v=201906280941017d9', 'https://s1.ljcdn.com/matrix_lianjia_pc/dist/pc/src/resource/default/1150-450.png?_v=201906280941017d9']",,,,,,,,,,,,,[],22.64581,114.077005
https://sz.lianjia.com/apartment/18944.html,,,安寓 · 宝湖新村45栋,"
安寓 · 宝湖新村45栋

          1980元/月起

",,,,,"['https://image1.ljcdn.com/rent-user-avatar/05d1fc00-70b7-41ab-ab16-1a3bb93b94ca.1150x.jpg', 'https://s1.ljcdn.com/matrix_lianjia_pc/dist/pc/src/resource/default/1150-450.png?_v=201906280941017d9', 'https://s1.ljcdn.com/matrix_lianjia_pc/dist/pc/src/resource/default/1150-450.png?_v=201906280941017d9', 'https://s1.ljcdn.com/matrix_lianjia_pc/dist/pc/src/resource/default/1150-450.png?_v=201906280941017d9', 'https://s1.ljcdn.com/matrix_lianjia_pc/dist/pc/src/resource/default/1150-450.png?_v=201906280941017d9', 'https://s1.ljcdn.com/matrix_lianjia_pc/dist/pc/src/resource/default/1150-450.png?_v=201906280941017d9', 'https://s1.ljcdn.com/matrix_lianjia_pc/dist/pc/src/resource/default/1150-450.png?_v=201906280941017d9', 'https://s1.ljcdn.com/matrix_lianjia_pc/dist/pc/src/resource/default/1150-450.png?_v=201906280941017d9', 'https://s1.ljcdn.com/matrix_lianjia_pc/dist/pc/src/resource/default/1150-450.png?_v=201906280941017d9']",,,,,,,,,,,,,[],22.6784,114.042645
https://sz.lianjia.com/apartment/16356.html,,,诚鑫公寓 · 固戍五店,"
诚鑫公寓 · 固戍五店

          1380元/月起

",,,,,['https://image1.ljcdn.com/rent-user-avatar/8f56edbd-5dc2-4114-bd45-dcf12fd5d5bc.1150x.jpg'],,,,,,,,,,,,,[],22.605392,113.847464
https://sz.lianjia.com/apartment/15942.html,,,万昌公寓 · 首月立减1000元,"
万昌公寓 · 首月立减1000元

          1700元/月起

",,,,,"['https://image1.ljcdn.com/rent-user-avatar/ff3c1999-8e68-4dcc-86f3-c48bc15a78f0.1150x.jpg', 'https://s1.ljcdn.com/matrix_lianjia_pc/dist/pc/src/resource/default/1150-450.png?_v=201906280941017d9', 'https://s1.ljcdn.com/matrix_lianjia_pc/dist/pc/src/resource/default/1150-450.png?_v=201906280941017d9', 'https://s1.ljcdn.com/matrix_lianjia_pc/dist/pc/src/resource/default/1150-450.png?_v=201906280941017d9', 'https://s1.ljcdn.com/matrix_lianjia_pc/dist/pc/src/resource/default/1150-450.png?_v=201906280941017d9', 'https://s1.ljcdn.com/matrix_lianjia_pc/dist/pc/src/resource/default/1150-450.png?_v=201906280941017d9', 'https://s1.ljcdn.com/matrix_lianjia_pc/dist/pc/src/resource/default/1150-450.png?_v=201906280941017d9']",,,,,,,,,,,,,[],22.66004,114.034324
