房源地址,行政区,位置,标题,租金,租赁方式,户型,面积,朝向,图片列表,发布时间,入住时间,租期,看房时间,楼层,电梯,车位,用水,用电,燃气,采暖,标签,station,latitude,longtitude
https://sz.lianjia.com/apartment/8634.html,,,金地草莓公寓 · 西乡银田家,"
金地草莓公寓 · 西乡银田家

          1337元/月起

",,,,,"['https://image1.ljcdn.com/rent-user-avatar/9f56c1bd-6c5f-486c-8d1d-70fae24117b6.1150x.jpg', 'https://s1.ljcdn.com/matrix_lianjia_pc/dist/pc/src/resource/default/1150-450.png?_v=201906280941017d9']",,,,,,,,,,,,,[],22.593709,113.868416
https://sz.lianjia.com/apartment/17236.html,,,柚米国际社区 · 1983一期店,"
柚米国际社区 · 1983一期店

          1623元/月起

",,,,,"['https://image1.ljcdn.com/rent-user-avatar/631c78ac-5968-49e7-b4fa-58d5f43e19dd.1150x.jpg', 'https://s1.ljcdn.com/matrix_lianjia_pc/dist/pc/src/resource/default/1150-450.png?_v=201906280941017d9', 'https://s1.ljcdn.com/matrix_lianjia_pc/dist/pc/src/resource/default/1150-450.png?_v=201906280941017d9', 'https://s1.ljcdn.com/matrix_lianjia_pc/dist/pc/src/resource/default/1150-450.png?_v=201906280941017d9', 'https://s1.ljcdn.com/matrix_lianjia_pc/dist/pc/src/resource/default/1150-450.png?_v=201906280941017d9']",,,,,,,,,,,,,[],22.607461,114.155628
https://sz.lianjia.com/zufang/SZ2263661849415794688.html,福田区,香蜜湖,合租·龙溪花园 5居室 西南卧,1650元/月 (月付价),合租,5室1厅1卫,10㎡,朝西南,"['https://image1.ljcdn.com/rent-user-avatar/97e4996a-c2f6-4bc3-91cb-7e2dc7050605.780x439.jpg', 'https://s1.ljcdn.com/matrix_lianjia_pc/dist/pc/src/resource/default/780-439.png?_v=201906280941017d9']",1个月前,随时入住,1年,随时可看,4/5层,无,租用车位,民水,民电,有,暂无数据,"['近地铁', '独立阳台', '随时看房']","['7号线 - 农林', '253m', '2号线(蛇口线) - 侨香', '688m', '2号线(蛇口线),7号线 - 安托山', '869m']",22.549145593493,114.0235099356
https://sz.lianjia.com/apartment/19062.html,,,1916宜家青年社区 · 1970创业园店·C栋,"
1916宜家青年社区 · 1970创业园店·C栋

          1780元/月起

",,,,,"['https://image1.ljcdn.com/rent-user-avatar/b4129bb0-c663-4f1e-8fc5-3a27f2889a06.1150x.jpg', 'https://s1.ljcdn.com/matrix_lianjia_pc/dist/pc/src/resource/default/1150-450.png?_v=201906280941017d9', 'https://s1.ljcdn.com/matrix_lianjia_pc/dist/pc/src/resource/default/1150-450.png?_v=201906280941017d9', 'https://s1.ljcdn.com/matrix_lianjia_pc/dist/pc/src/resource/default/1150-450.png?_v=201906280941017d9', 'https://s1.ljcdn.com/matrix_lianjia_pc/dist/pc/src/resource/default/1150-450.png?_v=201906280941017d9', 'https://s1.ljcdn.com/matrix_lianjia_pc/dist/pc/src/resource/default/1150-450.png?_v=201906280941017d9']",,,,,,,,,,,,,[],22.615289,114.066304
https://sz.lianjia.com/zufang/SZ2258047516031860736.html,福田区,上步,合租·滨河新村 3居室 西南卧,1890元/月 (季付价),合租,3室1厅1卫,10㎡,朝西南,"['https://image1.ljcdn.com/rent-house-1/636f69b83827f24f7723a443c68fdbb3-1561314406251/ff8a7a4c830803a45ce91f505de14dd3.jpg.780x439.jpg', 'https://s1.ljcdn.com/matrix_lianjia_pc/dist/pc/src/resource/default/780-439.png?_v=201906280941017d9', 'https://s1.ljcdn.com/matrix_lianjia_pc/dist/pc/src/resource/default/780-439.png?_v=201906280941017d9', 'https://s1.ljcdn.com/matrix_lianjia_pc/dist/pc/src/resource/default/780-439.png?_v=201906280941017d9', 'https://s1.ljcdn.com/matrix_lianjia_pc/dist/pc/src/resource/default/780-439.png?_v=201906280941017d9', 'https://s1.ljcdn.com/matrix_lianjia_pc/dist/pc/src/resource/default/780-439.png?_v=201906280941017d9', 'https://s1.ljcdn.com/matrix_lianjia_pc/dist/pc/src/resource/default/780-439.png?_v=201906280941017d9', 'https://s1.ljcdn.com/matrix_lianjia_pc/dist/pc/src/resource/default/780-439.png?_v=201906280941017d9']",1个月前,随时入住,1年,随时可看,5/8层,暂无数据,暂无数据,暂无数据,暂无数据,暂无数据,暂无数据,"['公寓', '近地铁', '随时看房']","['9号线 - 红岭南', '268m', '9号线 - 鹿丹村', '639m', '1号线(罗宝线),2号线(蛇口线) - 大剧院', '683m', '1号线(罗宝线) - 科学馆', '938m', '3号线(龙岗线),9号线 - 红岭', '1149m']",22.542613,114.109212
https://sz.lianjia.com/zufang/SZ2283231995381153792.html,罗湖区,清水河,合租·龙园山庄 4居室 西南卧,1630元/月 (季付价),合租,4室1厅2卫,9㎡,朝西南,"['https://image1.ljcdn.com/rent-house-1/636f69b83827f24f7723a443c68fdbb3-1561184948889/61ca754fe67ada15f42978057445a3d1.jpg.780x439.jpg', 'https://s1.ljcdn.com/matrix_lianjia_pc/dist/pc/src/resource/default/780-439.png?_v=201906280941017d9', 'https://s1.ljcdn.com/matrix_lianjia_pc/dist/pc/src/resource/default/780-439.png?_v=201906280941017d9', 'https://s1.ljcdn.com/matrix_lianjia_pc/dist/pc/src/resource/default/780-439.png?_v=201906280941017d9', 'https://s1.ljcdn.com/matrix_lianjia_pc/dist/pc/src/resource/default/780-439.png?_v=201906280941017d9', 'https://s1.ljcdn.com/matrix_lianjia_pc/dist/pc/src/resource/default/780-439.png?_v=201906280941017d9']",8天前,随时入住,1年,随时可看,26/30层,暂无数据,暂无数据,暂无数据,暂无数据,暂无数据,暂无数据,"['公寓', '近地铁', '独立阳台', '随时看房']","['3号线(龙岗线) - 草埔', '826m']",22.594104,114.116381
https://sz.lianjia.com/zufang/SZ2283226015864201216.html,南山区,南山中心,合租·登良花园 3居室 西南卧,1960元/月 (季付价),合租,3室1厅1卫,9㎡,朝西南,"['https://image1.ljcdn.com/rent-house-1/636f69b83827f24f7723a443c68fdbb3-1561274370214/8abd5b4f3719f7fb34cbae1959a2c109.jpg.780x439.jpg', 'https://s1.ljcdn.com/matrix_lianjia_pc/dist/pc/src/resource/default/780-439.png?_v=201906280941017d9', 'https://s1.ljcdn.com/matrix_lianjia_pc/dist/pc/src/resource/default/780-439.png?_v=201906280941017d9', 'https://s1.ljcdn.com/matrix_lianjia_pc/dist/pc/src/resource/default/780-439.png?_v=201906280941017d9', 'https://s1.ljcdn.com/matrix_lianjia_pc/dist/pc/src/resource/default/780-439.png?_v=201906280941017d9', 'https://s1.ljcdn.com/matrix_lianjia_pc/dist/pc/src/resource/default/780-439.png?_v=201906280941017d9']",8天前,随时入住,1年,随时可看,7/8层,暂无数据,暂无数据,暂无数据,暂无数据,暂无数据,暂无数据,"['公寓', '近地铁', '随时看房']","['11号线 - 南山', '1111m']",22.519295298193,113.92726711005
https://sz.lianjia.com/apartment/18571.html,,,冠寓 · 深圳荷坳地铁站店,"
冠寓 · 深圳荷坳地铁站店

          1500元/月起

",,,,,"['https://image1.ljcdn.com/rent-house-1/e067d74ca3cefe515bb47a92f8ce9933-1561666443876/4c3640707b1f99d78fcef2e10807ab19.jpg.1150x.jpg', 'https://s1.ljcdn.com/matrix_lianjia_pc/dist/pc/src/resource/default/1150-450.png?_v=201906280941017d9', 'https://s1.ljcdn.com/matrix_lianjia_pc/dist/pc/src/resource/default/1150-450.png?_v=201906280941017d9']",,,,,,,,,,,,,[],22.67389097503075,114.22439581863439
https://sz.lianjia.com/zufang/SZ2287850348850978816.html,龙华区,龙华中心,整租·港铁天颂 1室0厅 东/东南/南/西南/西,1900元/月 (月付价),整租,1室0厅1卫,30㎡,朝东 东南 南 西南 西,"['https://image1.ljcdn.com/rent-user-avatar/1321b0fe-ecc9-437e-88fb-46859f160ecc.780x439.jpg', 'https://s1.ljcdn.com/matrix_lianjia_pc/dist/pc/src/resource/default/780-439.png?_v=201906280941017d9', 'https://s1.ljcdn.com/matrix_lianjia_pc/dist/pc/src/resource/default/780-439.png?_v=201906280941017d9', 'https://s1.ljcdn.com/matrix_lianjia_pc/dist/pc/src/resource/default/780-439.png?_v=201906280941017d9', 'https://s1.ljcdn.com/matrix_lianjia_pc/dist/pc/src/resource/default/780-439.png?_v=201906280941017d9', 'https://s1.ljcdn.com/matrix_lianjia_pc/dist/pc/src/resource/default/780-439.png?_v=201906280941017d9', 'https://s1.ljcdn.com/matrix_lianjia_pc/dist/pc/src/resource/default/780-439.png?_v=201906280941017d9']",2天前,随时入住,1年,随时可看,5/6层,暂无数据,暂无数据,暂无数据,暂无数据,有,暂无数据,"['公寓', '近地铁', '精装', '新上', '随时看房']","['4号线(龙华线) - 龙胜', '197m', '4号线(龙华线) - 上塘', '746m']",22.649136,114.018183
https://sz.lianjia.com/zufang/SZ2287518114272772096.html,宝安区,福永,整租·同泰时代中心 1室0厅 东/东南/南/西南/西,1700元/月 (月付价),整租,1室0厅1卫,25㎡,朝东 东南 南 西南 西,"['https://image1.ljcdn.com/rent-user-avatar/640e61e2-c4b7-47c8-9f2f-5ad36b4c30a8.780x439.jpg', 'https://s1.ljcdn.com/matrix_lianjia_pc/dist/pc/src/resource/default/780-439.png?_v=201906280941017d9', 'https://s1.ljcdn.com/matrix_lianjia_pc/dist/pc/src/resource/default/780-439.png?_v=201906280941017d9', 'https://s1.ljcdn.com/matrix_lianjia_pc/dist/pc/src/resource/default/780-439.png?_v=201906280941017d9']",3天前,随时入住,1~12个月,随时可看,8/8层,暂无数据,暂无数据,商水,商电,无,暂无数据,"['公寓', '月租', '近地铁', '精装', '押一付一', '新上', '随时看房']","['11号线 - 福永', '665m', '11号线 - 桥头', '937m']",22.685842,113.813126
https://sz.lianjia.com/zufang/SZ2288227959036977152.html,宝安区,福永,整租·同泰时代中心 1室0厅 东/东南/南/西南/西,1700元/月 (月付价),整租,1室0厅1卫,25㎡,朝东 东南 南 西南 西,"['https://image1.ljcdn.com/rent-user-avatar/2e219538-39d8-4d42-881c-bfd17eea9556.780x439.jpg', 'https://s1.ljcdn.com/matrix_lianjia_pc/dist/pc/src/resource/default/780-439.png?_v=201906280941017d9', 'https://s1.ljcdn.com/matrix_lianjia_pc/dist/pc/src/resource/default/780-439.png?_v=201906280941017d9', 'https://s1.ljcdn.com/matrix_lianjia_pc/dist/pc/src/resource/default/780-439.png?_v=201906280941017d9', 'https://s1.ljcdn.com/matrix_lianjia_pc/dist/pc/src/resource/default/780-439.png?_v=201906280941017d9', 'https://s1.ljcdn.com/matrix_lianjia_pc/dist/pc/src/resource/default/780-439.png?_v=201906280941017d9', 'https://s1.ljcdn.com/matrix_lianjia_pc/dist/pc/src/resource/default/780-439.png?_v=201906280941017d9', 'https://s1.ljcdn.com/matrix_lianjia_pc/dist/pc/src/resource/default/780-439.png?_v=201906280941017d9', 'https://s1.ljcdn.com/matrix_lianjia_pc/dist/pc/src/resource/default/780-439.png?_v=201906280941017d9', 'https://s1.ljcdn.com/matrix_lianjia_pc/dist/pc/src/resource/default/780-439.png?_v=201906280941017d9', 'https://s1.ljcdn.com/matrix_lianjia_pc/dist/pc/src/resource/default/780-439.png?_v=201906280941017d9']",2天前,随时入住,1~12个月,随时可看,8/8层,暂无数据,暂无数据,商水,商电,无,暂无数据,"['公寓', '月租', '近地铁', '精装', '押一付一', '新上', '随时看房']","['11号线 - 福永', '665m', '11号线 - 桥头', '937m']",22.685842,113.813126
https://sz.lianjia.com/apartment/4582.html,,,华洲公寓 · 大发浦2号店,"
华洲公寓 · 大发浦2号店

          1400元/月起

",,,,,"['https://image1.ljcdn.com/rent-user-avatar/d1a89b7c-0ef4-44fc-9245-4d5598f1ab2c.1150x.jpg', 'https://s1.ljcdn.com/matrix_lianjia_pc/dist/pc/src/resource/default/1150-450.png?_v=201906280941017d9', 'https://s1.ljcdn.com/matrix_lianjia_pc/dist/pc/src/resource/default/1150-450.png?_v=201906280941017d9', 'https://s1.ljcdn.com/matrix_lianjia_pc/dist/pc/src/resource/default/1150-450.png?_v=201906280941017d9']",,,,,,,,,,,,,[],22.636098,114.05983
https://sz.lianjia.com/apartment/15563.html,,,169公寓 · 下水径店,"
169公寓 · 下水径店

          1780元/月起

",,,,,"['https://image1.ljcdn.com/rent-user-avatar/f8d0d60c-4d5a-4f54-9ac7-ca4b19f1890e.1150x.jpg', 'https://s1.ljcdn.com/matrix_lianjia_pc/dist/pc/src/resource/default/1150-450.png?_v=201906280941017d9', 'https://s1.ljcdn.com/matrix_lianjia_pc/dist/pc/src/resource/default/1150-450.png?_v=201906280941017d9', 'https://s1.ljcdn.com/matrix_lianjia_pc/dist/pc/src/resource/default/1150-450.png?_v=201906280941017d9', 'https://s1.ljcdn.com/matrix_lianjia_pc/dist/pc/src/resource/default/1150-450.png?_v=201906280941017d9']",,,,,,,,,,,,,[],22.617927,114.115683
https://sz.lianjia.com/apartment/1738.html,,,开成一家公寓 · 沙井店,"
开成一家公寓 · 沙井店

          1400元/月起

",,,,,"['https://image1.ljcdn.com/rent-user-avatar/8c2438f3-b9d9-4a46-b3ae-cb8fd40b6216.1150x.jpg', 'https://s1.ljcdn.com/matrix_lianjia_pc/dist/pc/src/resource/default/1150-450.png?_v=201906280941017d9', 'https://s1.ljcdn.com/matrix_lianjia_pc/dist/pc/src/resource/default/1150-450.png?_v=201906280941017d9', 'https://s1.ljcdn.com/matrix_lianjia_pc/dist/pc/src/resource/default/1150-450.png?_v=201906280941017d9', 'https://s1.ljcdn.com/matrix_lianjia_pc/dist/pc/src/resource/default/1150-450.png?_v=201906280941017d9', 'https://s1.ljcdn.com/matrix_lianjia_pc/dist/pc/src/resource/default/1150-450.png?_v=201906280941017d9', 'https://s1.ljcdn.com/matrix_lianjia_pc/dist/pc/src/resource/default/1150-450.png?_v=201906280941017d9', 'https://s1.ljcdn.com/matrix_lianjia_pc/dist/pc/src/resource/default/1150-450.png?_v=201906280941017d9', 'https://s1.ljcdn.com/matrix_lianjia_pc/dist/pc/src/resource/default/1150-450.png?_v=201906280941017d9', 'https://s1.ljcdn.com/matrix_lianjia_pc/dist/pc/src/resource/default/1150-450.png?_v=201906280941017d9', 'https://s1.ljcdn.com/matrix_lianjia_pc/dist/pc/src/resource/default/1150-450.png?_v=201906280941017d9', 'https://s1.ljcdn.com/matrix_lianjia_pc/dist/pc/src/resource/default/1150-450.png?_v=201906280941017d9', 'https://s1.ljcdn.com/matrix_lianjia_pc/dist/pc/src/resource/default/1150-450.png?_v=201906280941017d9', 'https://s1.ljcdn.com/matrix_lianjia_pc/dist/pc/src/resource/default/1150-450.png?_v=201906280941017d9', 'https://s1.ljcdn.com/matrix_lianjia_pc/dist/pc/src/resource/default/1150-450.png?_v=201906280941017d9', 'https://s1.ljcdn.com/matrix_lianjia_pc/dist/pc/src/resource/default/1150-450.png?_v=201906280941017d9', 'https://s1.ljcdn.com/matrix_lianjia_pc/dist/pc/src/resource/default/1150-450.png?_v=201906280941017d9', 'https://s1.ljcdn.com/matrix_lianjia_pc/dist/pc/src/resource/default/1150-450.png?_v=201906280941017d9']",,,,,,,,,,,,,[],22.723864,113.841207
https://sz.lianjia.com/apartment/2872.html,,,猫宁公寓 · 东堤店,"
猫宁公寓 · 东堤店

          1850元/月起

",,,,,"['https://image1.ljcdn.com/rent-user-avatar/b21d7db9-827a-47b4-91c6-0a41a63565ef.1150x.jpg', 'https://s1.ljcdn.com/matrix_lianjia_pc/dist/pc/src/resource/default/1150-450.png?_v=201906280941017d9']",,,,,,,,,,,,,[],22.576806,113.882524
https://sz.lianjia.com/zufang/SZ2288228499548545024.html,宝安区,福永,整租·同泰时代中心 1室0厅 东/东南/南/西南/西,1700元/月 (月付价),整租,1室0厅1卫,25㎡,朝东 东南 南 西南 西,"['https://image1.ljcdn.com/rent-user-avatar/6bfdc355-2b26-448d-a124-098542163d2f.780x439.jpg', 'https://s1.ljcdn.com/matrix_lianjia_pc/dist/pc/src/resource/default/780-439.png?_v=201906280941017d9', 'https://s1.ljcdn.com/matrix_lianjia_pc/dist/pc/src/resource/default/780-439.png?_v=201906280941017d9', 'https://s1.ljcdn.com/matrix_lianjia_pc/dist/pc/src/resource/default/780-439.png?_v=201906280941017d9', 'https://s1.ljcdn.com/matrix_lianjia_pc/dist/pc/src/resource/default/780-439.png?_v=201906280941017d9', 'https://s1.ljcdn.com/matrix_lianjia_pc/dist/pc/src/resource/default/780-439.png?_v=201906280941017d9', 'https://s1.ljcdn.com/matrix_lianjia_pc/dist/pc/src/resource/default/780-439.png?_v=201906280941017d9']",2天前,随时入住,1~12个月,随时可看,8/8层,暂无数据,暂无数据,商水,商电,无,暂无数据,"['公寓', '月租', '近地铁', '精装', '押一付一', '新上', '随时看房']","['11号线 - 福永', '665m', '11号线 - 桥头', '937m']",22.685842,113.813126
https://sz.lianjia.com/apartment/17408.html,,,职业房东 · 龙华店,"
职业房东 · 龙华店

          1300元/月起

",,,,,"['https://image1.ljcdn.com/rent-user-avatar/2df264ec-ee24-4c09-aea9-f0606e3493b8.1150x.jpg', 'https://s1.ljcdn.com/matrix_lianjia_pc/dist/pc/src/resource/default/1150-450.png?_v=201906280941017d9', 'https://s1.ljcdn.com/matrix_lianjia_pc/dist/pc/src/resource/default/1150-450.png?_v=201906280941017d9', 'https://s1.ljcdn.com/matrix_lianjia_pc/dist/pc/src/resource/default/1150-450.png?_v=201906280941017d9', 'https://s1.ljcdn.com/matrix_lianjia_pc/dist/pc/src/resource/default/1150-450.png?_v=201906280941017d9', 'https://s1.ljcdn.com/matrix_lianjia_pc/dist/pc/src/resource/default/1150-450.png?_v=201906280941017d9']",,,,,,,,,,,,,[],22.655093,114.039989
https://sz.lianjia.com/apartment/741.html,,,合富创寓 · 大运店,"
合富创寓 · 大运店

          1500元/月起

",,,,,"['https://image1.ljcdn.com/rent-user-avatar/f8081f25-10c0-4295-8b72-31da51539ac5.1150x.jpg', 'https://s1.ljcdn.com/matrix_lianjia_pc/dist/pc/src/resource/default/1150-450.png?_v=201906280941017d9', 'https://s1.ljcdn.com/matrix_lianjia_pc/dist/pc/src/resource/default/1150-450.png?_v=201906280941017d9', 'https://s1.ljcdn.com/matrix_lianjia_pc/dist/pc/src/resource/default/1150-450.png?_v=201906280941017d9', 'https://s1.ljcdn.com/matrix_lianjia_pc/dist/pc/src/resource/default/1150-450.png?_v=201906280941017d9', 'https://s1.ljcdn.com/matrix_lianjia_pc/dist/pc/src/resource/default/1150-450.png?_v=201906280941017d9', 'https://s1.ljcdn.com/matrix_lianjia_pc/dist/pc/src/resource/default/1150-450.png?_v=201906280941017d9', 'https://s1.ljcdn.com/matrix_lianjia_pc/dist/pc/src/resource/default/1150-450.png?_v=201906280941017d9', 'https://s1.ljcdn.com/matrix_lianjia_pc/dist/pc/src/resource/default/1150-450.png?_v=201906280941017d9', 'https://s1.ljcdn.com/matrix_lianjia_pc/dist/pc/src/resource/default/1150-450.png?_v=201906280941017d9', 'https://s1.ljcdn.com/matrix_lianjia_pc/dist/pc/src/resource/default/1150-450.png?_v=201906280941017d9', 'https://s1.ljcdn.com/matrix_lianjia_pc/dist/pc/src/resource/default/1150-450.png?_v=201906280941017d9', 'https://s1.ljcdn.com/matrix_lianjia_pc/dist/pc/src/resource/default/1150-450.png?_v=201906280941017d9']",,,,,,,,,,,,,[],22.691384,114.23564
https://sz.lianjia.com/apartment/1194.html,,,宇恒公寓 · 潭头店,"
宇恒公寓 · 潭头店

          700元/月起

",,,,,"['https://image1.ljcdn.com/rent-user-avatar/b3aa53e7-8675-40e1-8006-c3668616f4f0.1150x.jpg', 'https://s1.ljcdn.com/matrix_lianjia_pc/dist/pc/src/resource/default/1150-450.png?_v=201906280941017d9', 'https://s1.ljcdn.com/matrix_lianjia_pc/dist/pc/src/resource/default/1150-450.png?_v=201906280941017d9', 'https://s1.ljcdn.com/matrix_lianjia_pc/dist/pc/src/resource/default/1150-450.png?_v=201906280941017d9', 'https://s1.ljcdn.com/matrix_lianjia_pc/dist/pc/src/resource/default/1150-450.png?_v=201906280941017d9', 'https://s1.ljcdn.com/matrix_lianjia_pc/dist/pc/src/resource/default/1150-450.png?_v=201906280941017d9', 'https://s1.ljcdn.com/matrix_lianjia_pc/dist/pc/src/resource/default/1150-450.png?_v=201906280941017d9', 'https://s1.ljcdn.com/matrix_lianjia_pc/dist/pc/src/resource/default/1150-450.png?_v=201906280941017d9', 'https://s1.ljcdn.com/matrix_lianjia_pc/dist/pc/src/resource/default/1150-450.png?_v=201906280941017d9', 'https://s1.ljcdn.com/matrix_lianjia_pc/dist/pc/src/resource/default/1150-450.png?_v=201906280941017d9', 'https://s1.ljcdn.com/matrix_lianjia_pc/dist/pc/src/resource/default/1150-450.png?_v=201906280941017d9', 'https://s1.ljcdn.com/matrix_lianjia_pc/dist/pc/src/resource/default/1150-450.png?_v=201906280941017d9']",,,,,,,,,,,,,[],22.749596,113.855532
https://sz.lianjia.com/zufang/SZ2206968012580323328.html,福田区,百花,合租·长安花园 5居室 西南卧,1869元/月 (月付价),合租,5室1厅1卫,8㎡,朝西南,"['https://image1.ljcdn.com/rent-user-avatar/05bdb304-b986-414d-9f90-8f0b8d257846.780x439.jpg', 'https://s1.ljcdn.com/matrix_lianjia_pc/dist/pc/src/resource/default/780-439.png?_v=201906280941017d9', 'https://s1.ljcdn.com/matrix_lianjia_pc/dist/pc/src/resource/default/780-439.png?_v=201906280941017d9', 'https://s1.ljcdn.com/matrix_lianjia_pc/dist/pc/src/resource/default/780-439.png?_v=201906280941017d9', 'https://s1.ljcdn.com/matrix_lianjia_pc/dist/pc/src/resource/default/780-439.png?_v=201906280941017d9', 'https://s1.ljcdn.com/matrix_lianjia_pc/dist/pc/src/resource/default/780-439.png?_v=201906280941017d9', 'https://s1.ljcdn.com/matrix_lianjia_pc/dist/pc/src/resource/default/780-439.png?_v=201906280941017d9', 'https://s1.ljcdn.com/matrix_lianjia_pc/dist/pc/src/resource/default/780-439.png?_v=201906280941017d9', 'https://s1.ljcdn.com/matrix_lianjia_pc/dist/pc/src/resource/default/780-439.png?_v=201906280941017d9', 'https://s1.ljcdn.com/matrix_lianjia_pc/dist/pc/src/resource/default/780-439.png?_v=201906280941017d9', 'https://s1.ljcdn.com/matrix_lianjia_pc/dist/pc/src/resource/default/780-439.png?_v=201906280941017d9']",3个月前,随时入住,1年,随时可看,23/30层,有,租用车位,民水,民电,有,暂无数据,"['公寓', '近地铁', '精装', '押一付一', '随时看房']","['3号线(龙岗线),7号线 - 华新', '574m', '3号线(龙岗线) - 通新岭', '936m', '7号线 - 黄木岗', '1059m', '2号线(蛇口线),7号线 - 华强北', '1113m']",22.558680073958,114.09661592186
https://sz.lianjia.com/zufang/SZ2286431587791290368.html,宝安区,新安,合租·文汇花园 4居室 西南卧,1790元/月 (季付价),合租,4室1厅1卫,12㎡,朝西南,"['https://image1.ljcdn.com/rent-house-1/636f69b83827f24f7723a443c68fdbb3-1561062917791/b2ced2fc643ec9e11652065559c85322.jpg.780x439.jpg', 'https://s1.ljcdn.com/matrix_lianjia_pc/dist/pc/src/resource/default/780-439.png?_v=201906280941017d9', 'https://s1.ljcdn.com/matrix_lianjia_pc/dist/pc/src/resource/default/780-439.png?_v=201906280941017d9', 'https://s1.ljcdn.com/matrix_lianjia_pc/dist/pc/src/resource/default/780-439.png?_v=201906280941017d9', 'https://s1.ljcdn.com/matrix_lianjia_pc/dist/pc/src/resource/default/780-439.png?_v=201906280941017d9', 'https://s1.ljcdn.com/matrix_lianjia_pc/dist/pc/src/resource/default/780-439.png?_v=201906280941017d9', 'https://s1.ljcdn.com/matrix_lianjia_pc/dist/pc/src/resource/default/780-439.png?_v=201906280941017d9']",4天前,随时入住,1年,随时可看,6/8层,暂无数据,暂无数据,暂无数据,暂无数据,暂无数据,暂无数据,"['公寓', '近地铁', '新上', '随时看房']","['5号线(环中线) - 灵芝', '880m']",22.575179865881,113.90144955034
https://sz.lianjia.com/apartment/15563.html,,,169公寓 · 下水径店,"
169公寓 · 下水径店

          1780元/月起

",,,,,"['https://image1.ljcdn.com/rent-user-avatar/f8d0d60c-4d5a-4f54-9ac7-ca4b19f1890e.1150x.jpg', 'https://s1.ljcdn.com/matrix_lianjia_pc/dist/pc/src/resource/default/1150-450.png?_v=201906280941017d9', 'https://s1.ljcdn.com/matrix_lianjia_pc/dist/pc/src/resource/default/1150-450.png?_v=201906280941017d9', 'https://s1.ljcdn.com/matrix_lianjia_pc/dist/pc/src/resource/default/1150-450.png?_v=201906280941017d9', 'https://s1.ljcdn.com/matrix_lianjia_pc/dist/pc/src/resource/default/1150-450.png?_v=201906280941017d9']",,,,,,,,,,,,,[],22.617927,114.115683
https://sz.lianjia.com/zufang/SZ2285921726418665472.html,宝安区,宝安中心,合租·金成时代家园 4居室 西南卧,1860元/月 (季付价),合租,4室1厅1卫,7㎡,朝西南,"['https://image1.ljcdn.com/rent-house-1/636f69b83827f24f7723a443c68fdbb3-1561110122176/25a79e5a19aff137519f56ae8788eac8.jpg.780x439.jpg', 'https://s1.ljcdn.com/matrix_lianjia_pc/dist/pc/src/resource/default/780-439.png?_v=201906280941017d9', 'https://s1.ljcdn.com/matrix_lianjia_pc/dist/pc/src/resource/default/780-439.png?_v=201906280941017d9', 'https://s1.ljcdn.com/matrix_lianjia_pc/dist/pc/src/resource/default/780-439.png?_v=201906280941017d9', 'https://s1.ljcdn.com/matrix_lianjia_pc/dist/pc/src/resource/default/780-439.png?_v=201906280941017d9', 'https://s1.ljcdn.com/matrix_lianjia_pc/dist/pc/src/resource/default/780-439.png?_v=201906280941017d9', 'https://s1.ljcdn.com/matrix_lianjia_pc/dist/pc/src/resource/default/780-439.png?_v=201906280941017d9', 'https://s1.ljcdn.com/matrix_lianjia_pc/dist/pc/src/resource/default/780-439.png?_v=201906280941017d9', 'https://s1.ljcdn.com/matrix_lianjia_pc/dist/pc/src/resource/default/780-439.png?_v=201906280941017d9']",5天前,随时入住,3~12个月,随时可看,18/29层,暂无数据,暂无数据,暂无数据,暂无数据,暂无数据,暂无数据,"['公寓', '月租', '近地铁', '新上', '随时看房']","['1号线(罗宝线) - 宝体', '236m', '11号线 - 宝安', '1067m', '1号线(罗宝线),5号线(环中线) - 宝安中心', '1077m']",22.568876806634,113.88941506348
https://sz.lianjia.com/apartment/16465.html,,,U梦公馆 · 下水径6号店,"
U梦公馆 · 下水径6号店

          1550元/月起

",,,,,"['https://image1.ljcdn.com/rent-user-avatar/023d98a6-a0cd-45ab-ab10-cea01356ad5e.1150x.jpg', 'https://s1.ljcdn.com/matrix_lianjia_pc/dist/pc/src/resource/default/1150-450.png?_v=201906280941017d9', 'https://s1.ljcdn.com/matrix_lianjia_pc/dist/pc/src/resource/default/1150-450.png?_v=201906280941017d9', 'https://s1.ljcdn.com/matrix_lianjia_pc/dist/pc/src/resource/default/1150-450.png?_v=201906280941017d9', 'https://s1.ljcdn.com/matrix_lianjia_pc/dist/pc/src/resource/default/1150-450.png?_v=201906280941017d9', 'https://s1.ljcdn.com/matrix_lianjia_pc/dist/pc/src/resource/default/1150-450.png?_v=201906280941017d9']",,,,,,,,,,,,,[],22.617949,114.113928
https://sz.lianjia.com/zufang/SZ2283272021113061376.html,罗湖区,黄贝岭,合租·文华花园 3居室 西南卧,1660元/月 (季付价),合租,3室1厅1卫,12㎡,朝西南,"['https://image1.ljcdn.com/rent-house-1/636f69b83827f24f7723a443c68fdbb3-1560935632406/16fca1480bec940e781794685cd9675d.jpg.780x439.jpg', 'https://s1.ljcdn.com/matrix_lianjia_pc/dist/pc/src/resource/default/780-439.png?_v=201906280941017d9', 'https://s1.ljcdn.com/matrix_lianjia_pc/dist/pc/src/resource/default/780-439.png?_v=201906280941017d9', 'https://s1.ljcdn.com/matrix_lianjia_pc/dist/pc/src/resource/default/780-439.png?_v=201906280941017d9', 'https://s1.ljcdn.com/matrix_lianjia_pc/dist/pc/src/resource/default/780-439.png?_v=201906280941017d9', 'https://s1.ljcdn.com/matrix_lianjia_pc/dist/pc/src/resource/default/780-439.png?_v=201906280941017d9', 'https://s1.ljcdn.com/matrix_lianjia_pc/dist/pc/src/resource/default/780-439.png?_v=201906280941017d9', 'https://s1.ljcdn.com/matrix_lianjia_pc/dist/pc/src/resource/default/780-439.png?_v=201906280941017d9']",8天前,随时入住,1年,随时可看,2/30层,暂无数据,暂无数据,暂无数据,暂无数据,暂无数据,暂无数据,"['公寓', '近地铁', '随时看房']","['2号线(蛇口线),5号线(环中线) - 黄贝岭', '98m', '9号线 - 文锦', '585m', '2号线(蛇口线) - 湖贝', '987m', '2号线(蛇口线) - 新秀', '1157m', '9号线 - 向西村', '1191m']",22.551262568874,114.14479948723
https://sz.lianjia.com/apartment/862.html,,,1918民生公寓 · 弓村1店,"
1918民生公寓 · 弓村1店

          1180元/月起

",,,,,['https://image1.ljcdn.com/rent-user-avatar/a8135bc3-04c8-4cfb-af99-5141db3b5b46.1150x.jpg'],,,,,,,,,,,,,[],22.667696,114.032702
https://sz.lianjia.com/zufang/SZ2129069946288734208.html,罗湖区,地王,合租·外运宿舍大院 3居室 西南卧,1660元/月 (季付价),合租,3室1厅1卫,7㎡,朝西南,"['https://image1.ljcdn.com/rent-house-1/636f69b83827f24f7723a443c68fdbb3-1561353510003/48dc5316c289e12215f66da04c922cb9.jpg.780x439.jpg', 'https://s1.ljcdn.com/matrix_lianjia_pc/dist/pc/src/resource/default/780-439.png?_v=201906280941017d9', 'https://s1.ljcdn.com/matrix_lianjia_pc/dist/pc/src/resource/default/780-439.png?_v=201906280941017d9', 'https://s1.ljcdn.com/matrix_lianjia_pc/dist/pc/src/resource/default/780-439.png?_v=201906280941017d9', 'https://s1.ljcdn.com/matrix_lianjia_pc/dist/pc/src/resource/default/780-439.png?_v=201906280941017d9', 'https://s1.ljcdn.com/matrix_lianjia_pc/dist/pc/src/resource/default/780-439.png?_v=201906280941017d9', 'https://s1.ljcdn.com/matrix_lianjia_pc/dist/pc/src/resource/default/780-439.png?_v=201906280941017d9', 'https://s1.ljcdn.com/matrix_lianjia_pc/dist/pc/src/resource/default/780-439.png?_v=201906280941017d9', 'https://s1.ljcdn.com/matrix_lianjia_pc/dist/pc/src/resource/default/780-439.png?_v=201906280941017d9']",7个月前,随时入住,1年,随时可看,4/7层,暂无数据,暂无数据,暂无数据,暂无数据,暂无数据,暂无数据,"['公寓', '近地铁', '随时看房']","['3号线(龙岗线),9号线 - 红岭', '1004m', '9号线 - 园岭', '1053m']",22.559351540105,114.11898142353
https://sz.lianjia.com/apartment/3910.html,,,职业房东 · 乐山公寓,"
职业房东 · 乐山公寓

          1550元/月起

",,,,,['https://image1.ljcdn.com/rent-user-avatar/68d37f67-ce0b-4c9f-a941-f62459165adc.1150x.jpg'],,,,,,,,,,,,,[],22.629562,114.070931
https://sz.lianjia.com/apartment/5984.html,,,泛美公寓 · 龙岗店,"
泛美公寓 · 龙岗店

          1500元/月起

",,,,,"['https://image1.ljcdn.com/rent-user-avatar/2f678de9-e1e8-480b-a623-74da31c126b4.1150x.jpg', 'https://s1.ljcdn.com/matrix_lianjia_pc/dist/pc/src/resource/default/1150-450.png?_v=201906280941017d9', 'https://s1.ljcdn.com/matrix_lianjia_pc/dist/pc/src/resource/default/1150-450.png?_v=201906280941017d9', 'https://s1.ljcdn.com/matrix_lianjia_pc/dist/pc/src/resource/default/1150-450.png?_v=201906280941017d9', 'https://s1.ljcdn.com/matrix_lianjia_pc/dist/pc/src/resource/default/1150-450.png?_v=201906280941017d9', 'https://s1.ljcdn.com/matrix_lianjia_pc/dist/pc/src/resource/default/1150-450.png?_v=201906280941017d9', 'https://s1.ljcdn.com/matrix_lianjia_pc/dist/pc/src/resource/default/1150-450.png?_v=201906280941017d9', 'https://s1.ljcdn.com/matrix_lianjia_pc/dist/pc/src/resource/default/1150-450.png?_v=201906280941017d9', 'https://s1.ljcdn.com/matrix_lianjia_pc/dist/pc/src/resource/default/1150-450.png?_v=201906280941017d9', 'https://s1.ljcdn.com/matrix_lianjia_pc/dist/pc/src/resource/default/1150-450.png?_v=201906280941017d9']",,,,,,,,,,,,,[],22.698504,114.244824
https://sz.lianjia.com/apartment/4311.html,,,华洲公寓 · 南坑1号店,"
华洲公寓 · 南坑1号店

          1300元/月起

",,,,,['https://image1.ljcdn.com/rent-user-avatar/c3ebceec-31ae-4d3c-b18a-fd27771c985c.1150x.jpg'],,,,,,,,,,,,,[],22.615748,114.07151
