房源地址,行政区,位置,标题,租金,租赁方式,户型,面积,朝向,图片列表,发布时间,入住时间,租期,看房时间,楼层,电梯,车位,用水,用电,燃气,采暖,标签,station,latitude,longtitude
https://sz.lianjia.com/zufang/SZ2289200618562125824.html,南山区,前海,整租·心语家园 2室1厅 西南,5800元/月 (月付价),整租,2室1厅1卫,60㎡,朝西南,"['https://image1.ljcdn.com/rent-user-avatar/0bd1e7bd-a857-4a2f-acf0-7b828a28dc49.780x439.jpg', 'https://s1.ljcdn.com/matrix_lianjia_pc/dist/pc/src/resource/default/780-439.png?_v=201906280941017d9', 'https://s1.ljcdn.com/matrix_lianjia_pc/dist/pc/src/resource/default/780-439.png?_v=201906280941017d9', 'https://s1.ljcdn.com/matrix_lianjia_pc/dist/pc/src/resource/default/780-439.png?_v=201906280941017d9', 'https://s1.ljcdn.com/matrix_lianjia_pc/dist/pc/src/resource/default/780-439.png?_v=201906280941017d9', 'https://s1.ljcdn.com/matrix_lianjia_pc/dist/pc/src/resource/default/780-439.png?_v=201906280941017d9', 'https://s1.ljcdn.com/matrix_lianjia_pc/dist/pc/src/resource/default/780-439.png?_v=201906280941017d9']",2天前,随时入住,1~2年,需提前预约,13/19层,有,暂无数据,民水,民电,有,暂无数据,"['精装', '新上']",[],22.520728589484,113.91710345233
https://sz.lianjia.com/zufang/SZ2164989601603919872.html,盐田区,沙头角,倚山花园二期 4室2厅 西南,7500元/月 ,租赁方式未知,4室2厅2卫,138㎡,朝西南,"['https://image1.ljcdn.com/440300-inspection/1c940683-93c1-4989-9dcb-4f8960e079e5.jpg.780x439.jpg', 'https://s1.ljcdn.com/matrix_lianjia_pc/dist/pc/src/resource/default/780-439.png?_v=201906280941017d9', 'https://s1.ljcdn.com/matrix_lianjia_pc/dist/pc/src/resource/default/780-439.png?_v=201906280941017d9', 'https://s1.ljcdn.com/matrix_lianjia_pc/dist/pc/src/resource/default/780-439.png?_v=201906280941017d9', 'https://s1.ljcdn.com/matrix_lianjia_pc/dist/pc/src/resource/default/780-439.png?_v=201906280941017d9', 'https://s1.ljcdn.com/matrix_lianjia_pc/dist/pc/src/resource/default/780-439.png?_v=201906280941017d9', 'https://s1.ljcdn.com/matrix_lianjia_pc/dist/pc/src/resource/default/780-439.png?_v=201906280941017d9', 'https://s1.ljcdn.com/matrix_lianjia_pc/dist/pc/src/resource/default/780-439.png?_v=201906280941017d9', 'https://s1.ljcdn.com/matrix_lianjia_pc/dist/pc/src/resource/default/780-439.png?_v=201906280941017d9', 'https://s1.ljcdn.com/matrix_lianjia_pc/dist/pc/src/resource/default/780-439.png?_v=201906280941017d9', 'https://s1.ljcdn.com/matrix_lianjia_pc/dist/pc/src/resource/default/780-439.png?_v=201906280941017d9', 'https://s1.ljcdn.com/matrix_lianjia_pc/dist/pc/src/resource/default/780-439.png?_v=201906280941017d9', 'https://s1.ljcdn.com/matrix_lianjia_pc/dist/pc/src/resource/default/780-439.png?_v=201906280941017d9', 'https://s1.ljcdn.com/matrix_lianjia_pc/dist/pc/src/resource/default/780-439.png?_v=201906280941017d9', 'https://s1.ljcdn.com/matrix_lianjia_pc/dist/pc/src/resource/default/780-439.png?_v=201906280941017d9', 'https://s1.ljcdn.com/matrix_lianjia_pc/dist/pc/src/resource/default/780-439.png?_v=201906280941017d9']",5个月前,随时入住,暂无数据,需提前预约,中楼层/11层,有,暂无数据,民水,民电,有,暂无数据,['随时看房'],[],22.567728,114.243857
https://sz.lianjia.com/zufang/SZ2277563411644817408.html,宝安区,翻身,卡罗社区 2室1厅 西南,7000元/月 ,租赁方式未知,2室1厅1卫,70㎡,朝西南,"['https://image1.ljcdn.com/440300-inspection/3d444adf-e300-4c58-9606-da314769e7f5.jpg.780x439.jpg', 'https://s1.ljcdn.com/matrix_lianjia_pc/dist/pc/src/resource/default/780-439.png?_v=201906280941017d9', 'https://s1.ljcdn.com/matrix_lianjia_pc/dist/pc/src/resource/default/780-439.png?_v=201906280941017d9', 'https://s1.ljcdn.com/matrix_lianjia_pc/dist/pc/src/resource/default/780-439.png?_v=201906280941017d9', 'https://s1.ljcdn.com/matrix_lianjia_pc/dist/pc/src/resource/default/780-439.png?_v=201906280941017d9', 'https://s1.ljcdn.com/matrix_lianjia_pc/dist/pc/src/resource/default/780-439.png?_v=201906280941017d9', 'https://s1.ljcdn.com/matrix_lianjia_pc/dist/pc/src/resource/default/780-439.png?_v=201906280941017d9', 'https://s1.ljcdn.com/matrix_lianjia_pc/dist/pc/src/resource/default/780-439.png?_v=201906280941017d9']",18天前,随时入住,暂无数据,暂无数据,低楼层/16层,有,暂无数据,民水,民电,有,暂无数据,['近地铁'],"['5号线(环中线) - 翻身', '460m', '1号线(罗宝线),5号线(环中线) - 宝安中心', '858m', '1号线(罗宝线) - 宝体', '1019m']",22.567724,113.896576
https://sz.lianjia.com/zufang/SZ2233165560210784256.html,福田区,福田中心,万景花园 2室1厅 西南,7000元/月 ,租赁方式未知,2室1厅1卫,72㎡,朝西南,"['https://image1.ljcdn.com/440300-inspection/2c09c4d5-2e88-4c85-96a3-4be1c8f3b591.jpg.780x439.jpg', 'https://s1.ljcdn.com/matrix_lianjia_pc/dist/pc/src/resource/default/780-439.png?_v=201906280941017d9', 'https://s1.ljcdn.com/matrix_lianjia_pc/dist/pc/src/resource/default/780-439.png?_v=201906280941017d9', 'https://s1.ljcdn.com/matrix_lianjia_pc/dist/pc/src/resource/default/780-439.png?_v=201906280941017d9', 'https://s1.ljcdn.com/matrix_lianjia_pc/dist/pc/src/resource/default/780-439.png?_v=201906280941017d9', 'https://s1.ljcdn.com/matrix_lianjia_pc/dist/pc/src/resource/default/780-439.png?_v=201906280941017d9', 'https://s1.ljcdn.com/matrix_lianjia_pc/dist/pc/src/resource/default/780-439.png?_v=201906280941017d9', 'https://s1.ljcdn.com/matrix_lianjia_pc/dist/pc/src/resource/default/780-439.png?_v=201906280941017d9', 'https://s1.ljcdn.com/matrix_lianjia_pc/dist/pc/src/resource/default/780-439.png?_v=201906280941017d9']",2个月前,随时入住,暂无数据,需提前预约,低楼层/23层,有,暂无数据,民水,民电,有,暂无数据,['近地铁'],"['1号线(罗宝线) - 岗厦', '529m', '1号线(罗宝线),4号线(龙华线) - 会展中心', '1180m']",22.536671660627,114.0765627705
https://sz.lianjia.com/zufang/SZ2289109510360399872.html,宝安区,福永,整租·万科金色领域 3室2厅 东/东南/南/西南/西,5500元/月 (月付价),整租,3室2厅1卫,85㎡,朝东 东南 南 西南 西,"['https://image1.ljcdn.com/rent-user-avatar/02e2159a-fcb9-4e8a-8cf7-c9c27f0198bb.780x439.jpg', 'https://s1.ljcdn.com/matrix_lianjia_pc/dist/pc/src/resource/default/780-439.png?_v=201906280941017d9', 'https://s1.ljcdn.com/matrix_lianjia_pc/dist/pc/src/resource/default/780-439.png?_v=201906280941017d9', 'https://s1.ljcdn.com/matrix_lianjia_pc/dist/pc/src/resource/default/780-439.png?_v=201906280941017d9', 'https://s1.ljcdn.com/matrix_lianjia_pc/dist/pc/src/resource/default/780-439.png?_v=201906280941017d9', 'https://s1.ljcdn.com/matrix_lianjia_pc/dist/pc/src/resource/default/780-439.png?_v=201906280941017d9', 'https://s1.ljcdn.com/matrix_lianjia_pc/dist/pc/src/resource/default/780-439.png?_v=201906280941017d9', 'https://s1.ljcdn.com/matrix_lianjia_pc/dist/pc/src/resource/default/780-439.png?_v=201906280941017d9', 'https://s1.ljcdn.com/matrix_lianjia_pc/dist/pc/src/resource/default/780-439.png?_v=201906280941017d9', 'https://s1.ljcdn.com/matrix_lianjia_pc/dist/pc/src/resource/default/780-439.png?_v=201906280941017d9', 'https://s1.ljcdn.com/matrix_lianjia_pc/dist/pc/src/resource/default/780-439.png?_v=201906280941017d9']",2天前,随时入住,6个月以上,随时可看,2/15层,有,暂无数据,民水,民电,有,暂无数据,"['公寓', '月租', '精装', '新上', '随时看房']",[],22.663922547636,113.82270059158
https://sz.lianjia.com/zufang/SZ2278395519170781184.html,南山区,南山中心,整租·南光城市花园 2室1厅 西南,6000元/月 (月付价),整租,2室1厅1卫,42㎡,朝西南,"['https://image1.ljcdn.com/rent-user-avatar/40e9462f-08c6-4ea1-ba86-f91adf4f8dc8.780x439.jpg', 'https://s1.ljcdn.com/matrix_lianjia_pc/dist/pc/src/resource/default/780-439.png?_v=201906280941017d9', 'https://s1.ljcdn.com/matrix_lianjia_pc/dist/pc/src/resource/default/780-439.png?_v=201906280941017d9', 'https://s1.ljcdn.com/matrix_lianjia_pc/dist/pc/src/resource/default/780-439.png?_v=201906280941017d9', 'https://s1.ljcdn.com/matrix_lianjia_pc/dist/pc/src/resource/default/780-439.png?_v=201906280941017d9', 'https://s1.ljcdn.com/matrix_lianjia_pc/dist/pc/src/resource/default/780-439.png?_v=201906280941017d9', 'https://s1.ljcdn.com/matrix_lianjia_pc/dist/pc/src/resource/default/780-439.png?_v=201906280941017d9', 'https://s1.ljcdn.com/matrix_lianjia_pc/dist/pc/src/resource/default/780-439.png?_v=201906280941017d9']",17天前,随时入住,1年,需提前预约,15/32层,有,暂无数据,商水,商电,有,暂无数据,"['近地铁', '精装']","['11号线 - 南山', '528m']",22.52533064834,113.93061531218
https://sz.lianjia.com/zufang/SZ2281040818460426240.html,罗湖区,黄贝岭,怡泰大厦 2室1厅 西南,5100元/月 ,租赁方式未知,2室1厅1卫,68㎡,朝西南,"['https://image1.ljcdn.com/440300-inspection/1ed05aca-1b01-4d3f-9a1b-4dde86584289.jpg.780x439.jpg', 'https://s1.ljcdn.com/matrix_lianjia_pc/dist/pc/src/resource/default/780-439.png?_v=201906280941017d9', 'https://s1.ljcdn.com/matrix_lianjia_pc/dist/pc/src/resource/default/780-439.png?_v=201906280941017d9', 'https://s1.ljcdn.com/matrix_lianjia_pc/dist/pc/src/resource/default/780-439.png?_v=201906280941017d9', 'https://s1.ljcdn.com/matrix_lianjia_pc/dist/pc/src/resource/default/780-439.png?_v=201906280941017d9', 'https://s1.ljcdn.com/matrix_lianjia_pc/dist/pc/src/resource/default/780-439.png?_v=201906280941017d9', 'https://s1.ljcdn.com/matrix_lianjia_pc/dist/pc/src/resource/default/780-439.png?_v=201906280941017d9']",10天前,随时入住,暂无数据,需提前预约,高楼层/29层,有,暂无数据,民水,民电,有,暂无数据,"['近地铁', '随时看房']","['3号线(龙岗线) - 翠竹', '292m', '3号线(龙岗线) - 晒布', '758m']",22.560464226351,114.13423662665
https://sz.lianjia.com/zufang/SZ2280475837583605760.html,宝安区,碧海,槟城西岸 3室2厅 西南,7500元/月 ,租赁方式未知,3室2厅1卫,75㎡,朝西南,"['https://image1.ljcdn.com/440300-inspection/44358857-66d5-4d39-8048-69f3d0fb50d8.jpg.780x439.jpg', 'https://s1.ljcdn.com/matrix_lianjia_pc/dist/pc/src/resource/default/780-439.png?_v=201906280941017d9', 'https://s1.ljcdn.com/matrix_lianjia_pc/dist/pc/src/resource/default/780-439.png?_v=201906280941017d9', 'https://s1.ljcdn.com/matrix_lianjia_pc/dist/pc/src/resource/default/780-439.png?_v=201906280941017d9', 'https://s1.ljcdn.com/matrix_lianjia_pc/dist/pc/src/resource/default/780-439.png?_v=201906280941017d9', 'https://s1.ljcdn.com/matrix_lianjia_pc/dist/pc/src/resource/default/780-439.png?_v=201906280941017d9', 'https://s1.ljcdn.com/matrix_lianjia_pc/dist/pc/src/resource/default/780-439.png?_v=201906280941017d9', 'https://s1.ljcdn.com/matrix_lianjia_pc/dist/pc/src/resource/default/780-439.png?_v=201906280941017d9']",14天前,随时入住,暂无数据,需提前预约,中楼层/33层,有,暂无数据,民水,民电,有,暂无数据,"['近地铁', '随时看房']","['11号线 - 碧海湾', '444m', '1号线(罗宝线) - 西乡', '707m']",22.57640099305,113.86416474655
https://sz.lianjia.com/zufang/SZ2281181535028133888.html,南山区,前海,诺德假日花园 2室1厅 西南,5200元/月 ,租赁方式未知,2室1厅1卫,48㎡,朝西南,"['https://image1.ljcdn.com/440300-inspection/4073e5b5-ff8f-49bb-9a6d-a8d565d2c7f4.jpg.780x439.jpg', 'https://s1.ljcdn.com/matrix_lianjia_pc/dist/pc/src/resource/default/780-439.png?_v=201906280941017d9', 'https://s1.ljcdn.com/matrix_lianjia_pc/dist/pc/src/resource/default/780-439.png?_v=201906280941017d9', 'https://s1.ljcdn.com/matrix_lianjia_pc/dist/pc/src/resource/default/780-439.png?_v=201906280941017d9', 'https://s1.ljcdn.com/matrix_lianjia_pc/dist/pc/src/resource/default/780-439.png?_v=201906280941017d9', 'https://s1.ljcdn.com/matrix_lianjia_pc/dist/pc/src/resource/default/780-439.png?_v=201906280941017d9']",13天前,随时入住,暂无数据,需提前预约,高楼层/30层,有,暂无数据,民水,民电,有,暂无数据,['随时看房'],[],22.51623,113.909861
https://sz.lianjia.com/zufang/SZ2278383183387443200.html,南山区,南山中心,整租·南光城市花园 1室1厅 西南,6000元/月 (月付价),整租,1室1厅1卫,42㎡,朝西南,"['https://image1.ljcdn.com/rent-user-avatar/58b6f5fb-4f57-4a8f-9e08-cb3ab36ff318.780x439.jpg', 'https://s1.ljcdn.com/matrix_lianjia_pc/dist/pc/src/resource/default/780-439.png?_v=201906280941017d9', 'https://s1.ljcdn.com/matrix_lianjia_pc/dist/pc/src/resource/default/780-439.png?_v=201906280941017d9', 'https://s1.ljcdn.com/matrix_lianjia_pc/dist/pc/src/resource/default/780-439.png?_v=201906280941017d9', 'https://s1.ljcdn.com/matrix_lianjia_pc/dist/pc/src/resource/default/780-439.png?_v=201906280941017d9', 'https://s1.ljcdn.com/matrix_lianjia_pc/dist/pc/src/resource/default/780-439.png?_v=201906280941017d9', 'https://s1.ljcdn.com/matrix_lianjia_pc/dist/pc/src/resource/default/780-439.png?_v=201906280941017d9', 'https://s1.ljcdn.com/matrix_lianjia_pc/dist/pc/src/resource/default/780-439.png?_v=201906280941017d9', 'https://s1.ljcdn.com/matrix_lianjia_pc/dist/pc/src/resource/default/780-439.png?_v=201906280941017d9', 'https://s1.ljcdn.com/matrix_lianjia_pc/dist/pc/src/resource/default/780-439.png?_v=201906280941017d9', 'https://s1.ljcdn.com/matrix_lianjia_pc/dist/pc/src/resource/default/780-439.png?_v=201906280941017d9', 'https://s1.ljcdn.com/matrix_lianjia_pc/dist/pc/src/resource/default/780-439.png?_v=201906280941017d9']",17天前,随时入住,1年,需提前预约,20/32层,有,暂无数据,商水,商电,有,暂无数据,"['近地铁', '精装']","['11号线 - 南山', '528m']",22.52533064834,113.93061531218
https://sz.lianjia.com/zufang/SZ2267384072739495936.html,宝安区,翻身,整租·金汇名园 2室1厅 复式 东/东南/南/西南,5800元/月 (月付价),整租,2室1厅1卫,68㎡,朝东 东南 南 西南,"['https://image1.ljcdn.com/rent-user-avatar/9d6dae90-4992-42b2-98ca-e8ebfd96f438.780x439.jpg', 'https://s1.ljcdn.com/matrix_lianjia_pc/dist/pc/src/resource/default/780-439.png?_v=201906280941017d9', 'https://s1.ljcdn.com/matrix_lianjia_pc/dist/pc/src/resource/default/780-439.png?_v=201906280941017d9', 'https://s1.ljcdn.com/matrix_lianjia_pc/dist/pc/src/resource/default/780-439.png?_v=201906280941017d9', 'https://s1.ljcdn.com/matrix_lianjia_pc/dist/pc/src/resource/default/780-439.png?_v=201906280941017d9', 'https://s1.ljcdn.com/matrix_lianjia_pc/dist/pc/src/resource/default/780-439.png?_v=201906280941017d9', 'https://s1.ljcdn.com/matrix_lianjia_pc/dist/pc/src/resource/default/780-439.png?_v=201906280941017d9', 'https://s1.ljcdn.com/matrix_lianjia_pc/dist/pc/src/resource/default/780-439.png?_v=201906280941017d9', 'https://s1.ljcdn.com/matrix_lianjia_pc/dist/pc/src/resource/default/780-439.png?_v=201906280941017d9', 'https://s1.ljcdn.com/matrix_lianjia_pc/dist/pc/src/resource/default/780-439.png?_v=201906280941017d9']",1个月前,随时入住,6~12个月,随时可看,9/21层,有,暂无数据,民水,民电,有,暂无数据,"['公寓', '月租', '近地铁', '精装', '随时看房']","['5号线(环中线) - 翻身', '959m']",22.562726337624,113.90686917743
https://sz.lianjia.com/zufang/SZ2281854084283899904.html,宝安区,碧海,松茂御龙湾 3室2厅 西南,7500元/月 ,租赁方式未知,3室2厅2卫,89㎡,朝西南,"['https://image1.ljcdn.com/440300-inspection/3c541815-118d-4ecb-b3f5-3257451aa4d5.jpg.780x439.jpg', 'https://s1.ljcdn.com/matrix_lianjia_pc/dist/pc/src/resource/default/780-439.png?_v=201906280941017d9', 'https://s1.ljcdn.com/matrix_lianjia_pc/dist/pc/src/resource/default/780-439.png?_v=201906280941017d9', 'https://s1.ljcdn.com/matrix_lianjia_pc/dist/pc/src/resource/default/780-439.png?_v=201906280941017d9', 'https://s1.ljcdn.com/matrix_lianjia_pc/dist/pc/src/resource/default/780-439.png?_v=201906280941017d9', 'https://s1.ljcdn.com/matrix_lianjia_pc/dist/pc/src/resource/default/780-439.png?_v=201906280941017d9', 'https://s1.ljcdn.com/matrix_lianjia_pc/dist/pc/src/resource/default/780-439.png?_v=201906280941017d9', 'https://s1.ljcdn.com/matrix_lianjia_pc/dist/pc/src/resource/default/780-439.png?_v=201906280941017d9']",11天前,2019-07-10,暂无数据,暂无数据,中楼层/31层,有,暂无数据,民水,民电,有,暂无数据,['近地铁'],"['11号线 - 碧海湾', '360m', '1号线(罗宝线) - 西乡', '1144m']",22.579843,113.859969
https://sz.lianjia.com/zufang/SZ2172191645900996608.html,南山区,南头,豪方天际花园 3室1厅 西南,7800元/月 ,租赁方式未知,3室1厅1卫,75㎡,朝西南,"['https://image1.ljcdn.com/440300-inspection/16538220-e3bc-401a-8f07-fc8f7b82740a.jpg.780x439.jpg', 'https://s1.ljcdn.com/matrix_lianjia_pc/dist/pc/src/resource/default/780-439.png?_v=201906280941017d9', 'https://s1.ljcdn.com/matrix_lianjia_pc/dist/pc/src/resource/default/780-439.png?_v=201906280941017d9', 'https://s1.ljcdn.com/matrix_lianjia_pc/dist/pc/src/resource/default/780-439.png?_v=201906280941017d9', 'https://s1.ljcdn.com/matrix_lianjia_pc/dist/pc/src/resource/default/780-439.png?_v=201906280941017d9', 'https://s1.ljcdn.com/matrix_lianjia_pc/dist/pc/src/resource/default/780-439.png?_v=201906280941017d9', 'https://s1.ljcdn.com/matrix_lianjia_pc/dist/pc/src/resource/default/780-439.png?_v=201906280941017d9', 'https://s1.ljcdn.com/matrix_lianjia_pc/dist/pc/src/resource/default/780-439.png?_v=201906280941017d9', 'https://s1.ljcdn.com/matrix_lianjia_pc/dist/pc/src/resource/default/780-439.png?_v=201906280941017d9']",5个月前,随时入住,暂无数据,需提前预约,低楼层/49层,有,暂无数据,民水,民电,有,暂无数据,['随时看房'],[],22.560305,113.927414
https://sz.lianjia.com/zufang/SZ2273768298213031936.html,龙华区,梅林关,整租·星河盛世 2室1厅 西南,7800元/月 ,整租,2室1厅1卫,77㎡,朝西南,"['https://image1.ljcdn.com/440300-inspection/1994d1ee-0560-4267-837a-a091b5eae490.png.780x439.jpg', 'https://s1.ljcdn.com/matrix_lianjia_pc/dist/pc/src/resource/default/780-439.png?_v=201906280941017d9', 'https://s1.ljcdn.com/matrix_lianjia_pc/dist/pc/src/resource/default/780-439.png?_v=201906280941017d9', 'https://s1.ljcdn.com/matrix_lianjia_pc/dist/pc/src/resource/default/780-439.png?_v=201906280941017d9', 'https://s1.ljcdn.com/matrix_lianjia_pc/dist/pc/src/resource/default/780-439.png?_v=201906280941017d9', 'https://s1.ljcdn.com/matrix_lianjia_pc/dist/pc/src/resource/default/780-439.png?_v=201906280941017d9', 'https://s1.ljcdn.com/matrix_lianjia_pc/dist/pc/src/resource/default/780-439.png?_v=201906280941017d9']",23天前,2019-07-20,1年以内,暂无数据,高楼层/30层,有,租用车位,民水,民电,有,暂无数据,"['近地铁', '精装']","['4号线(龙华线) - 白石龙', '609m', '4号线(龙华线) - 民乐', '882m']",22.608614,114.052767
https://sz.lianjia.com/zufang/SZ2282513045941403648.html,南山区,科技园,整租·阳光粤海 2室2厅 西南,7800元/月 (月付价),整租,2室2厅1卫,75㎡,朝西南,"['https://image1.ljcdn.com/rent-user-avatar/27359289-08da-40e9-beda-7c6c0cd2c3a8.780x439.jpg', 'https://s1.ljcdn.com/matrix_lianjia_pc/dist/pc/src/resource/default/780-439.png?_v=201906280941017d9', 'https://s1.ljcdn.com/matrix_lianjia_pc/dist/pc/src/resource/default/780-439.png?_v=201906280941017d9', 'https://s1.ljcdn.com/matrix_lianjia_pc/dist/pc/src/resource/default/780-439.png?_v=201906280941017d9']",11天前,随时入住,1年,随时可看,7/43层,暂无数据,暂无数据,民水,民电,有,暂无数据,"['精装', '随时看房']",[],22.53903,113.947
https://sz.lianjia.com/zufang/SZ2289002051562110976.html,福田区,石厦,整租·宏轩大厦 2室2厅 西南,6700元/月 (月付价),整租,2室2厅1卫,61㎡,朝西南,"['https://image1.ljcdn.com/rent-user-avatar/255d5e17-9447-423b-b1df-cf7426da72c9.780x439.jpg', 'https://s1.ljcdn.com/matrix_lianjia_pc/dist/pc/src/resource/default/780-439.png?_v=201906280941017d9', 'https://s1.ljcdn.com/matrix_lianjia_pc/dist/pc/src/resource/default/780-439.png?_v=201906280941017d9', 'https://s1.ljcdn.com/matrix_lianjia_pc/dist/pc/src/resource/default/780-439.png?_v=201906280941017d9', 'https://s1.ljcdn.com/matrix_lianjia_pc/dist/pc/src/resource/default/780-439.png?_v=201906280941017d9']",2天前,随时入住,1~3年,随时可看,31/33层,暂无数据,暂无数据,暂无数据,暂无数据,暂无数据,暂无数据,"['近地铁', '精装', '新上', '随时看房']","['3号线(龙岗线),7号线 - 石厦', '582m', '1号线(罗宝线),3号线(龙岗线) - 购物公园', '891m', '7号线 - 皇岗村', '1177m']",22.533636,114.058197
https://sz.lianjia.com/zufang/SZ2282548933974827008.html,南山区,南山中心,天马综合楼 3室2厅 西南,7500元/月 ,租赁方式未知,3室2厅1卫,78㎡,朝西南,"['https://image1.ljcdn.com/440300-inspection/a57295a9-8b11-41dd-b544-e7e85fa37cdc.jpg.780x439.jpg', 'https://s1.ljcdn.com/matrix_lianjia_pc/dist/pc/src/resource/default/780-439.png?_v=201906280941017d9', 'https://s1.ljcdn.com/matrix_lianjia_pc/dist/pc/src/resource/default/780-439.png?_v=201906280941017d9', 'https://s1.ljcdn.com/matrix_lianjia_pc/dist/pc/src/resource/default/780-439.png?_v=201906280941017d9', 'https://s1.ljcdn.com/matrix_lianjia_pc/dist/pc/src/resource/default/780-439.png?_v=201906280941017d9', 'https://s1.ljcdn.com/matrix_lianjia_pc/dist/pc/src/resource/default/780-439.png?_v=201906280941017d9']",9天前,随时入住,暂无数据,需提前预约,中楼层/9层,暂无数据,暂无数据,暂无数据,暂无数据,暂无数据,暂无数据,"['近地铁', '随时看房']","['11号线 - 南山', '1158m']",22.522686,113.924058
https://sz.lianjia.com/zufang/SZ2243308611264577536.html,南山区,科技园,松坪村东区三期 2室1厅 西南,6200元/月 ,租赁方式未知,2室1厅1卫,60㎡,朝西南,"['https://image1.ljcdn.com/440300-inspection/test-4cf97826-fbc5-4f5e-94ab-e071a98fcf0d.png.780x439.jpg', 'https://s1.ljcdn.com/matrix_lianjia_pc/dist/pc/src/resource/default/780-439.png?_v=201906280941017d9', 'https://s1.ljcdn.com/matrix_lianjia_pc/dist/pc/src/resource/default/780-439.png?_v=201906280941017d9', 'https://s1.ljcdn.com/matrix_lianjia_pc/dist/pc/src/resource/default/780-439.png?_v=201906280941017d9']",2个月前,随时入住,暂无数据,需提前预约,高楼层/34层,有,暂无数据,暂无数据,暂无数据,有,暂无数据,[],[],22.565473123496,113.96348524642
https://sz.lianjia.com/zufang/SZ2256977943849082880.html,福田区,景田,天健时尚新天地 1室1厅 西南,5400元/月 ,租赁方式未知,1室1厅1卫,40㎡,朝西南,"['https://image1.ljcdn.com/440300-inspection/2d455e68-22a8-4775-9eae-ae94e6b62c0e.jpg.780x439.jpg', 'https://s1.ljcdn.com/matrix_lianjia_pc/dist/pc/src/resource/default/780-439.png?_v=201906280941017d9', 'https://s1.ljcdn.com/matrix_lianjia_pc/dist/pc/src/resource/default/780-439.png?_v=201906280941017d9', 'https://s1.ljcdn.com/matrix_lianjia_pc/dist/pc/src/resource/default/780-439.png?_v=201906280941017d9', 'https://s1.ljcdn.com/matrix_lianjia_pc/dist/pc/src/resource/default/780-439.png?_v=201906280941017d9', 'https://s1.ljcdn.com/matrix_lianjia_pc/dist/pc/src/resource/default/780-439.png?_v=201906280941017d9']",1个月前,随时入住,暂无数据,暂无数据,低楼层/19层,有,暂无数据,民水,民电,有,暂无数据,['近地铁'],"['2号线(蛇口线),9号线 - 景田', '261m', '9号线 - 梅景', '608m', '2号线(蛇口线) - 香梅北', '979m']",22.560445,114.048235
https://sz.lianjia.com/zufang/SZ2264937255254622208.html,南山区,南山中心,整租·南海大厦 3室1厅 西南,7500元/月 (季付价),整租,3室1厅1卫,70㎡,朝西南,"['https://image1.ljcdn.com/rent-user-avatar/00038bb7-a320-4761-b36d-a8e40dfedc33.780x439.jpg', 'https://s1.ljcdn.com/matrix_lianjia_pc/dist/pc/src/resource/default/780-439.png?_v=201906280941017d9', 'https://s1.ljcdn.com/matrix_lianjia_pc/dist/pc/src/resource/default/780-439.png?_v=201906280941017d9', 'https://s1.ljcdn.com/matrix_lianjia_pc/dist/pc/src/resource/default/780-439.png?_v=201906280941017d9', 'https://s1.ljcdn.com/matrix_lianjia_pc/dist/pc/src/resource/default/780-439.png?_v=201906280941017d9', 'https://s1.ljcdn.com/matrix_lianjia_pc/dist/pc/src/resource/default/780-439.png?_v=201906280941017d9', 'https://s1.ljcdn.com/matrix_lianjia_pc/dist/pc/src/resource/default/780-439.png?_v=201906280941017d9', 'https://s1.ljcdn.com/matrix_lianjia_pc/dist/pc/src/resource/default/780-439.png?_v=201906280941017d9', 'https://s1.ljcdn.com/matrix_lianjia_pc/dist/pc/src/resource/default/780-439.png?_v=201906280941017d9']",1个月前,随时入住,1年以上,随时可看,14/24层,有,暂无数据,民水,民电,有,暂无数据,"['近地铁', '随时看房']","['11号线 - 南山', '472m']",22.525913981903,113.92961924655
https://sz.lianjia.com/zufang/SZ2278393857538260992.html,南山区,南山中心,整租·南光城市花园 1室1厅 西南,6000元/月 (月付价),整租,1室1厅1卫,42㎡,朝西南,"['https://image1.ljcdn.com/rent-user-avatar/0f263c3c-b786-43ee-8546-444bd7025212.780x439.jpg', 'https://s1.ljcdn.com/matrix_lianjia_pc/dist/pc/src/resource/default/780-439.png?_v=201906280941017d9', 'https://s1.ljcdn.com/matrix_lianjia_pc/dist/pc/src/resource/default/780-439.png?_v=201906280941017d9', 'https://s1.ljcdn.com/matrix_lianjia_pc/dist/pc/src/resource/default/780-439.png?_v=201906280941017d9', 'https://s1.ljcdn.com/matrix_lianjia_pc/dist/pc/src/resource/default/780-439.png?_v=201906280941017d9', 'https://s1.ljcdn.com/matrix_lianjia_pc/dist/pc/src/resource/default/780-439.png?_v=201906280941017d9', 'https://s1.ljcdn.com/matrix_lianjia_pc/dist/pc/src/resource/default/780-439.png?_v=201906280941017d9', 'https://s1.ljcdn.com/matrix_lianjia_pc/dist/pc/src/resource/default/780-439.png?_v=201906280941017d9', 'https://s1.ljcdn.com/matrix_lianjia_pc/dist/pc/src/resource/default/780-439.png?_v=201906280941017d9', 'https://s1.ljcdn.com/matrix_lianjia_pc/dist/pc/src/resource/default/780-439.png?_v=201906280941017d9', 'https://s1.ljcdn.com/matrix_lianjia_pc/dist/pc/src/resource/default/780-439.png?_v=201906280941017d9']",17天前,随时入住,1年,需提前预约,21/32层,有,暂无数据,商水,商电,有,暂无数据,"['近地铁', '精装']","['11号线 - 南山', '528m']",22.52533064834,113.93061531218
https://sz.lianjia.com/zufang/SZ2275433658821115904.html,宝安区,宝安中心,御景湾 3室2厅 西南,7600元/月 ,租赁方式未知,3室2厅2卫,115㎡,朝西南,"['https://image1.ljcdn.com/440300-inspection/584ed6d8-f917-4860-8946-32367e2b525e.jpg.780x439.jpg', 'https://s1.ljcdn.com/matrix_lianjia_pc/dist/pc/src/resource/default/780-439.png?_v=201906280941017d9', 'https://s1.ljcdn.com/matrix_lianjia_pc/dist/pc/src/resource/default/780-439.png?_v=201906280941017d9', 'https://s1.ljcdn.com/matrix_lianjia_pc/dist/pc/src/resource/default/780-439.png?_v=201906280941017d9', 'https://s1.ljcdn.com/matrix_lianjia_pc/dist/pc/src/resource/default/780-439.png?_v=201906280941017d9', 'https://s1.ljcdn.com/matrix_lianjia_pc/dist/pc/src/resource/default/780-439.png?_v=201906280941017d9', 'https://s1.ljcdn.com/matrix_lianjia_pc/dist/pc/src/resource/default/780-439.png?_v=201906280941017d9', 'https://s1.ljcdn.com/matrix_lianjia_pc/dist/pc/src/resource/default/780-439.png?_v=201906280941017d9', 'https://s1.ljcdn.com/matrix_lianjia_pc/dist/pc/src/resource/default/780-439.png?_v=201906280941017d9', 'https://s1.ljcdn.com/matrix_lianjia_pc/dist/pc/src/resource/default/780-439.png?_v=201906280941017d9', 'https://s1.ljcdn.com/matrix_lianjia_pc/dist/pc/src/resource/default/780-439.png?_v=201906280941017d9']",21天前,随时入住,暂无数据,需提前预约,低楼层/27层,有,暂无数据,民水,民电,有,暂无数据,['近地铁'],"['1号线(罗宝线) - 宝体', '844m', '1号线(罗宝线) - 坪洲', '902m', '11号线 - 宝安', '952m']",22.568536522626,113.88112630332
https://sz.lianjia.com/zufang/SZ2268167448040062976.html,龙岗区,坂田,万科第五园八期 2室1厅 西南,5100元/月 ,租赁方式未知,2室1厅1卫,74㎡,朝西南,"['https://image1.ljcdn.com/440300-inspection/30f5741c-25d4-474d-b4d8-a6f3c3d7dc7b.jpg.780x439.jpg', 'https://s1.ljcdn.com/matrix_lianjia_pc/dist/pc/src/resource/default/780-439.png?_v=201906280941017d9', 'https://s1.ljcdn.com/matrix_lianjia_pc/dist/pc/src/resource/default/780-439.png?_v=201906280941017d9', 'https://s1.ljcdn.com/matrix_lianjia_pc/dist/pc/src/resource/default/780-439.png?_v=201906280941017d9', 'https://s1.ljcdn.com/matrix_lianjia_pc/dist/pc/src/resource/default/780-439.png?_v=201906280941017d9', 'https://s1.ljcdn.com/matrix_lianjia_pc/dist/pc/src/resource/default/780-439.png?_v=201906280941017d9', 'https://s1.ljcdn.com/matrix_lianjia_pc/dist/pc/src/resource/default/780-439.png?_v=201906280941017d9']",1个月前,随时入住,暂无数据,需提前预约,高楼层/20层,有,暂无数据,民水,民电,有,暂无数据,[],[],22.617285,114.075097
https://sz.lianjia.com/zufang/SZ2281894691782008832.html,罗湖区,地王,TCL雅馨居 2室1厅 西南,6800元/月 ,租赁方式未知,2室1厅1卫,67㎡,朝西南,"['https://image1.ljcdn.com/440300-inspection/prod-42f8d8c2-27ba-40c3-8f53-06e5b1a7a25e.jpg.780x439.jpg', 'https://s1.ljcdn.com/matrix_lianjia_pc/dist/pc/src/resource/default/780-439.png?_v=201906280941017d9', 'https://s1.ljcdn.com/matrix_lianjia_pc/dist/pc/src/resource/default/780-439.png?_v=201906280941017d9', 'https://s1.ljcdn.com/matrix_lianjia_pc/dist/pc/src/resource/default/780-439.png?_v=201906280941017d9', 'https://s1.ljcdn.com/matrix_lianjia_pc/dist/pc/src/resource/default/780-439.png?_v=201906280941017d9']",12天前,2019-07-15,暂无数据,需提前预约,低楼层/29层,有,暂无数据,民水,民电,有,暂无数据,['近地铁'],"['3号线(龙岗线),9号线 - 红岭', '899m', '1号线(罗宝线),3号线(龙岗线) - 老街', '1038m', '1号线(罗宝线),2号线(蛇口线) - 大剧院', '1052m']",22.555525,114.117646
https://sz.lianjia.com/zufang/SZ2289685373628465152.html,福田区,石厦,整租·丽阳天下 1室1厅 西南,5500元/月 (月付价),整租,1室1厅1卫,42㎡,朝西南,"['https://image1.ljcdn.com/rent-user-avatar/3af50683-9f8e-4739-b722-447965dc7457.780x439.jpg', 'https://s1.ljcdn.com/matrix_lianjia_pc/dist/pc/src/resource/default/780-439.png?_v=201906280941017d9', 'https://s1.ljcdn.com/matrix_lianjia_pc/dist/pc/src/resource/default/780-439.png?_v=201906280941017d9', 'https://s1.ljcdn.com/matrix_lianjia_pc/dist/pc/src/resource/default/780-439.png?_v=201906280941017d9', 'https://s1.ljcdn.com/matrix_lianjia_pc/dist/pc/src/resource/default/780-439.png?_v=201906280941017d9', 'https://s1.ljcdn.com/matrix_lianjia_pc/dist/pc/src/resource/default/780-439.png?_v=201906280941017d9', 'https://s1.ljcdn.com/matrix_lianjia_pc/dist/pc/src/resource/default/780-439.png?_v=201906280941017d9']",1天前,随时入住,1~3年,随时可看,30/32层,暂无数据,暂无数据,暂无数据,暂无数据,暂无数据,暂无数据,"['近地铁', '精装', '新上', '随时看房']","['3号线(龙岗线),7号线 - 石厦', '344m', '7号线 - 皇岗村', '960m']",22.5309,114.05745
https://sz.lianjia.com/zufang/SZ2287410926569398272.html,罗湖区,黄贝岭,整租·深业东岭 1室1厅 西南,5600元/月 (月付价),整租,1室1厅1卫,42㎡,朝西南,"['https://image1.ljcdn.com/rent-user-avatar/3cbc37c9-430b-4933-bd0b-64f2ac465f40.780x439.jpg', 'https://s1.ljcdn.com/matrix_lianjia_pc/dist/pc/src/resource/default/780-439.png?_v=201906280941017d9', 'https://s1.ljcdn.com/matrix_lianjia_pc/dist/pc/src/resource/default/780-439.png?_v=201906280941017d9', 'https://s1.ljcdn.com/matrix_lianjia_pc/dist/pc/src/resource/default/780-439.png?_v=201906280941017d9']",4天前,随时入住,1年,随时可看,39/41层,暂无数据,暂无数据,民水,民电,有,暂无数据,"['公寓', '精装', '新上', '随时看房']",[],22.556084,114.14716
https://sz.lianjia.com/zufang/SZ2282441848368930816.html,宝安区,碧海,华丰前海湾 3室2厅 西南,7800元/月 ,租赁方式未知,3室2厅2卫,89㎡,朝西南,"['https://image1.ljcdn.com/440300-inspection/577ca1f8-8d60-400d-8aae-958f1bb9e2f2.jpg.780x439.jpg', 'https://s1.ljcdn.com/matrix_lianjia_pc/dist/pc/src/resource/default/780-439.png?_v=201906280941017d9', 'https://s1.ljcdn.com/matrix_lianjia_pc/dist/pc/src/resource/default/780-439.png?_v=201906280941017d9', 'https://s1.ljcdn.com/matrix_lianjia_pc/dist/pc/src/resource/default/780-439.png?_v=201906280941017d9', 'https://s1.ljcdn.com/matrix_lianjia_pc/dist/pc/src/resource/default/780-439.png?_v=201906280941017d9', 'https://s1.ljcdn.com/matrix_lianjia_pc/dist/pc/src/resource/default/780-439.png?_v=201906280941017d9', 'https://s1.ljcdn.com/matrix_lianjia_pc/dist/pc/src/resource/default/780-439.png?_v=201906280941017d9', 'https://s1.ljcdn.com/matrix_lianjia_pc/dist/pc/src/resource/default/780-439.png?_v=201906280941017d9', 'https://s1.ljcdn.com/matrix_lianjia_pc/dist/pc/src/resource/default/780-439.png?_v=201906280941017d9', 'https://s1.ljcdn.com/matrix_lianjia_pc/dist/pc/src/resource/default/780-439.png?_v=201906280941017d9', 'https://s1.ljcdn.com/matrix_lianjia_pc/dist/pc/src/resource/default/780-439.png?_v=201906280941017d9']",11天前,随时入住,暂无数据,需提前预约,低楼层/31层,有,暂无数据,民水,民电,有,暂无数据,"['近地铁', '随时看房']","['11号线 - 碧海湾', '942m']",22.575561,113.856751
https://sz.lianjia.com/zufang/SZ2243960023887642624.html,龙岗区,横岗,整租·麟恒中心广场二期 4室2厅 西南,6000元/月 ,整租,4室2厅1卫,89㎡,朝西南,"['https://image1.ljcdn.com/440300-inspection/895ecde6-2bc2-41ad-80ed-5922ac1ea192.jpg.780x439.jpg', 'https://s1.ljcdn.com/matrix_lianjia_pc/dist/pc/src/resource/default/780-439.png?_v=201906280941017d9', 'https://s1.ljcdn.com/matrix_lianjia_pc/dist/pc/src/resource/default/780-439.png?_v=201906280941017d9', 'https://s1.ljcdn.com/matrix_lianjia_pc/dist/pc/src/resource/default/780-439.png?_v=201906280941017d9', 'https://s1.ljcdn.com/matrix_lianjia_pc/dist/pc/src/resource/default/780-439.png?_v=201906280941017d9', 'https://s1.ljcdn.com/matrix_lianjia_pc/dist/pc/src/resource/default/780-439.png?_v=201906280941017d9', 'https://s1.ljcdn.com/matrix_lianjia_pc/dist/pc/src/resource/default/780-439.png?_v=201906280941017d9', 'https://s1.ljcdn.com/matrix_lianjia_pc/dist/pc/src/resource/default/780-439.png?_v=201906280941017d9', 'https://s1.ljcdn.com/matrix_lianjia_pc/dist/pc/src/resource/default/780-439.png?_v=201906280941017d9']",2个月前,随时入住,暂无数据,需提前预约,低楼层/30层,有,暂无数据,民水,民电,有,暂无数据,"['近地铁', '精装']","['3号线(龙岗线) - 六约', '732m', '3号线(龙岗线) - 塘坑', '896m']",22.642447,114.191186
https://sz.lianjia.com/zufang/SZ2265002939774926848.html,宝安区,碧海,整租·幸福珺湾 3室2厅 西南,7500元/月 (月付价),整租,3室2厅2卫,89㎡,朝西南,"['https://image1.ljcdn.com/440300-inspection/4f4aa223-b60d-4980-ad77-10c90f67b2f2.jpg.780x439.jpg', 'https://s1.ljcdn.com/matrix_lianjia_pc/dist/pc/src/resource/default/780-439.png?_v=201906280941017d9', 'https://s1.ljcdn.com/matrix_lianjia_pc/dist/pc/src/resource/default/780-439.png?_v=201906280941017d9', 'https://s1.ljcdn.com/matrix_lianjia_pc/dist/pc/src/resource/default/780-439.png?_v=201906280941017d9', 'https://s1.ljcdn.com/matrix_lianjia_pc/dist/pc/src/resource/default/780-439.png?_v=201906280941017d9', 'https://s1.ljcdn.com/matrix_lianjia_pc/dist/pc/src/resource/default/780-439.png?_v=201906280941017d9', 'https://s1.ljcdn.com/matrix_lianjia_pc/dist/pc/src/resource/default/780-439.png?_v=201906280941017d9', 'https://s1.ljcdn.com/matrix_lianjia_pc/dist/pc/src/resource/default/780-439.png?_v=201906280941017d9', 'https://s1.ljcdn.com/matrix_lianjia_pc/dist/pc/src/resource/default/780-439.png?_v=201906280941017d9', 'https://s1.ljcdn.com/matrix_lianjia_pc/dist/pc/src/resource/default/780-439.png?_v=201906280941017d9']",1个月前,随时入住,1年以内,暂无数据,高楼层/31层,无,租用车位,民水,民电,有,暂无数据,"['近地铁', '精装', '双卫生间']","['11号线 - 碧海湾', '1036m']",22.573075,113.863654
https://sz.lianjia.com/zufang/SZ2275281015960780800.html,福田区,八卦岭,城市主场 2室1厅 西南,7600元/月 ,租赁方式未知,2室1厅1卫,61㎡,朝西南,"['https://image1.ljcdn.com/440300-inspection/859c501b-6f65-46e6-a189-306b205420dc.png.780x439.jpg', 'https://s1.ljcdn.com/matrix_lianjia_pc/dist/pc/src/resource/default/780-439.png?_v=201906280941017d9', 'https://s1.ljcdn.com/matrix_lianjia_pc/dist/pc/src/resource/default/780-439.png?_v=201906280941017d9', 'https://s1.ljcdn.com/matrix_lianjia_pc/dist/pc/src/resource/default/780-439.png?_v=201906280941017d9', 'https://s1.ljcdn.com/matrix_lianjia_pc/dist/pc/src/resource/default/780-439.png?_v=201906280941017d9', 'https://s1.ljcdn.com/matrix_lianjia_pc/dist/pc/src/resource/default/780-439.png?_v=201906280941017d9', 'https://s1.ljcdn.com/matrix_lianjia_pc/dist/pc/src/resource/default/780-439.png?_v=201906280941017d9']",21天前,2019-07-15,暂无数据,暂无数据,中楼层/33层,有,暂无数据,民水,民电,有,暂无数据,"['近地铁', '随时看房']","['7号线 - 八卦岭', '403m', '9号线 - 园岭', '1018m', '3号线(龙岗线) - 通新岭', '1127m']",22.564206158589,114.10237700279
