房源地址,行政区,位置,标题,租金,租赁方式,户型,面积,朝向,图片列表,发布时间,入住时间,租期,看房时间,楼层,电梯,车位,用水,用电,燃气,采暖,标签,station,latitude,longtitude
https://sz.lianjia.com/zufang/SZ2279627378781601792.html,南山区,科技园,整租·大冲新城花园 1室1厅 东/东南/南/西南/西,7200元/月 (月付价),整租,1室1厅1卫,50㎡,朝东 东南 南 西南 西,"['https://image1.ljcdn.com/rent-user-avatar/64a31e2d-2190-4a22-92d7-8f8252dcf587.780x439.jpg', 'https://s1.ljcdn.com/matrix_lianjia_pc/dist/pc/src/resource/default/780-439.png?_v=201906280941017d9', 'https://s1.ljcdn.com/matrix_lianjia_pc/dist/pc/src/resource/default/780-439.png?_v=201906280941017d9', 'https://s1.ljcdn.com/matrix_lianjia_pc/dist/pc/src/resource/default/780-439.png?_v=201906280941017d9', 'https://s1.ljcdn.com/matrix_lianjia_pc/dist/pc/src/resource/default/780-439.png?_v=201906280941017d9', 'https://s1.ljcdn.com/matrix_lianjia_pc/dist/pc/src/resource/default/780-439.png?_v=201906280941017d9']",15天前,随时入住,1个月以上,需提前预约,16/46层,暂无数据,暂无数据,暂无数据,暂无数据,暂无数据,暂无数据,"['公寓', '月租', '近地铁', '精装', '押一付一']","['1号线(罗宝线) - 高新园', '238m', '1号线(罗宝线) - 深大', '1087m']",22.547986,113.959447
https://sz.lianjia.com/zufang/SZ2278083889262239744.html,盐田区,沙头角,倚山花园三期 3室2厅 西南,6000元/月 ,租赁方式未知,3室2厅1卫,89㎡,朝西南,"['https://image1.ljcdn.com/440300-inspection/52055a13-811b-4401-9644-c40355c60169.jpg.780x439.jpg', 'https://s1.ljcdn.com/matrix_lianjia_pc/dist/pc/src/resource/default/780-439.png?_v=201906280941017d9', 'https://s1.ljcdn.com/matrix_lianjia_pc/dist/pc/src/resource/default/780-439.png?_v=201906280941017d9', 'https://s1.ljcdn.com/matrix_lianjia_pc/dist/pc/src/resource/default/780-439.png?_v=201906280941017d9', 'https://s1.ljcdn.com/matrix_lianjia_pc/dist/pc/src/resource/default/780-439.png?_v=201906280941017d9', 'https://s1.ljcdn.com/matrix_lianjia_pc/dist/pc/src/resource/default/780-439.png?_v=201906280941017d9', 'https://s1.ljcdn.com/matrix_lianjia_pc/dist/pc/src/resource/default/780-439.png?_v=201906280941017d9', 'https://s1.ljcdn.com/matrix_lianjia_pc/dist/pc/src/resource/default/780-439.png?_v=201906280941017d9', 'https://s1.ljcdn.com/matrix_lianjia_pc/dist/pc/src/resource/default/780-439.png?_v=201906280941017d9', 'https://s1.ljcdn.com/matrix_lianjia_pc/dist/pc/src/resource/default/780-439.png?_v=201906280941017d9']",17天前,随时入住,暂无数据,暂无数据,低楼层/42层,有,暂无数据,民水,民电,有,暂无数据,[],[],22.568792,114.244508
https://sz.lianjia.com/zufang/SZ2289910564543545344.html,南山区,前海,前海花园三期 3室2厅 西南,7500元/月 ,租赁方式未知,3室2厅1卫,90㎡,朝西南,"['https://image1.ljcdn.com/440300-inspection/8671ef38-4cb7-45b9-9979-e68847d33c50.jpg.780x439.jpg', 'https://s1.ljcdn.com/matrix_lianjia_pc/dist/pc/src/resource/default/780-439.png?_v=201906280941017d9', 'https://s1.ljcdn.com/matrix_lianjia_pc/dist/pc/src/resource/default/780-439.png?_v=201906280941017d9', 'https://s1.ljcdn.com/matrix_lianjia_pc/dist/pc/src/resource/default/780-439.png?_v=201906280941017d9', 'https://s1.ljcdn.com/matrix_lianjia_pc/dist/pc/src/resource/default/780-439.png?_v=201906280941017d9', 'https://s1.ljcdn.com/matrix_lianjia_pc/dist/pc/src/resource/default/780-439.png?_v=201906280941017d9', 'https://s1.ljcdn.com/matrix_lianjia_pc/dist/pc/src/resource/default/780-439.png?_v=201906280941017d9', 'https://s1.ljcdn.com/matrix_lianjia_pc/dist/pc/src/resource/default/780-439.png?_v=201906280941017d9', 'https://s1.ljcdn.com/matrix_lianjia_pc/dist/pc/src/resource/default/780-439.png?_v=201906280941017d9']",1天前,随时入住,暂无数据,暂无数据,高楼层/17层,有,暂无数据,民水,民电,有,暂无数据,"['近地铁', '新上']","['1号线(罗宝线) - 大新', '347m', '1号线(罗宝线) - 鲤鱼门', '735m']",22.539434065628,113.91755518077
https://sz.lianjia.com/zufang/SZ2287680166325403648.html,宝安区,宝安中心,佳华名苑 3室1厅 西南,7300元/月 ,租赁方式未知,3室1厅1卫,81㎡,朝西南,"['https://image1.ljcdn.com/440300-inspection/7c22d064-cb51-46f2-aee4-1b686f9286d8.png.780x439.jpg', 'https://s1.ljcdn.com/matrix_lianjia_pc/dist/pc/src/resource/default/780-439.png?_v=201906280941017d9', 'https://s1.ljcdn.com/matrix_lianjia_pc/dist/pc/src/resource/default/780-439.png?_v=201906280941017d9', 'https://s1.ljcdn.com/matrix_lianjia_pc/dist/pc/src/resource/default/780-439.png?_v=201906280941017d9', 'https://s1.ljcdn.com/matrix_lianjia_pc/dist/pc/src/resource/default/780-439.png?_v=201906280941017d9', 'https://s1.ljcdn.com/matrix_lianjia_pc/dist/pc/src/resource/default/780-439.png?_v=201906280941017d9', 'https://s1.ljcdn.com/matrix_lianjia_pc/dist/pc/src/resource/default/780-439.png?_v=201906280941017d9', 'https://s1.ljcdn.com/matrix_lianjia_pc/dist/pc/src/resource/default/780-439.png?_v=201906280941017d9', 'https://s1.ljcdn.com/matrix_lianjia_pc/dist/pc/src/resource/default/780-439.png?_v=201906280941017d9']",4天前,随时入住,暂无数据,需提前预约,高楼层/18层,有,暂无数据,民水,民电,有,暂无数据,"['近地铁', '新上', '随时看房']","['1号线(罗宝线) - 宝体', '528m', '1号线(罗宝线) - 坪洲', '862m']",22.570208,113.884324
https://sz.lianjia.com/apartment/18819.html,,,拎包住 · 水湾1979 3号楼,"
拎包住 · 水湾1979 3号楼

          6300元/月起

",,,,,['https://image1.ljcdn.com/rent-user-avatar/83d8fbba-4599-4801-87e8-63fac3b89b10.1150x.jpg'],,,,,,,,,,,,,[],22.496411,113.924701
https://sz.lianjia.com/apartment/17031.html,,,湾流国际青年社区 · 彩田店二期,"
湾流国际青年社区 · 彩田店二期

          4250元/月起

",,,,,"['https://image1.ljcdn.com/rent-user-avatar/270aced4-fb6c-4cb5-9110-551a3fb78f57.1150x.jpg', 'https://s1.ljcdn.com/matrix_lianjia_pc/dist/pc/src/resource/default/1150-450.png?_v=201906280941017d9', 'https://s1.ljcdn.com/matrix_lianjia_pc/dist/pc/src/resource/default/1150-450.png?_v=201906280941017d9', 'https://s1.ljcdn.com/matrix_lianjia_pc/dist/pc/src/resource/default/1150-450.png?_v=201906280941017d9', 'https://s1.ljcdn.com/matrix_lianjia_pc/dist/pc/src/resource/default/1150-450.png?_v=201906280941017d9', 'https://s1.ljcdn.com/matrix_lianjia_pc/dist/pc/src/resource/default/1150-450.png?_v=201906280941017d9', 'https://s1.ljcdn.com/matrix_lianjia_pc/dist/pc/src/resource/default/1150-450.png?_v=201906280941017d9', 'https://s1.ljcdn.com/matrix_lianjia_pc/dist/pc/src/resource/default/1150-450.png?_v=201906280941017d9', 'https://s1.ljcdn.com/matrix_lianjia_pc/dist/pc/src/resource/default/1150-450.png?_v=201906280941017d9']",,,,,,,,,,,,,[],22.570432,114.075408
https://sz.lianjia.com/zufang/SZ2282300732294307840.html,宝安区,翻身,整租·富通苑 3室1厅 西南,6500元/月 ,整租,3室1厅2卫,107㎡,朝西南,"['https://image1.ljcdn.com/440300-inspection/5b22e5f4-89b0-46e0-a6b6-76e64a866a74.jpg.780x439.jpg', 'https://s1.ljcdn.com/matrix_lianjia_pc/dist/pc/src/resource/default/780-439.png?_v=201906280941017d9', 'https://s1.ljcdn.com/matrix_lianjia_pc/dist/pc/src/resource/default/780-439.png?_v=201906280941017d9', 'https://s1.ljcdn.com/matrix_lianjia_pc/dist/pc/src/resource/default/780-439.png?_v=201906280941017d9', 'https://s1.ljcdn.com/matrix_lianjia_pc/dist/pc/src/resource/default/780-439.png?_v=201906280941017d9', 'https://s1.ljcdn.com/matrix_lianjia_pc/dist/pc/src/resource/default/780-439.png?_v=201906280941017d9', 'https://s1.ljcdn.com/matrix_lianjia_pc/dist/pc/src/resource/default/780-439.png?_v=201906280941017d9', 'https://s1.ljcdn.com/matrix_lianjia_pc/dist/pc/src/resource/default/780-439.png?_v=201906280941017d9', 'https://s1.ljcdn.com/matrix_lianjia_pc/dist/pc/src/resource/default/780-439.png?_v=201906280941017d9', 'https://s1.ljcdn.com/matrix_lianjia_pc/dist/pc/src/resource/default/780-439.png?_v=201906280941017d9', 'https://s1.ljcdn.com/matrix_lianjia_pc/dist/pc/src/resource/default/780-439.png?_v=201906280941017d9']",11天前,随时入住,2~3年,暂无数据,高楼层/11层,有,暂无数据,民水,民电,有,暂无数据,"['近地铁', '精装', '双卫生间']","['1号线(罗宝线) - 宝体', '869m']",22.572352332492,113.89254180298
https://sz.lianjia.com/zufang/SZ2242475544174133248.html,福田区,景田,华富大厦 2室1厅 西南,7000元/月 ,租赁方式未知,2室1厅1卫,70㎡,朝西南,"['https://image1.ljcdn.com/440300-inspection/bc6ed04b-af43-4045-8495-199f5e547978.jpg.780x439.jpg', 'https://s1.ljcdn.com/matrix_lianjia_pc/dist/pc/src/resource/default/780-439.png?_v=201906280941017d9', 'https://s1.ljcdn.com/matrix_lianjia_pc/dist/pc/src/resource/default/780-439.png?_v=201906280941017d9', 'https://s1.ljcdn.com/matrix_lianjia_pc/dist/pc/src/resource/default/780-439.png?_v=201906280941017d9', 'https://s1.ljcdn.com/matrix_lianjia_pc/dist/pc/src/resource/default/780-439.png?_v=201906280941017d9', 'https://s1.ljcdn.com/matrix_lianjia_pc/dist/pc/src/resource/default/780-439.png?_v=201906280941017d9', 'https://s1.ljcdn.com/matrix_lianjia_pc/dist/pc/src/resource/default/780-439.png?_v=201906280941017d9', 'https://s1.ljcdn.com/matrix_lianjia_pc/dist/pc/src/resource/default/780-439.png?_v=201906280941017d9']",2个月前,随时入住,暂无数据,暂无数据,中楼层/33层,有,暂无数据,民水,民电,有,暂无数据,"['近地铁', '随时看房']","['2号线(蛇口线) - 莲花西', '772m', '2号线(蛇口线),3号线(龙岗线),11号线 - 福田', '834m', '1号线(罗宝线) - 香蜜湖', '995m', '9号线 - 香梅', '1149m']",22.547293084233,114.05410711396
https://sz.lianjia.com/zufang/SZ2289132722721136640.html,宝安区,西乡,合正汇一城 3室1厅 西南,8000元/月 ,租赁方式未知,3室1厅2卫,88㎡,朝西南,"['https://image1.ljcdn.com/440300-inspection/test-0315ab4e-268d-4c9c-b8ba-211589b70f39.png.780x439.jpg', 'https://s1.ljcdn.com/matrix_lianjia_pc/dist/pc/src/resource/default/780-439.png?_v=201906280941017d9', 'https://s1.ljcdn.com/matrix_lianjia_pc/dist/pc/src/resource/default/780-439.png?_v=201906280941017d9', 'https://s1.ljcdn.com/matrix_lianjia_pc/dist/pc/src/resource/default/780-439.png?_v=201906280941017d9', 'https://s1.ljcdn.com/matrix_lianjia_pc/dist/pc/src/resource/default/780-439.png?_v=201906280941017d9', 'https://s1.ljcdn.com/matrix_lianjia_pc/dist/pc/src/resource/default/780-439.png?_v=201906280941017d9']",2天前,2019-07-02,暂无数据,需提前预约,中楼层/28层,有,暂无数据,民水,民电,有,暂无数据,"['近地铁', '新上']","['1号线(罗宝线) - 西乡', '38m', '1号线(罗宝线) - 坪洲', '917m', '11号线 - 碧海湾', '927m']",22.58227,113.870734
https://sz.lianjia.com/zufang/SZ2282788666282098688.html,福田区,皇岗,整租·皇御苑一期 1室1厅 西南,5300元/月 (月付价),整租,1室1厅1卫,42㎡,朝 西南,"['https://image1.ljcdn.com/rent-user-avatar/68d53df0-1f61-4122-869b-d7bfc77940c0.780x439.jpg', 'https://s1.ljcdn.com/matrix_lianjia_pc/dist/pc/src/resource/default/780-439.png?_v=201906280941017d9', 'https://s1.ljcdn.com/matrix_lianjia_pc/dist/pc/src/resource/default/780-439.png?_v=201906280941017d9', 'https://s1.ljcdn.com/matrix_lianjia_pc/dist/pc/src/resource/default/780-439.png?_v=201906280941017d9', 'https://s1.ljcdn.com/matrix_lianjia_pc/dist/pc/src/resource/default/780-439.png?_v=201906280941017d9']",11天前,随时入住,1~3年,随时可看,12/28层,有,暂无数据,民水,民电,有,暂无数据,"['近地铁', '精装', '随时看房']","['7号线 - 皇岗口岸', '806m', '7号线 - 赤尾', '1132m']",22.533052,114.082994
https://sz.lianjia.com/apartment/1208.html,,,恒星公寓 · 赤湾店,"
恒星公寓 · 赤湾店

          3280元/月起

",,,,,"['https://image1.ljcdn.com/rent-user-avatar/eb46c05a-db53-4800-86ef-28d35eb31b7d.1150x.jpg', 'https://s1.ljcdn.com/matrix_lianjia_pc/dist/pc/src/resource/default/1150-450.png?_v=201906280941017d9', 'https://s1.ljcdn.com/matrix_lianjia_pc/dist/pc/src/resource/default/1150-450.png?_v=201906280941017d9', 'https://s1.ljcdn.com/matrix_lianjia_pc/dist/pc/src/resource/default/1150-450.png?_v=201906280941017d9', 'https://s1.ljcdn.com/matrix_lianjia_pc/dist/pc/src/resource/default/1150-450.png?_v=201906280941017d9', 'https://s1.ljcdn.com/matrix_lianjia_pc/dist/pc/src/resource/default/1150-450.png?_v=201906280941017d9', 'https://s1.ljcdn.com/matrix_lianjia_pc/dist/pc/src/resource/default/1150-450.png?_v=201906280941017d9']",,,,,,,,,,,,,[],22.485264,113.894636
https://sz.lianjia.com/zufang/SZ2288361497891438592.html,南山区,蛇口,花园城三期 1室1厅 西南,7300元/月 ,租赁方式未知,1室1厅1卫,66㎡,朝西南,"['http://vrlab-image.ljcdn.com/release/auto3dhd/be3fcef20e19accf10368b61e8cf27da/screenshot/1558939532_2/pc0_0yrKEff9e.jpg.q_70.jpg', 'https://s1.ljcdn.com/matrix_lianjia_pc/dist/pc/src/resource/default/780-439.png?_v=201906280941017d9', 'https://s1.ljcdn.com/matrix_lianjia_pc/dist/pc/src/resource/default/780-439.png?_v=201906280941017d9', 'https://s1.ljcdn.com/matrix_lianjia_pc/dist/pc/src/resource/default/780-439.png?_v=201906280941017d9', 'https://s1.ljcdn.com/matrix_lianjia_pc/dist/pc/src/resource/default/780-439.png?_v=201906280941017d9', 'https://s1.ljcdn.com/matrix_lianjia_pc/dist/pc/src/resource/default/780-439.png?_v=201906280941017d9']",1天前,随时入住,暂无数据,需提前预约,低楼层/16层,有,暂无数据,民水,民电,有,暂无数据,"['近地铁', '新上', '随时看房']","['2号线(蛇口线) - 水湾', '1179m']",22.504451204374,113.92869073146
https://sz.lianjia.com/zufang/SZ2226622853078589440.html,福田区,上下沙,金地花园 2室2厅 西南,6500元/月 ,租赁方式未知,2室2厅1卫,82㎡,朝西南,"['https://image1.ljcdn.com/440300-inspection/31b6886d-6dba-43f6-970a-1c9c04109eec.jpg.780x439.jpg', 'https://s1.ljcdn.com/matrix_lianjia_pc/dist/pc/src/resource/default/780-439.png?_v=201906280941017d9', 'https://s1.ljcdn.com/matrix_lianjia_pc/dist/pc/src/resource/default/780-439.png?_v=201906280941017d9', 'https://s1.ljcdn.com/matrix_lianjia_pc/dist/pc/src/resource/default/780-439.png?_v=201906280941017d9', 'https://s1.ljcdn.com/matrix_lianjia_pc/dist/pc/src/resource/default/780-439.png?_v=201906280941017d9', 'https://s1.ljcdn.com/matrix_lianjia_pc/dist/pc/src/resource/default/780-439.png?_v=201906280941017d9', 'https://s1.ljcdn.com/matrix_lianjia_pc/dist/pc/src/resource/default/780-439.png?_v=201906280941017d9', 'https://s1.ljcdn.com/matrix_lianjia_pc/dist/pc/src/resource/default/780-439.png?_v=201906280941017d9']",2个月前,随时入住,暂无数据,暂无数据,中楼层/8层,无,暂无数据,商水,商电,有,暂无数据,['近地铁'],"['7号线 - 上沙', '382m', '7号线 - 沙尾', '776m']",22.526509705071,114.04168963811
https://sz.lianjia.com/zufang/SZ2279030192536567808.html,龙华区,梅林关,整租·星河盛世 2室1厅 西南,6700元/月 (月付价),整租,2室1厅1卫,61㎡,朝西南,"['https://image1.ljcdn.com/440300-inspection/58e9750e-6eab-4b73-8cd4-5746efb04f04.jpg.780x439.jpg', 'https://s1.ljcdn.com/matrix_lianjia_pc/dist/pc/src/resource/default/780-439.png?_v=201906280941017d9', 'https://s1.ljcdn.com/matrix_lianjia_pc/dist/pc/src/resource/default/780-439.png?_v=201906280941017d9', 'https://s1.ljcdn.com/matrix_lianjia_pc/dist/pc/src/resource/default/780-439.png?_v=201906280941017d9', 'https://s1.ljcdn.com/matrix_lianjia_pc/dist/pc/src/resource/default/780-439.png?_v=201906280941017d9', 'https://s1.ljcdn.com/matrix_lianjia_pc/dist/pc/src/resource/default/780-439.png?_v=201906280941017d9', 'https://s1.ljcdn.com/matrix_lianjia_pc/dist/pc/src/resource/default/780-439.png?_v=201906280941017d9', 'https://s1.ljcdn.com/matrix_lianjia_pc/dist/pc/src/resource/default/780-439.png?_v=201906280941017d9', 'https://s1.ljcdn.com/matrix_lianjia_pc/dist/pc/src/resource/default/780-439.png?_v=201906280941017d9']",16天前,随时入住,暂无数据,暂无数据,中楼层/30层,有,暂无数据,民水,民电,有,暂无数据,"['近地铁', '精装', '随时看房']","['4号线(龙华线) - 白石龙', '609m', '4号线(龙华线) - 民乐', '882m']",22.608614,114.052767
https://sz.lianjia.com/zufang/SZ2282692049658716160.html,南山区,科技园,整租·大冲新城花园 2室1厅 东/东南/南/西南/西,7300元/月 (月付价),整租,2室1厅1卫,60㎡,朝东 东南 南 西南 西,"['https://image1.ljcdn.com/rent-user-avatar/4bcdf680-f0b5-4377-907d-8b3fbcbf46b3.780x439.jpg', 'https://s1.ljcdn.com/matrix_lianjia_pc/dist/pc/src/resource/default/780-439.png?_v=201906280941017d9', 'https://s1.ljcdn.com/matrix_lianjia_pc/dist/pc/src/resource/default/780-439.png?_v=201906280941017d9', 'https://s1.ljcdn.com/matrix_lianjia_pc/dist/pc/src/resource/default/780-439.png?_v=201906280941017d9']",11天前,随时入住,1个月以上,需提前预约,5/39层,暂无数据,暂无数据,暂无数据,暂无数据,暂无数据,暂无数据,"['公寓', '月租', '近地铁', '精装', '押一付一']","['1号线(罗宝线) - 高新园', '445m', '1号线(罗宝线) - 深大', '995m']",22.547572,113.956968
https://sz.lianjia.com/zufang/SZ2279627378219294720.html,南山区,科技园,整租·大冲新城花园 1室1厅 东/东南/南/西南/西,7000元/月 (月付价),整租,1室1厅1卫,50㎡,朝东 东南 南 西南 西,"['https://image1.ljcdn.com/rent-user-avatar/3694639d-d273-499f-b2bb-135746ae4dd4.780x439.jpg', 'https://s1.ljcdn.com/matrix_lianjia_pc/dist/pc/src/resource/default/780-439.png?_v=201906280941017d9', 'https://s1.ljcdn.com/matrix_lianjia_pc/dist/pc/src/resource/default/780-439.png?_v=201906280941017d9', 'https://s1.ljcdn.com/matrix_lianjia_pc/dist/pc/src/resource/default/780-439.png?_v=201906280941017d9', 'https://s1.ljcdn.com/matrix_lianjia_pc/dist/pc/src/resource/default/780-439.png?_v=201906280941017d9', 'https://s1.ljcdn.com/matrix_lianjia_pc/dist/pc/src/resource/default/780-439.png?_v=201906280941017d9', 'https://s1.ljcdn.com/matrix_lianjia_pc/dist/pc/src/resource/default/780-439.png?_v=201906280941017d9', 'https://s1.ljcdn.com/matrix_lianjia_pc/dist/pc/src/resource/default/780-439.png?_v=201906280941017d9']",15天前,随时入住,1个月以上,需提前预约,4/39层,暂无数据,暂无数据,暂无数据,暂无数据,暂无数据,暂无数据,"['公寓', '月租', '近地铁', '精装', '押一付一']","['1号线(罗宝线) - 高新园', '258m', '1号线(罗宝线) - 深大', '1090m']",22.547393,113.958028
https://sz.lianjia.com/zufang/SZ2275259903964880896.html,光明区,公明,光明1号 3室2厅 西南,5000元/月 ,租赁方式未知,3室2厅1卫,83㎡,朝西南,"['https://image1.ljcdn.com/440300-inspection/ec64a44f-24db-4a1a-86a4-6c416979409c.jpg.780x439.jpg', 'https://s1.ljcdn.com/matrix_lianjia_pc/dist/pc/src/resource/default/780-439.png?_v=201906280941017d9', 'https://s1.ljcdn.com/matrix_lianjia_pc/dist/pc/src/resource/default/780-439.png?_v=201906280941017d9', 'https://s1.ljcdn.com/matrix_lianjia_pc/dist/pc/src/resource/default/780-439.png?_v=201906280941017d9', 'https://s1.ljcdn.com/matrix_lianjia_pc/dist/pc/src/resource/default/780-439.png?_v=201906280941017d9', 'https://s1.ljcdn.com/matrix_lianjia_pc/dist/pc/src/resource/default/780-439.png?_v=201906280941017d9', 'https://s1.ljcdn.com/matrix_lianjia_pc/dist/pc/src/resource/default/780-439.png?_v=201906280941017d9']",21天前,随时入住,暂无数据,需提前预约,高楼层/33层,有,暂无数据,民水,民电,有,暂无数据,['随时看房'],[],22.740888,113.935798
https://sz.lianjia.com/zufang/SZ2288298308101750784.html,南山区,科技园,创世纪滨海花园 2室1厅 西南,8000元/月 ,租赁方式未知,2室1厅1卫,52㎡,朝西南,"['https://image1.ljcdn.com/440300-inspection/b5f1843d-fa89-41ca-8059-d8fc5c903da6.jpg.780x439.jpg', 'https://s1.ljcdn.com/matrix_lianjia_pc/dist/pc/src/resource/default/780-439.png?_v=201906280941017d9', 'https://s1.ljcdn.com/matrix_lianjia_pc/dist/pc/src/resource/default/780-439.png?_v=201906280941017d9', 'https://s1.ljcdn.com/matrix_lianjia_pc/dist/pc/src/resource/default/780-439.png?_v=201906280941017d9', 'https://s1.ljcdn.com/matrix_lianjia_pc/dist/pc/src/resource/default/780-439.png?_v=201906280941017d9']",3天前,2019-07-07,暂无数据,需提前预约,中楼层/17层,有,暂无数据,民水,民电,有,暂无数据,"['近地铁', '新上']","['11号线 - 南山', '1143m']",22.529939,113.936472
https://sz.lianjia.com/zufang/SZ2285541588417921024.html,福田区,梅林,通业花园 1室1厅 西南,5000元/月 ,租赁方式未知,1室1厅1卫,44㎡,朝西南,"['https://image1.ljcdn.com/440300-inspection/2e25efdb-a0e2-4f5d-a5af-088a5552c13e.jpg.780x439.jpg', 'https://s1.ljcdn.com/matrix_lianjia_pc/dist/pc/src/resource/default/780-439.png?_v=201906280941017d9', 'https://s1.ljcdn.com/matrix_lianjia_pc/dist/pc/src/resource/default/780-439.png?_v=201906280941017d9', 'https://s1.ljcdn.com/matrix_lianjia_pc/dist/pc/src/resource/default/780-439.png?_v=201906280941017d9', 'https://s1.ljcdn.com/matrix_lianjia_pc/dist/pc/src/resource/default/780-439.png?_v=201906280941017d9', 'https://s1.ljcdn.com/matrix_lianjia_pc/dist/pc/src/resource/default/780-439.png?_v=201906280941017d9']",7天前,随时入住,暂无数据,需提前预约,低楼层/11层,有,暂无数据,民水,民电,有,暂无数据,"['近地铁', '随时看房']","['9号线 - 梅景', '234m', '9号线 - 下梅林', '724m']",22.566655643252,114.0420583206
https://sz.lianjia.com/apartment/17031.html,,,湾流国际青年社区 · 彩田店二期,"
湾流国际青年社区 · 彩田店二期

          4250元/月起

",,,,,"['https://image1.ljcdn.com/rent-user-avatar/270aced4-fb6c-4cb5-9110-551a3fb78f57.1150x.jpg', 'https://s1.ljcdn.com/matrix_lianjia_pc/dist/pc/src/resource/default/1150-450.png?_v=201906280941017d9', 'https://s1.ljcdn.com/matrix_lianjia_pc/dist/pc/src/resource/default/1150-450.png?_v=201906280941017d9', 'https://s1.ljcdn.com/matrix_lianjia_pc/dist/pc/src/resource/default/1150-450.png?_v=201906280941017d9', 'https://s1.ljcdn.com/matrix_lianjia_pc/dist/pc/src/resource/default/1150-450.png?_v=201906280941017d9', 'https://s1.ljcdn.com/matrix_lianjia_pc/dist/pc/src/resource/default/1150-450.png?_v=201906280941017d9', 'https://s1.ljcdn.com/matrix_lianjia_pc/dist/pc/src/resource/default/1150-450.png?_v=201906280941017d9', 'https://s1.ljcdn.com/matrix_lianjia_pc/dist/pc/src/resource/default/1150-450.png?_v=201906280941017d9', 'https://s1.ljcdn.com/matrix_lianjia_pc/dist/pc/src/resource/default/1150-450.png?_v=201906280941017d9']",,,,,,,,,,,,,[],22.570432,114.075408
https://sz.lianjia.com/zufang/SZ2282692048140648448.html,南山区,科技园,整租·大冲新城花园 2室1厅 东/东南/南/西南/西,7300元/月 (月付价),整租,2室1厅1卫,60㎡,朝东 东南 南 西南 西,"['https://image1.ljcdn.com/rent-user-avatar/93dd88d7-1554-43a1-b779-0d1b5f4de419.780x439.jpg', 'https://s1.ljcdn.com/matrix_lianjia_pc/dist/pc/src/resource/default/780-439.png?_v=201906280941017d9', 'https://s1.ljcdn.com/matrix_lianjia_pc/dist/pc/src/resource/default/780-439.png?_v=201906280941017d9']",11天前,随时入住,1个月以上,需提前预约,46/46层,暂无数据,暂无数据,暂无数据,暂无数据,暂无数据,暂无数据,"['公寓', '月租', '近地铁', '精装', '押一付一']","['1号线(罗宝线) - 高新园', '238m', '1号线(罗宝线) - 深大', '1087m']",22.547986,113.959447
https://sz.lianjia.com/zufang/SZ2274422718873214976.html,宝安区,碧海,幸福珺湾 3室2厅 西南,7600元/月 ,租赁方式未知,3室2厅2卫,88㎡,朝西南,"['https://image1.ljcdn.com/440300-inspection/9df11457-48d6-4ca8-bb7a-cf5f7516347f.jpg.780x439.jpg', 'https://s1.ljcdn.com/matrix_lianjia_pc/dist/pc/src/resource/default/780-439.png?_v=201906280941017d9', 'https://s1.ljcdn.com/matrix_lianjia_pc/dist/pc/src/resource/default/780-439.png?_v=201906280941017d9', 'https://s1.ljcdn.com/matrix_lianjia_pc/dist/pc/src/resource/default/780-439.png?_v=201906280941017d9', 'https://s1.ljcdn.com/matrix_lianjia_pc/dist/pc/src/resource/default/780-439.png?_v=201906280941017d9', 'https://s1.ljcdn.com/matrix_lianjia_pc/dist/pc/src/resource/default/780-439.png?_v=201906280941017d9', 'https://s1.ljcdn.com/matrix_lianjia_pc/dist/pc/src/resource/default/780-439.png?_v=201906280941017d9', 'https://s1.ljcdn.com/matrix_lianjia_pc/dist/pc/src/resource/default/780-439.png?_v=201906280941017d9']",22天前,随时入住,暂无数据,需提前预约,中楼层/31层,有,暂无数据,民水,民电,有,暂无数据,['近地铁'],"['11号线 - 碧海湾', '1036m']",22.573075,113.863654
https://sz.lianjia.com/zufang/SZ2286889091541254144.html,宝安区,宝安中心,花样年花乡 1室1厅 西南,5200元/月 ,租赁方式未知,1室1厅1卫,38㎡,朝西南,"['https://image1.ljcdn.com/440300-inspection/3398b481-a114-4569-9e2f-94b2001bf824.jpg.780x439.jpg', 'https://s1.ljcdn.com/matrix_lianjia_pc/dist/pc/src/resource/default/780-439.png?_v=201906280941017d9', 'https://s1.ljcdn.com/matrix_lianjia_pc/dist/pc/src/resource/default/780-439.png?_v=201906280941017d9', 'https://s1.ljcdn.com/matrix_lianjia_pc/dist/pc/src/resource/default/780-439.png?_v=201906280941017d9', 'https://s1.ljcdn.com/matrix_lianjia_pc/dist/pc/src/resource/default/780-439.png?_v=201906280941017d9']",5天前,随时入住,暂无数据,需提前预约,中楼层/25层,有,暂无数据,民水,民电,有,暂无数据,"['近地铁', '新上']","['1号线(罗宝线) - 宝体', '697m']",22.571537204019,113.88928419408
https://sz.lianjia.com/zufang/SZ2267104187286560768.html,福田区,华强南,整租·桐林公寓 1室1厅 西南,5000元/月 (年付价),整租,1室1厅1卫,32㎡,朝西南,"['https://image1.ljcdn.com/440300-inspection/prod-26a316f8-7c23-4152-9fa9-890dc5f00347.jpg.780x439.jpg', 'https://s1.ljcdn.com/matrix_lianjia_pc/dist/pc/src/resource/default/780-439.png?_v=201906280941017d9', 'https://s1.ljcdn.com/matrix_lianjia_pc/dist/pc/src/resource/default/780-439.png?_v=201906280941017d9', 'https://s1.ljcdn.com/matrix_lianjia_pc/dist/pc/src/resource/default/780-439.png?_v=201906280941017d9']",1个月前,随时入住,暂无数据,需提前预约,中楼层/29层,有,暂无数据,民水,民电,有,暂无数据,"['近地铁', '精装']","['7号线 - 赤尾', '646m']",22.538115,114.085263
https://sz.lianjia.com/zufang/SZ2278270923846975488.html,宝安区,西乡,整租·大益广场 2室1厅 西南,5490元/月 (季付价),整租,2室1厅1卫,68㎡,朝西南,"['https://image1.ljcdn.com/rent-house-1/636f69b83827f24f7723a443c68fdbb3-1561187123965/212ecb4b04fed806d48d92c5ecae387d.jpg.780x439.jpg', 'https://s1.ljcdn.com/matrix_lianjia_pc/dist/pc/src/resource/default/780-439.png?_v=201906280941017d9', 'https://s1.ljcdn.com/matrix_lianjia_pc/dist/pc/src/resource/default/780-439.png?_v=201906280941017d9', 'https://s1.ljcdn.com/matrix_lianjia_pc/dist/pc/src/resource/default/780-439.png?_v=201906280941017d9', 'https://s1.ljcdn.com/matrix_lianjia_pc/dist/pc/src/resource/default/780-439.png?_v=201906280941017d9', 'https://s1.ljcdn.com/matrix_lianjia_pc/dist/pc/src/resource/default/780-439.png?_v=201906280941017d9', 'https://s1.ljcdn.com/matrix_lianjia_pc/dist/pc/src/resource/default/780-439.png?_v=201906280941017d9']",17天前,随时入住,1年,随时可看,7/9层,暂无数据,暂无数据,暂无数据,暂无数据,暂无数据,暂无数据,"['公寓', '近地铁', '随时看房']","['1号线(罗宝线) - 西乡', '1127m']",22.586064098742,113.87551079848
https://sz.lianjia.com/zufang/SZ2118585402888552448.html,宝安区,宝安中心,整租·菁英趣庭 2室1厅 西南,6930元/月 (季付价),整租,2室1厅1卫,62㎡,朝西南,"['https://image1.ljcdn.com/rent-house-1/636f69b83827f24f7723a443c68fdbb3-1561410049938/aae89168b20a074273b5d53845fd28d7.jpg.780x439.jpg', 'https://s1.ljcdn.com/matrix_lianjia_pc/dist/pc/src/resource/default/780-439.png?_v=201906280941017d9', 'https://s1.ljcdn.com/matrix_lianjia_pc/dist/pc/src/resource/default/780-439.png?_v=201906280941017d9', 'https://s1.ljcdn.com/matrix_lianjia_pc/dist/pc/src/resource/default/780-439.png?_v=201906280941017d9', 'https://s1.ljcdn.com/matrix_lianjia_pc/dist/pc/src/resource/default/780-439.png?_v=201906280941017d9', 'https://s1.ljcdn.com/matrix_lianjia_pc/dist/pc/src/resource/default/780-439.png?_v=201906280941017d9', 'https://s1.ljcdn.com/matrix_lianjia_pc/dist/pc/src/resource/default/780-439.png?_v=201906280941017d9', 'https://s1.ljcdn.com/matrix_lianjia_pc/dist/pc/src/resource/default/780-439.png?_v=201906280941017d9']",7个月前,随时入住,1年,随时可看,19/24层,暂无数据,暂无数据,暂无数据,暂无数据,暂无数据,暂无数据,"['公寓', '近地铁', '随时看房']","['5号线(环中线) - 翻身', '514m', '1号线(罗宝线),5号线(环中线) - 宝安中心', '570m', '1号线(罗宝线) - 宝体', '875m', '11号线 - 宝安', '1106m']",22.565958555248,113.89502076624
https://sz.lianjia.com/zufang/SZ2252812668266086400.html,龙华区,上塘,鸿荣源·尚峻 3室2厅 西南,6000元/月 ,租赁方式未知,3室2厅2卫,94㎡,朝西南,"['https://image1.ljcdn.com/440300-inspection/2f817896-2ae1-41bc-8cbd-6376952ec4cd.jpg.780x439.jpg', 'https://s1.ljcdn.com/matrix_lianjia_pc/dist/pc/src/resource/default/780-439.png?_v=201906280941017d9', 'https://s1.ljcdn.com/matrix_lianjia_pc/dist/pc/src/resource/default/780-439.png?_v=201906280941017d9', 'https://s1.ljcdn.com/matrix_lianjia_pc/dist/pc/src/resource/default/780-439.png?_v=201906280941017d9', 'https://s1.ljcdn.com/matrix_lianjia_pc/dist/pc/src/resource/default/780-439.png?_v=201906280941017d9', 'https://s1.ljcdn.com/matrix_lianjia_pc/dist/pc/src/resource/default/780-439.png?_v=201906280941017d9', 'https://s1.ljcdn.com/matrix_lianjia_pc/dist/pc/src/resource/default/780-439.png?_v=201906280941017d9', 'https://s1.ljcdn.com/matrix_lianjia_pc/dist/pc/src/resource/default/780-439.png?_v=201906280941017d9', 'https://s1.ljcdn.com/matrix_lianjia_pc/dist/pc/src/resource/default/780-439.png?_v=201906280941017d9']",1个月前,随时入住,暂无数据,需提前预约,低楼层/44层,有,暂无数据,民水,民电,有,暂无数据,"['近地铁', '随时看房']","['4号线(龙华线) - 上塘', '340m']",22.64667,114.018671
https://sz.lianjia.com/zufang/SZ2276538086408060928.html,罗湖区,黄贝岭,深业东岭 2室2厅 东南/西南/北,7500元/月 ,租赁方式未知,2室2厅1卫,71㎡,朝东南 西南 北,"['https://image1.ljcdn.com/440300-inspection/3541c912-76bc-4a96-8eb7-b31f4991a255.jpg.780x439.jpg', 'https://s1.ljcdn.com/matrix_lianjia_pc/dist/pc/src/resource/default/780-439.png?_v=201906280941017d9', 'https://s1.ljcdn.com/matrix_lianjia_pc/dist/pc/src/resource/default/780-439.png?_v=201906280941017d9', 'https://s1.ljcdn.com/matrix_lianjia_pc/dist/pc/src/resource/default/780-439.png?_v=201906280941017d9', 'https://s1.ljcdn.com/matrix_lianjia_pc/dist/pc/src/resource/default/780-439.png?_v=201906280941017d9', 'https://s1.ljcdn.com/matrix_lianjia_pc/dist/pc/src/resource/default/780-439.png?_v=201906280941017d9']",19天前,随时入住,暂无数据,需提前预约,中楼层/39层,有,暂无数据,民水,民电,有,暂无数据,"['近地铁', '随时看房']","['2号线(蛇口线),5号线(环中线) - 黄贝岭', '497m', '5号线(环中线) - 怡景', '789m', '2号线(蛇口线) - 新秀', '1094m']",22.555308,114.146576
https://sz.lianjia.com/zufang/SZ2269308480894803968.html,福田区,莲花,莲花北村 3室2厅 西南,7500元/月 ,租赁方式未知,3室2厅1卫,102㎡,朝西南,"['https://image1.ljcdn.com/440300-inspection/857061bb-d3bd-40af-a08d-768236abcea9.JPG.780x439.jpg', 'https://s1.ljcdn.com/matrix_lianjia_pc/dist/pc/src/resource/default/780-439.png?_v=201906280941017d9', 'https://s1.ljcdn.com/matrix_lianjia_pc/dist/pc/src/resource/default/780-439.png?_v=201906280941017d9', 'https://s1.ljcdn.com/matrix_lianjia_pc/dist/pc/src/resource/default/780-439.png?_v=201906280941017d9', 'https://s1.ljcdn.com/matrix_lianjia_pc/dist/pc/src/resource/default/780-439.png?_v=201906280941017d9', 'https://s1.ljcdn.com/matrix_lianjia_pc/dist/pc/src/resource/default/780-439.png?_v=201906280941017d9', 'https://s1.ljcdn.com/matrix_lianjia_pc/dist/pc/src/resource/default/780-439.png?_v=201906280941017d9', 'https://s1.ljcdn.com/matrix_lianjia_pc/dist/pc/src/resource/default/780-439.png?_v=201906280941017d9']",29天前,随时入住,暂无数据,需提前预约,低楼层/28层,有,暂无数据,民水,民电,有,暂无数据,"['近地铁', '随时看房']","['4号线(龙华线) - 莲花北', '685m', '2号线(蛇口线),9号线 - 景田', '826m', '9号线 - 梅村', '894m', '9号线 - 梅景', '984m', '9号线 - 下梅林', '1075m', '2号线(蛇口线) - 莲花西', '1183m']",22.564707543453,114.05762411508
https://sz.lianjia.com/zufang/SZ2289903887513567232.html,宝安区,西乡,福中福花园二期 2室2厅 西南,5000元/月 ,租赁方式未知,2室2厅1卫,66㎡,朝西南,"['https://image1.ljcdn.com/440300-inspection/7e44790c-5a4b-44c2-8a9c-d1aa4362f5e5.jpg.780x439.jpg', 'https://s1.ljcdn.com/matrix_lianjia_pc/dist/pc/src/resource/default/780-439.png?_v=201906280941017d9', 'https://s1.ljcdn.com/matrix_lianjia_pc/dist/pc/src/resource/default/780-439.png?_v=201906280941017d9', 'https://s1.ljcdn.com/matrix_lianjia_pc/dist/pc/src/resource/default/780-439.png?_v=201906280941017d9', 'https://s1.ljcdn.com/matrix_lianjia_pc/dist/pc/src/resource/default/780-439.png?_v=201906280941017d9', 'https://s1.ljcdn.com/matrix_lianjia_pc/dist/pc/src/resource/default/780-439.png?_v=201906280941017d9', 'https://s1.ljcdn.com/matrix_lianjia_pc/dist/pc/src/resource/default/780-439.png?_v=201906280941017d9', 'https://s1.ljcdn.com/matrix_lianjia_pc/dist/pc/src/resource/default/780-439.png?_v=201906280941017d9']",1天前,随时入住,暂无数据,一般下班后可看,中楼层/7层,无,暂无数据,民水,民电,有,暂无数据,"['近地铁', '新上', '随时看房']","['1号线(罗宝线) - 坪洲', '592m', '1号线(罗宝线) - 宝体', '1148m', '11号线 - 宝安', '1191m']",22.570122597103,113.87939890898
