房源地址,行政区,位置,标题,租金,租赁方式,户型,面积,朝向,图片列表,发布时间,入住时间,租期,看房时间,楼层,电梯,车位,用水,用电,燃气,采暖,标签,station,latitude,longtitude
https://sz.lianjia.com/zufang/SZ2166867789007028224.html,南山区,西丽,整租·万科云城 2室1厅 西南,5990元/月 (季付价),整租,2室1厅1卫,50㎡,朝西南,"['https://image1.ljcdn.com/rent-house-1/636f69b83827f24f7723a443c68fdbb3-1560902736144/7b4680a340efd70813e391a524f24a06.jpg.780x439.jpg', 'https://s1.ljcdn.com/matrix_lianjia_pc/dist/pc/src/resource/default/780-439.png?_v=201906280941017d9', 'https://s1.ljcdn.com/matrix_lianjia_pc/dist/pc/src/resource/default/780-439.png?_v=201906280941017d9', 'https://s1.ljcdn.com/matrix_lianjia_pc/dist/pc/src/resource/default/780-439.png?_v=201906280941017d9', 'https://s1.ljcdn.com/matrix_lianjia_pc/dist/pc/src/resource/default/780-439.png?_v=201906280941017d9', 'https://s1.ljcdn.com/matrix_lianjia_pc/dist/pc/src/resource/default/780-439.png?_v=201906280941017d9', 'https://s1.ljcdn.com/matrix_lianjia_pc/dist/pc/src/resource/default/780-439.png?_v=201906280941017d9']",5个月前,随时入住,3~12个月,随时可看,10/32层,暂无数据,暂无数据,暂无数据,暂无数据,暂无数据,暂无数据,"['公寓', '月租', '近地铁', '随时看房']","['7号线 - 茶光', '993m', '5号线(环中线) - 留仙洞', '1171m']",22.575019,113.946375
https://sz.lianjia.com/zufang/SZ2282462735340421120.html,南山区,蛇口,雍景湾 2室2厅 西南,7000元/月 ,租赁方式未知,2室2厅1卫,52㎡,朝西南,"['https://image1.ljcdn.com/440300-inspection/test-007444b1-de56-4329-a5b8-49c4a271af7c.png.780x439.jpg', 'https://s1.ljcdn.com/matrix_lianjia_pc/dist/pc/src/resource/default/780-439.png?_v=201906280941017d9', 'https://s1.ljcdn.com/matrix_lianjia_pc/dist/pc/src/resource/default/780-439.png?_v=201906280941017d9', 'https://s1.ljcdn.com/matrix_lianjia_pc/dist/pc/src/resource/default/780-439.png?_v=201906280941017d9', 'https://s1.ljcdn.com/matrix_lianjia_pc/dist/pc/src/resource/default/780-439.png?_v=201906280941017d9']",11天前,2019-07-11,暂无数据,需提前预约,中楼层/30层,有,暂无数据,民水,民电,有,暂无数据,['近地铁'],"['2号线(蛇口线) - 湾厦', '950m', '2号线(蛇口线) - 海月', '958m']",22.501730309785,113.93790694467
https://sz.lianjia.com/zufang/SZ2287606190932500480.html,南山区,前海,诺德假日花园 2室1厅 西南,5400元/月 ,租赁方式未知,2室1厅1卫,50㎡,朝西南,"['https://image1.ljcdn.com/440300-inspection/1516ed05-acdc-48aa-979e-1e17a6aad823.jpg.780x439.jpg', 'https://s1.ljcdn.com/matrix_lianjia_pc/dist/pc/src/resource/default/780-439.png?_v=201906280941017d9', 'https://s1.ljcdn.com/matrix_lianjia_pc/dist/pc/src/resource/default/780-439.png?_v=201906280941017d9', 'https://s1.ljcdn.com/matrix_lianjia_pc/dist/pc/src/resource/default/780-439.png?_v=201906280941017d9', 'https://s1.ljcdn.com/matrix_lianjia_pc/dist/pc/src/resource/default/780-439.png?_v=201906280941017d9', 'https://s1.ljcdn.com/matrix_lianjia_pc/dist/pc/src/resource/default/780-439.png?_v=201906280941017d9', 'https://s1.ljcdn.com/matrix_lianjia_pc/dist/pc/src/resource/default/780-439.png?_v=201906280941017d9', 'https://s1.ljcdn.com/matrix_lianjia_pc/dist/pc/src/resource/default/780-439.png?_v=201906280941017d9']",4天前,2019-07-11,暂无数据,暂无数据,低楼层/29层,有,暂无数据,民水,民电,有,暂无数据,['新上'],[],22.51623,113.909861
https://sz.lianjia.com/zufang/SZ2228246627079438336.html,宝安区,翻身,海滨城广场 2室2厅 西南,5800元/月 ,租赁方式未知,2室2厅1卫,91㎡,朝西南,"['https://image1.ljcdn.com/440300-inspection/2d260a89-adc4-4f38-8c40-3dbacac96240.jpg.780x439.jpg', 'https://s1.ljcdn.com/matrix_lianjia_pc/dist/pc/src/resource/default/780-439.png?_v=201906280941017d9', 'https://s1.ljcdn.com/matrix_lianjia_pc/dist/pc/src/resource/default/780-439.png?_v=201906280941017d9', 'https://s1.ljcdn.com/matrix_lianjia_pc/dist/pc/src/resource/default/780-439.png?_v=201906280941017d9', 'https://s1.ljcdn.com/matrix_lianjia_pc/dist/pc/src/resource/default/780-439.png?_v=201906280941017d9', 'https://s1.ljcdn.com/matrix_lianjia_pc/dist/pc/src/resource/default/780-439.png?_v=201906280941017d9', 'https://s1.ljcdn.com/matrix_lianjia_pc/dist/pc/src/resource/default/780-439.png?_v=201906280941017d9', 'https://s1.ljcdn.com/matrix_lianjia_pc/dist/pc/src/resource/default/780-439.png?_v=201906280941017d9']",2个月前,随时入住,暂无数据,需提前预约,低楼层/11层,有,暂无数据,民水,民电,有,暂无数据,['近地铁'],"['5号线(环中线) - 翻身', '391m', '1号线(罗宝线),5号线(环中线) - 宝安中心', '938m', '1号线(罗宝线) - 宝体', '1082m']",22.568966655223,113.89802073564
https://sz.lianjia.com/zufang/SZ2287639336335974400.html,南山区,科技园,整租·大冲新城花园 1室1厅 东/东南/南/西南/西,7300元/月 (月付价),整租,1室1厅1卫,50㎡,朝东 东南 南 西南 西,"['https://image1.ljcdn.com/rent-user-avatar/319048ce-8426-4d0c-ae36-b0bcb7a6b118.780x439.jpg', 'https://s1.ljcdn.com/matrix_lianjia_pc/dist/pc/src/resource/default/780-439.png?_v=201906280941017d9', 'https://s1.ljcdn.com/matrix_lianjia_pc/dist/pc/src/resource/default/780-439.png?_v=201906280941017d9', 'https://s1.ljcdn.com/matrix_lianjia_pc/dist/pc/src/resource/default/780-439.png?_v=201906280941017d9', 'https://s1.ljcdn.com/matrix_lianjia_pc/dist/pc/src/resource/default/780-439.png?_v=201906280941017d9', 'https://s1.ljcdn.com/matrix_lianjia_pc/dist/pc/src/resource/default/780-439.png?_v=201906280941017d9', 'https://s1.ljcdn.com/matrix_lianjia_pc/dist/pc/src/resource/default/780-439.png?_v=201906280941017d9']",4天前,随时入住,1个月以上,需提前预约,44/46层,暂无数据,暂无数据,暂无数据,暂无数据,暂无数据,暂无数据,"['公寓', '月租', '近地铁', '精装', '押一付一', '新上']","['1号线(罗宝线) - 高新园', '238m', '1号线(罗宝线) - 深大', '1087m']",22.547986,113.959447
https://sz.lianjia.com/zufang/SZ2279627378932596736.html,南山区,科技园,整租·大冲新城花园 1室1厅 东/东南/南/西南/西,7200元/月 (月付价),整租,1室1厅1卫,50㎡,朝东 东南 南 西南 西,"['https://image1.ljcdn.com/rent-user-avatar/373970e0-eb18-4072-bc55-8548aedbd87c.780x439.jpg', 'https://s1.ljcdn.com/matrix_lianjia_pc/dist/pc/src/resource/default/780-439.png?_v=201906280941017d9', 'https://s1.ljcdn.com/matrix_lianjia_pc/dist/pc/src/resource/default/780-439.png?_v=201906280941017d9', 'https://s1.ljcdn.com/matrix_lianjia_pc/dist/pc/src/resource/default/780-439.png?_v=201906280941017d9', 'https://s1.ljcdn.com/matrix_lianjia_pc/dist/pc/src/resource/default/780-439.png?_v=201906280941017d9', 'https://s1.ljcdn.com/matrix_lianjia_pc/dist/pc/src/resource/default/780-439.png?_v=201906280941017d9', 'https://s1.ljcdn.com/matrix_lianjia_pc/dist/pc/src/resource/default/780-439.png?_v=201906280941017d9', 'https://s1.ljcdn.com/matrix_lianjia_pc/dist/pc/src/resource/default/780-439.png?_v=201906280941017d9', 'https://s1.ljcdn.com/matrix_lianjia_pc/dist/pc/src/resource/default/780-439.png?_v=201906280941017d9']",15天前,随时入住,1个月以上,需提前预约,38/46层,暂无数据,暂无数据,暂无数据,暂无数据,暂无数据,暂无数据,"['公寓', '月租', '近地铁', '精装', '押一付一']","['1号线(罗宝线) - 高新园', '238m', '1号线(罗宝线) - 深大', '1087m']",22.547986,113.959447
https://sz.lianjia.com/zufang/SZ2288115620719632384.html,福田区,梅林,迷你新居福田 2室1厅 南/西南,5600元/月 ,租赁方式未知,2室1厅1卫,47㎡,朝南 西南,"['https://image1.ljcdn.com/440300-inspection/8310e0cb-eecb-4c26-975a-dc107f7b90c3.jpg.780x439.jpg', 'https://s1.ljcdn.com/matrix_lianjia_pc/dist/pc/src/resource/default/780-439.png?_v=201906280941017d9', 'https://s1.ljcdn.com/matrix_lianjia_pc/dist/pc/src/resource/default/780-439.png?_v=201906280941017d9', 'https://s1.ljcdn.com/matrix_lianjia_pc/dist/pc/src/resource/default/780-439.png?_v=201906280941017d9', 'https://s1.ljcdn.com/matrix_lianjia_pc/dist/pc/src/resource/default/780-439.png?_v=201906280941017d9', 'https://s1.ljcdn.com/matrix_lianjia_pc/dist/pc/src/resource/default/780-439.png?_v=201906280941017d9', 'https://s1.ljcdn.com/matrix_lianjia_pc/dist/pc/src/resource/default/780-439.png?_v=201906280941017d9']",2天前,2019-07-02,暂无数据,需提前预约,中楼层/16层,有,暂无数据,民水,民电,有,暂无数据,"['近地铁', '新上']","['9号线 - 下梅林', '765m', '9号线 - 梅村', '1103m', '9号线 - 梅景', '1113m']",22.568012,114.052593
https://sz.lianjia.com/zufang/SZ2275118305167540224.html,宝安区,西乡,财富港大厦 2室1厅 西南,5200元/月 ,租赁方式未知,2室1厅1卫,41㎡,朝西南,"['https://image1.ljcdn.com/440300-inspection/5d7d4adc-6599-4558-9e04-1535cdc59970.jpg.780x439.jpg', 'https://s1.ljcdn.com/matrix_lianjia_pc/dist/pc/src/resource/default/780-439.png?_v=201906280941017d9', 'https://s1.ljcdn.com/matrix_lianjia_pc/dist/pc/src/resource/default/780-439.png?_v=201906280941017d9', 'https://s1.ljcdn.com/matrix_lianjia_pc/dist/pc/src/resource/default/780-439.png?_v=201906280941017d9', 'https://s1.ljcdn.com/matrix_lianjia_pc/dist/pc/src/resource/default/780-439.png?_v=201906280941017d9', 'https://s1.ljcdn.com/matrix_lianjia_pc/dist/pc/src/resource/default/780-439.png?_v=201906280941017d9']",21天前,随时入住,暂无数据,暂无数据,低楼层/33层,有,暂无数据,民水,民电,有,暂无数据,"['近地铁', '随时看房']","['1号线(罗宝线) - 坪洲', '345m']",22.574039,113.874584
https://sz.lianjia.com/zufang/SZ2286731940381851648.html,罗湖区,莲塘,仙湖枫景家园 2室1厅 西南,5000元/月 ,租赁方式未知,2室1厅1卫,69㎡,朝西南,"['https://image1.ljcdn.com/440300-inspection/prod-0b8072a7-b542-43f0-a3d9-ded85b7969a3.jpg.780x439.jpg', 'https://s1.ljcdn.com/matrix_lianjia_pc/dist/pc/src/resource/default/780-439.png?_v=201906280941017d9', 'https://s1.ljcdn.com/matrix_lianjia_pc/dist/pc/src/resource/default/780-439.png?_v=201906280941017d9', 'https://s1.ljcdn.com/matrix_lianjia_pc/dist/pc/src/resource/default/780-439.png?_v=201906280941017d9', 'https://s1.ljcdn.com/matrix_lianjia_pc/dist/pc/src/resource/default/780-439.png?_v=201906280941017d9']",5天前,随时入住,暂无数据,需提前预约,中楼层/13层,有,暂无数据,民水,民电,有,暂无数据,['新上'],[],22.571627620502,114.17639123618
https://sz.lianjia.com/zufang/SZ2286951379824287744.html,宝安区,西乡,整租·财富港大厦 2室1厅 西南,5830元/月 (季付价),整租,2室1厅1卫,37㎡,朝西南,"['https://image1.ljcdn.com/rent-house-1/636f69b83827f24f7723a443c68fdbb3-1561191749761/625da44446adaa7ea34aec39d1a508ec.jpg.780x439.jpg', 'https://s1.ljcdn.com/matrix_lianjia_pc/dist/pc/src/resource/default/780-439.png?_v=201906280941017d9', 'https://s1.ljcdn.com/matrix_lianjia_pc/dist/pc/src/resource/default/780-439.png?_v=201906280941017d9', 'https://s1.ljcdn.com/matrix_lianjia_pc/dist/pc/src/resource/default/780-439.png?_v=201906280941017d9', 'https://s1.ljcdn.com/matrix_lianjia_pc/dist/pc/src/resource/default/780-439.png?_v=201906280941017d9', 'https://s1.ljcdn.com/matrix_lianjia_pc/dist/pc/src/resource/default/780-439.png?_v=201906280941017d9']",5天前,随时入住,3~12个月,随时可看,3/33层,暂无数据,暂无数据,暂无数据,暂无数据,暂无数据,暂无数据,"['公寓', '月租', '近地铁', '新上', '随时看房']","['1号线(罗宝线) - 坪洲', '345m']",22.574039,113.874584
https://sz.lianjia.com/zufang/SZ2270710287302926336.html,罗湖区,地王,整租·华讯中心 3室1厅 复式 西南,7000元/月 (月付价),整租,3室1厅1卫,55㎡,朝西南,"['https://image1.ljcdn.com/rent-user-avatar/51df94a2-c7c9-415a-87f8-0611aff14fd4.780x439.jpg', 'https://s1.ljcdn.com/matrix_lianjia_pc/dist/pc/src/resource/default/780-439.png?_v=201906280941017d9', 'https://s1.ljcdn.com/matrix_lianjia_pc/dist/pc/src/resource/default/780-439.png?_v=201906280941017d9', 'https://s1.ljcdn.com/matrix_lianjia_pc/dist/pc/src/resource/default/780-439.png?_v=201906280941017d9', 'https://s1.ljcdn.com/matrix_lianjia_pc/dist/pc/src/resource/default/780-439.png?_v=201906280941017d9', 'https://s1.ljcdn.com/matrix_lianjia_pc/dist/pc/src/resource/default/780-439.png?_v=201906280941017d9']",27天前,随时入住,1年以上,随时可看,35/46层,暂无数据,暂无数据,暂无数据,暂无数据,暂无数据,暂无数据,"['精装', '随时看房']",[],22.555089,114.116351
https://sz.lianjia.com/zufang/SZ2202849669766725632.html,龙岗区,坂田,万科城二期 3室1厅 西南,6200元/月 ,租赁方式未知,3室1厅1卫,89㎡,朝西南,"['https://image1.ljcdn.com/440300-inspection/3287262d-7691-4f91-9b3d-f171212ce547.jpg.780x439.jpg', 'https://s1.ljcdn.com/matrix_lianjia_pc/dist/pc/src/resource/default/780-439.png?_v=201906280941017d9', 'https://s1.ljcdn.com/matrix_lianjia_pc/dist/pc/src/resource/default/780-439.png?_v=201906280941017d9', 'https://s1.ljcdn.com/matrix_lianjia_pc/dist/pc/src/resource/default/780-439.png?_v=201906280941017d9', 'https://s1.ljcdn.com/matrix_lianjia_pc/dist/pc/src/resource/default/780-439.png?_v=201906280941017d9', 'https://s1.ljcdn.com/matrix_lianjia_pc/dist/pc/src/resource/default/780-439.png?_v=201906280941017d9', 'https://s1.ljcdn.com/matrix_lianjia_pc/dist/pc/src/resource/default/780-439.png?_v=201906280941017d9', 'https://s1.ljcdn.com/matrix_lianjia_pc/dist/pc/src/resource/default/780-439.png?_v=201906280941017d9', 'https://s1.ljcdn.com/matrix_lianjia_pc/dist/pc/src/resource/default/780-439.png?_v=201906280941017d9', 'https://s1.ljcdn.com/matrix_lianjia_pc/dist/pc/src/resource/default/780-439.png?_v=201906280941017d9']",2个月前,随时入住,暂无数据,需提前预约,中楼层/6层,无,暂无数据,民水,民电,有,暂无数据,['随时看房'],[],22.652657,114.076178
https://sz.lianjia.com/zufang/SZ2251373089130815488.html,福田区,莲花,长城盛世家园二期 2室2厅 西南,6800元/月 ,租赁方式未知,2室2厅1卫,70㎡,朝西南,"['https://image1.ljcdn.com/440300-inspection/4b37e0d9-4e03-44cd-9cc6-90be5f6815db.jpg.780x439.jpg', 'https://s1.ljcdn.com/matrix_lianjia_pc/dist/pc/src/resource/default/780-439.png?_v=201906280941017d9', 'https://s1.ljcdn.com/matrix_lianjia_pc/dist/pc/src/resource/default/780-439.png?_v=201906280941017d9', 'https://s1.ljcdn.com/matrix_lianjia_pc/dist/pc/src/resource/default/780-439.png?_v=201906280941017d9', 'https://s1.ljcdn.com/matrix_lianjia_pc/dist/pc/src/resource/default/780-439.png?_v=201906280941017d9', 'https://s1.ljcdn.com/matrix_lianjia_pc/dist/pc/src/resource/default/780-439.png?_v=201906280941017d9', 'https://s1.ljcdn.com/matrix_lianjia_pc/dist/pc/src/resource/default/780-439.png?_v=201906280941017d9', 'https://s1.ljcdn.com/matrix_lianjia_pc/dist/pc/src/resource/default/780-439.png?_v=201906280941017d9', 'https://s1.ljcdn.com/matrix_lianjia_pc/dist/pc/src/resource/default/780-439.png?_v=201906280941017d9', 'https://s1.ljcdn.com/matrix_lianjia_pc/dist/pc/src/resource/default/780-439.png?_v=201906280941017d9']",1个月前,随时入住,暂无数据,暂无数据,低楼层/34层,有,暂无数据,民水,民电,有,暂无数据,"['近地铁', '随时看房']","['4号线(龙华线) - 莲花北', '921m']",22.566853,114.071555
https://sz.lianjia.com/zufang/SZ2229510957019693056.html,南山区,红树湾,整租·国际市长交流中心 1室0厅 西南,5400元/月 ,整租,1室0厅1卫,37㎡,朝西南,"['https://image1.ljcdn.com/hdic-frame/ed62b587-dc2c-47ce-bd47-14028db954a4.png.780x439.jpg', 'https://s1.ljcdn.com/matrix_lianjia_pc/dist/pc/src/resource/default/780-439.png?_v=201906280941017d9', 'https://s1.ljcdn.com/matrix_lianjia_pc/dist/pc/src/resource/default/780-439.png?_v=201906280941017d9', 'https://s1.ljcdn.com/matrix_lianjia_pc/dist/pc/src/resource/default/780-439.png?_v=201906280941017d9']",2个月前,随时入住,1年以内,需提前预约,中楼层/25层,有,暂无数据,民水,民电,无,暂无数据,"['近地铁', '精装']","['1号线(罗宝线) - 白石洲', '164m', '1号线(罗宝线),2号线(蛇口线) - 世界之窗', '793m']",22.544893,113.973048
https://sz.lianjia.com/zufang/SZ2282810397147283456.html,福田区,皇岗,整租·皇御苑三期 2室1厅 西南,7300元/月 (月付价),整租,2室1厅1卫,68㎡,朝 西南,"['https://image1.ljcdn.com/rent-user-avatar/7f62cfc0-3ff2-4069-a274-5ca4d4d3cd7c.780x439.jpg', 'https://s1.ljcdn.com/matrix_lianjia_pc/dist/pc/src/resource/default/780-439.png?_v=201906280941017d9', 'https://s1.ljcdn.com/matrix_lianjia_pc/dist/pc/src/resource/default/780-439.png?_v=201906280941017d9', 'https://s1.ljcdn.com/matrix_lianjia_pc/dist/pc/src/resource/default/780-439.png?_v=201906280941017d9', 'https://s1.ljcdn.com/matrix_lianjia_pc/dist/pc/src/resource/default/780-439.png?_v=201906280941017d9']",11天前,随时入住,1~3年,随时可看,9/27层,有,暂无数据,民水,民电,有,暂无数据,"['近地铁', '精装', '随时看房']","['7号线 - 皇岗口岸', '551m']",22.531084,114.080614
https://sz.lianjia.com/zufang/SZ2280569971840909312.html,南山区,南山中心,整租·南园枫叶国际广场 2室1厅 西南,6000元/月 (月付价),整租,2室1厅1卫,41㎡,朝 西南,"['https://image1.ljcdn.com/rent-user-avatar/3446f9dd-8622-4e75-859f-3237b9eb378d.780x439.jpg', 'https://s1.ljcdn.com/matrix_lianjia_pc/dist/pc/src/resource/default/780-439.png?_v=201906280941017d9', 'https://s1.ljcdn.com/matrix_lianjia_pc/dist/pc/src/resource/default/780-439.png?_v=201906280941017d9', 'https://s1.ljcdn.com/matrix_lianjia_pc/dist/pc/src/resource/default/780-439.png?_v=201906280941017d9', 'https://s1.ljcdn.com/matrix_lianjia_pc/dist/pc/src/resource/default/780-439.png?_v=201906280941017d9']",14天前,随时入住,1~3年,随时可看,11/31层,有,暂无数据,民水,民电,有,暂无数据,"['近地铁', '精装', '随时看房']","['11号线 - 南山', '890m']",22.521904266687,113.9278623884
https://sz.lianjia.com/zufang/SZ2290643432278343680.html,宝安区,西乡,福中福花园二期 2室1厅 西南,5000元/月 ,租赁方式未知,2室1厅1卫,65㎡,朝西南,"['https://image1.ljcdn.com/440300-inspection/1293d2cb-3a30-4acc-8299-955fddfa10d7.jpg.780x439.jpg', 'https://s1.ljcdn.com/matrix_lianjia_pc/dist/pc/src/resource/default/780-439.png?_v=201906280941017d9', 'https://s1.ljcdn.com/matrix_lianjia_pc/dist/pc/src/resource/default/780-439.png?_v=201906280941017d9', 'https://s1.ljcdn.com/matrix_lianjia_pc/dist/pc/src/resource/default/780-439.png?_v=201906280941017d9', 'https://s1.ljcdn.com/matrix_lianjia_pc/dist/pc/src/resource/default/780-439.png?_v=201906280941017d9', 'https://s1.ljcdn.com/matrix_lianjia_pc/dist/pc/src/resource/default/780-439.png?_v=201906280941017d9', 'https://s1.ljcdn.com/matrix_lianjia_pc/dist/pc/src/resource/default/780-439.png?_v=201906280941017d9']",今天,2019-07-10,暂无数据,暂无数据,低楼层/7层,无,暂无数据,民水,民电,有,暂无数据,"['近地铁', '新上']","['1号线(罗宝线) - 坪洲', '592m', '1号线(罗宝线) - 宝体', '1148m', '11号线 - 宝安', '1191m']",22.570122597103,113.87939890898
https://sz.lianjia.com/zufang/SZ2288885863578877952.html,福田区,皇岗,集华花园 3室1厅 西南,7600元/月 ,租赁方式未知,3室1厅1卫,99㎡,朝西南,"['https://image1.ljcdn.com/440300-inspection/2e6068ca-697d-4f4e-a306-b1988c45603f.jpg.780x439.jpg', 'https://s1.ljcdn.com/matrix_lianjia_pc/dist/pc/src/resource/default/780-439.png?_v=201906280941017d9', 'https://s1.ljcdn.com/matrix_lianjia_pc/dist/pc/src/resource/default/780-439.png?_v=201906280941017d9', 'https://s1.ljcdn.com/matrix_lianjia_pc/dist/pc/src/resource/default/780-439.png?_v=201906280941017d9', 'https://s1.ljcdn.com/matrix_lianjia_pc/dist/pc/src/resource/default/780-439.png?_v=201906280941017d9', 'https://s1.ljcdn.com/matrix_lianjia_pc/dist/pc/src/resource/default/780-439.png?_v=201906280941017d9', 'https://s1.ljcdn.com/matrix_lianjia_pc/dist/pc/src/resource/default/780-439.png?_v=201906280941017d9']",2天前,随时入住,暂无数据,需提前预约,高楼层/20层,有,暂无数据,民水,民电,有,暂无数据,"['近地铁', '新上']","['4号线(龙华线),7号线 - 福民', '402m', '7号线 - 皇岗村', '1049m']",22.531975,114.071186
https://sz.lianjia.com/zufang/SZ2289709331391709184.html,罗湖区,百仕达,旭飞华达园 2室2厅 西南,6800元/月 ,租赁方式未知,2室2厅1卫,58㎡,朝西南,"['https://image1.ljcdn.com/440300-inspection/e59dc43e-e22a-4ad7-9f8a-2e2fd44deaab.jpg.780x439.jpg', 'https://s1.ljcdn.com/matrix_lianjia_pc/dist/pc/src/resource/default/780-439.png?_v=201906280941017d9', 'https://s1.ljcdn.com/matrix_lianjia_pc/dist/pc/src/resource/default/780-439.png?_v=201906280941017d9', 'https://s1.ljcdn.com/matrix_lianjia_pc/dist/pc/src/resource/default/780-439.png?_v=201906280941017d9', 'https://s1.ljcdn.com/matrix_lianjia_pc/dist/pc/src/resource/default/780-439.png?_v=201906280941017d9', 'https://s1.ljcdn.com/matrix_lianjia_pc/dist/pc/src/resource/default/780-439.png?_v=201906280941017d9', 'https://s1.ljcdn.com/matrix_lianjia_pc/dist/pc/src/resource/default/780-439.png?_v=201906280941017d9']",1天前,随时入住,暂无数据,暂无数据,中楼层/23层,有,暂无数据,民水,民电,有,暂无数据,"['近地铁', '新上']","['3号线(龙岗线),7号线 - 田贝', '376m', '3号线(龙岗线) - 水贝', '756m', '5号线(环中线),7号线 - 太安', '926m', '7号线 - 洪湖', '1024m']",22.577684,114.136063
https://sz.lianjia.com/zufang/SZ2287639336880963584.html,南山区,科技园,整租·大冲新城花园 1室1厅 东/东南/南/西南/西,7700元/月 (月付价),整租,1室1厅1卫,50㎡,朝东 东南 南 西南 西,"['https://image1.ljcdn.com/rent-user-avatar/5d32dc65-9ff9-4d0d-99df-2f73a34c85f7.780x439.jpg', 'https://s1.ljcdn.com/matrix_lianjia_pc/dist/pc/src/resource/default/780-439.png?_v=201906280941017d9', 'https://s1.ljcdn.com/matrix_lianjia_pc/dist/pc/src/resource/default/780-439.png?_v=201906280941017d9', 'https://s1.ljcdn.com/matrix_lianjia_pc/dist/pc/src/resource/default/780-439.png?_v=201906280941017d9', 'https://s1.ljcdn.com/matrix_lianjia_pc/dist/pc/src/resource/default/780-439.png?_v=201906280941017d9']",4天前,随时入住,1个月以上,需提前预约,35/46层,暂无数据,暂无数据,暂无数据,暂无数据,暂无数据,暂无数据,"['公寓', '月租', '近地铁', '精装', '押一付一', '新上']","['1号线(罗宝线) - 高新园', '238m', '1号线(罗宝线) - 深大', '1087m']",22.547986,113.959447
https://sz.lianjia.com/zufang/SZ2288982077607256064.html,罗湖区,笋岗,整租·新时速嘉园 3室2厅 西南,5700元/月 (月付价),整租,3室2厅1卫,86㎡,朝西南,"['https://image1.ljcdn.com/rent-user-avatar/326b9d7d-f795-429b-bb51-1511ec9345ea.780x439.jpg', 'https://s1.ljcdn.com/matrix_lianjia_pc/dist/pc/src/resource/default/780-439.png?_v=201906280941017d9', 'https://s1.ljcdn.com/matrix_lianjia_pc/dist/pc/src/resource/default/780-439.png?_v=201906280941017d9', 'https://s1.ljcdn.com/matrix_lianjia_pc/dist/pc/src/resource/default/780-439.png?_v=201906280941017d9', 'https://s1.ljcdn.com/matrix_lianjia_pc/dist/pc/src/resource/default/780-439.png?_v=201906280941017d9', 'https://s1.ljcdn.com/matrix_lianjia_pc/dist/pc/src/resource/default/780-439.png?_v=201906280941017d9', 'https://s1.ljcdn.com/matrix_lianjia_pc/dist/pc/src/resource/default/780-439.png?_v=201906280941017d9', 'https://s1.ljcdn.com/matrix_lianjia_pc/dist/pc/src/resource/default/780-439.png?_v=201906280941017d9', 'https://s1.ljcdn.com/matrix_lianjia_pc/dist/pc/src/resource/default/780-439.png?_v=201906280941017d9']",2天前,随时入住,1年,随时可看,4/8层,有,暂无数据,民水,民电,有,暂无数据,"['公寓', '近地铁', '精装', '新上', '随时看房']","['7号线 - 洪湖', '1190m']",22.56588727583,114.12253162969
https://sz.lianjia.com/zufang/SZ2288454383463038976.html,罗湖区,布心,雍翠华府 3室1厅 西南,6000元/月 ,租赁方式未知,3室1厅1卫,76㎡,朝西南,"['https://image1.ljcdn.com/440300-inspection/test-047dd147-cf7b-4767-947b-8e5919e8d043.png.780x439.jpg', 'https://s1.ljcdn.com/matrix_lianjia_pc/dist/pc/src/resource/default/780-439.png?_v=201906280941017d9', 'https://s1.ljcdn.com/matrix_lianjia_pc/dist/pc/src/resource/default/780-439.png?_v=201906280941017d9', 'https://s1.ljcdn.com/matrix_lianjia_pc/dist/pc/src/resource/default/780-439.png?_v=201906280941017d9', 'https://s1.ljcdn.com/matrix_lianjia_pc/dist/pc/src/resource/default/780-439.png?_v=201906280941017d9', 'https://s1.ljcdn.com/matrix_lianjia_pc/dist/pc/src/resource/default/780-439.png?_v=201906280941017d9']",3天前,随时入住,暂无数据,暂无数据,低楼层/32层,有,暂无数据,民水,民电,有,暂无数据,"['近地铁', '新上']","['3号线(龙岗线) - 水贝', '699m', '3号线(龙岗线) - 草埔', '1004m']",22.584267,114.128808
https://sz.lianjia.com/zufang/SZ2286822762347765760.html,宝安区,福永,万科金色领域 3室2厅 东南/西南,5500元/月 ,租赁方式未知,3室2厅1卫,85㎡,朝东南 西南,"['https://image1.ljcdn.com/440300-inspection/0632c0c6-521f-4f6a-a530-ef8cffba040a.jpg.780x439.jpg', 'https://s1.ljcdn.com/matrix_lianjia_pc/dist/pc/src/resource/default/780-439.png?_v=201906280941017d9', 'https://s1.ljcdn.com/matrix_lianjia_pc/dist/pc/src/resource/default/780-439.png?_v=201906280941017d9', 'https://s1.ljcdn.com/matrix_lianjia_pc/dist/pc/src/resource/default/780-439.png?_v=201906280941017d9', 'https://s1.ljcdn.com/matrix_lianjia_pc/dist/pc/src/resource/default/780-439.png?_v=201906280941017d9', 'https://s1.ljcdn.com/matrix_lianjia_pc/dist/pc/src/resource/default/780-439.png?_v=201906280941017d9', 'https://s1.ljcdn.com/matrix_lianjia_pc/dist/pc/src/resource/default/780-439.png?_v=201906280941017d9']",5天前,2019-07-05,暂无数据,暂无数据,低楼层/15层,有,暂无数据,民水,民电,有,暂无数据,"['新上', '随时看房']",[],22.66456810814,113.82340202033
https://sz.lianjia.com/zufang/SZ2287669965618692096.html,宝安区,翻身,广信花园 2室1厅 西南,5200元/月 ,租赁方式未知,2室1厅1卫,75㎡,朝西南,"['https://image1.ljcdn.com/440300-inspection/c58f27fe-d228-4b74-9741-4e5785925c22.jpg.780x439.jpg', 'https://s1.ljcdn.com/matrix_lianjia_pc/dist/pc/src/resource/default/780-439.png?_v=201906280941017d9', 'https://s1.ljcdn.com/matrix_lianjia_pc/dist/pc/src/resource/default/780-439.png?_v=201906280941017d9', 'https://s1.ljcdn.com/matrix_lianjia_pc/dist/pc/src/resource/default/780-439.png?_v=201906280941017d9', 'https://s1.ljcdn.com/matrix_lianjia_pc/dist/pc/src/resource/default/780-439.png?_v=201906280941017d9', 'https://s1.ljcdn.com/matrix_lianjia_pc/dist/pc/src/resource/default/780-439.png?_v=201906280941017d9', 'https://s1.ljcdn.com/matrix_lianjia_pc/dist/pc/src/resource/default/780-439.png?_v=201906280941017d9']",4天前,2019-07-15,暂无数据,暂无数据,低楼层/7层,无,暂无数据,民水,民电,有,暂无数据,"['近地铁', '新上']","['5号线(环中线) - 翻身', '856m', '1号线(罗宝线) - 宝体', '1133m']",22.570185,113.895203
https://sz.lianjia.com/zufang/SZ2286674563377414144.html,福田区,皇岗,整租·海滨广场 2室1厅 西南,6000元/月 (月付价),整租,2室1厅1卫,47㎡,朝 西南,"['https://image1.ljcdn.com/rent-user-avatar/0a5fd419-08bf-4e99-a6d2-43a384fcb6c0.780x439.jpg', 'https://s1.ljcdn.com/matrix_lianjia_pc/dist/pc/src/resource/default/780-439.png?_v=201906280941017d9', 'https://s1.ljcdn.com/matrix_lianjia_pc/dist/pc/src/resource/default/780-439.png?_v=201906280941017d9', 'https://s1.ljcdn.com/matrix_lianjia_pc/dist/pc/src/resource/default/780-439.png?_v=201906280941017d9', 'https://s1.ljcdn.com/matrix_lianjia_pc/dist/pc/src/resource/default/780-439.png?_v=201906280941017d9', 'https://s1.ljcdn.com/matrix_lianjia_pc/dist/pc/src/resource/default/780-439.png?_v=201906280941017d9', 'https://s1.ljcdn.com/matrix_lianjia_pc/dist/pc/src/resource/default/780-439.png?_v=201906280941017d9']",5天前,随时入住,1年,随时可看,11/20层,暂无数据,暂无数据,暂无数据,暂无数据,暂无数据,暂无数据,"['近地铁', '精装', '新上', '随时看房']","['4号线(龙华线),7号线 - 福民', '558m', '1号线(罗宝线) - 岗厦', '1183m', '1号线(罗宝线),4号线(龙华线) - 会展中心', '1184m']",22.532069,114.073854
https://sz.lianjia.com/zufang/SZ2265044480170131456.html,龙华区,龙华中心,整租·鸿荣源·壹城中心第五区 4室2厅 西南,6200元/月 (月付价),整租,4室2厅2卫,89㎡,朝 西南,"['https://image1.ljcdn.com/rent-user-avatar/013685dd-c3ff-43dc-a12e-734094a234aa.780x439.jpg', 'https://s1.ljcdn.com/matrix_lianjia_pc/dist/pc/src/resource/default/780-439.png?_v=201906280941017d9', 'https://s1.ljcdn.com/matrix_lianjia_pc/dist/pc/src/resource/default/780-439.png?_v=201906280941017d9', 'https://s1.ljcdn.com/matrix_lianjia_pc/dist/pc/src/resource/default/780-439.png?_v=201906280941017d9', 'https://s1.ljcdn.com/matrix_lianjia_pc/dist/pc/src/resource/default/780-439.png?_v=201906280941017d9', 'https://s1.ljcdn.com/matrix_lianjia_pc/dist/pc/src/resource/default/780-439.png?_v=201906280941017d9', 'https://s1.ljcdn.com/matrix_lianjia_pc/dist/pc/src/resource/default/780-439.png?_v=201906280941017d9', 'https://s1.ljcdn.com/matrix_lianjia_pc/dist/pc/src/resource/default/780-439.png?_v=201906280941017d9', 'https://s1.ljcdn.com/matrix_lianjia_pc/dist/pc/src/resource/default/780-439.png?_v=201906280941017d9']",1个月前,随时入住,1年,随时可看,6/48层,有,暂无数据,民水,民电,有,暂无数据,"['公寓', '精装', '双卫生间', '随时看房']",[],22.653366,114.040868
https://sz.lianjia.com/zufang/SZ2287608253213057024.html,宝安区,西乡,整租·碧海名园 3室2厅 西南,5800元/月 ,整租,3室2厅1卫,76㎡,朝西南,"['https://image1.ljcdn.com/440300-inspection/2173db47-50b6-4fba-8441-e2fb5538dbac.jpg.780x439.jpg', 'https://s1.ljcdn.com/matrix_lianjia_pc/dist/pc/src/resource/default/780-439.png?_v=201906280941017d9', 'https://s1.ljcdn.com/matrix_lianjia_pc/dist/pc/src/resource/default/780-439.png?_v=201906280941017d9', 'https://s1.ljcdn.com/matrix_lianjia_pc/dist/pc/src/resource/default/780-439.png?_v=201906280941017d9', 'https://s1.ljcdn.com/matrix_lianjia_pc/dist/pc/src/resource/default/780-439.png?_v=201906280941017d9', 'https://s1.ljcdn.com/matrix_lianjia_pc/dist/pc/src/resource/default/780-439.png?_v=201906280941017d9', 'https://s1.ljcdn.com/matrix_lianjia_pc/dist/pc/src/resource/default/780-439.png?_v=201906280941017d9', 'https://s1.ljcdn.com/matrix_lianjia_pc/dist/pc/src/resource/default/780-439.png?_v=201906280941017d9']",3天前,随时入住,1年以内,需提前预约,中楼层/6层,无,暂无数据,民水,民电,有,暂无数据,"['精装', '新上']","['1号线(罗宝线) - 西乡', '963m', '11号线 - 碧海湾', '1168m']",22.587714850218,113.87171223917
https://sz.lianjia.com/zufang/SZ2272292000353501184.html,宝安区,西乡,碧海湾花园 3室1厅 西南,6200元/月 ,租赁方式未知,3室1厅1卫,90㎡,朝西南,"['https://image1.ljcdn.com/440300-inspection/0e456b05-964c-4dd5-ae9b-f7772d18b839.jpg.780x439.jpg', 'https://s1.ljcdn.com/matrix_lianjia_pc/dist/pc/src/resource/default/780-439.png?_v=201906280941017d9', 'https://s1.ljcdn.com/matrix_lianjia_pc/dist/pc/src/resource/default/780-439.png?_v=201906280941017d9', 'https://s1.ljcdn.com/matrix_lianjia_pc/dist/pc/src/resource/default/780-439.png?_v=201906280941017d9', 'https://s1.ljcdn.com/matrix_lianjia_pc/dist/pc/src/resource/default/780-439.png?_v=201906280941017d9', 'https://s1.ljcdn.com/matrix_lianjia_pc/dist/pc/src/resource/default/780-439.png?_v=201906280941017d9', 'https://s1.ljcdn.com/matrix_lianjia_pc/dist/pc/src/resource/default/780-439.png?_v=201906280941017d9', 'https://s1.ljcdn.com/matrix_lianjia_pc/dist/pc/src/resource/default/780-439.png?_v=201906280941017d9', 'https://s1.ljcdn.com/matrix_lianjia_pc/dist/pc/src/resource/default/780-439.png?_v=201906280941017d9']",24天前,随时入住,暂无数据,一般下班后可看,中楼层/7层,无,暂无数据,民水,民电,有,暂无数据,['近地铁'],"['1号线(罗宝线) - 西乡', '207m', '11号线 - 碧海湾', '581m']",22.582914773463,113.86648121203
https://sz.lianjia.com/zufang/SZ2288974313237250048.html,福田区,皇岗,阳基阳光城市 2室1厅 西南,7000元/月 ,租赁方式未知,2室1厅1卫,65㎡,朝西南,"['http://vrlab-image.ljcdn.com/release/auto3dhd/e0053d25fc225498728f8683e865bbd9/screenshot/1558750036_0/pc0_JK214w5Ru.jpg.q_70.jpg', 'https://s1.ljcdn.com/matrix_lianjia_pc/dist/pc/src/resource/default/780-439.png?_v=201906280941017d9', 'https://s1.ljcdn.com/matrix_lianjia_pc/dist/pc/src/resource/default/780-439.png?_v=201906280941017d9', 'https://s1.ljcdn.com/matrix_lianjia_pc/dist/pc/src/resource/default/780-439.png?_v=201906280941017d9', 'https://s1.ljcdn.com/matrix_lianjia_pc/dist/pc/src/resource/default/780-439.png?_v=201906280941017d9']",2天前,随时入住,暂无数据,需提前预约,中楼层/29层,有,暂无数据,民水,民电,有,暂无数据,"['近地铁', '新上', '随时看房']","['4号线(龙华线) - 福田口岸', '1083m']",22.52910362011,114.07744442262
https://sz.lianjia.com/zufang/SZ2162133887596371968.html,龙华区,红山,华业玫瑰四季馨园二期 3室2厅 西南,7500元/月 ,租赁方式未知,3室2厅1卫,90㎡,朝西南,"['https://image1.ljcdn.com/440300-inspection/test-8c79a21b-0b26-4ebc-b923-fdecfaca0301.png.780x439.jpg', 'https://s1.ljcdn.com/matrix_lianjia_pc/dist/pc/src/resource/default/780-439.png?_v=201906280941017d9', 'https://s1.ljcdn.com/matrix_lianjia_pc/dist/pc/src/resource/default/780-439.png?_v=201906280941017d9', 'https://s1.ljcdn.com/matrix_lianjia_pc/dist/pc/src/resource/default/780-439.png?_v=201906280941017d9', 'https://s1.ljcdn.com/matrix_lianjia_pc/dist/pc/src/resource/default/780-439.png?_v=201906280941017d9', 'https://s1.ljcdn.com/matrix_lianjia_pc/dist/pc/src/resource/default/780-439.png?_v=201906280941017d9']",5个月前,随时入住,暂无数据,需提前预约,高楼层/26层,暂无数据,暂无数据,民水,民电,有,暂无数据,['近地铁'],"['4号线(龙华线) - 红山', '858m']",22.63159,114.025504
