房源地址,行政区,位置,标题,租金,租赁方式,户型,面积,朝向,图片列表,发布时间,入住时间,租期,看房时间,楼层,电梯,车位,用水,用电,燃气,采暖,标签,station,latitude,longtitude
https://sz.lianjia.com/apartment/13628.html,,,枢纽青年公寓 · 后瑞店,"
枢纽青年公寓 · 后瑞店

          1580元/月起

",,,,,"['https://image1.ljcdn.com/rent-user-avatar/b9b69985-229e-4b60-95c3-355112f14f41.1150x.jpg', 'https://s1.ljcdn.com/matrix_lianjia_pc/dist/pc/src/resource/default/1150-450.png?_v=2019062712185388b', 'https://s1.ljcdn.com/matrix_lianjia_pc/dist/pc/src/resource/default/1150-450.png?_v=2019062712185388b', 'https://s1.ljcdn.com/matrix_lianjia_pc/dist/pc/src/resource/default/1150-450.png?_v=2019062712185388b', 'https://s1.ljcdn.com/matrix_lianjia_pc/dist/pc/src/resource/default/1150-450.png?_v=2019062712185388b', 'https://s1.ljcdn.com/matrix_lianjia_pc/dist/pc/src/resource/default/1150-450.png?_v=2019062712185388b', 'https://s1.ljcdn.com/matrix_lianjia_pc/dist/pc/src/resource/default/1150-450.png?_v=2019062712185388b', 'https://s1.ljcdn.com/matrix_lianjia_pc/dist/pc/src/resource/default/1150-450.png?_v=2019062712185388b']",,,,,,,,,,,,,[],22.635945,113.844995
https://sz.lianjia.com/zufang/SZ2264899941233336320.html,龙岗区,大运新城,整租·中海康城国际一期 1室1厅 东北,2500元/月 ,整租,1室1厅1卫,48㎡,朝东北,"['https://image1.ljcdn.com/440300-inspection/d79db409-820f-4144-ab39-dd7fd49785b2.jpg.780x439.jpg', 'https://s1.ljcdn.com/matrix_lianjia_pc/dist/pc/src/resource/default/780-439.png?_v=2019062712185388b', 'https://s1.ljcdn.com/matrix_lianjia_pc/dist/pc/src/resource/default/780-439.png?_v=2019062712185388b', 'https://s1.ljcdn.com/matrix_lianjia_pc/dist/pc/src/resource/default/780-439.png?_v=2019062712185388b', 'https://s1.ljcdn.com/matrix_lianjia_pc/dist/pc/src/resource/default/780-439.png?_v=2019062712185388b']",1个月前,随时入住,1年以内,暂无数据,低楼层/23层,有,暂无数据,民水,民电,有,暂无数据,"['精装', '随时看房']",[],22.712830704194,114.21316487334
https://sz.lianjia.com/zufang/SZ2280491963465867264.html,龙岗区,龙岗中心城,缤纷世纪 2室1厅 东北,2800元/月 ,租赁方式未知,2室1厅1卫,57㎡,朝东北,"['https://image1.ljcdn.com/440300-inspection/49d68ebb-38e7-4aae-8c4d-b32492aa4417.jpg.780x439.jpg', 'https://s1.ljcdn.com/matrix_lianjia_pc/dist/pc/src/resource/default/780-439.png?_v=2019062712185388b', 'https://s1.ljcdn.com/matrix_lianjia_pc/dist/pc/src/resource/default/780-439.png?_v=2019062712185388b', 'https://s1.ljcdn.com/matrix_lianjia_pc/dist/pc/src/resource/default/780-439.png?_v=2019062712185388b', 'https://s1.ljcdn.com/matrix_lianjia_pc/dist/pc/src/resource/default/780-439.png?_v=2019062712185388b', 'https://s1.ljcdn.com/matrix_lianjia_pc/dist/pc/src/resource/default/780-439.png?_v=2019062712185388b', 'https://s1.ljcdn.com/matrix_lianjia_pc/dist/pc/src/resource/default/780-439.png?_v=2019062712185388b']",11天前,随时入住,暂无数据,需提前预约,低楼层/31层,有,暂无数据,商水,商电,有,暂无数据,"['近地铁', '随时看房']","['3号线(龙岗线) - 爱联', '757m']",22.708636,114.236682
https://sz.lianjia.com/zufang/SZ2269463366625918976.html,龙岗区,龙岗中心城,万象天成 1室0厅 东北,2300元/月 ,租赁方式未知,1室0厅1卫,40㎡,朝东北,"['http://vrlab-image.ljcdn.com/release/auto3dhd/1b7bff881c5ca122b0d1bf67ed90adb3/screenshot/1545795104_0/pc0_STrkBDtmQ.jpg.q_70.jpg', 'https://s1.ljcdn.com/matrix_lianjia_pc/dist/pc/src/resource/default/780-439.png?_v=2019062712185388b']",27天前,随时入住,暂无数据,暂无数据,中楼层/26层,有,暂无数据,民水,民电,有,暂无数据,['随时看房'],"['3号线(龙岗线) - 龙城广场', '884m']",22.729958773193,114.26067170109
https://sz.lianjia.com/apartment/8628.html,,,金地草莓公寓 · 西乡碧海栈,"
金地草莓公寓 · 西乡碧海栈

          1876元/月起

",,,,,['https://image1.ljcdn.com/rent-user-avatar/e5860e79-dd52-48db-acba-8f773bab1cb3.1150x.jpg'],,,,,,,,,,,,,[],22.587753,113.863889
https://sz.lianjia.com/apartment/5689.html,,,湾流国际青年社区 · 华天店,"
湾流国际青年社区 · 华天店

          1500元/月起

",,,,,"['https://image1.ljcdn.com/rent-user-avatar/53fac47c-ee74-4fcb-9659-1bf66ff48634.1150x.jpg', 'https://s1.ljcdn.com/matrix_lianjia_pc/dist/pc/src/resource/default/1150-450.png?_v=2019062712185388b', 'https://s1.ljcdn.com/matrix_lianjia_pc/dist/pc/src/resource/default/1150-450.png?_v=2019062712185388b', 'https://s1.ljcdn.com/matrix_lianjia_pc/dist/pc/src/resource/default/1150-450.png?_v=2019062712185388b', 'https://s1.ljcdn.com/matrix_lianjia_pc/dist/pc/src/resource/default/1150-450.png?_v=2019062712185388b', 'https://s1.ljcdn.com/matrix_lianjia_pc/dist/pc/src/resource/default/1150-450.png?_v=2019062712185388b', 'https://s1.ljcdn.com/matrix_lianjia_pc/dist/pc/src/resource/default/1150-450.png?_v=2019062712185388b', 'https://s1.ljcdn.com/matrix_lianjia_pc/dist/pc/src/resource/default/1150-450.png?_v=2019062712185388b', 'https://s1.ljcdn.com/matrix_lianjia_pc/dist/pc/src/resource/default/1150-450.png?_v=2019062712185388b', 'https://s1.ljcdn.com/matrix_lianjia_pc/dist/pc/src/resource/default/1150-450.png?_v=2019062712185388b']",,,,,,,,,,,,,[],22.575996,114.113266
https://sz.lianjia.com/zufang/SZ2264488471178002432.html,龙岗区,龙岗双龙,东方瑞景苑 1室0厅 东北,2000元/月 ,租赁方式未知,1室0厅1卫,36㎡,朝东北,"['https://image1.ljcdn.com/hdic-frame/prod-7b543f57-1623-4487-abfa-85be80f2920e.png.780x439.jpg', 'https://s1.ljcdn.com/matrix_lianjia_pc/dist/pc/src/resource/default/780-439.png?_v=2019062712185388b', 'https://s1.ljcdn.com/matrix_lianjia_pc/dist/pc/src/resource/default/780-439.png?_v=2019062712185388b']",1个月前,随时入住,暂无数据,需提前预约,高楼层/23层,有,暂无数据,民水,民电,有,暂无数据,['近地铁'],"['3号线(龙岗线) - 双龙', '1064m', '3号线(龙岗线) - 南联', '1116m']",22.735755,114.275003
https://sz.lianjia.com/zufang/SZ2288875390426955776.html,龙岗区,大运新城,森雅谷润筑园 1室0厅 东北,2300元/月 ,租赁方式未知,1室0厅1卫,35㎡,朝东北,"['https://image1.ljcdn.com/440300-inspection/d3542d7f-e713-4cd7-975a-83360fff7e5e.jpg.780x439.jpg', 'https://s1.ljcdn.com/matrix_lianjia_pc/dist/pc/src/resource/default/780-439.png?_v=2019062712185388b', 'https://s1.ljcdn.com/matrix_lianjia_pc/dist/pc/src/resource/default/780-439.png?_v=2019062712185388b', 'https://s1.ljcdn.com/matrix_lianjia_pc/dist/pc/src/resource/default/780-439.png?_v=2019062712185388b', 'https://s1.ljcdn.com/matrix_lianjia_pc/dist/pc/src/resource/default/780-439.png?_v=2019062712185388b', 'https://s1.ljcdn.com/matrix_lianjia_pc/dist/pc/src/resource/default/780-439.png?_v=2019062712185388b']",今天,随时入住,暂无数据,需提前预约,低楼层/20层,有,暂无数据,民水,民电,有,暂无数据,"['近地铁', '新上', '随时看房']","['3号线(龙岗线) - 荷坳', '578m', '3号线(龙岗线) - 大运', '1168m']",22.682549954778,114.23453206025
https://sz.lianjia.com/apartment/3093.html,,,幸福里公寓 · 幸福里公寓坂田店,"
幸福里公寓 · 幸福里公寓坂田店

          700元/月起

",,,,,['https://image1.ljcdn.com/rent-user-avatar/f6c4583f-7b98-4152-8f86-06dbaed00376.1150x.jpg'],,,,,,,,,,,,,[],22.623729,114.073296
https://sz.lianjia.com/apartment/16369.html,,,城家公寓 · 深圳留仙洞店,"
城家公寓 · 深圳留仙洞店

          3000元/月起

",,,,,"['https://image1.ljcdn.com/rent-user-avatar/99f0561a-0576-41a2-baf6-a6d9ee520b2c.1150x.jpg', 'https://s1.ljcdn.com/matrix_lianjia_pc/dist/pc/src/resource/default/1150-450.png?_v=2019062712185388b', 'https://s1.ljcdn.com/matrix_lianjia_pc/dist/pc/src/resource/default/1150-450.png?_v=2019062712185388b', 'https://s1.ljcdn.com/matrix_lianjia_pc/dist/pc/src/resource/default/1150-450.png?_v=2019062712185388b', 'https://s1.ljcdn.com/matrix_lianjia_pc/dist/pc/src/resource/default/1150-450.png?_v=2019062712185388b', 'https://s1.ljcdn.com/matrix_lianjia_pc/dist/pc/src/resource/default/1150-450.png?_v=2019062712185388b', 'https://s1.ljcdn.com/matrix_lianjia_pc/dist/pc/src/resource/default/1150-450.png?_v=2019062712185388b', 'https://s1.ljcdn.com/matrix_lianjia_pc/dist/pc/src/resource/default/1150-450.png?_v=2019062712185388b', 'https://s1.ljcdn.com/matrix_lianjia_pc/dist/pc/src/resource/default/1150-450.png?_v=2019062712185388b', 'https://s1.ljcdn.com/matrix_lianjia_pc/dist/pc/src/resource/default/1150-450.png?_v=2019062712185388b', 'https://s1.ljcdn.com/matrix_lianjia_pc/dist/pc/src/resource/default/1150-450.png?_v=2019062712185388b', 'https://s1.ljcdn.com/matrix_lianjia_pc/dist/pc/src/resource/default/1150-450.png?_v=2019062712185388b', 'https://s1.ljcdn.com/matrix_lianjia_pc/dist/pc/src/resource/default/1150-450.png?_v=2019062712185388b', 'https://s1.ljcdn.com/matrix_lianjia_pc/dist/pc/src/resource/default/1150-450.png?_v=2019062712185388b', 'https://s1.ljcdn.com/matrix_lianjia_pc/dist/pc/src/resource/default/1150-450.png?_v=2019062712185388b']",,,,,,,,,,,,,[],22.582769,113.931625
https://sz.lianjia.com/apartment/4215.html,,,窝趣轻社区 · 窝趣龙胜轻社区,"
窝趣轻社区 · 窝趣龙胜轻社区

          2500元/月起

",,,,,"['https://image1.ljcdn.com/rent-house-1/93e010098a3496c0039a35ff7699957d-1555572807388/e915afdc79f26303b737e9008210d7c2.jpg.1150x.jpg', 'https://s1.ljcdn.com/matrix_lianjia_pc/dist/pc/src/resource/default/1150-450.png?_v=2019062712185388b', 'https://s1.ljcdn.com/matrix_lianjia_pc/dist/pc/src/resource/default/1150-450.png?_v=2019062712185388b', 'https://s1.ljcdn.com/matrix_lianjia_pc/dist/pc/src/resource/default/1150-450.png?_v=2019062712185388b', 'https://s1.ljcdn.com/matrix_lianjia_pc/dist/pc/src/resource/default/1150-450.png?_v=2019062712185388b', 'https://s1.ljcdn.com/matrix_lianjia_pc/dist/pc/src/resource/default/1150-450.png?_v=2019062712185388b']",,,,,,,,,,,,,[],22.6478300,114.0237220
https://sz.lianjia.com/apartment/15563.html,,,169公寓 · 下水径店,"
169公寓 · 下水径店

          1700元/月起

",,,,,"['https://image1.ljcdn.com/rent-user-avatar/f8d0d60c-4d5a-4f54-9ac7-ca4b19f1890e.1150x.jpg', 'https://s1.ljcdn.com/matrix_lianjia_pc/dist/pc/src/resource/default/1150-450.png?_v=2019062712185388b', 'https://s1.ljcdn.com/matrix_lianjia_pc/dist/pc/src/resource/default/1150-450.png?_v=2019062712185388b', 'https://s1.ljcdn.com/matrix_lianjia_pc/dist/pc/src/resource/default/1150-450.png?_v=2019062712185388b', 'https://s1.ljcdn.com/matrix_lianjia_pc/dist/pc/src/resource/default/1150-450.png?_v=2019062712185388b']",,,,,,,,,,,,,[],22.617927,114.115683
https://sz.lianjia.com/apartment/11075.html,,,世联红璞公寓 · 红璞公寓五和地铁站店,"
世联红璞公寓 · 红璞公寓五和地铁站店

          1630元/月起

",,,,,"['https://image1.ljcdn.com/rent-user-avatar/dd9467e7-aa95-4f2b-86ba-b63f5e037f32.1150x.jpg', 'https://s1.ljcdn.com/matrix_lianjia_pc/dist/pc/src/resource/default/1150-450.png?_v=2019062712185388b', 'https://s1.ljcdn.com/matrix_lianjia_pc/dist/pc/src/resource/default/1150-450.png?_v=2019062712185388b', 'https://s1.ljcdn.com/matrix_lianjia_pc/dist/pc/src/resource/default/1150-450.png?_v=2019062712185388b', 'https://s1.ljcdn.com/matrix_lianjia_pc/dist/pc/src/resource/default/1150-450.png?_v=2019062712185388b', 'https://s1.ljcdn.com/matrix_lianjia_pc/dist/pc/src/resource/default/1150-450.png?_v=2019062712185388b']",,,,,,,,,,,,,[],22.627638,114.065233
https://sz.lianjia.com/apartment/3353.html,,,职业房东 · 西乡盐田店,"
职业房东 · 西乡盐田店

          1880元/月起

",,,,,"['https://image1.ljcdn.com/rent-user-avatar/3c7816e4-705e-4809-923c-33cb14df916c.1150x.jpg', 'https://s1.ljcdn.com/matrix_lianjia_pc/dist/pc/src/resource/default/1150-450.png?_v=2019062712185388b', 'https://s1.ljcdn.com/matrix_lianjia_pc/dist/pc/src/resource/default/1150-450.png?_v=2019062712185388b']",,,,,,,,,,,,,[],22.585503,113.8665
https://sz.lianjia.com/apartment/9248.html,,,铭江公馆 · 灵芝店,"
铭江公馆 · 灵芝店

          1780元/月起

",,,,,"['https://image1.ljcdn.com/rent-user-avatar/0ed51415-a206-4fa2-b781-14cdacb4e4db.1150x.jpg', 'https://s1.ljcdn.com/matrix_lianjia_pc/dist/pc/src/resource/default/1150-450.png?_v=2019062712185388b', 'https://s1.ljcdn.com/matrix_lianjia_pc/dist/pc/src/resource/default/1150-450.png?_v=2019062712185388b', 'https://s1.ljcdn.com/matrix_lianjia_pc/dist/pc/src/resource/default/1150-450.png?_v=2019062712185388b', 'https://s1.ljcdn.com/matrix_lianjia_pc/dist/pc/src/resource/default/1150-450.png?_v=2019062712185388b', 'https://s1.ljcdn.com/matrix_lianjia_pc/dist/pc/src/resource/default/1150-450.png?_v=2019062712185388b']",,,,,,,,,,,,,[],22.57012,113.906913
https://sz.lianjia.com/apartment/1778.html,,,天下e家 · 旺塘店,"
天下e家 · 旺塘店

          1780元/月起

",,,,,['https://image1.ljcdn.com/rent-user-avatar/2d4e93f5-dedf-45a9-b362-bd986b5d439e.1150x.jpg'],,,,,,,,,,,,,[],22.634755,114.0881
https://sz.lianjia.com/apartment/3410.html,,,本地共和社区 · 玖份壹,"
本地共和社区 · 玖份壹

          2600元/月起

",,,,,"['https://image1.ljcdn.com/rent-user-avatar/c8c8aebd-88e5-4c78-b857-b959c01e67d8.1150x.jpg', 'https://s1.ljcdn.com/matrix_lianjia_pc/dist/pc/src/resource/default/1150-450.png?_v=2019062712185388b', 'https://s1.ljcdn.com/matrix_lianjia_pc/dist/pc/src/resource/default/1150-450.png?_v=2019062712185388b']",,,,,,,,,,,,,[],22.588166,113.959023
https://sz.lianjia.com/zufang/SZ2287873564080078848.html,龙岗区,龙岗中心城,整租·远洋新干线一期 1室2厅 复式 东北,2600元/月 (月付价),整租,1室2厅1卫,32㎡,朝 东北,"['https://image1.ljcdn.com/rent-user-avatar/173e00a6-14ee-4e81-ac73-4db668ac354b.780x439.jpg', 'https://s1.ljcdn.com/matrix_lianjia_pc/dist/pc/src/resource/default/780-439.png?_v=2019062712185388b', 'https://s1.ljcdn.com/matrix_lianjia_pc/dist/pc/src/resource/default/780-439.png?_v=2019062712185388b', 'https://s1.ljcdn.com/matrix_lianjia_pc/dist/pc/src/resource/default/780-439.png?_v=2019062712185388b']",1天前,随时入住,1年,随时可看,19/33层,有,暂无数据,民水,民电,无,暂无数据,"['公寓', '近地铁', '精装', '新上', '随时看房']","['3号线(龙岗线) - 南联', '516m', '3号线(龙岗线) - 龙城广场', '718m']",22.725102,114.267998
https://sz.lianjia.com/apartment/717.html,,,集悦城@塘朗总店 · B32栋,"
集悦城@塘朗总店 · B32栋

          1550元/月起

",,,,,"['https://image1.ljcdn.com/rent-user-avatar/6ee89297-5a1b-4e73-b3ff-17ea5365589e.1150x.jpg', 'https://s1.ljcdn.com/matrix_lianjia_pc/dist/pc/src/resource/default/1150-450.png?_v=2019062712185388b', 'https://s1.ljcdn.com/matrix_lianjia_pc/dist/pc/src/resource/default/1150-450.png?_v=2019062712185388b', 'https://s1.ljcdn.com/matrix_lianjia_pc/dist/pc/src/resource/default/1150-450.png?_v=2019062712185388b', 'https://s1.ljcdn.com/matrix_lianjia_pc/dist/pc/src/resource/default/1150-450.png?_v=2019062712185388b', 'https://s1.ljcdn.com/matrix_lianjia_pc/dist/pc/src/resource/default/1150-450.png?_v=2019062712185388b', 'https://s1.ljcdn.com/matrix_lianjia_pc/dist/pc/src/resource/default/1150-450.png?_v=2019062712185388b', 'https://s1.ljcdn.com/matrix_lianjia_pc/dist/pc/src/resource/default/1150-450.png?_v=2019062712185388b', 'https://s1.ljcdn.com/matrix_lianjia_pc/dist/pc/src/resource/default/1150-450.png?_v=2019062712185388b', 'https://s1.ljcdn.com/matrix_lianjia_pc/dist/pc/src/resource/default/1150-450.png?_v=2019062712185388b', 'https://s1.ljcdn.com/matrix_lianjia_pc/dist/pc/src/resource/default/1150-450.png?_v=2019062712185388b', 'https://s1.ljcdn.com/matrix_lianjia_pc/dist/pc/src/resource/default/1150-450.png?_v=2019062712185388b', 'https://s1.ljcdn.com/matrix_lianjia_pc/dist/pc/src/resource/default/1150-450.png?_v=2019062712185388b', 'https://s1.ljcdn.com/matrix_lianjia_pc/dist/pc/src/resource/default/1150-450.png?_v=2019062712185388b', 'https://s1.ljcdn.com/matrix_lianjia_pc/dist/pc/src/resource/default/1150-450.png?_v=2019062712185388b', 'https://s1.ljcdn.com/matrix_lianjia_pc/dist/pc/src/resource/default/1150-450.png?_v=2019062712185388b', 'https://s1.ljcdn.com/matrix_lianjia_pc/dist/pc/src/resource/default/1150-450.png?_v=2019062712185388b', 'https://s1.ljcdn.com/matrix_lianjia_pc/dist/pc/src/resource/default/1150-450.png?_v=2019062712185388b', 'https://s1.ljcdn.com/matrix_lianjia_pc/dist/pc/src/resource/default/1150-450.png?_v=2019062712185388b', 'https://s1.ljcdn.com/matrix_lianjia_pc/dist/pc/src/resource/default/1150-450.png?_v=2019062712185388b', 'https://s1.ljcdn.com/matrix_lianjia_pc/dist/pc/src/resource/default/1150-450.png?_v=2019062712185388b']",,,,,,,,,,,,,[],22.593965,113.991743
https://sz.lianjia.com/apartment/8579.html,,,星窝青年创业公寓 · 创业花园店,"
星窝青年创业公寓 · 创业花园店

          1830元/月起

",,,,,"['https://image1.ljcdn.com/rent-user-avatar/ff7744be-3785-4ae5-8ac8-7eae9f898014.1150x.jpg', 'https://s1.ljcdn.com/matrix_lianjia_pc/dist/pc/src/resource/default/1150-450.png?_v=2019062712185388b', 'https://s1.ljcdn.com/matrix_lianjia_pc/dist/pc/src/resource/default/1150-450.png?_v=2019062712185388b', 'https://s1.ljcdn.com/matrix_lianjia_pc/dist/pc/src/resource/default/1150-450.png?_v=2019062712185388b', 'https://s1.ljcdn.com/matrix_lianjia_pc/dist/pc/src/resource/default/1150-450.png?_v=2019062712185388b', 'https://s1.ljcdn.com/matrix_lianjia_pc/dist/pc/src/resource/default/1150-450.png?_v=2019062712185388b']",,,,,,,,,,,,,[],22.622198,114.032325
https://sz.lianjia.com/zufang/SZ2285520088323342336.html,龙岗区,龙岗中心城,整租·金地龙城中央一期 1室1厅 东北,2350元/月 (月付价),整租,1室1厅1卫,43㎡,朝 东北,"['https://image1.ljcdn.com/rent-user-avatar/388f8c1c-670a-4e97-8826-52baea45bd1a.780x439.jpg', 'https://s1.ljcdn.com/matrix_lianjia_pc/dist/pc/src/resource/default/780-439.png?_v=2019062712185388b', 'https://s1.ljcdn.com/matrix_lianjia_pc/dist/pc/src/resource/default/780-439.png?_v=2019062712185388b', 'https://s1.ljcdn.com/matrix_lianjia_pc/dist/pc/src/resource/default/780-439.png?_v=2019062712185388b', 'https://s1.ljcdn.com/matrix_lianjia_pc/dist/pc/src/resource/default/780-439.png?_v=2019062712185388b']",4天前,随时入住,1年,随时可看,10/33层,有,暂无数据,民水,民电,有,暂无数据,"['公寓', '近地铁', '精装', '新上', '随时看房']","['3号线(龙岗线) - 龙城广场', '643m', '3号线(龙岗线) - 吉祥', '943m']",22.718838,114.258331
https://sz.lianjia.com/zufang/SZ2286052870585589760.html,福田区,皇岗,整租·海滨广场 1室0厅 东北,2200元/月 (月付价),整租,1室0厅1卫,15㎡,朝东北,"['https://image1.ljcdn.com/rent-user-avatar/30574572-3bbc-4af6-9d20-704c71758277.780x439.jpg', 'https://s1.ljcdn.com/matrix_lianjia_pc/dist/pc/src/resource/default/780-439.png?_v=2019062712185388b', 'https://s1.ljcdn.com/matrix_lianjia_pc/dist/pc/src/resource/default/780-439.png?_v=2019062712185388b', 'https://s1.ljcdn.com/matrix_lianjia_pc/dist/pc/src/resource/default/780-439.png?_v=2019062712185388b', 'https://s1.ljcdn.com/matrix_lianjia_pc/dist/pc/src/resource/default/780-439.png?_v=2019062712185388b', 'https://s1.ljcdn.com/matrix_lianjia_pc/dist/pc/src/resource/default/780-439.png?_v=2019062712185388b']",4天前,随时入住,1年,随时可看,7/19层,有,暂无数据,民水,民电,有,暂无数据,"['近地铁', '精装', '新上', '随时看房']","['4号线(龙华线),7号线 - 福民', '737m']",22.533479,114.073594
https://sz.lianjia.com/apartment/13957.html,,,金地草莓公寓 · 西乡海湾家1号楼,"
金地草莓公寓 · 西乡海湾家1号楼

          1986元/月起

",,,,,"['https://image1.ljcdn.com/rent-user-avatar/cbac6ab2-310c-409d-8cb6-1d22c54b8dd0.1150x.jpg', 'https://s1.ljcdn.com/matrix_lianjia_pc/dist/pc/src/resource/default/1150-450.png?_v=2019062712185388b', 'https://s1.ljcdn.com/matrix_lianjia_pc/dist/pc/src/resource/default/1150-450.png?_v=2019062712185388b', 'https://s1.ljcdn.com/matrix_lianjia_pc/dist/pc/src/resource/default/1150-450.png?_v=2019062712185388b', 'https://s1.ljcdn.com/matrix_lianjia_pc/dist/pc/src/resource/default/1150-450.png?_v=2019062712185388b', 'https://s1.ljcdn.com/matrix_lianjia_pc/dist/pc/src/resource/default/1150-450.png?_v=2019062712185388b']",,,,,,,,,,,,,[],22.585876,113.866058
https://sz.lianjia.com/apartment/2588.html,,,理想和家 · 岗厦45号店,"
理想和家 · 岗厦45号店

          2480元/月起

",,,,,"['https://image1.ljcdn.com/rent-user-avatar/5ad379d7-1006-43cc-9476-52d484e4496f.1150x.jpg', 'https://s1.ljcdn.com/matrix_lianjia_pc/dist/pc/src/resource/default/1150-450.png?_v=2019062712185388b', 'https://s1.ljcdn.com/matrix_lianjia_pc/dist/pc/src/resource/default/1150-450.png?_v=2019062712185388b']",,,,,,,,,,,,,[],22.544399,11.077722
https://sz.lianjia.com/apartment/19209.html,,,恒泰青年公寓 · 黄贝岭店,"
恒泰青年公寓 · 黄贝岭店

          1500元/月起

",,,,,['https://image1.ljcdn.com/rent-user-avatar/df17f837-3858-46ad-88c4-c5ab9d8b17bd.1150x.jpg'],,,,,,,,,,,,,[],22.555025,114.142578
https://sz.lianjia.com/apartment/3593.html,,,爱之家青年公寓 · 民治沙吓店,"
爱之家青年公寓 · 民治沙吓店

          1980元/月起

",,,,,"['https://image1.ljcdn.com/rent-user-avatar/2b22af9a-9e2e-4567-81d5-048d0c2c87dd.1150x.jpg', 'https://s1.ljcdn.com/matrix_lianjia_pc/dist/pc/src/resource/default/1150-450.png?_v=2019062712185388b', 'https://s1.ljcdn.com/matrix_lianjia_pc/dist/pc/src/resource/default/1150-450.png?_v=2019062712185388b', 'https://s1.ljcdn.com/matrix_lianjia_pc/dist/pc/src/resource/default/1150-450.png?_v=2019062712185388b', 'https://s1.ljcdn.com/matrix_lianjia_pc/dist/pc/src/resource/default/1150-450.png?_v=2019062712185388b']",,,,,,,,,,,,,[],22.632474,114.045116
https://sz.lianjia.com/apartment/16465.html,,,U梦公馆 · 下水径6号店,"
U梦公馆 · 下水径6号店

          1550元/月起

",,,,,"['https://image1.ljcdn.com/rent-user-avatar/023d98a6-a0cd-45ab-ab10-cea01356ad5e.1150x.jpg', 'https://s1.ljcdn.com/matrix_lianjia_pc/dist/pc/src/resource/default/1150-450.png?_v=2019062712185388b', 'https://s1.ljcdn.com/matrix_lianjia_pc/dist/pc/src/resource/default/1150-450.png?_v=2019062712185388b', 'https://s1.ljcdn.com/matrix_lianjia_pc/dist/pc/src/resource/default/1150-450.png?_v=2019062712185388b', 'https://s1.ljcdn.com/matrix_lianjia_pc/dist/pc/src/resource/default/1150-450.png?_v=2019062712185388b', 'https://s1.ljcdn.com/matrix_lianjia_pc/dist/pc/src/resource/default/1150-450.png?_v=2019062712185388b']",,,,,,,,,,,,,[],22.617949,114.113928
https://sz.lianjia.com/apartment/15942.html,,,万昌公寓 · 首月立减1000元,"
万昌公寓 · 首月立减1000元

          1700元/月起

",,,,,"['https://image1.ljcdn.com/rent-user-avatar/ff3c1999-8e68-4dcc-86f3-c48bc15a78f0.1150x.jpg', 'https://s1.ljcdn.com/matrix_lianjia_pc/dist/pc/src/resource/default/1150-450.png?_v=2019062712185388b', 'https://s1.ljcdn.com/matrix_lianjia_pc/dist/pc/src/resource/default/1150-450.png?_v=2019062712185388b', 'https://s1.ljcdn.com/matrix_lianjia_pc/dist/pc/src/resource/default/1150-450.png?_v=2019062712185388b', 'https://s1.ljcdn.com/matrix_lianjia_pc/dist/pc/src/resource/default/1150-450.png?_v=2019062712185388b', 'https://s1.ljcdn.com/matrix_lianjia_pc/dist/pc/src/resource/default/1150-450.png?_v=2019062712185388b', 'https://s1.ljcdn.com/matrix_lianjia_pc/dist/pc/src/resource/default/1150-450.png?_v=2019062712185388b']",,,,,,,,,,,,,[],22.66004,114.034324
https://sz.lianjia.com/zufang/SZ2286469085833740288.html,福田区,莲花,合租·中银花园 3居室 东北卧,2660元/月 (季付价),合租,3室1厅2卫,12㎡,朝东北,"['https://image1.ljcdn.com/rent-house-1/636f69b83827f24f7723a443c68fdbb3-1561155198655/c5f62dc1b93442e1b274dd88a60c6659.jpg.780x439.jpg', 'https://s1.ljcdn.com/matrix_lianjia_pc/dist/pc/src/resource/default/780-439.png?_v=2019062712185388b', 'https://s1.ljcdn.com/matrix_lianjia_pc/dist/pc/src/resource/default/780-439.png?_v=2019062712185388b', 'https://s1.ljcdn.com/matrix_lianjia_pc/dist/pc/src/resource/default/780-439.png?_v=2019062712185388b', 'https://s1.ljcdn.com/matrix_lianjia_pc/dist/pc/src/resource/default/780-439.png?_v=2019062712185388b', 'https://s1.ljcdn.com/matrix_lianjia_pc/dist/pc/src/resource/default/780-439.png?_v=2019062712185388b', 'https://s1.ljcdn.com/matrix_lianjia_pc/dist/pc/src/resource/default/780-439.png?_v=2019062712185388b', 'https://s1.ljcdn.com/matrix_lianjia_pc/dist/pc/src/resource/default/780-439.png?_v=2019062712185388b', 'https://s1.ljcdn.com/matrix_lianjia_pc/dist/pc/src/resource/default/780-439.png?_v=2019062712185388b', 'https://s1.ljcdn.com/matrix_lianjia_pc/dist/pc/src/resource/default/780-439.png?_v=2019062712185388b']",3天前,随时入住,1年,随时可看,5/31层,暂无数据,暂无数据,暂无数据,暂无数据,暂无数据,暂无数据,"['公寓', '近地铁', '独立阳台', '新上', '随时看房']","['3号线(龙岗线) - 莲花村', '272m', '3号线(龙岗线),4号线(龙华线) - 少年宫', '487m', '2号线(蛇口线) - 岗厦北', '829m', '2号线(蛇口线),4号线(龙华线) - 市民中心', '932m']",22.552873693079,114.07287664809
https://sz.lianjia.com/zufang/SZ2285990252763938816.html,福田区,梅林,合租·尚书苑 4居室 东北卧,2530元/月 (月付价),合租,4室1厅1卫,15㎡,朝东北,"['https://image1.ljcdn.com/rent-user-avatar/367ef020-b153-41f0-a014-fb2f37139a5b.780x439.jpg', 'https://s1.ljcdn.com/matrix_lianjia_pc/dist/pc/src/resource/default/780-439.png?_v=2019062712185388b', 'https://s1.ljcdn.com/matrix_lianjia_pc/dist/pc/src/resource/default/780-439.png?_v=2019062712185388b', 'https://s1.ljcdn.com/matrix_lianjia_pc/dist/pc/src/resource/default/780-439.png?_v=2019062712185388b', 'https://s1.ljcdn.com/matrix_lianjia_pc/dist/pc/src/resource/default/780-439.png?_v=2019062712185388b', 'https://s1.ljcdn.com/matrix_lianjia_pc/dist/pc/src/resource/default/780-439.png?_v=2019062712185388b', 'https://s1.ljcdn.com/matrix_lianjia_pc/dist/pc/src/resource/default/780-439.png?_v=2019062712185388b', 'https://s1.ljcdn.com/matrix_lianjia_pc/dist/pc/src/resource/default/780-439.png?_v=2019062712185388b', 'https://s1.ljcdn.com/matrix_lianjia_pc/dist/pc/src/resource/default/780-439.png?_v=2019062712185388b', 'https://s1.ljcdn.com/matrix_lianjia_pc/dist/pc/src/resource/default/780-439.png?_v=2019062712185388b', 'https://s1.ljcdn.com/matrix_lianjia_pc/dist/pc/src/resource/default/780-439.png?_v=2019062712185388b', 'https://s1.ljcdn.com/matrix_lianjia_pc/dist/pc/src/resource/default/780-439.png?_v=2019062712185388b']",4天前,随时入住,6~12个月,随时可看,14/22层,有,暂无数据,民水,民电,有,暂无数据,"['公寓', '月租', '近地铁', '押一付一', '新上', '随时看房']","['9号线 - 梅景', '265m', '9号线 - 下梅林', '457m']",22.569464,114.04421
