房源地址,行政区,位置,标题,租金,租赁方式,户型,面积,朝向,图片列表,发布时间,入住时间,租期,看房时间,楼层,电梯,车位,用水,用电,燃气,采暖,标签,station,latitude,longtitude
https://sz.lianjia.com/apartment/17568.html,,,职业房东 · 南联公寓,"
职业房东 · 南联公寓

          880元/月起

",,,,,"['https://image1.ljcdn.com/rent-user-avatar/c1a284ac-07ad-42ad-80d9-a91b59d47ea5.1150x.jpg', 'https://s1.ljcdn.com/matrix_lianjia_pc/dist/pc/src/resource/default/1150-450.png?_v=201906280941017d9']",,,,,,,,,,,,,[],22.732647,114.26985
https://sz.lianjia.com/apartment/6226.html,,,蜜途酒店公寓 · 宝龙新村店,"
蜜途酒店公寓 · 宝龙新村店

          800元/月起

",,,,,"['https://image1.ljcdn.com/rent-user-avatar/c631ceea-407c-4f8d-aee8-386bbc2546f8.1150x.jpg', 'https://s1.ljcdn.com/matrix_lianjia_pc/dist/pc/src/resource/default/1150-450.png?_v=201906280941017d9', 'https://s1.ljcdn.com/matrix_lianjia_pc/dist/pc/src/resource/default/1150-450.png?_v=201906280941017d9', 'https://s1.ljcdn.com/matrix_lianjia_pc/dist/pc/src/resource/default/1150-450.png?_v=201906280941017d9', 'https://s1.ljcdn.com/matrix_lianjia_pc/dist/pc/src/resource/default/1150-450.png?_v=201906280941017d9', 'https://s1.ljcdn.com/matrix_lianjia_pc/dist/pc/src/resource/default/1150-450.png?_v=201906280941017d9']",,,,,,,,,,,,,[],22.682164,114.025608
https://sz.lianjia.com/apartment/3583.html,,,职业房东 · 家馨公寓吉祥店,"
职业房东 · 家馨公寓吉祥店

          880元/月起

",,,,,['https://image1.ljcdn.com/rent-user-avatar/fa504507-d2c6-4285-bdd1-59fb74faa126.1150x.jpg'],,,,,,,,,,,,,[],22.705145,114.253429
https://sz.lianjia.com/apartment/15133.html,,,一加一公寓 · 沙井松岗,"
一加一公寓 · 沙井松岗

          650元/月起

",,,,,"['https://image1.ljcdn.com/rent-user-avatar/7310f6bc-e765-4850-98b7-098b635f321a.1150x.jpg', 'https://s1.ljcdn.com/matrix_lianjia_pc/dist/pc/src/resource/default/1150-450.png?_v=201906280941017d9', 'https://s1.ljcdn.com/matrix_lianjia_pc/dist/pc/src/resource/default/1150-450.png?_v=201906280941017d9']",,,,,,,,,,,,,[],22.774009,113.834945
https://sz.lianjia.com/apartment/3144.html,,,Odin微社区 · 南约店,"
Odin微社区 · 南约店

          790元/月起

",,,,,"['https://image1.ljcdn.com/rent-user-avatar/ee420696-e0ec-47cf-8d58-a2aef6e9f8a0.1150x.jpg', 'https://s1.ljcdn.com/matrix_lianjia_pc/dist/pc/src/resource/default/1150-450.png?_v=201906280941017d9']",,,,,,,,,,,,,[],22.711385,114.281639
https://sz.lianjia.com/apartment/14153.html,,,职业房东 · 领潮公寓,"
职业房东 · 领潮公寓

          650元/月起

",,,,,['https://image1.ljcdn.com/rent-user-avatar/88cf9eb6-13e6-45d6-a95f-3316f8f570dc.1150x.jpg'],,,,,,,,,,,,,[],22.783532,113.837373
https://sz.lianjia.com/apartment/15517.html,,,职业房东 · 梦上公寓塘坑店,"
职业房东 · 梦上公寓塘坑店

          900元/月起

",,,,,['https://image1.ljcdn.com/rent-user-avatar/406a87c3-c0df-4486-b249-7606eced79b0.1150x.jpg'],,,,,,,,,,,,,[],22.645767,114.198674
https://sz.lianjia.com/apartment/5767.html,,,职业房东 · 小蜗公寓横岗店,"
职业房东 · 小蜗公寓横岗店

          800元/月起

",,,,,"['https://image1.ljcdn.com/rent-user-avatar/40209d81-b0ff-424a-8679-7121d8921da3.1150x.jpg', 'https://s1.ljcdn.com/matrix_lianjia_pc/dist/pc/src/resource/default/1150-450.png?_v=201906280941017d9']",,,,,,,,,,,,,[],22.657865,114.223702
https://sz.lianjia.com/apartment/16772.html,,,职业房东 · 梦上公寓宝雅幼儿园店,"
职业房东 · 梦上公寓宝雅幼儿园店

          990元/月起

",,,,,['https://image1.ljcdn.com/rent-user-avatar/d72be9f5-436f-4507-aa2e-4ed4db08c593.1150x.jpg'],,,,,,,,,,,,,[],22.642249,114.071673
https://sz.lianjia.com/apartment/11080.html,,,尚驿时代青年公寓 · 别墅B区16栋,"
尚驿时代青年公寓 · 别墅B区16栋

          1000元/月起

",,,,,"['https://image1.ljcdn.com/rent-user-avatar/3c5ee4ac-3138-4b21-a629-0314dd69caab.1150x.jpg', 'https://s1.ljcdn.com/matrix_lianjia_pc/dist/pc/src/resource/default/1150-450.png?_v=201906280941017d9', 'https://s1.ljcdn.com/matrix_lianjia_pc/dist/pc/src/resource/default/1150-450.png?_v=201906280941017d9', 'https://s1.ljcdn.com/matrix_lianjia_pc/dist/pc/src/resource/default/1150-450.png?_v=201906280941017d9', 'https://s1.ljcdn.com/matrix_lianjia_pc/dist/pc/src/resource/default/1150-450.png?_v=201906280941017d9', 'https://s1.ljcdn.com/matrix_lianjia_pc/dist/pc/src/resource/default/1150-450.png?_v=201906280941017d9', 'https://s1.ljcdn.com/matrix_lianjia_pc/dist/pc/src/resource/default/1150-450.png?_v=201906280941017d9']",,,,,,,,,,,,,[],22.69987,113.948032
https://sz.lianjia.com/apartment/17142.html,,,万科泊寓 · 福永芳华公社,"
万科泊寓 · 福永芳华公社

          816元/月起

",,,,,"['https://image1.ljcdn.com/rent-user-avatar/1e238fd8-5029-4fd1-9280-29871ae08a4d.1150x.jpg', 'https://s1.ljcdn.com/matrix_lianjia_pc/dist/pc/src/resource/default/1150-450.png?_v=201906280941017d9', 'https://s1.ljcdn.com/matrix_lianjia_pc/dist/pc/src/resource/default/1150-450.png?_v=201906280941017d9']",,,,,,,,,,,,,[],22.674957,113.825288
https://sz.lianjia.com/apartment/17091.html,,,职业房东 · 福海公寓,"
职业房东 · 福海公寓

          650元/月起

",,,,,"['https://image1.ljcdn.com/rent-user-avatar/785b5232-1bf8-40e4-aa93-c5a32c1465ba.1150x.jpg', 'https://s1.ljcdn.com/matrix_lianjia_pc/dist/pc/src/resource/default/1150-450.png?_v=201906280941017d9', 'https://s1.ljcdn.com/matrix_lianjia_pc/dist/pc/src/resource/default/1150-450.png?_v=201906280941017d9']",,,,,,,,,,,,,[],22.677866,113.828299
https://sz.lianjia.com/apartment/12830.html,,,职业房东 · 爱联地铁站店,"
职业房东 · 爱联地铁站店

          1000元/月起

",,,,,['https://image1.ljcdn.com/rent-user-avatar/be70ca63-98f8-4d74-bff8-f4781228ffff.1150x.jpg'],,,,,,,,,,,,,[],22.701369,114.245285
https://sz.lianjia.com/apartment/3144.html,,,Odin微社区 · 南约店,"
Odin微社区 · 南约店

          790元/月起

",,,,,"['https://image1.ljcdn.com/rent-user-avatar/ee420696-e0ec-47cf-8d58-a2aef6e9f8a0.1150x.jpg', 'https://s1.ljcdn.com/matrix_lianjia_pc/dist/pc/src/resource/default/1150-450.png?_v=201906280941017d9']",,,,,,,,,,,,,[],22.711385,114.281639
https://sz.lianjia.com/apartment/10140.html,,,职业房东 · 阳光公寓固戍三围社区四店,"
职业房东 · 阳光公寓固戍三围社区四店

          980元/月起

",,,,,"['https://image1.ljcdn.com/rent-user-avatar/6c11245f-9a5e-4230-8426-701ccf7a0c91.1150x.jpg', 'https://s1.ljcdn.com/matrix_lianjia_pc/dist/pc/src/resource/default/1150-450.png?_v=201906280941017d9', 'https://s1.ljcdn.com/matrix_lianjia_pc/dist/pc/src/resource/default/1150-450.png?_v=201906280941017d9', 'https://s1.ljcdn.com/matrix_lianjia_pc/dist/pc/src/resource/default/1150-450.png?_v=201906280941017d9', 'https://s1.ljcdn.com/matrix_lianjia_pc/dist/pc/src/resource/default/1150-450.png?_v=201906280941017d9', 'https://s1.ljcdn.com/matrix_lianjia_pc/dist/pc/src/resource/default/1150-450.png?_v=201906280941017d9', 'https://s1.ljcdn.com/matrix_lianjia_pc/dist/pc/src/resource/default/1150-450.png?_v=201906280941017d9', 'https://s1.ljcdn.com/matrix_lianjia_pc/dist/pc/src/resource/default/1150-450.png?_v=201906280941017d9', 'https://s1.ljcdn.com/matrix_lianjia_pc/dist/pc/src/resource/default/1150-450.png?_v=201906280941017d9']",,,,,,,,,,,,,[],22.620121,113.847939
https://sz.lianjia.com/apartment/1532.html,,,职业房东 · 祺寓,"
职业房东 · 祺寓

          880元/月起

",,,,,"['https://image1.ljcdn.com/rent-user-avatar/1e0f16cf-bfaf-4bc0-9bd8-4d6a03a30b43.1150x.jpg', 'https://s1.ljcdn.com/matrix_lianjia_pc/dist/pc/src/resource/default/1150-450.png?_v=201906280941017d9', 'https://s1.ljcdn.com/matrix_lianjia_pc/dist/pc/src/resource/default/1150-450.png?_v=201906280941017d9', 'https://s1.ljcdn.com/matrix_lianjia_pc/dist/pc/src/resource/default/1150-450.png?_v=201906280941017d9', 'https://s1.ljcdn.com/matrix_lianjia_pc/dist/pc/src/resource/default/1150-450.png?_v=201906280941017d9', 'https://s1.ljcdn.com/matrix_lianjia_pc/dist/pc/src/resource/default/1150-450.png?_v=201906280941017d9', 'https://s1.ljcdn.com/matrix_lianjia_pc/dist/pc/src/resource/default/1150-450.png?_v=201906280941017d9', 'https://s1.ljcdn.com/matrix_lianjia_pc/dist/pc/src/resource/default/1150-450.png?_v=201906280941017d9', 'https://s1.ljcdn.com/matrix_lianjia_pc/dist/pc/src/resource/default/1150-450.png?_v=201906280941017d9', 'https://s1.ljcdn.com/matrix_lianjia_pc/dist/pc/src/resource/default/1150-450.png?_v=201906280941017d9', 'https://s1.ljcdn.com/matrix_lianjia_pc/dist/pc/src/resource/default/1150-450.png?_v=201906280941017d9', 'https://s1.ljcdn.com/matrix_lianjia_pc/dist/pc/src/resource/default/1150-450.png?_v=201906280941017d9', 'https://s1.ljcdn.com/matrix_lianjia_pc/dist/pc/src/resource/default/1150-450.png?_v=201906280941017d9', 'https://s1.ljcdn.com/matrix_lianjia_pc/dist/pc/src/resource/default/1150-450.png?_v=201906280941017d9', 'https://s1.ljcdn.com/matrix_lianjia_pc/dist/pc/src/resource/default/1150-450.png?_v=201906280941017d9', 'https://s1.ljcdn.com/matrix_lianjia_pc/dist/pc/src/resource/default/1150-450.png?_v=201906280941017d9', 'https://s1.ljcdn.com/matrix_lianjia_pc/dist/pc/src/resource/default/1150-450.png?_v=201906280941017d9']",,,,,,,,,,,,,[],22.732853,113.910344
https://sz.lianjia.com/apartment/4574.html,,,幸福湾公寓 · 簕竹角店,"
幸福湾公寓 · 簕竹角店

          880元/月起

",,,,,"['https://image1.ljcdn.com/rent-user-avatar/5da188e6-4dc4-439f-a7b2-3616afbd60b8.1150x.jpg', 'https://s1.ljcdn.com/matrix_lianjia_pc/dist/pc/src/resource/default/1150-450.png?_v=201906280941017d9']",,,,,,,,,,,,,[],22.669838,113.87429
https://sz.lianjia.com/apartment/3578.html,,,深圳居无忧公寓 · 贤合小区2号店,"
深圳居无忧公寓 · 贤合小区2号店

          700元/月起

",,,,,"['https://image1.ljcdn.com/rent-user-avatar/f641bb71-3de4-481c-8469-314470feb453.1150x.jpg', 'https://s1.ljcdn.com/matrix_lianjia_pc/dist/pc/src/resource/default/1150-450.png?_v=201906280941017d9', 'https://s1.ljcdn.com/matrix_lianjia_pc/dist/pc/src/resource/default/1150-450.png?_v=201906280941017d9', 'https://s1.ljcdn.com/matrix_lianjia_pc/dist/pc/src/resource/default/1150-450.png?_v=201906280941017d9', 'https://s1.ljcdn.com/matrix_lianjia_pc/dist/pc/src/resource/default/1150-450.png?_v=201906280941017d9', 'https://s1.ljcdn.com/matrix_lianjia_pc/dist/pc/src/resource/default/1150-450.png?_v=201906280941017d9', 'https://s1.ljcdn.com/matrix_lianjia_pc/dist/pc/src/resource/default/1150-450.png?_v=201906280941017d9', 'https://s1.ljcdn.com/matrix_lianjia_pc/dist/pc/src/resource/default/1150-450.png?_v=201906280941017d9', 'https://s1.ljcdn.com/matrix_lianjia_pc/dist/pc/src/resource/default/1150-450.png?_v=201906280941017d9', 'https://s1.ljcdn.com/matrix_lianjia_pc/dist/pc/src/resource/default/1150-450.png?_v=201906280941017d9', 'https://s1.ljcdn.com/matrix_lianjia_pc/dist/pc/src/resource/default/1150-450.png?_v=201906280941017d9', 'https://s1.ljcdn.com/matrix_lianjia_pc/dist/pc/src/resource/default/1150-450.png?_v=201906280941017d9']",,,,,,,,,,,,,[],22.654451,114.204932
https://sz.lianjia.com/apartment/8612.html,,,职业房东 · 横岗店,"
职业房东 · 横岗店

          700元/月起

",,,,,"['https://image1.ljcdn.com/rent-user-avatar/42931ea0-e465-4083-aa5b-dbc9fc377db5.1150x.jpg', 'https://s1.ljcdn.com/matrix_lianjia_pc/dist/pc/src/resource/default/1150-450.png?_v=201906280941017d9', 'https://s1.ljcdn.com/matrix_lianjia_pc/dist/pc/src/resource/default/1150-450.png?_v=201906280941017d9']",,,,,,,,,,,,,[],22.639594,114.229418
https://sz.lianjia.com/apartment/17142.html,,,万科泊寓 · 福永芳华公社,"
万科泊寓 · 福永芳华公社

          816元/月起

",,,,,"['https://image1.ljcdn.com/rent-user-avatar/1e238fd8-5029-4fd1-9280-29871ae08a4d.1150x.jpg', 'https://s1.ljcdn.com/matrix_lianjia_pc/dist/pc/src/resource/default/1150-450.png?_v=201906280941017d9', 'https://s1.ljcdn.com/matrix_lianjia_pc/dist/pc/src/resource/default/1150-450.png?_v=201906280941017d9']",,,,,,,,,,,,,[],22.674957,113.825288
https://sz.lianjia.com/apartment/3205.html,,,职业房东 · HELLO公寓,"
职业房东 · HELLO公寓

          1000元/月起

",,,,,"['https://image1.ljcdn.com/rent-user-avatar/62dc8dde-e79c-4867-8a4a-492c4861f3f2.1150x.jpg', 'https://s1.ljcdn.com/matrix_lianjia_pc/dist/pc/src/resource/default/1150-450.png?_v=201906280941017d9', 'https://s1.ljcdn.com/matrix_lianjia_pc/dist/pc/src/resource/default/1150-450.png?_v=201906280941017d9', 'https://s1.ljcdn.com/matrix_lianjia_pc/dist/pc/src/resource/default/1150-450.png?_v=201906280941017d9', 'https://s1.ljcdn.com/matrix_lianjia_pc/dist/pc/src/resource/default/1150-450.png?_v=201906280941017d9', 'https://s1.ljcdn.com/matrix_lianjia_pc/dist/pc/src/resource/default/1150-450.png?_v=201906280941017d9', 'https://s1.ljcdn.com/matrix_lianjia_pc/dist/pc/src/resource/default/1150-450.png?_v=201906280941017d9', 'https://s1.ljcdn.com/matrix_lianjia_pc/dist/pc/src/resource/default/1150-450.png?_v=201906280941017d9', 'https://s1.ljcdn.com/matrix_lianjia_pc/dist/pc/src/resource/default/1150-450.png?_v=201906280941017d9', 'https://s1.ljcdn.com/matrix_lianjia_pc/dist/pc/src/resource/default/1150-450.png?_v=201906280941017d9', 'https://s1.ljcdn.com/matrix_lianjia_pc/dist/pc/src/resource/default/1150-450.png?_v=201906280941017d9', 'https://s1.ljcdn.com/matrix_lianjia_pc/dist/pc/src/resource/default/1150-450.png?_v=201906280941017d9', 'https://s1.ljcdn.com/matrix_lianjia_pc/dist/pc/src/resource/default/1150-450.png?_v=201906280941017d9', 'https://s1.ljcdn.com/matrix_lianjia_pc/dist/pc/src/resource/default/1150-450.png?_v=201906280941017d9', 'https://s1.ljcdn.com/matrix_lianjia_pc/dist/pc/src/resource/default/1150-450.png?_v=201906280941017d9', 'https://s1.ljcdn.com/matrix_lianjia_pc/dist/pc/src/resource/default/1150-450.png?_v=201906280941017d9', 'https://s1.ljcdn.com/matrix_lianjia_pc/dist/pc/src/resource/default/1150-450.png?_v=201906280941017d9', 'https://s1.ljcdn.com/matrix_lianjia_pc/dist/pc/src/resource/default/1150-450.png?_v=201906280941017d9']",,,,,,,,,,,,,[],22.725652,113.90414
https://sz.lianjia.com/apartment/13437.html,,,如享网红青年公寓 · 沙井店,"
如享网红青年公寓 · 沙井店

          980元/月起

",,,,,"['https://image1.ljcdn.com/rent-user-avatar/e6fd3fd0-4f27-410e-bf00-ff5fa6606c12.1150x.jpg', 'https://s1.ljcdn.com/matrix_lianjia_pc/dist/pc/src/resource/default/1150-450.png?_v=201906280941017d9', 'https://s1.ljcdn.com/matrix_lianjia_pc/dist/pc/src/resource/default/1150-450.png?_v=201906280941017d9', 'https://s1.ljcdn.com/matrix_lianjia_pc/dist/pc/src/resource/default/1150-450.png?_v=201906280941017d9', 'https://s1.ljcdn.com/matrix_lianjia_pc/dist/pc/src/resource/default/1150-450.png?_v=201906280941017d9', 'https://s1.ljcdn.com/matrix_lianjia_pc/dist/pc/src/resource/default/1150-450.png?_v=201906280941017d9', 'https://s1.ljcdn.com/matrix_lianjia_pc/dist/pc/src/resource/default/1150-450.png?_v=201906280941017d9', 'https://s1.ljcdn.com/matrix_lianjia_pc/dist/pc/src/resource/default/1150-450.png?_v=201906280941017d9', 'https://s1.ljcdn.com/matrix_lianjia_pc/dist/pc/src/resource/default/1150-450.png?_v=201906280941017d9', 'https://s1.ljcdn.com/matrix_lianjia_pc/dist/pc/src/resource/default/1150-450.png?_v=201906280941017d9', 'https://s1.ljcdn.com/matrix_lianjia_pc/dist/pc/src/resource/default/1150-450.png?_v=201906280941017d9', 'https://s1.ljcdn.com/matrix_lianjia_pc/dist/pc/src/resource/default/1150-450.png?_v=201906280941017d9', 'https://s1.ljcdn.com/matrix_lianjia_pc/dist/pc/src/resource/default/1150-450.png?_v=201906280941017d9', 'https://s1.ljcdn.com/matrix_lianjia_pc/dist/pc/src/resource/default/1150-450.png?_v=201906280941017d9', 'https://s1.ljcdn.com/matrix_lianjia_pc/dist/pc/src/resource/default/1150-450.png?_v=201906280941017d9', 'https://s1.ljcdn.com/matrix_lianjia_pc/dist/pc/src/resource/default/1150-450.png?_v=201906280941017d9', 'https://s1.ljcdn.com/matrix_lianjia_pc/dist/pc/src/resource/default/1150-450.png?_v=201906280941017d9', 'https://s1.ljcdn.com/matrix_lianjia_pc/dist/pc/src/resource/default/1150-450.png?_v=201906280941017d9', 'https://s1.ljcdn.com/matrix_lianjia_pc/dist/pc/src/resource/default/1150-450.png?_v=201906280941017d9', 'https://s1.ljcdn.com/matrix_lianjia_pc/dist/pc/src/resource/default/1150-450.png?_v=201906280941017d9']",,,,,,,,,,,,,[],22.731999,113.797891
https://sz.lianjia.com/apartment/3578.html,,,深圳居无忧公寓 · 贤合小区2号店,"
深圳居无忧公寓 · 贤合小区2号店

          700元/月起

",,,,,"['https://image1.ljcdn.com/rent-user-avatar/f641bb71-3de4-481c-8469-314470feb453.1150x.jpg', 'https://s1.ljcdn.com/matrix_lianjia_pc/dist/pc/src/resource/default/1150-450.png?_v=201906280941017d9', 'https://s1.ljcdn.com/matrix_lianjia_pc/dist/pc/src/resource/default/1150-450.png?_v=201906280941017d9', 'https://s1.ljcdn.com/matrix_lianjia_pc/dist/pc/src/resource/default/1150-450.png?_v=201906280941017d9', 'https://s1.ljcdn.com/matrix_lianjia_pc/dist/pc/src/resource/default/1150-450.png?_v=201906280941017d9', 'https://s1.ljcdn.com/matrix_lianjia_pc/dist/pc/src/resource/default/1150-450.png?_v=201906280941017d9', 'https://s1.ljcdn.com/matrix_lianjia_pc/dist/pc/src/resource/default/1150-450.png?_v=201906280941017d9', 'https://s1.ljcdn.com/matrix_lianjia_pc/dist/pc/src/resource/default/1150-450.png?_v=201906280941017d9', 'https://s1.ljcdn.com/matrix_lianjia_pc/dist/pc/src/resource/default/1150-450.png?_v=201906280941017d9', 'https://s1.ljcdn.com/matrix_lianjia_pc/dist/pc/src/resource/default/1150-450.png?_v=201906280941017d9', 'https://s1.ljcdn.com/matrix_lianjia_pc/dist/pc/src/resource/default/1150-450.png?_v=201906280941017d9', 'https://s1.ljcdn.com/matrix_lianjia_pc/dist/pc/src/resource/default/1150-450.png?_v=201906280941017d9']",,,,,,,,,,,,,[],22.654451,114.204932
https://sz.lianjia.com/apartment/17091.html,,,职业房东 · 福海公寓,"
职业房东 · 福海公寓

          650元/月起

",,,,,"['https://image1.ljcdn.com/rent-user-avatar/785b5232-1bf8-40e4-aa93-c5a32c1465ba.1150x.jpg', 'https://s1.ljcdn.com/matrix_lianjia_pc/dist/pc/src/resource/default/1150-450.png?_v=201906280941017d9', 'https://s1.ljcdn.com/matrix_lianjia_pc/dist/pc/src/resource/default/1150-450.png?_v=201906280941017d9']",,,,,,,,,,,,,[],22.677866,113.828299
https://sz.lianjia.com/apartment/7981.html,,,职业房东 · 横岗店,"
职业房东 · 横岗店

          550元/月起

",,,,,['https://image1.ljcdn.com/rent-user-avatar/06a73de5-dc00-452c-b5bb-7c11e209f824.1150x.jpg'],,,,,,,,,,,,,[],22.666551,114.244523
https://sz.lianjia.com/apartment/8422.html,,,职业房东 · 歆海公寓 马安山91号店,"
职业房东 · 歆海公寓 马安山91号店

          700元/月起

",,,,,['https://image1.ljcdn.com/rent-user-avatar/15d05f74-a469-4cb6-96fa-4ff0d70c4539.1150x.jpg'],,,,,,,,,,,,,[],22.722579,113.8217
https://sz.lianjia.com/apartment/17091.html,,,职业房东 · 福海公寓,"
职业房东 · 福海公寓

          650元/月起

",,,,,"['https://image1.ljcdn.com/rent-user-avatar/785b5232-1bf8-40e4-aa93-c5a32c1465ba.1150x.jpg', 'https://s1.ljcdn.com/matrix_lianjia_pc/dist/pc/src/resource/default/1150-450.png?_v=201906280941017d9', 'https://s1.ljcdn.com/matrix_lianjia_pc/dist/pc/src/resource/default/1150-450.png?_v=201906280941017d9']",,,,,,,,,,,,,[],22.677866,113.828299
https://sz.lianjia.com/apartment/3556.html,,,号线网铁公寓 · 松白路店,"
号线网铁公寓 · 松白路店

          870元/月起

",,,,,"['https://image1.ljcdn.com/rent-user-avatar/ee961cd7-53a5-4872-b340-ee29e6ad8b6a.1150x.jpg', 'https://s1.ljcdn.com/matrix_lianjia_pc/dist/pc/src/resource/default/1150-450.png?_v=201906280941017d9', 'https://s1.ljcdn.com/matrix_lianjia_pc/dist/pc/src/resource/default/1150-450.png?_v=201906280941017d9', 'https://s1.ljcdn.com/matrix_lianjia_pc/dist/pc/src/resource/default/1150-450.png?_v=201906280941017d9', 'https://s1.ljcdn.com/matrix_lianjia_pc/dist/pc/src/resource/default/1150-450.png?_v=201906280941017d9', 'https://s1.ljcdn.com/matrix_lianjia_pc/dist/pc/src/resource/default/1150-450.png?_v=201906280941017d9', 'https://s1.ljcdn.com/matrix_lianjia_pc/dist/pc/src/resource/default/1150-450.png?_v=201906280941017d9', 'https://s1.ljcdn.com/matrix_lianjia_pc/dist/pc/src/resource/default/1150-450.png?_v=201906280941017d9', 'https://s1.ljcdn.com/matrix_lianjia_pc/dist/pc/src/resource/default/1150-450.png?_v=201906280941017d9', 'https://s1.ljcdn.com/matrix_lianjia_pc/dist/pc/src/resource/default/1150-450.png?_v=201906280941017d9', 'https://s1.ljcdn.com/matrix_lianjia_pc/dist/pc/src/resource/default/1150-450.png?_v=201906280941017d9', 'https://s1.ljcdn.com/matrix_lianjia_pc/dist/pc/src/resource/default/1150-450.png?_v=201906280941017d9', 'https://s1.ljcdn.com/matrix_lianjia_pc/dist/pc/src/resource/default/1150-450.png?_v=201906280941017d9']",,,,,,,,,,,,,[],22.785647,113.894123
https://sz.lianjia.com/apartment/3556.html,,,号线网铁公寓 · 松白路店,"
号线网铁公寓 · 松白路店

          870元/月起

",,,,,"['https://image1.ljcdn.com/rent-user-avatar/ee961cd7-53a5-4872-b340-ee29e6ad8b6a.1150x.jpg', 'https://s1.ljcdn.com/matrix_lianjia_pc/dist/pc/src/resource/default/1150-450.png?_v=201906280941017d9', 'https://s1.ljcdn.com/matrix_lianjia_pc/dist/pc/src/resource/default/1150-450.png?_v=201906280941017d9', 'https://s1.ljcdn.com/matrix_lianjia_pc/dist/pc/src/resource/default/1150-450.png?_v=201906280941017d9', 'https://s1.ljcdn.com/matrix_lianjia_pc/dist/pc/src/resource/default/1150-450.png?_v=201906280941017d9', 'https://s1.ljcdn.com/matrix_lianjia_pc/dist/pc/src/resource/default/1150-450.png?_v=201906280941017d9', 'https://s1.ljcdn.com/matrix_lianjia_pc/dist/pc/src/resource/default/1150-450.png?_v=201906280941017d9', 'https://s1.ljcdn.com/matrix_lianjia_pc/dist/pc/src/resource/default/1150-450.png?_v=201906280941017d9', 'https://s1.ljcdn.com/matrix_lianjia_pc/dist/pc/src/resource/default/1150-450.png?_v=201906280941017d9', 'https://s1.ljcdn.com/matrix_lianjia_pc/dist/pc/src/resource/default/1150-450.png?_v=201906280941017d9', 'https://s1.ljcdn.com/matrix_lianjia_pc/dist/pc/src/resource/default/1150-450.png?_v=201906280941017d9', 'https://s1.ljcdn.com/matrix_lianjia_pc/dist/pc/src/resource/default/1150-450.png?_v=201906280941017d9', 'https://s1.ljcdn.com/matrix_lianjia_pc/dist/pc/src/resource/default/1150-450.png?_v=201906280941017d9']",,,,,,,,,,,,,[],22.785647,113.894123
https://sz.lianjia.com/apartment/4146.html,,,职业房东 · 塘上湾公寓,"
职业房东 · 塘上湾公寓

          600元/月起

",,,,,"['https://image1.ljcdn.com/rent-user-avatar/0b5fcbf5-df45-410a-909e-7234ba9ae7fe.1150x.jpg', 'https://s1.ljcdn.com/matrix_lianjia_pc/dist/pc/src/resource/default/1150-450.png?_v=201906280941017d9', 'https://s1.ljcdn.com/matrix_lianjia_pc/dist/pc/src/resource/default/1150-450.png?_v=201906280941017d9', 'https://s1.ljcdn.com/matrix_lianjia_pc/dist/pc/src/resource/default/1150-450.png?_v=201906280941017d9', 'https://s1.ljcdn.com/matrix_lianjia_pc/dist/pc/src/resource/default/1150-450.png?_v=201906280941017d9']",,,,,,,,,,,,,[],22.710588,114.316842
