房源地址,行政区,位置,标题,租金,租赁方式,户型,面积,朝向,图片列表,发布时间,入住时间,租期,看房时间,楼层,电梯,车位,用水,用电,燃气,采暖,标签,station,latitude,longtitude
https://sz.lianjia.com/apartment/3093.html,,,幸福里公寓 · 幸福里公寓坂田店,"
幸福里公寓 · 幸福里公寓坂田店

          700元/月起

",,,,,['https://image1.ljcdn.com/rent-user-avatar/f6c4583f-7b98-4152-8f86-06dbaed00376.1150x.jpg'],,,,,,,,,,,,,[],22.623729,114.073296
https://sz.lianjia.com/zufang/SZ2280168241613774848.html,龙岗区,龙岗中心城,竹沁苑公寓 1室0厅 东,1000元/月 ,租赁方式未知,1室0厅1卫,25㎡,朝东,"['https://image1.ljcdn.com/440300-inspection/93370c84-9f93-4649-99ed-a95cd40ce652.jpg.780x439.jpg', 'https://s1.ljcdn.com/matrix_lianjia_pc/dist/pc/src/resource/default/780-439.png?_v=201906280941017d9', 'https://s1.ljcdn.com/matrix_lianjia_pc/dist/pc/src/resource/default/780-439.png?_v=201906280941017d9', 'https://s1.ljcdn.com/matrix_lianjia_pc/dist/pc/src/resource/default/780-439.png?_v=201906280941017d9', 'https://s1.ljcdn.com/matrix_lianjia_pc/dist/pc/src/resource/default/780-439.png?_v=201906280941017d9']",12天前,随时入住,暂无数据,需提前预约,高楼层/9层,有,暂无数据,暂无数据,暂无数据,有,暂无数据,['随时看房'],[],22.741138,114.259722
https://sz.lianjia.com/zufang/SZ2280165926307905536.html,龙岗区,龙岗中心城,竹沁苑公寓 1室0厅 东,1000元/月 ,租赁方式未知,1室0厅1卫,25㎡,朝东,"['https://image1.ljcdn.com/440300-inspection/eda6fb44-01ad-4408-876e-03ee267f25b8.jpg.780x439.jpg', 'https://s1.ljcdn.com/matrix_lianjia_pc/dist/pc/src/resource/default/780-439.png?_v=201906280941017d9', 'https://s1.ljcdn.com/matrix_lianjia_pc/dist/pc/src/resource/default/780-439.png?_v=201906280941017d9', 'https://s1.ljcdn.com/matrix_lianjia_pc/dist/pc/src/resource/default/780-439.png?_v=201906280941017d9']",12天前,随时入住,暂无数据,需提前预约,高楼层/9层,有,暂无数据,暂无数据,民电,有,暂无数据,['随时看房'],[],22.741138,114.259722
https://sz.lianjia.com/apartment/3240.html,,,金湖公寓 · 沙博小区61栋,"
金湖公寓 · 沙博小区61栋

          380元/月起

",,,,,"['https://image1.ljcdn.com/rent-user-avatar/bf9bafb0-42b6-4539-b23e-85866757f078.1150x.jpg', 'https://s1.ljcdn.com/matrix_lianjia_pc/dist/pc/src/resource/default/1150-450.png?_v=201906280941017d9', 'https://s1.ljcdn.com/matrix_lianjia_pc/dist/pc/src/resource/default/1150-450.png?_v=201906280941017d9', 'https://s1.ljcdn.com/matrix_lianjia_pc/dist/pc/src/resource/default/1150-450.png?_v=201906280941017d9', 'https://s1.ljcdn.com/matrix_lianjia_pc/dist/pc/src/resource/default/1150-450.png?_v=201906280941017d9']",,,,,,,,,,,,,[],22.71109,114.088298
https://sz.lianjia.com/apartment/1822.html,,,金湖公寓 · 万悦城,"
金湖公寓 · 万悦城

          500元/月起

",,,,,"['https://image1.ljcdn.com/rent-user-avatar/ffebdbf3-44c2-403b-a061-9b9d28fa9113.1150x.jpg', 'https://s1.ljcdn.com/matrix_lianjia_pc/dist/pc/src/resource/default/1150-450.png?_v=201906280941017d9', 'https://s1.ljcdn.com/matrix_lianjia_pc/dist/pc/src/resource/default/1150-450.png?_v=201906280941017d9', 'https://s1.ljcdn.com/matrix_lianjia_pc/dist/pc/src/resource/default/1150-450.png?_v=201906280941017d9', 'https://s1.ljcdn.com/matrix_lianjia_pc/dist/pc/src/resource/default/1150-450.png?_v=201906280941017d9', 'https://s1.ljcdn.com/matrix_lianjia_pc/dist/pc/src/resource/default/1150-450.png?_v=201906280941017d9', 'https://s1.ljcdn.com/matrix_lianjia_pc/dist/pc/src/resource/default/1150-450.png?_v=201906280941017d9', 'https://s1.ljcdn.com/matrix_lianjia_pc/dist/pc/src/resource/default/1150-450.png?_v=201906280941017d9']",,,,,,,,,,,,,[],22.740552,114.018657
https://sz.lianjia.com/apartment/16119.html,,,WeWa创享域 · 创享家·深圳坂田天安云谷店,"
WeWa创享域 · 创享家·深圳坂田天安云谷店

          850元/月起

",,,,,"['https://image1.ljcdn.com/rent-user-avatar/5759d337-0b8d-42c9-a485-14d1e85ed017.1150x.jpg', 'https://s1.ljcdn.com/matrix_lianjia_pc/dist/pc/src/resource/default/1150-450.png?_v=201906280941017d9', 'https://s1.ljcdn.com/matrix_lianjia_pc/dist/pc/src/resource/default/1150-450.png?_v=201906280941017d9', 'https://s1.ljcdn.com/matrix_lianjia_pc/dist/pc/src/resource/default/1150-450.png?_v=201906280941017d9']",,,,,,,,,,,,,[],22.656824,114.087604
https://sz.lianjia.com/apartment/6866.html,,,恬心公寓 · 恬心公寓三和村7号店,"
恬心公寓 · 恬心公寓三和村7号店

          650元/月起

",,,,,['https://image1.ljcdn.com/rent-user-avatar/c1b5e4d1-d932-47ac-8989-7bea730c329d.1150x.jpg'],,,,,,,,,,,,,[],22.731527,114.285231
https://sz.lianjia.com/apartment/14646.html,,,简尚公寓 · 坂田店,"
简尚公寓 · 坂田店

          888元/月起

",,,,,"['https://image1.ljcdn.com/rent-user-avatar/caf2223e-8f34-48c5-a881-d029a784b5d4.1150x.jpg', 'https://s1.ljcdn.com/matrix_lianjia_pc/dist/pc/src/resource/default/1150-450.png?_v=201906280941017d9', 'https://s1.ljcdn.com/matrix_lianjia_pc/dist/pc/src/resource/default/1150-450.png?_v=201906280941017d9', 'https://s1.ljcdn.com/matrix_lianjia_pc/dist/pc/src/resource/default/1150-450.png?_v=201906280941017d9', 'https://s1.ljcdn.com/matrix_lianjia_pc/dist/pc/src/resource/default/1150-450.png?_v=201906280941017d9', 'https://s1.ljcdn.com/matrix_lianjia_pc/dist/pc/src/resource/default/1150-450.png?_v=201906280941017d9', 'https://s1.ljcdn.com/matrix_lianjia_pc/dist/pc/src/resource/default/1150-450.png?_v=201906280941017d9', 'https://s1.ljcdn.com/matrix_lianjia_pc/dist/pc/src/resource/default/1150-450.png?_v=201906280941017d9', 'https://s1.ljcdn.com/matrix_lianjia_pc/dist/pc/src/resource/default/1150-450.png?_v=201906280941017d9', 'https://s1.ljcdn.com/matrix_lianjia_pc/dist/pc/src/resource/default/1150-450.png?_v=201906280941017d9', 'https://s1.ljcdn.com/matrix_lianjia_pc/dist/pc/src/resource/default/1150-450.png?_v=201906280941017d9']",,,,,,,,,,,,,[],22.664047,114.069789
https://sz.lianjia.com/apartment/6231.html,,,麒麟公寓 · 西丽店,"
麒麟公寓 · 西丽店

          950元/月起

",,,,,"['https://image1.ljcdn.com/rent-user-avatar/ad72a88f-ce5d-4cb2-8daa-e49968833f7c.1150x.jpg', 'https://s1.ljcdn.com/matrix_lianjia_pc/dist/pc/src/resource/default/1150-450.png?_v=201906280941017d9', 'https://s1.ljcdn.com/matrix_lianjia_pc/dist/pc/src/resource/default/1150-450.png?_v=201906280941017d9']",,,,,,,,,,,,,[],22.62492,113.981885
https://sz.lianjia.com/apartment/16391.html,,,乐乎城市青年社区 · 乐乎有朋·风景青年公寓,"
乐乎城市青年社区 · 乐乎有朋·风景青年公寓

          900元/月起

",,,,,"['https://image1.ljcdn.com/rent-house-1/492de982d6f30ec08c539e6056309399-1552988643698/d3d0ee62a33e479126b59f9dc5327e87.jpg.1150x.jpg', 'https://s1.ljcdn.com/matrix_lianjia_pc/dist/pc/src/resource/default/1150-450.png?_v=201906280941017d9']",,,,,,,,,,,,,[],22.63644,114.15749
https://sz.lianjia.com/apartment/4644.html,,,金平公寓 · 西乡市场店,"
金平公寓 · 西乡市场店

          920元/月起

",,,,,"['https://image1.ljcdn.com/rent-user-avatar/9c2bf5a7-a722-4fc7-aa58-1a647f823b8e.1150x.jpg', 'https://s1.ljcdn.com/matrix_lianjia_pc/dist/pc/src/resource/default/1150-450.png?_v=201906280941017d9', 'https://s1.ljcdn.com/matrix_lianjia_pc/dist/pc/src/resource/default/1150-450.png?_v=201906280941017d9', 'https://s1.ljcdn.com/matrix_lianjia_pc/dist/pc/src/resource/default/1150-450.png?_v=201906280941017d9', 'https://s1.ljcdn.com/matrix_lianjia_pc/dist/pc/src/resource/default/1150-450.png?_v=201906280941017d9']",,,,,,,,,,,,,[],22.578497,113.884488
https://sz.lianjia.com/apartment/9494.html,,,职业房东 · 居家公寓光明一店,"
职业房东 · 居家公寓光明一店

          450元/月起

",,,,,"['https://image1.ljcdn.com/rent-user-avatar/d825fff0-60ab-4789-8700-0f195d313474.1150x.jpg', 'https://s1.ljcdn.com/matrix_lianjia_pc/dist/pc/src/resource/default/1150-450.png?_v=201906280941017d9', 'https://s1.ljcdn.com/matrix_lianjia_pc/dist/pc/src/resource/default/1150-450.png?_v=201906280941017d9', 'https://s1.ljcdn.com/matrix_lianjia_pc/dist/pc/src/resource/default/1150-450.png?_v=201906280941017d9', 'https://s1.ljcdn.com/matrix_lianjia_pc/dist/pc/src/resource/default/1150-450.png?_v=201906280941017d9', 'https://s1.ljcdn.com/matrix_lianjia_pc/dist/pc/src/resource/default/1150-450.png?_v=201906280941017d9']",,,,,,,,,,,,,[],22.777075,113.913948
https://sz.lianjia.com/apartment/18713.html,,,理想和家 · 岗夏故事（田寮128号店）,"
理想和家 · 岗夏故事（田寮128号店）

          780元/月起

",,,,,"['https://image1.ljcdn.com/rent-user-avatar/f7e14049-394f-4ee9-a463-3984b82d1427.1150x.jpg', 'https://s1.ljcdn.com/matrix_lianjia_pc/dist/pc/src/resource/default/1150-450.png?_v=201906280941017d9']",,,,,,,,,,,,,[],22.735722,113.904681
https://sz.lianjia.com/apartment/9494.html,,,职业房东 · 居家公寓光明一店,"
职业房东 · 居家公寓光明一店

          450元/月起

",,,,,"['https://image1.ljcdn.com/rent-user-avatar/d825fff0-60ab-4789-8700-0f195d313474.1150x.jpg', 'https://s1.ljcdn.com/matrix_lianjia_pc/dist/pc/src/resource/default/1150-450.png?_v=201906280941017d9', 'https://s1.ljcdn.com/matrix_lianjia_pc/dist/pc/src/resource/default/1150-450.png?_v=201906280941017d9', 'https://s1.ljcdn.com/matrix_lianjia_pc/dist/pc/src/resource/default/1150-450.png?_v=201906280941017d9', 'https://s1.ljcdn.com/matrix_lianjia_pc/dist/pc/src/resource/default/1150-450.png?_v=201906280941017d9', 'https://s1.ljcdn.com/matrix_lianjia_pc/dist/pc/src/resource/default/1150-450.png?_v=201906280941017d9']",,,,,,,,,,,,,[],22.777075,113.913948
https://sz.lianjia.com/apartment/4742.html,,,职业房东 · 圆岭花园店,"
职业房东 · 圆岭花园店

          600元/月起

",,,,,"['https://image1.ljcdn.com/rent-user-avatar/f6bea217-6526-445d-aa02-27b087a680ff.1150x.jpg', 'https://s1.ljcdn.com/matrix_lianjia_pc/dist/pc/src/resource/default/1150-450.png?_v=201906280941017d9']",,,,,,,,,,,,,[],22.696205,113.945562
https://sz.lianjia.com/apartment/13613.html,,,希悦公寓 · 同乐店,"
希悦公寓 · 同乐店

          590元/月起

",,,,,['https://image1.ljcdn.com/rent-user-avatar/6a5aff85-16f7-4941-aee7-cb98096cc6c2.1150x.jpg'],,,,,,,,,,,,,[],22.726667,114.32202
https://sz.lianjia.com/apartment/13600.html,,,职业房东 · 德亿公寓（龙胜店）,"
职业房东 · 德亿公寓（龙胜店）

          750元/月起

",,,,,"['https://image1.ljcdn.com/rent-user-avatar/84fd3b55-489c-413e-858b-73c07e99b543.1150x.jpg', 'https://s1.ljcdn.com/matrix_lianjia_pc/dist/pc/src/resource/default/1150-450.png?_v=201906280941017d9']",,,,,,,,,,,,,[],22.666931,114.011678
https://sz.lianjia.com/apartment/16418.html,,,金湖公寓 · 云智科技园店,"
金湖公寓 · 云智科技园店

          600元/月起

",,,,,"['https://image1.ljcdn.com/rent-user-avatar/904027e3-ed80-4405-8d9b-6b6891a5fab5.1150x.jpg', 'https://s1.ljcdn.com/matrix_lianjia_pc/dist/pc/src/resource/default/1150-450.png?_v=201906280941017d9', 'https://s1.ljcdn.com/matrix_lianjia_pc/dist/pc/src/resource/default/1150-450.png?_v=201906280941017d9', 'https://s1.ljcdn.com/matrix_lianjia_pc/dist/pc/src/resource/default/1150-450.png?_v=201906280941017d9']",,,,,,,,,,,,,[],22.771443,113.92757
https://sz.lianjia.com/apartment/2539.html,,,梦创公寓 · 中信龙盛广场店,"
梦创公寓 · 中信龙盛广场店

          980元/月起

",,,,,"['https://image1.ljcdn.com/rent-user-avatar/d5036be3-fca4-4abd-afb8-fa29187699f2.1150x.jpg', 'https://s1.ljcdn.com/matrix_lianjia_pc/dist/pc/src/resource/default/1150-450.png?_v=201906280941017d9', 'https://s1.ljcdn.com/matrix_lianjia_pc/dist/pc/src/resource/default/1150-450.png?_v=201906280941017d9', 'https://s1.ljcdn.com/matrix_lianjia_pc/dist/pc/src/resource/default/1150-450.png?_v=201906280941017d9', 'https://s1.ljcdn.com/matrix_lianjia_pc/dist/pc/src/resource/default/1150-450.png?_v=201906280941017d9', 'https://s1.ljcdn.com/matrix_lianjia_pc/dist/pc/src/resource/default/1150-450.png?_v=201906280941017d9', 'https://s1.ljcdn.com/matrix_lianjia_pc/dist/pc/src/resource/default/1150-450.png?_v=201906280941017d9', 'https://s1.ljcdn.com/matrix_lianjia_pc/dist/pc/src/resource/default/1150-450.png?_v=201906280941017d9']",,,,,,,,,,,,,[],22.729258,114.304515
https://sz.lianjia.com/apartment/1822.html,,,金湖公寓 · 万悦城,"
金湖公寓 · 万悦城

          500元/月起

",,,,,"['https://image1.ljcdn.com/rent-user-avatar/ffebdbf3-44c2-403b-a061-9b9d28fa9113.1150x.jpg', 'https://s1.ljcdn.com/matrix_lianjia_pc/dist/pc/src/resource/default/1150-450.png?_v=201906280941017d9', 'https://s1.ljcdn.com/matrix_lianjia_pc/dist/pc/src/resource/default/1150-450.png?_v=201906280941017d9', 'https://s1.ljcdn.com/matrix_lianjia_pc/dist/pc/src/resource/default/1150-450.png?_v=201906280941017d9', 'https://s1.ljcdn.com/matrix_lianjia_pc/dist/pc/src/resource/default/1150-450.png?_v=201906280941017d9', 'https://s1.ljcdn.com/matrix_lianjia_pc/dist/pc/src/resource/default/1150-450.png?_v=201906280941017d9', 'https://s1.ljcdn.com/matrix_lianjia_pc/dist/pc/src/resource/default/1150-450.png?_v=201906280941017d9', 'https://s1.ljcdn.com/matrix_lianjia_pc/dist/pc/src/resource/default/1150-450.png?_v=201906280941017d9']",,,,,,,,,,,,,[],22.740552,114.018657
https://sz.lianjia.com/apartment/17499.html,,,爱守候公寓 · 沙井店,"
爱守候公寓 · 沙井店

          880元/月起

",,,,,"['https://image1.ljcdn.com/rent-user-avatar/6faa2602-74ca-40be-bcb8-15cb50feb6e9.1150x.jpg', 'https://s1.ljcdn.com/matrix_lianjia_pc/dist/pc/src/resource/default/1150-450.png?_v=201906280941017d9', 'https://s1.ljcdn.com/matrix_lianjia_pc/dist/pc/src/resource/default/1150-450.png?_v=201906280941017d9', 'https://s1.ljcdn.com/matrix_lianjia_pc/dist/pc/src/resource/default/1150-450.png?_v=201906280941017d9', 'https://s1.ljcdn.com/matrix_lianjia_pc/dist/pc/src/resource/default/1150-450.png?_v=201906280941017d9', 'https://s1.ljcdn.com/matrix_lianjia_pc/dist/pc/src/resource/default/1150-450.png?_v=201906280941017d9', 'https://s1.ljcdn.com/matrix_lianjia_pc/dist/pc/src/resource/default/1150-450.png?_v=201906280941017d9', 'https://s1.ljcdn.com/matrix_lianjia_pc/dist/pc/src/resource/default/1150-450.png?_v=201906280941017d9', 'https://s1.ljcdn.com/matrix_lianjia_pc/dist/pc/src/resource/default/1150-450.png?_v=201906280941017d9', 'https://s1.ljcdn.com/matrix_lianjia_pc/dist/pc/src/resource/default/1150-450.png?_v=201906280941017d9', 'https://s1.ljcdn.com/matrix_lianjia_pc/dist/pc/src/resource/default/1150-450.png?_v=201906280941017d9', 'https://s1.ljcdn.com/matrix_lianjia_pc/dist/pc/src/resource/default/1150-450.png?_v=201906280941017d9', 'https://s1.ljcdn.com/matrix_lianjia_pc/dist/pc/src/resource/default/1150-450.png?_v=201906280941017d9', 'https://s1.ljcdn.com/matrix_lianjia_pc/dist/pc/src/resource/default/1150-450.png?_v=201906280941017d9', 'https://s1.ljcdn.com/matrix_lianjia_pc/dist/pc/src/resource/default/1150-450.png?_v=201906280941017d9']",,,,,,,,,,,,,[],22.759508,113.835385
https://sz.lianjia.com/apartment/16627.html,,,WeWa创享域 · 创享家章阁新村店,"
WeWa创享域 · 创享家章阁新村店

          500元/月起

",,,,,['https://image1.ljcdn.com/rent-user-avatar/6465cf50-21aa-41d1-bb98-71c2d6ef1843.1150x.jpg'],,,,,,,,,,,,,[],22.752533,114.022866
https://sz.lianjia.com/apartment/18011.html,,,家+公寓 · 家+鸿实公寓·平湖店,"
家+公寓 · 家+鸿实公寓·平湖店

          1000元/月起

",,,,,"['https://image1.ljcdn.com/rent-user-avatar/53d7cf1d-a193-477d-be46-5e7cbca1e3fd.1150x.jpg', 'https://s1.ljcdn.com/matrix_lianjia_pc/dist/pc/src/resource/default/1150-450.png?_v=201906280941017d9', 'https://s1.ljcdn.com/matrix_lianjia_pc/dist/pc/src/resource/default/1150-450.png?_v=201906280941017d9', 'https://s1.ljcdn.com/matrix_lianjia_pc/dist/pc/src/resource/default/1150-450.png?_v=201906280941017d9', 'https://s1.ljcdn.com/matrix_lianjia_pc/dist/pc/src/resource/default/1150-450.png?_v=201906280941017d9', 'https://s1.ljcdn.com/matrix_lianjia_pc/dist/pc/src/resource/default/1150-450.png?_v=201906280941017d9', 'https://s1.ljcdn.com/matrix_lianjia_pc/dist/pc/src/resource/default/1150-450.png?_v=201906280941017d9', 'https://s1.ljcdn.com/matrix_lianjia_pc/dist/pc/src/resource/default/1150-450.png?_v=201906280941017d9']",,,,,,,,,,,,,[],22.671811,114.119823
https://sz.lianjia.com/apartment/2454.html,,,职业房东 · 安馨公寓,"
职业房东 · 安馨公寓

          950元/月起

",,,,,"['https://image1.ljcdn.com/rent-user-avatar/fbbfed4c-2325-4a57-b93a-efda7f2bbb3d.1150x.jpg', 'https://s1.ljcdn.com/matrix_lianjia_pc/dist/pc/src/resource/default/1150-450.png?_v=201906280941017d9', 'https://s1.ljcdn.com/matrix_lianjia_pc/dist/pc/src/resource/default/1150-450.png?_v=201906280941017d9', 'https://s1.ljcdn.com/matrix_lianjia_pc/dist/pc/src/resource/default/1150-450.png?_v=201906280941017d9']",,,,,,,,,,,,,[],22.640351,114.228306
https://sz.lianjia.com/apartment/1822.html,,,金湖公寓 · 万悦城,"
金湖公寓 · 万悦城

          500元/月起

",,,,,"['https://image1.ljcdn.com/rent-user-avatar/ffebdbf3-44c2-403b-a061-9b9d28fa9113.1150x.jpg', 'https://s1.ljcdn.com/matrix_lianjia_pc/dist/pc/src/resource/default/1150-450.png?_v=201906280941017d9', 'https://s1.ljcdn.com/matrix_lianjia_pc/dist/pc/src/resource/default/1150-450.png?_v=201906280941017d9', 'https://s1.ljcdn.com/matrix_lianjia_pc/dist/pc/src/resource/default/1150-450.png?_v=201906280941017d9', 'https://s1.ljcdn.com/matrix_lianjia_pc/dist/pc/src/resource/default/1150-450.png?_v=201906280941017d9', 'https://s1.ljcdn.com/matrix_lianjia_pc/dist/pc/src/resource/default/1150-450.png?_v=201906280941017d9', 'https://s1.ljcdn.com/matrix_lianjia_pc/dist/pc/src/resource/default/1150-450.png?_v=201906280941017d9', 'https://s1.ljcdn.com/matrix_lianjia_pc/dist/pc/src/resource/default/1150-450.png?_v=201906280941017d9']",,,,,,,,,,,,,[],22.740552,114.018657
https://sz.lianjia.com/apartment/17961.html,,,金湖公寓 · 光明城1店,"
金湖公寓 · 光明城1店

          800元/月起

",,,,,['https://image1.ljcdn.com/rent-user-avatar/71e3d57f-6b48-4ddf-9178-e655c20d25cc.1150x.jpg'],,,,,,,,,,,,,[],22.732375,113.95741
https://sz.lianjia.com/apartment/5938.html,,,职业房东 · 众佳公寓（爱南路店）,"
职业房东 · 众佳公寓（爱南路店）

          550元/月起

",,,,,"['https://image1.ljcdn.com/rent-user-avatar/e75fd7a2-6ece-4e6d-b79b-a74bc15ef60f.1150x.jpg', 'https://s1.ljcdn.com/matrix_lianjia_pc/dist/pc/src/resource/default/1150-450.png?_v=201906280941017d9']",,,,,,,,,,,,,[],22.716439,114.295417
https://sz.lianjia.com/apartment/18296.html,,,碧家国际社区 · 爱联地铁站三店,"
碧家国际社区 · 爱联地铁站三店

          969元/月起

",,,,,"['https://image1.ljcdn.com/rent-user-avatar/22e31a1a-0d39-4513-9cc8-3777cb96d077.1150x.jpg', 'https://s1.ljcdn.com/matrix_lianjia_pc/dist/pc/src/resource/default/1150-450.png?_v=201906280941017d9', 'https://s1.ljcdn.com/matrix_lianjia_pc/dist/pc/src/resource/default/1150-450.png?_v=201906280941017d9']",,,,,,,,,,,,,[],22.708432,114.229695
https://sz.lianjia.com/apartment/1822.html,,,金湖公寓 · 万悦城,"
金湖公寓 · 万悦城

          500元/月起

",,,,,"['https://image1.ljcdn.com/rent-user-avatar/ffebdbf3-44c2-403b-a061-9b9d28fa9113.1150x.jpg', 'https://s1.ljcdn.com/matrix_lianjia_pc/dist/pc/src/resource/default/1150-450.png?_v=201906280941017d9', 'https://s1.ljcdn.com/matrix_lianjia_pc/dist/pc/src/resource/default/1150-450.png?_v=201906280941017d9', 'https://s1.ljcdn.com/matrix_lianjia_pc/dist/pc/src/resource/default/1150-450.png?_v=201906280941017d9', 'https://s1.ljcdn.com/matrix_lianjia_pc/dist/pc/src/resource/default/1150-450.png?_v=201906280941017d9', 'https://s1.ljcdn.com/matrix_lianjia_pc/dist/pc/src/resource/default/1150-450.png?_v=201906280941017d9', 'https://s1.ljcdn.com/matrix_lianjia_pc/dist/pc/src/resource/default/1150-450.png?_v=201906280941017d9', 'https://s1.ljcdn.com/matrix_lianjia_pc/dist/pc/src/resource/default/1150-450.png?_v=201906280941017d9']",,,,,,,,,,,,,[],22.740552,114.018657
https://sz.lianjia.com/apartment/2150.html,,,职业房东 · 泰格青年公寓（松岗地铁站）,"
职业房东 · 泰格青年公寓（松岗地铁站）

          980元/月起

",,,,,"['https://image1.ljcdn.com/rent-user-avatar/c856e03b-9699-4000-9bb7-15c777f738d1.1150x.jpg', 'https://s1.ljcdn.com/matrix_lianjia_pc/dist/pc/src/resource/default/1150-450.png?_v=201906280941017d9', 'https://s1.ljcdn.com/matrix_lianjia_pc/dist/pc/src/resource/default/1150-450.png?_v=201906280941017d9', 'https://s1.ljcdn.com/matrix_lianjia_pc/dist/pc/src/resource/default/1150-450.png?_v=201906280941017d9', 'https://s1.ljcdn.com/matrix_lianjia_pc/dist/pc/src/resource/default/1150-450.png?_v=201906280941017d9', 'https://s1.ljcdn.com/matrix_lianjia_pc/dist/pc/src/resource/default/1150-450.png?_v=201906280941017d9', 'https://s1.ljcdn.com/matrix_lianjia_pc/dist/pc/src/resource/default/1150-450.png?_v=201906280941017d9']",,,,,,,,,,,,,[],22.774637,113.840425
