房源地址,行政区,位置,标题,租金,租赁方式,户型,面积,朝向,图片列表,发布时间,入住时间,租期,看房时间,楼层,电梯,车位,用水,用电,燃气,采暖,标签,station,latitude,longtitude
https://sz.lianjia.com/apartment/1208.html,,,恒星公寓 · 赤湾店,"
恒星公寓 · 赤湾店

          3280元/月起

",,,,,"['https://image1.ljcdn.com/rent-user-avatar/eb46c05a-db53-4800-86ef-28d35eb31b7d.1150x.jpg', 'https://s1.ljcdn.com/matrix_lianjia_pc/dist/pc/src/resource/default/1150-450.png?_v=201906280941017d9', 'https://s1.ljcdn.com/matrix_lianjia_pc/dist/pc/src/resource/default/1150-450.png?_v=201906280941017d9', 'https://s1.ljcdn.com/matrix_lianjia_pc/dist/pc/src/resource/default/1150-450.png?_v=201906280941017d9', 'https://s1.ljcdn.com/matrix_lianjia_pc/dist/pc/src/resource/default/1150-450.png?_v=201906280941017d9', 'https://s1.ljcdn.com/matrix_lianjia_pc/dist/pc/src/resource/default/1150-450.png?_v=201906280941017d9', 'https://s1.ljcdn.com/matrix_lianjia_pc/dist/pc/src/resource/default/1150-450.png?_v=201906280941017d9']",,,,,,,,,,,,,[],22.485264,113.894636
https://sz.lianjia.com/zufang/SZ2283206931546390528.html,盐田区,沙头角,东部阳光 3室1厅 东南,5000元/月 ,租赁方式未知,3室1厅1卫,88㎡,朝东南,"['https://image1.ljcdn.com/440300-inspection/prod-27f34118-de96-4b31-8316-24be36ce82eb.jpg.780x439.jpg', 'https://s1.ljcdn.com/matrix_lianjia_pc/dist/pc/src/resource/default/780-439.png?_v=201906280941017d9', 'https://s1.ljcdn.com/matrix_lianjia_pc/dist/pc/src/resource/default/780-439.png?_v=201906280941017d9', 'https://s1.ljcdn.com/matrix_lianjia_pc/dist/pc/src/resource/default/780-439.png?_v=201906280941017d9', 'https://s1.ljcdn.com/matrix_lianjia_pc/dist/pc/src/resource/default/780-439.png?_v=201906280941017d9', 'https://s1.ljcdn.com/matrix_lianjia_pc/dist/pc/src/resource/default/780-439.png?_v=201906280941017d9', 'https://s1.ljcdn.com/matrix_lianjia_pc/dist/pc/src/resource/default/780-439.png?_v=201906280941017d9']",10天前,随时入住,暂无数据,一般下班后可看,中楼层/12层,有,暂无数据,民水,民电,有,暂无数据,['随时看房'],[],22.568646,114.251307
https://sz.lianjia.com/zufang/SZ2256250605700399104.html,福田区,上步,红岭大厦 2室1厅 东南,5600元/月 ,租赁方式未知,2室1厅1卫,55㎡,朝东南,"['https://image1.ljcdn.com/440300-inspection/test-0ca1f0a5-1f57-4592-86d4-611f0af30185.png.780x439.jpg', 'https://s1.ljcdn.com/matrix_lianjia_pc/dist/pc/src/resource/default/780-439.png?_v=201906280941017d9', 'https://s1.ljcdn.com/matrix_lianjia_pc/dist/pc/src/resource/default/780-439.png?_v=201906280941017d9', 'https://s1.ljcdn.com/matrix_lianjia_pc/dist/pc/src/resource/default/780-439.png?_v=201906280941017d9', 'https://s1.ljcdn.com/matrix_lianjia_pc/dist/pc/src/resource/default/780-439.png?_v=201906280941017d9']",1个月前,随时入住,暂无数据,需提前预约,中楼层/28层,有,暂无数据,民水,民电,有,暂无数据,['近地铁'],"['9号线 - 红岭南', '41m', '1号线(罗宝线),2号线(蛇口线) - 大剧院', '359m', '9号线 - 鹿丹村', '609m', '3号线(龙岗线),9号线 - 红岭', '784m', '1号线(罗宝线) - 科学馆', '947m']",22.545284,114.110577
https://sz.lianjia.com/zufang/SZ2268861778005852160.html,南山区,南山中心,康乐大厦 3室2厅 东南,6800元/月 ,租赁方式未知,3室2厅1卫,86㎡,朝东南,"['https://image1.ljcdn.com/440300-inspection/7c8fb48a-24b5-4ef4-849d-4296582f999c.jpg.780x439.jpg', 'https://s1.ljcdn.com/matrix_lianjia_pc/dist/pc/src/resource/default/780-439.png?_v=201906280941017d9', 'https://s1.ljcdn.com/matrix_lianjia_pc/dist/pc/src/resource/default/780-439.png?_v=201906280941017d9', 'https://s1.ljcdn.com/matrix_lianjia_pc/dist/pc/src/resource/default/780-439.png?_v=201906280941017d9', 'https://s1.ljcdn.com/matrix_lianjia_pc/dist/pc/src/resource/default/780-439.png?_v=201906280941017d9', 'https://s1.ljcdn.com/matrix_lianjia_pc/dist/pc/src/resource/default/780-439.png?_v=201906280941017d9', 'https://s1.ljcdn.com/matrix_lianjia_pc/dist/pc/src/resource/default/780-439.png?_v=201906280941017d9']",1个月前,随时入住,暂无数据,需提前预约,高楼层/28层,有,暂无数据,民水,民电,有,暂无数据,['近地铁'],"['11号线 - 南山', '383m', '1号线(罗宝线) - 桃园', '524m']",22.532782,113.931572
https://sz.lianjia.com/zufang/SZ2269439985570545664.html,龙华区,龙华中心,整租·鸿荣源·壹成中心第六区 4室2厅 东南,6200元/月 (月付价),整租,4室2厅2卫,89㎡,朝 东南,"['https://image1.ljcdn.com/rent-user-avatar/373ff979-8873-44d9-939d-1b165f27a8e6.780x439.jpg', 'https://s1.ljcdn.com/matrix_lianjia_pc/dist/pc/src/resource/default/780-439.png?_v=201906280941017d9', 'https://s1.ljcdn.com/matrix_lianjia_pc/dist/pc/src/resource/default/780-439.png?_v=201906280941017d9', 'https://s1.ljcdn.com/matrix_lianjia_pc/dist/pc/src/resource/default/780-439.png?_v=201906280941017d9', 'https://s1.ljcdn.com/matrix_lianjia_pc/dist/pc/src/resource/default/780-439.png?_v=201906280941017d9', 'https://s1.ljcdn.com/matrix_lianjia_pc/dist/pc/src/resource/default/780-439.png?_v=201906280941017d9', 'https://s1.ljcdn.com/matrix_lianjia_pc/dist/pc/src/resource/default/780-439.png?_v=201906280941017d9', 'https://s1.ljcdn.com/matrix_lianjia_pc/dist/pc/src/resource/default/780-439.png?_v=201906280941017d9']",29天前,随时入住,1年,随时可看,48/53层,有,暂无数据,民水,民电,有,暂无数据,"['公寓', '近地铁', '精装', '双卫生间', '随时看房']",[],22.654948,114.038906
https://sz.lianjia.com/zufang/SZ2139098429065281536.html,龙华区,龙华中心,整租·鸿荣源·壹城中心第五区 3室2厅 东南,5800元/月 (月付价),整租,3室2厅1卫,76㎡,朝东南,"['https://image1.ljcdn.com/rent-user-avatar/21ce9878-73f4-4257-ad18-37d8cf981580.780x439.jpg', 'https://s1.ljcdn.com/matrix_lianjia_pc/dist/pc/src/resource/default/780-439.png?_v=201906280941017d9', 'https://s1.ljcdn.com/matrix_lianjia_pc/dist/pc/src/resource/default/780-439.png?_v=201906280941017d9', 'https://s1.ljcdn.com/matrix_lianjia_pc/dist/pc/src/resource/default/780-439.png?_v=201906280941017d9', 'https://s1.ljcdn.com/matrix_lianjia_pc/dist/pc/src/resource/default/780-439.png?_v=201906280941017d9', 'https://s1.ljcdn.com/matrix_lianjia_pc/dist/pc/src/resource/default/780-439.png?_v=201906280941017d9', 'https://s1.ljcdn.com/matrix_lianjia_pc/dist/pc/src/resource/default/780-439.png?_v=201906280941017d9']",6个月前,随时入住,6个月以上,随时可看,34/47层,有,免费使用,民水,民电,有,自采暖,"['公寓', '月租', '精装', '随时看房']",[],22.652682,114.040931
https://sz.lianjia.com/zufang/SZ2286837695831343104.html,南山区,南山中心,万象新园 2室1厅 东南,6800元/月 ,租赁方式未知,2室1厅1卫,62㎡,朝东南,"['https://image1.ljcdn.com/440300-inspection/946dc0ef-08b2-42e2-a678-901d9c0548f5.jpg.780x439.jpg', 'https://s1.ljcdn.com/matrix_lianjia_pc/dist/pc/src/resource/default/780-439.png?_v=201906280941017d9', 'https://s1.ljcdn.com/matrix_lianjia_pc/dist/pc/src/resource/default/780-439.png?_v=201906280941017d9', 'https://s1.ljcdn.com/matrix_lianjia_pc/dist/pc/src/resource/default/780-439.png?_v=201906280941017d9', 'https://s1.ljcdn.com/matrix_lianjia_pc/dist/pc/src/resource/default/780-439.png?_v=201906280941017d9', 'https://s1.ljcdn.com/matrix_lianjia_pc/dist/pc/src/resource/default/780-439.png?_v=201906280941017d9']",5天前,随时入住,暂无数据,需提前预约,中楼层/32层,有,暂无数据,民水,民电,有,暂无数据,"['近地铁', '新上', '随时看房']","['11号线 - 南山', '268m', '1号线(罗宝线) - 桃园', '1171m']",22.529564,113.93375
https://sz.lianjia.com/zufang/SZ2290460907903655936.html,南山区,前海,诺德假日花园 2室1厅 东南,6500元/月 ,租赁方式未知,2室1厅1卫,67㎡,朝东南,"['https://image1.ljcdn.com/440300-inspection/7b3a1095-7436-44da-a193-d60178620097.jpg.780x439.jpg', 'https://s1.ljcdn.com/matrix_lianjia_pc/dist/pc/src/resource/default/780-439.png?_v=201906280941017d9', 'https://s1.ljcdn.com/matrix_lianjia_pc/dist/pc/src/resource/default/780-439.png?_v=201906280941017d9', 'https://s1.ljcdn.com/matrix_lianjia_pc/dist/pc/src/resource/default/780-439.png?_v=201906280941017d9', 'https://s1.ljcdn.com/matrix_lianjia_pc/dist/pc/src/resource/default/780-439.png?_v=201906280941017d9', 'https://s1.ljcdn.com/matrix_lianjia_pc/dist/pc/src/resource/default/780-439.png?_v=201906280941017d9', 'https://s1.ljcdn.com/matrix_lianjia_pc/dist/pc/src/resource/default/780-439.png?_v=201906280941017d9']",今天,随时入住,暂无数据,需提前预约,高楼层/30层,有,暂无数据,民水,民电,有,暂无数据,"['新上', '随时看房']",[],22.51623,113.909861
https://sz.lianjia.com/zufang/SZ2290380665306759168.html,南山区,南山中心,现代城华庭 2室1厅 东南,7500元/月 ,租赁方式未知,2室1厅1卫,64㎡,朝东南,"['https://image1.ljcdn.com/440300-inspection/00812897-6d31-4337-8423-6f8f1814db24.jpg.780x439.jpg', 'https://s1.ljcdn.com/matrix_lianjia_pc/dist/pc/src/resource/default/780-439.png?_v=201906280941017d9', 'https://s1.ljcdn.com/matrix_lianjia_pc/dist/pc/src/resource/default/780-439.png?_v=201906280941017d9', 'https://s1.ljcdn.com/matrix_lianjia_pc/dist/pc/src/resource/default/780-439.png?_v=201906280941017d9', 'https://s1.ljcdn.com/matrix_lianjia_pc/dist/pc/src/resource/default/780-439.png?_v=201906280941017d9', 'https://s1.ljcdn.com/matrix_lianjia_pc/dist/pc/src/resource/default/780-439.png?_v=201906280941017d9', 'https://s1.ljcdn.com/matrix_lianjia_pc/dist/pc/src/resource/default/780-439.png?_v=201906280941017d9', 'https://s1.ljcdn.com/matrix_lianjia_pc/dist/pc/src/resource/default/780-439.png?_v=201906280941017d9', 'https://s1.ljcdn.com/matrix_lianjia_pc/dist/pc/src/resource/default/780-439.png?_v=201906280941017d9']",今天,随时入住,暂无数据,需提前预约,中楼层/33层,有,暂无数据,民水,民电,有,暂无数据,"['近地铁', '新上', '随时看房']","['11号线 - 南山', '809m']",22.522790982921,113.93112212086
https://sz.lianjia.com/zufang/SZ2208789998239481856.html,罗湖区,万象城,整租·城市天地广场 1室1厅 东/东南/南/西南/西,5500元/月 (月付价),整租,1室1厅1卫,59㎡,朝东 东南 南 西南 西,"['https://image1.ljcdn.com/rent-user-avatar/212a87e3-af94-4d9f-be20-f9baaa2bd991.780x439.jpg', 'https://s1.ljcdn.com/matrix_lianjia_pc/dist/pc/src/resource/default/780-439.png?_v=201906280941017d9', 'https://s1.ljcdn.com/matrix_lianjia_pc/dist/pc/src/resource/default/780-439.png?_v=201906280941017d9', 'https://s1.ljcdn.com/matrix_lianjia_pc/dist/pc/src/resource/default/780-439.png?_v=201906280941017d9', 'https://s1.ljcdn.com/matrix_lianjia_pc/dist/pc/src/resource/default/780-439.png?_v=201906280941017d9', 'https://s1.ljcdn.com/matrix_lianjia_pc/dist/pc/src/resource/default/780-439.png?_v=201906280941017d9', 'https://s1.ljcdn.com/matrix_lianjia_pc/dist/pc/src/resource/default/780-439.png?_v=201906280941017d9', 'https://s1.ljcdn.com/matrix_lianjia_pc/dist/pc/src/resource/default/780-439.png?_v=201906280941017d9', 'https://s1.ljcdn.com/matrix_lianjia_pc/dist/pc/src/resource/default/780-439.png?_v=201906280941017d9', 'https://s1.ljcdn.com/matrix_lianjia_pc/dist/pc/src/resource/default/780-439.png?_v=201906280941017d9', 'https://s1.ljcdn.com/matrix_lianjia_pc/dist/pc/src/resource/default/780-439.png?_v=201906280941017d9', 'https://s1.ljcdn.com/matrix_lianjia_pc/dist/pc/src/resource/default/780-439.png?_v=201906280941017d9']",3个月前,随时入住,3~12个月,随时可看,13/30层,有,暂无数据,民水,民电,有,暂无数据,"['公寓', '月租', '近地铁', '精装', '随时看房']","['1号线(罗宝线) - 国贸', '517m', '9号线 - 鹿丹村', '646m', '1号线(罗宝线),2号线(蛇口线) - 大剧院', '802m', '9号线 - 人民南', '843m', '1号线(罗宝线),3号线(龙岗线) - 老街', '893m', '9号线 - 红岭南', '987m', '1号线(罗宝线) - 罗湖', '1013m']",22.54421,114.120013
https://sz.lianjia.com/zufang/SZ2259963196637462528.html,龙华区,上塘,整租·潜龙曼海宁花园北区 3室1厅 东南,6080元/月 (月付价),整租,3室1厅2卫,85㎡,朝东南,"['https://image1.ljcdn.com/rent-user-avatar/2a55652f-3ed3-44f4-b635-349c9ab46707.780x439.jpg', 'https://s1.ljcdn.com/matrix_lianjia_pc/dist/pc/src/resource/default/780-439.png?_v=201906280941017d9', 'https://s1.ljcdn.com/matrix_lianjia_pc/dist/pc/src/resource/default/780-439.png?_v=201906280941017d9', 'https://s1.ljcdn.com/matrix_lianjia_pc/dist/pc/src/resource/default/780-439.png?_v=201906280941017d9', 'https://s1.ljcdn.com/matrix_lianjia_pc/dist/pc/src/resource/default/780-439.png?_v=201906280941017d9', 'https://s1.ljcdn.com/matrix_lianjia_pc/dist/pc/src/resource/default/780-439.png?_v=201906280941017d9', 'https://s1.ljcdn.com/matrix_lianjia_pc/dist/pc/src/resource/default/780-439.png?_v=201906280941017d9', 'https://s1.ljcdn.com/matrix_lianjia_pc/dist/pc/src/resource/default/780-439.png?_v=201906280941017d9', 'https://s1.ljcdn.com/matrix_lianjia_pc/dist/pc/src/resource/default/780-439.png?_v=201906280941017d9', 'https://s1.ljcdn.com/matrix_lianjia_pc/dist/pc/src/resource/default/780-439.png?_v=201906280941017d9', 'https://s1.ljcdn.com/matrix_lianjia_pc/dist/pc/src/resource/default/780-439.png?_v=201906280941017d9']",1个月前,随时入住,1年,随时可看,3/26层,暂无数据,暂无数据,民水,民电,无,自采暖,"['近地铁', '精装', '双卫生间', '随时看房']","['4号线(龙华线) - 上塘', '503m', '4号线(龙华线) - 龙胜', '549m']",22.647288660304,114.01572208454
https://sz.lianjia.com/zufang/SZ2268903631439282176.html,龙华区,梅林关,星河盛世 1室1厅 东南,5200元/月 ,租赁方式未知,1室1厅1卫,48㎡,朝东南,"['http://vrlab-image.ljcdn.com/release/auto3dhd/daaad1b33d769334cb8f0fcdf4b7a71d/screenshot/1557992781_0/pc0_7l3uDyjrV.jpg.q_70.jpg', 'https://s1.ljcdn.com/matrix_lianjia_pc/dist/pc/src/resource/default/780-439.png?_v=201906280941017d9', 'https://s1.ljcdn.com/matrix_lianjia_pc/dist/pc/src/resource/default/780-439.png?_v=201906280941017d9', 'https://s1.ljcdn.com/matrix_lianjia_pc/dist/pc/src/resource/default/780-439.png?_v=201906280941017d9']",1个月前,随时入住,暂无数据,需提前预约,高楼层/30层,有,暂无数据,民水,民电,有,暂无数据,"['近地铁', '随时看房']","['4号线(龙华线) - 白石龙', '609m', '4号线(龙华线) - 民乐', '882m']",22.608614,114.052767
https://sz.lianjia.com/zufang/SZ2239615451959132160.html,南山区,南山中心,中润百分百公寓 2室1厅 东南,5700元/月 ,租赁方式未知,2室1厅1卫,43㎡,朝东南,"['http://vrlab-image.ljcdn.com/release/auto3dhd/2efc3e084a0bfe3433267181fa5242c4/screenshot/1544254007_9/pc0_yCqnL7WQP.jpg.q_70.jpg', 'https://s1.ljcdn.com/matrix_lianjia_pc/dist/pc/src/resource/default/780-439.png?_v=201906280941017d9', 'https://s1.ljcdn.com/matrix_lianjia_pc/dist/pc/src/resource/default/780-439.png?_v=201906280941017d9', 'https://s1.ljcdn.com/matrix_lianjia_pc/dist/pc/src/resource/default/780-439.png?_v=201906280941017d9', 'https://s1.ljcdn.com/matrix_lianjia_pc/dist/pc/src/resource/default/780-439.png?_v=201906280941017d9', 'https://s1.ljcdn.com/matrix_lianjia_pc/dist/pc/src/resource/default/780-439.png?_v=201906280941017d9']",2个月前,随时入住,暂无数据,需提前预约,低楼层/25层,有,暂无数据,民水,民电,有,暂无数据,"['近地铁', '随时看房']","['11号线 - 南山', '712m', '1号线(罗宝线) - 桃园', '915m']",22.531779,113.935049
https://sz.lianjia.com/zufang/SZ2278230149541666816.html,罗湖区,黄贝岭,锦上花家园 2室1厅 东南,6000元/月 ,租赁方式未知,2室1厅1卫,61㎡,朝东南,"['https://image1.ljcdn.com/440300-inspection/38df375e-ce8a-4646-9e89-939fe19db28c.jpg.780x439.jpg', 'https://s1.ljcdn.com/matrix_lianjia_pc/dist/pc/src/resource/default/780-439.png?_v=201906280941017d9', 'https://s1.ljcdn.com/matrix_lianjia_pc/dist/pc/src/resource/default/780-439.png?_v=201906280941017d9', 'https://s1.ljcdn.com/matrix_lianjia_pc/dist/pc/src/resource/default/780-439.png?_v=201906280941017d9', 'https://s1.ljcdn.com/matrix_lianjia_pc/dist/pc/src/resource/default/780-439.png?_v=201906280941017d9', 'https://s1.ljcdn.com/matrix_lianjia_pc/dist/pc/src/resource/default/780-439.png?_v=201906280941017d9', 'https://s1.ljcdn.com/matrix_lianjia_pc/dist/pc/src/resource/default/780-439.png?_v=201906280941017d9']",17天前,随时入住,暂无数据,需提前预约,中楼层/33层,有,暂无数据,民水,民电,无,暂无数据,['近地铁'],"['9号线 - 文锦', '683m', '2号线(蛇口线),5号线(环中线) - 黄贝岭', '783m', '9号线 - 向西村', '1179m']",22.547227159711,114.14263809759
https://sz.lianjia.com/zufang/SZ2289008167352541184.html,福田区,皇岗,整租·皇御苑四期 2室1厅 东南,6800元/月 (月付价),整租,2室1厅1卫,57㎡,朝 东南,"['https://image1.ljcdn.com/rent-user-avatar/039da053-fe7c-4539-8e7c-a550f475a2cb.780x439.jpg', 'https://s1.ljcdn.com/matrix_lianjia_pc/dist/pc/src/resource/default/780-439.png?_v=201906280941017d9', 'https://s1.ljcdn.com/matrix_lianjia_pc/dist/pc/src/resource/default/780-439.png?_v=201906280941017d9', 'https://s1.ljcdn.com/matrix_lianjia_pc/dist/pc/src/resource/default/780-439.png?_v=201906280941017d9', 'https://s1.ljcdn.com/matrix_lianjia_pc/dist/pc/src/resource/default/780-439.png?_v=201906280941017d9', 'https://s1.ljcdn.com/matrix_lianjia_pc/dist/pc/src/resource/default/780-439.png?_v=201906280941017d9', 'https://s1.ljcdn.com/matrix_lianjia_pc/dist/pc/src/resource/default/780-439.png?_v=201906280941017d9', 'https://s1.ljcdn.com/matrix_lianjia_pc/dist/pc/src/resource/default/780-439.png?_v=201906280941017d9', 'https://s1.ljcdn.com/matrix_lianjia_pc/dist/pc/src/resource/default/780-439.png?_v=201906280941017d9', 'https://s1.ljcdn.com/matrix_lianjia_pc/dist/pc/src/resource/default/780-439.png?_v=201906280941017d9']",2天前,随时入住,6~12个月,随时可看,29/47层,有,暂无数据,民水,民电,有,暂无数据,"['公寓', '月租', '近地铁', '精装', '新上', '随时看房']","['7号线 - 皇岗口岸', '518m']",22.530053748082,114.08156014515
https://sz.lianjia.com/zufang/SZ2287639336335974400.html,南山区,科技园,整租·大冲新城花园 1室1厅 东/东南/南/西南/西,7300元/月 (月付价),整租,1室1厅1卫,50㎡,朝东 东南 南 西南 西,"['https://image1.ljcdn.com/rent-user-avatar/319048ce-8426-4d0c-ae36-b0bcb7a6b118.780x439.jpg', 'https://s1.ljcdn.com/matrix_lianjia_pc/dist/pc/src/resource/default/780-439.png?_v=201906280941017d9', 'https://s1.ljcdn.com/matrix_lianjia_pc/dist/pc/src/resource/default/780-439.png?_v=201906280941017d9', 'https://s1.ljcdn.com/matrix_lianjia_pc/dist/pc/src/resource/default/780-439.png?_v=201906280941017d9', 'https://s1.ljcdn.com/matrix_lianjia_pc/dist/pc/src/resource/default/780-439.png?_v=201906280941017d9', 'https://s1.ljcdn.com/matrix_lianjia_pc/dist/pc/src/resource/default/780-439.png?_v=201906280941017d9', 'https://s1.ljcdn.com/matrix_lianjia_pc/dist/pc/src/resource/default/780-439.png?_v=201906280941017d9']",4天前,随时入住,1个月以上,需提前预约,44/46层,暂无数据,暂无数据,暂无数据,暂无数据,暂无数据,暂无数据,"['公寓', '月租', '近地铁', '精装', '押一付一', '新上']","['1号线(罗宝线) - 高新园', '238m', '1号线(罗宝线) - 深大', '1087m']",22.547986,113.959447
https://sz.lianjia.com/zufang/SZ2283977345147092992.html,宝安区,新安,灵芝新村洪浪十九区 3室2厅 东南/南,5000元/月 ,租赁方式未知,3室2厅2卫,98㎡,朝东南 南,"['https://image1.ljcdn.com/440300-inspection/test-17134f0c-9818-4486-a62c-d38b22e809a5.png.780x439.jpg', 'https://s1.ljcdn.com/matrix_lianjia_pc/dist/pc/src/resource/default/780-439.png?_v=201906280941017d9', 'https://s1.ljcdn.com/matrix_lianjia_pc/dist/pc/src/resource/default/780-439.png?_v=201906280941017d9', 'https://s1.ljcdn.com/matrix_lianjia_pc/dist/pc/src/resource/default/780-439.png?_v=201906280941017d9', 'https://s1.ljcdn.com/matrix_lianjia_pc/dist/pc/src/resource/default/780-439.png?_v=201906280941017d9', 'https://s1.ljcdn.com/matrix_lianjia_pc/dist/pc/src/resource/default/780-439.png?_v=201906280941017d9', 'https://s1.ljcdn.com/matrix_lianjia_pc/dist/pc/src/resource/default/780-439.png?_v=201906280941017d9']",9天前,随时入住,暂无数据,需提前预约,中楼层/7层,无,暂无数据,民水,民电,无,暂无数据,['近地铁'],"['5号线(环中线) - 洪浪北', '950m', '5号线(环中线) - 灵芝', '1050m']",22.572562,113.919437
https://sz.lianjia.com/zufang/SZ2273085310752014336.html,罗湖区,黄贝岭,怡景花园 2室2厅 东南,5200元/月 ,租赁方式未知,2室2厅1卫,60㎡,朝东南,"['https://image1.ljcdn.com/440300-inspection/a3dea386-cb52-44c9-a657-5de2ae50ef15.jpg.780x439.jpg', 'https://s1.ljcdn.com/matrix_lianjia_pc/dist/pc/src/resource/default/780-439.png?_v=201906280941017d9', 'https://s1.ljcdn.com/matrix_lianjia_pc/dist/pc/src/resource/default/780-439.png?_v=201906280941017d9', 'https://s1.ljcdn.com/matrix_lianjia_pc/dist/pc/src/resource/default/780-439.png?_v=201906280941017d9', 'https://s1.ljcdn.com/matrix_lianjia_pc/dist/pc/src/resource/default/780-439.png?_v=201906280941017d9', 'https://s1.ljcdn.com/matrix_lianjia_pc/dist/pc/src/resource/default/780-439.png?_v=201906280941017d9']",19天前,随时入住,暂无数据,暂无数据,低楼层/6层,无,暂无数据,民水,民电,有,暂无数据,['近地铁'],"['5号线(环中线) - 怡景', '19m', '3号线(龙岗线) - 翠竹', '655m', '2号线(蛇口线),5号线(环中线) - 黄贝岭', '915m']",22.55981,114.143257
https://sz.lianjia.com/zufang/SZ2243252733136617472.html,龙华区,龙华中心,整租·鸿荣源·壹成中心第六区 3室2厅 东南,6000元/月 (月付价),整租,3室2厅1卫,76㎡,朝东南,"['https://image1.ljcdn.com/440300-inspection/0dc702b5-a424-4fb9-89a1-a3d71fb0f133.jpg.780x439.jpg', 'https://s1.ljcdn.com/matrix_lianjia_pc/dist/pc/src/resource/default/780-439.png?_v=201906280941017d9', 'https://s1.ljcdn.com/matrix_lianjia_pc/dist/pc/src/resource/default/780-439.png?_v=201906280941017d9', 'https://s1.ljcdn.com/matrix_lianjia_pc/dist/pc/src/resource/default/780-439.png?_v=201906280941017d9', 'https://s1.ljcdn.com/matrix_lianjia_pc/dist/pc/src/resource/default/780-439.png?_v=201906280941017d9', 'https://s1.ljcdn.com/matrix_lianjia_pc/dist/pc/src/resource/default/780-439.png?_v=201906280941017d9', 'https://s1.ljcdn.com/matrix_lianjia_pc/dist/pc/src/resource/default/780-439.png?_v=201906280941017d9', 'https://s1.ljcdn.com/matrix_lianjia_pc/dist/pc/src/resource/default/780-439.png?_v=201906280941017d9']",2个月前,随时入住,1年以内,需提前预约,中楼层/46层,暂无数据,租用车位,民水,民电,有,暂无数据,"['近地铁', '精装', '随时看房']","['4号线(龙华线) - 龙华', '962m']",22.654116,114.039009
https://sz.lianjia.com/zufang/SZ2279627378932596736.html,南山区,科技园,整租·大冲新城花园 1室1厅 东/东南/南/西南/西,7200元/月 (月付价),整租,1室1厅1卫,50㎡,朝东 东南 南 西南 西,"['https://image1.ljcdn.com/rent-user-avatar/373970e0-eb18-4072-bc55-8548aedbd87c.780x439.jpg', 'https://s1.ljcdn.com/matrix_lianjia_pc/dist/pc/src/resource/default/780-439.png?_v=201906280941017d9', 'https://s1.ljcdn.com/matrix_lianjia_pc/dist/pc/src/resource/default/780-439.png?_v=201906280941017d9', 'https://s1.ljcdn.com/matrix_lianjia_pc/dist/pc/src/resource/default/780-439.png?_v=201906280941017d9', 'https://s1.ljcdn.com/matrix_lianjia_pc/dist/pc/src/resource/default/780-439.png?_v=201906280941017d9', 'https://s1.ljcdn.com/matrix_lianjia_pc/dist/pc/src/resource/default/780-439.png?_v=201906280941017d9', 'https://s1.ljcdn.com/matrix_lianjia_pc/dist/pc/src/resource/default/780-439.png?_v=201906280941017d9', 'https://s1.ljcdn.com/matrix_lianjia_pc/dist/pc/src/resource/default/780-439.png?_v=201906280941017d9', 'https://s1.ljcdn.com/matrix_lianjia_pc/dist/pc/src/resource/default/780-439.png?_v=201906280941017d9']",15天前,随时入住,1个月以上,需提前预约,38/46层,暂无数据,暂无数据,暂无数据,暂无数据,暂无数据,暂无数据,"['公寓', '月租', '近地铁', '精装', '押一付一']","['1号线(罗宝线) - 高新园', '238m', '1号线(罗宝线) - 深大', '1087m']",22.547986,113.959447
https://sz.lianjia.com/zufang/SZ2260834749562503168.html,宝安区,新安,整租·福城·前海新纪元 3室2厅 东南,6200元/月 (月付价),整租,3室2厅1卫,76㎡,朝东南,"['https://image1.ljcdn.com/rent-user-avatar/59999c24-92aa-4cc7-bd2d-e2f3838b9b61.780x439.jpg', 'https://s1.ljcdn.com/matrix_lianjia_pc/dist/pc/src/resource/default/780-439.png?_v=201906280941017d9', 'https://s1.ljcdn.com/matrix_lianjia_pc/dist/pc/src/resource/default/780-439.png?_v=201906280941017d9', 'https://s1.ljcdn.com/matrix_lianjia_pc/dist/pc/src/resource/default/780-439.png?_v=201906280941017d9', 'https://s1.ljcdn.com/matrix_lianjia_pc/dist/pc/src/resource/default/780-439.png?_v=201906280941017d9', 'https://s1.ljcdn.com/matrix_lianjia_pc/dist/pc/src/resource/default/780-439.png?_v=201906280941017d9', 'https://s1.ljcdn.com/matrix_lianjia_pc/dist/pc/src/resource/default/780-439.png?_v=201906280941017d9']",1个月前,随时入住,1年,随时可看,7/29层,暂无数据,暂无数据,商水,商电,有,暂无数据,"['精装', '随时看房']",[],22.572816,113.903158
https://sz.lianjia.com/zufang/SZ2260279552083771392.html,罗湖区,万象城,整租·和平新居 3室1厅 东南,7300元/月 ,整租,3室1厅2卫,88㎡,朝东南,"['https://image1.ljcdn.com/440300-inspection/896cc96d-3c25-4559-ac6d-0faec087ea03.jpg.780x439.jpg', 'https://s1.ljcdn.com/matrix_lianjia_pc/dist/pc/src/resource/default/780-439.png?_v=201906280941017d9', 'https://s1.ljcdn.com/matrix_lianjia_pc/dist/pc/src/resource/default/780-439.png?_v=201906280941017d9', 'https://s1.ljcdn.com/matrix_lianjia_pc/dist/pc/src/resource/default/780-439.png?_v=201906280941017d9', 'https://s1.ljcdn.com/matrix_lianjia_pc/dist/pc/src/resource/default/780-439.png?_v=201906280941017d9']",1个月前,2019-07-09,1年以内,暂无数据,中楼层/6层,无,暂无数据,民水,民电,有,暂无数据,"['近地铁', '双卫生间']","['9号线 - 鹿丹村', '612m', '1号线(罗宝线) - 罗湖', '948m', '1号线(罗宝线) - 国贸', '949m', '9号线 - 人民南', '1072m']",22.541650263906,114.11948949312
https://sz.lianjia.com/zufang/SZ2210792122611662848.html,福田区,福田保税区,朗庭豪园 2室2厅 东南,6500元/月 ,租赁方式未知,2室2厅1卫,72㎡,朝东南,"['https://image1.ljcdn.com/440300-inspection/0fad07d5-dee6-4e5d-b84d-87f54c7241bd.jpg.780x439.jpg', 'https://s1.ljcdn.com/matrix_lianjia_pc/dist/pc/src/resource/default/780-439.png?_v=201906280941017d9', 'https://s1.ljcdn.com/matrix_lianjia_pc/dist/pc/src/resource/default/780-439.png?_v=201906280941017d9', 'https://s1.ljcdn.com/matrix_lianjia_pc/dist/pc/src/resource/default/780-439.png?_v=201906280941017d9', 'https://s1.ljcdn.com/matrix_lianjia_pc/dist/pc/src/resource/default/780-439.png?_v=201906280941017d9', 'https://s1.ljcdn.com/matrix_lianjia_pc/dist/pc/src/resource/default/780-439.png?_v=201906280941017d9', 'https://s1.ljcdn.com/matrix_lianjia_pc/dist/pc/src/resource/default/780-439.png?_v=201906280941017d9']",3个月前,随时入住,暂无数据,一般下班后可看,低楼层/18层,有,暂无数据,民水,民电,有,暂无数据,"['近地铁', '随时看房']","['4号线(龙华线) - 福田口岸', '1076m']",22.516312,114.066494
https://sz.lianjia.com/zufang/SZ2272910368160620544.html,南山区,后海,整租·深蓝季节 1室1厅 东南,6000元/月 ,整租,1室1厅1卫,37㎡,朝东南,"['https://image1.ljcdn.com/440300-inspection/262dbff1-d892-4304-9a2c-135e4e1099dd.jpg.780x439.jpg', 'https://s1.ljcdn.com/matrix_lianjia_pc/dist/pc/src/resource/default/780-439.png?_v=201906280941017d9', 'https://s1.ljcdn.com/matrix_lianjia_pc/dist/pc/src/resource/default/780-439.png?_v=201906280941017d9', 'https://s1.ljcdn.com/matrix_lianjia_pc/dist/pc/src/resource/default/780-439.png?_v=201906280941017d9', 'https://s1.ljcdn.com/matrix_lianjia_pc/dist/pc/src/resource/default/780-439.png?_v=201906280941017d9', 'https://s1.ljcdn.com/matrix_lianjia_pc/dist/pc/src/resource/default/780-439.png?_v=201906280941017d9', 'https://s1.ljcdn.com/matrix_lianjia_pc/dist/pc/src/resource/default/780-439.png?_v=201906280941017d9']",23天前,随时入住,1~2年,需提前预约,高楼层/32层,有,暂无数据,民水,民电,有,暂无数据,"['精装', '随时看房']",[],22.518627,113.935106
https://sz.lianjia.com/zufang/SZ2288872955775819776.html,南山区,前海,整租·星海名城五期 2室1厅 东南,6600元/月 (月付价),整租,2室1厅1卫,50㎡,朝 东南,"['https://image1.ljcdn.com/rent-user-avatar/01349870-c1da-4566-b2fd-7158fc627927.780x439.jpg', 'https://s1.ljcdn.com/matrix_lianjia_pc/dist/pc/src/resource/default/780-439.png?_v=201906280941017d9', 'https://s1.ljcdn.com/matrix_lianjia_pc/dist/pc/src/resource/default/780-439.png?_v=201906280941017d9', 'https://s1.ljcdn.com/matrix_lianjia_pc/dist/pc/src/resource/default/780-439.png?_v=201906280941017d9', 'https://s1.ljcdn.com/matrix_lianjia_pc/dist/pc/src/resource/default/780-439.png?_v=201906280941017d9', 'https://s1.ljcdn.com/matrix_lianjia_pc/dist/pc/src/resource/default/780-439.png?_v=201906280941017d9', 'https://s1.ljcdn.com/matrix_lianjia_pc/dist/pc/src/resource/default/780-439.png?_v=201906280941017d9']",2天前,随时入住,6~12个月,随时可看,29/38层,有,暂无数据,民水,民电,有,暂无数据,"['公寓', '月租', '近地铁', '精装', '新上', '随时看房']","['1号线(罗宝线) - 大新', '981m']",22.546276137947,113.9196741867
https://sz.lianjia.com/zufang/SZ2286714504660123648.html,福田区,石厦,整租·瑞和园 3室2厅 东南,8000元/月 (季付价),整租,3室2厅1卫,85㎡,朝东南,"['https://image1.ljcdn.com/rent-user-avatar/3cf6fccf-4bf6-4139-be00-1a11e32d3a39.780x439.jpg', 'https://s1.ljcdn.com/matrix_lianjia_pc/dist/pc/src/resource/default/780-439.png?_v=201906280941017d9', 'https://s1.ljcdn.com/matrix_lianjia_pc/dist/pc/src/resource/default/780-439.png?_v=201906280941017d9', 'https://s1.ljcdn.com/matrix_lianjia_pc/dist/pc/src/resource/default/780-439.png?_v=201906280941017d9', 'https://s1.ljcdn.com/matrix_lianjia_pc/dist/pc/src/resource/default/780-439.png?_v=201906280941017d9', 'https://s1.ljcdn.com/matrix_lianjia_pc/dist/pc/src/resource/default/780-439.png?_v=201906280941017d9', 'https://s1.ljcdn.com/matrix_lianjia_pc/dist/pc/src/resource/default/780-439.png?_v=201906280941017d9', 'https://s1.ljcdn.com/matrix_lianjia_pc/dist/pc/src/resource/default/780-439.png?_v=201906280941017d9', 'https://s1.ljcdn.com/matrix_lianjia_pc/dist/pc/src/resource/default/780-439.png?_v=201906280941017d9']",5天前,随时入住,1年以上,随时可看,17/18层,有,暂无数据,民水,民电,无,暂无数据,"['近地铁', '精装', '新上', '随时看房']","['3号线(龙岗线),7号线 - 石厦', '214m', '7号线 - 皇岗村', '338m', '4号线(龙华线),7号线 - 福民', '1023m']",22.529096,114.062309
https://sz.lianjia.com/zufang/SZ2276832351193399296.html,宝安区,碧海,松茂御龙湾 1室1厅 东南,5500元/月 ,租赁方式未知,1室1厅1卫,49㎡,朝东南,"['https://image1.ljcdn.com/440300-inspection/06084349-845b-4691-9530-3c1545369518.jpg.780x439.jpg', 'https://s1.ljcdn.com/matrix_lianjia_pc/dist/pc/src/resource/default/780-439.png?_v=201906280941017d9', 'https://s1.ljcdn.com/matrix_lianjia_pc/dist/pc/src/resource/default/780-439.png?_v=201906280941017d9', 'https://s1.ljcdn.com/matrix_lianjia_pc/dist/pc/src/resource/default/780-439.png?_v=201906280941017d9', 'https://s1.ljcdn.com/matrix_lianjia_pc/dist/pc/src/resource/default/780-439.png?_v=201906280941017d9', 'https://s1.ljcdn.com/matrix_lianjia_pc/dist/pc/src/resource/default/780-439.png?_v=201906280941017d9']",19天前,随时入住,暂无数据,需提前预约,中楼层/29层,有,暂无数据,商水,商电,无,暂无数据,['近地铁'],"['11号线 - 碧海湾', '360m', '1号线(罗宝线) - 西乡', '1144m']",22.579843,113.859969
https://sz.lianjia.com/zufang/SZ2271424145974116352.html,罗湖区,春风路,金城大厦 2室1厅 东南,5200元/月 ,租赁方式未知,2室1厅1卫,48㎡,朝东南,"['https://image1.ljcdn.com/440300-inspection/1a9595b9-ea02-47a4-891d-fefb2ac9602a.jpg.780x439.jpg', 'https://s1.ljcdn.com/matrix_lianjia_pc/dist/pc/src/resource/default/780-439.png?_v=201906280941017d9', 'https://s1.ljcdn.com/matrix_lianjia_pc/dist/pc/src/resource/default/780-439.png?_v=201906280941017d9', 'https://s1.ljcdn.com/matrix_lianjia_pc/dist/pc/src/resource/default/780-439.png?_v=201906280941017d9', 'https://s1.ljcdn.com/matrix_lianjia_pc/dist/pc/src/resource/default/780-439.png?_v=201906280941017d9', 'https://s1.ljcdn.com/matrix_lianjia_pc/dist/pc/src/resource/default/780-439.png?_v=201906280941017d9']",26天前,随时入住,暂无数据,暂无数据,中楼层/23层,有,暂无数据,民水,民电,有,暂无数据,['近地铁'],"['2号线(蛇口线) - 湖贝', '322m', '1号线(罗宝线) - 国贸', '432m', '1号线(罗宝线),3号线(龙岗线) - 老街', '440m', '9号线 - 向西村', '522m', '3号线(龙岗线) - 晒布', '593m', '9号线 - 人民南', '1026m', '9号线 - 文锦', '1165m']",22.549305054843,114.12846203069
https://sz.lianjia.com/zufang/SZ2287066735422996480.html,龙岗区,坂田,中海月朗苑 3室2厅 东南,5500元/月 ,租赁方式未知,3室2厅1卫,70㎡,朝东南,"['https://image1.ljcdn.com/440300-inspection/ebc7caba-ba22-4a22-badb-5847bcd7425f.jpg.780x439.jpg', 'https://s1.ljcdn.com/matrix_lianjia_pc/dist/pc/src/resource/default/780-439.png?_v=201906280941017d9', 'https://s1.ljcdn.com/matrix_lianjia_pc/dist/pc/src/resource/default/780-439.png?_v=201906280941017d9', 'https://s1.ljcdn.com/matrix_lianjia_pc/dist/pc/src/resource/default/780-439.png?_v=201906280941017d9', 'https://s1.ljcdn.com/matrix_lianjia_pc/dist/pc/src/resource/default/780-439.png?_v=201906280941017d9', 'https://s1.ljcdn.com/matrix_lianjia_pc/dist/pc/src/resource/default/780-439.png?_v=201906280941017d9', 'https://s1.ljcdn.com/matrix_lianjia_pc/dist/pc/src/resource/default/780-439.png?_v=201906280941017d9', 'https://s1.ljcdn.com/matrix_lianjia_pc/dist/pc/src/resource/default/780-439.png?_v=201906280941017d9', 'https://s1.ljcdn.com/matrix_lianjia_pc/dist/pc/src/resource/default/780-439.png?_v=201906280941017d9']",今天,2019-07-02,暂无数据,需提前预约,高楼层/11层,有,暂无数据,民水,民电,有,暂无数据,['新上'],[],22.621592575591,114.07327143578
https://sz.lianjia.com/zufang/SZ2280887052474261504.html,南山区,科技园,整租·松坪村西区三期 2室1厅 东南,6000元/月 ,整租,2室1厅1卫,49㎡,朝东南,"['https://image1.ljcdn.com/440300-inspection/prod-748309ac-d48c-433c-a900-773b181460e4.jpg.780x439.jpg', 'https://s1.ljcdn.com/matrix_lianjia_pc/dist/pc/src/resource/default/780-439.png?_v=201906280941017d9', 'https://s1.ljcdn.com/matrix_lianjia_pc/dist/pc/src/resource/default/780-439.png?_v=201906280941017d9', 'https://s1.ljcdn.com/matrix_lianjia_pc/dist/pc/src/resource/default/780-439.png?_v=201906280941017d9', 'https://s1.ljcdn.com/matrix_lianjia_pc/dist/pc/src/resource/default/780-439.png?_v=201906280941017d9', 'https://s1.ljcdn.com/matrix_lianjia_pc/dist/pc/src/resource/default/780-439.png?_v=201906280941017d9']",13天前,随时入住,1~2年,需提前预约,中楼层/33层,有,租用车位,暂无数据,暂无数据,有,暂无数据,['精装'],[],22.564744734159,113.96202167446
