房源地址,行政区,位置,标题,租金,租赁方式,户型,面积,朝向,图片列表,发布时间,入住时间,租期,看房时间,楼层,电梯,车位,用水,用电,燃气,采暖,标签,station,latitude,longtitude
https://sz.lianjia.com/zufang/SZ2281654827564417024.html,罗湖区,春风路,整租·置地逸轩 1室1厅 东南,5300元/月 (月付价),整租,1室1厅1卫,30㎡,朝东南,"['https://image1.ljcdn.com/rent-user-avatar/138a62c6-3dbc-495c-8306-7edac5a9d8f9.780x439.jpg', 'https://s1.ljcdn.com/matrix_lianjia_pc/dist/pc/src/resource/default/780-439.png?_v=201906280941017d9', 'https://s1.ljcdn.com/matrix_lianjia_pc/dist/pc/src/resource/default/780-439.png?_v=201906280941017d9', 'https://s1.ljcdn.com/matrix_lianjia_pc/dist/pc/src/resource/default/780-439.png?_v=201906280941017d9', 'https://s1.ljcdn.com/matrix_lianjia_pc/dist/pc/src/resource/default/780-439.png?_v=201906280941017d9', 'https://s1.ljcdn.com/matrix_lianjia_pc/dist/pc/src/resource/default/780-439.png?_v=201906280941017d9', 'https://s1.ljcdn.com/matrix_lianjia_pc/dist/pc/src/resource/default/780-439.png?_v=201906280941017d9']",12天前,随时入住,3~24个月,随时可看,7/33层,有,暂无数据,民水,民电,有,暂无数据,"['公寓', '月租', '近地铁', '精装', '随时看房']","['9号线 - 人民南', '307m', '1号线(罗宝线) - 国贸', '427m', '9号线 - 向西村', '506m', '1号线(罗宝线) - 罗湖', '605m', '1号线(罗宝线),3号线(龙岗线) - 老街', '935m', '2号线(蛇口线) - 湖贝', '1080m']",22.543731462618,114.12763994331
https://sz.lianjia.com/zufang/SZ2268114135634157568.html,龙华区,民治,春华四季园二期 3室2厅 东南,5300元/月 ,租赁方式未知,3室2厅1卫,74㎡,朝东南,"['https://image1.ljcdn.com/440300-inspection/rsp_pic_upload39dee007-f020-4052-9a19-9789ee14ce73.jpg.780x439.jpg', 'https://s1.ljcdn.com/matrix_lianjia_pc/dist/pc/src/resource/default/780-439.png?_v=201906280941017d9', 'https://s1.ljcdn.com/matrix_lianjia_pc/dist/pc/src/resource/default/780-439.png?_v=201906280941017d9', 'https://s1.ljcdn.com/matrix_lianjia_pc/dist/pc/src/resource/default/780-439.png?_v=201906280941017d9', 'https://s1.ljcdn.com/matrix_lianjia_pc/dist/pc/src/resource/default/780-439.png?_v=201906280941017d9', 'https://s1.ljcdn.com/matrix_lianjia_pc/dist/pc/src/resource/default/780-439.png?_v=201906280941017d9', 'https://s1.ljcdn.com/matrix_lianjia_pc/dist/pc/src/resource/default/780-439.png?_v=201906280941017d9', 'https://s1.ljcdn.com/matrix_lianjia_pc/dist/pc/src/resource/default/780-439.png?_v=201906280941017d9', 'https://s1.ljcdn.com/matrix_lianjia_pc/dist/pc/src/resource/default/780-439.png?_v=201906280941017d9', 'https://s1.ljcdn.com/matrix_lianjia_pc/dist/pc/src/resource/default/780-439.png?_v=201906280941017d9']",1个月前,随时入住,暂无数据,需提前预约,高楼层/17层,有,暂无数据,民水,民电,有,暂无数据,[],[],22.627596791881,114.05804908442
https://sz.lianjia.com/zufang/SZ2287399844874297344.html,福田区,新洲,嘉葆润金座 2室1厅 复式 东南,7500元/月 ,租赁方式未知,2室1厅2卫,35㎡,朝东南,"['https://image1.ljcdn.com/440300-inspection/21ab3ce3-b138-4ec2-a455-7eb0df6121cf.jpg.780x439.jpg', 'https://s1.ljcdn.com/matrix_lianjia_pc/dist/pc/src/resource/default/780-439.png?_v=201906280941017d9', 'https://s1.ljcdn.com/matrix_lianjia_pc/dist/pc/src/resource/default/780-439.png?_v=201906280941017d9', 'https://s1.ljcdn.com/matrix_lianjia_pc/dist/pc/src/resource/default/780-439.png?_v=201906280941017d9', 'https://s1.ljcdn.com/matrix_lianjia_pc/dist/pc/src/resource/default/780-439.png?_v=201906280941017d9', 'https://s1.ljcdn.com/matrix_lianjia_pc/dist/pc/src/resource/default/780-439.png?_v=201906280941017d9', 'https://s1.ljcdn.com/matrix_lianjia_pc/dist/pc/src/resource/default/780-439.png?_v=201906280941017d9', 'https://s1.ljcdn.com/matrix_lianjia_pc/dist/pc/src/resource/default/780-439.png?_v=201906280941017d9', 'https://s1.ljcdn.com/matrix_lianjia_pc/dist/pc/src/resource/default/780-439.png?_v=201906280941017d9', 'https://s1.ljcdn.com/matrix_lianjia_pc/dist/pc/src/resource/default/780-439.png?_v=201906280941017d9']",4天前,随时入住,暂无数据,需提前预约,中楼层/20层,有,暂无数据,民水,民电,有,暂无数据,"['近地铁', '新上']","['7号线 - 沙尾', '736m', '3号线(龙岗线),7号线 - 石厦', '835m']",22.530104171103,114.05386329166
https://sz.lianjia.com/zufang/SZ2285525794270740480.html,南山区,前海,诺德假日花园 2室1厅 东南,6600元/月 ,租赁方式未知,2室1厅1卫,66㎡,朝东南,"['https://image1.ljcdn.com/440300-inspection/a3c1f0f9-aff5-4d03-babe-d66e1e331979.jpg.780x439.jpg', 'https://s1.ljcdn.com/matrix_lianjia_pc/dist/pc/src/resource/default/780-439.png?_v=201906280941017d9', 'https://s1.ljcdn.com/matrix_lianjia_pc/dist/pc/src/resource/default/780-439.png?_v=201906280941017d9', 'https://s1.ljcdn.com/matrix_lianjia_pc/dist/pc/src/resource/default/780-439.png?_v=201906280941017d9', 'https://s1.ljcdn.com/matrix_lianjia_pc/dist/pc/src/resource/default/780-439.png?_v=201906280941017d9', 'https://s1.ljcdn.com/matrix_lianjia_pc/dist/pc/src/resource/default/780-439.png?_v=201906280941017d9', 'https://s1.ljcdn.com/matrix_lianjia_pc/dist/pc/src/resource/default/780-439.png?_v=201906280941017d9']",4天前,随时入住,暂无数据,需提前预约,低楼层/29层,有,暂无数据,民水,民电,有,暂无数据,"['新上', '随时看房']",[],22.51623,113.909861
https://sz.lianjia.com/zufang/SZ2289017514677501952.html,福田区,皇岗,整租·高发城驰苑 1室1厅 东南,5500元/月 (月付价),整租,1室1厅1卫,38㎡,朝东南,"['https://image1.ljcdn.com/rent-user-avatar/5f7ea468-4ab6-411c-ba33-17774bf299bf.780x439.jpg', 'https://s1.ljcdn.com/matrix_lianjia_pc/dist/pc/src/resource/default/780-439.png?_v=201906280941017d9', 'https://s1.ljcdn.com/matrix_lianjia_pc/dist/pc/src/resource/default/780-439.png?_v=201906280941017d9', 'https://s1.ljcdn.com/matrix_lianjia_pc/dist/pc/src/resource/default/780-439.png?_v=201906280941017d9']",2天前,随时入住,1~3年,随时可看,26/32层,有,暂无数据,民水,民电,有,暂无数据,"['近地铁', '精装', '新上', '随时看房']","['7号线 - 皇岗村', '75m', '3号线(龙岗线),7号线 - 石厦', '468m', '4号线(龙华线),7号线 - 福民', '785m']",22.528146125506,114.06425891936
https://sz.lianjia.com/zufang/SZ2289556641395785728.html,宝安区,西乡,整租·天福华府 4室1厅 东南,6600元/月 (月付价),整租,4室1厅1卫,117㎡,朝东南,"['https://image1.ljcdn.com/rent-user-avatar/234ea353-5c54-4a54-b602-50ea4e252f55.780x439.jpg', 'https://s1.ljcdn.com/matrix_lianjia_pc/dist/pc/src/resource/default/780-439.png?_v=201906280941017d9', 'https://s1.ljcdn.com/matrix_lianjia_pc/dist/pc/src/resource/default/780-439.png?_v=201906280941017d9', 'https://s1.ljcdn.com/matrix_lianjia_pc/dist/pc/src/resource/default/780-439.png?_v=201906280941017d9', 'https://s1.ljcdn.com/matrix_lianjia_pc/dist/pc/src/resource/default/780-439.png?_v=201906280941017d9', 'https://s1.ljcdn.com/matrix_lianjia_pc/dist/pc/src/resource/default/780-439.png?_v=201906280941017d9', 'https://s1.ljcdn.com/matrix_lianjia_pc/dist/pc/src/resource/default/780-439.png?_v=201906280941017d9', 'https://s1.ljcdn.com/matrix_lianjia_pc/dist/pc/src/resource/default/780-439.png?_v=201906280941017d9', 'https://s1.ljcdn.com/matrix_lianjia_pc/dist/pc/src/resource/default/780-439.png?_v=201906280941017d9', 'https://s1.ljcdn.com/matrix_lianjia_pc/dist/pc/src/resource/default/780-439.png?_v=201906280941017d9', 'https://s1.ljcdn.com/matrix_lianjia_pc/dist/pc/src/resource/default/780-439.png?_v=201906280941017d9']",1天前,2019-07-20,6个月以上,随时可看,11/25层,有,暂无数据,民水,民电,有,暂无数据,"['公寓', '月租', '近地铁', '精装', '新上', '随时看房']","['1号线(罗宝线) - 后瑞', '1086m']",22.640991,113.845488
https://sz.lianjia.com/zufang/SZ2283112983775150080.html,福田区,皇岗,高发城驰苑 2室1厅 东南,7200元/月 ,租赁方式未知,2室1厅1卫,55㎡,朝东南,"['http://vrlab-image.ljcdn.com/release/auto3dhd/c99832ee11363da4209f8eed1ee1d089/screenshot/1561519279_0/pc0_IlIUQCFtp.jpg.q_70.jpg', 'https://s1.ljcdn.com/matrix_lianjia_pc/dist/pc/src/resource/default/780-439.png?_v=201906280941017d9', 'https://s1.ljcdn.com/matrix_lianjia_pc/dist/pc/src/resource/default/780-439.png?_v=201906280941017d9', 'https://s1.ljcdn.com/matrix_lianjia_pc/dist/pc/src/resource/default/780-439.png?_v=201906280941017d9', 'https://s1.ljcdn.com/matrix_lianjia_pc/dist/pc/src/resource/default/780-439.png?_v=201906280941017d9']",9天前,随时入住,暂无数据,需提前预约,中楼层/32层,有,暂无数据,民水,民电,有,暂无数据,"['近地铁', '随时看房']","['7号线 - 皇岗村', '75m', '3号线(龙岗线),7号线 - 石厦', '468m', '4号线(龙华线),7号线 - 福民', '785m']",22.528266405313,114.06396930052
https://sz.lianjia.com/zufang/SZ2286643045824724992.html,南山区,白石洲,侨城馨苑 2室1厅 东南,8000元/月 ,租赁方式未知,2室1厅1卫,79㎡,朝东南,"['https://image1.ljcdn.com/440300-inspection/prod-42b54612-d5ad-4d1c-890e-c297048d830d.jpg.780x439.jpg', 'https://s1.ljcdn.com/matrix_lianjia_pc/dist/pc/src/resource/default/780-439.png?_v=201906280941017d9', 'https://s1.ljcdn.com/matrix_lianjia_pc/dist/pc/src/resource/default/780-439.png?_v=201906280941017d9', 'https://s1.ljcdn.com/matrix_lianjia_pc/dist/pc/src/resource/default/780-439.png?_v=201906280941017d9', 'https://s1.ljcdn.com/matrix_lianjia_pc/dist/pc/src/resource/default/780-439.png?_v=201906280941017d9', 'https://s1.ljcdn.com/matrix_lianjia_pc/dist/pc/src/resource/default/780-439.png?_v=201906280941017d9', 'https://s1.ljcdn.com/matrix_lianjia_pc/dist/pc/src/resource/default/780-439.png?_v=201906280941017d9']",5天前,随时入住,暂无数据,需提前预约,高楼层/31层,有,暂无数据,民水,民电,有,暂无数据,['新上'],[],22.5547161969,113.97390414269
https://sz.lianjia.com/zufang/SZ2289008638313889792.html,福田区,华强北,都会100 1室1厅 东南,6000元/月 ,租赁方式未知,1室1厅1卫,36㎡,朝东南,"['https://image1.ljcdn.com/440300-inspection/2203160d-ac7d-4917-bc8c-83fb43ce1a68.jpg.780x439.jpg', 'https://s1.ljcdn.com/matrix_lianjia_pc/dist/pc/src/resource/default/780-439.png?_v=201906280941017d9', 'https://s1.ljcdn.com/matrix_lianjia_pc/dist/pc/src/resource/default/780-439.png?_v=201906280941017d9', 'https://s1.ljcdn.com/matrix_lianjia_pc/dist/pc/src/resource/default/780-439.png?_v=201906280941017d9', 'https://s1.ljcdn.com/matrix_lianjia_pc/dist/pc/src/resource/default/780-439.png?_v=201906280941017d9', 'https://s1.ljcdn.com/matrix_lianjia_pc/dist/pc/src/resource/default/780-439.png?_v=201906280941017d9', 'https://s1.ljcdn.com/matrix_lianjia_pc/dist/pc/src/resource/default/780-439.png?_v=201906280941017d9']",2天前,2019-07-05,暂无数据,需提前预约,中楼层/31层,有,暂无数据,民水,民电,有,暂无数据,"['近地铁', '新上']","['1号线(罗宝线) - 华强路', '222m', '2号线(蛇口线),7号线 - 华强北', '303m', '7号线 - 华强南', '704m', '3号线(龙岗线),7号线 - 华新', '863m', '2号线(蛇口线) - 燕南', '960m', '1号线(罗宝线) - 科学馆', '1073m']",22.547857,114.091273
https://sz.lianjia.com/zufang/SZ2284656481481523200.html,福田区,皇岗,整租·紫光名苑 1室1厅 东南,5500元/月 (月付价),整租,1室1厅1卫,50㎡,朝东南,"['https://image1.ljcdn.com/rent-user-avatar/46e1b59d-7dff-4ced-b9e5-a28c53ad7a9c.780x439.jpg', 'https://s1.ljcdn.com/matrix_lianjia_pc/dist/pc/src/resource/default/780-439.png?_v=201906280941017d9', 'https://s1.ljcdn.com/matrix_lianjia_pc/dist/pc/src/resource/default/780-439.png?_v=201906280941017d9', 'https://s1.ljcdn.com/matrix_lianjia_pc/dist/pc/src/resource/default/780-439.png?_v=201906280941017d9', 'https://s1.ljcdn.com/matrix_lianjia_pc/dist/pc/src/resource/default/780-439.png?_v=201906280941017d9', 'https://s1.ljcdn.com/matrix_lianjia_pc/dist/pc/src/resource/default/780-439.png?_v=201906280941017d9', 'https://s1.ljcdn.com/matrix_lianjia_pc/dist/pc/src/resource/default/780-439.png?_v=201906280941017d9', 'https://s1.ljcdn.com/matrix_lianjia_pc/dist/pc/src/resource/default/780-439.png?_v=201906280941017d9']",8天前,随时入住,1年,需提前预约,11/31层,暂无数据,暂无数据,暂无数据,暂无数据,暂无数据,暂无数据,"['公寓', '近地铁', '精装']","['4号线(龙华线),7号线 - 福民', '219m', '7号线 - 皇岗村', '1052m', '4号线(龙华线) - 福田口岸', '1191m']",22.53005,114.074128
https://sz.lianjia.com/zufang/SZ2288919330802909184.html,罗湖区,黄贝岭,整租·深业东岭 2室1厅 东南,6700元/月 (月付价),整租,2室1厅1卫,57㎡,朝 东南,"['https://image1.ljcdn.com/rent-user-avatar/727a2dfa-3ee3-4361-9c50-2e5dbd1c6997.780x439.jpg', 'https://s1.ljcdn.com/matrix_lianjia_pc/dist/pc/src/resource/default/780-439.png?_v=201906280941017d9', 'https://s1.ljcdn.com/matrix_lianjia_pc/dist/pc/src/resource/default/780-439.png?_v=201906280941017d9', 'https://s1.ljcdn.com/matrix_lianjia_pc/dist/pc/src/resource/default/780-439.png?_v=201906280941017d9', 'https://s1.ljcdn.com/matrix_lianjia_pc/dist/pc/src/resource/default/780-439.png?_v=201906280941017d9', 'https://s1.ljcdn.com/matrix_lianjia_pc/dist/pc/src/resource/default/780-439.png?_v=201906280941017d9']",2天前,随时入住,1年,随时可看,20/41层,暂无数据,暂无数据,民水,民电,有,暂无数据,"['公寓', '精装', '新上', '随时看房']",[],22.556084,114.14716
https://sz.lianjia.com/zufang/SZ2287566993408131072.html,南山区,前海,泛海城市广场 1室1厅 东南,5800元/月 ,租赁方式未知,1室1厅1卫,41㎡,朝东南,"['https://image1.ljcdn.com/440300-inspection/e4deb1b3-0fc2-43b7-bc36-79479f3defd2.jpg.780x439.jpg', 'https://s1.ljcdn.com/matrix_lianjia_pc/dist/pc/src/resource/default/780-439.png?_v=201906280941017d9', 'https://s1.ljcdn.com/matrix_lianjia_pc/dist/pc/src/resource/default/780-439.png?_v=201906280941017d9', 'https://s1.ljcdn.com/matrix_lianjia_pc/dist/pc/src/resource/default/780-439.png?_v=201906280941017d9', 'https://s1.ljcdn.com/matrix_lianjia_pc/dist/pc/src/resource/default/780-439.png?_v=201906280941017d9']",4天前,2019-07-20,暂无数据,暂无数据,高楼层/25层,暂无数据,暂无数据,民水,民电,有,暂无数据,['新上'],[],22.502003,113.899041
https://sz.lianjia.com/zufang/SZ2283312237785382912.html,龙岗区,布吉大芬,康达尔花园二期 4室2厅 东南,5000元/月 ,租赁方式未知,4室2厅2卫,97㎡,朝东南,"['https://image1.ljcdn.com/440300-inspection/a77f74bf-1321-4bcd-b37d-16125c8d653d.jpg.780x439.jpg', 'https://s1.ljcdn.com/matrix_lianjia_pc/dist/pc/src/resource/default/780-439.png?_v=201906280941017d9', 'https://s1.ljcdn.com/matrix_lianjia_pc/dist/pc/src/resource/default/780-439.png?_v=201906280941017d9', 'https://s1.ljcdn.com/matrix_lianjia_pc/dist/pc/src/resource/default/780-439.png?_v=201906280941017d9', 'https://s1.ljcdn.com/matrix_lianjia_pc/dist/pc/src/resource/default/780-439.png?_v=201906280941017d9', 'https://s1.ljcdn.com/matrix_lianjia_pc/dist/pc/src/resource/default/780-439.png?_v=201906280941017d9', 'https://s1.ljcdn.com/matrix_lianjia_pc/dist/pc/src/resource/default/780-439.png?_v=201906280941017d9', 'https://s1.ljcdn.com/matrix_lianjia_pc/dist/pc/src/resource/default/780-439.png?_v=201906280941017d9', 'https://s1.ljcdn.com/matrix_lianjia_pc/dist/pc/src/resource/default/780-439.png?_v=201906280941017d9', 'https://s1.ljcdn.com/matrix_lianjia_pc/dist/pc/src/resource/default/780-439.png?_v=201906280941017d9', 'https://s1.ljcdn.com/matrix_lianjia_pc/dist/pc/src/resource/default/780-439.png?_v=201906280941017d9', 'https://s1.ljcdn.com/matrix_lianjia_pc/dist/pc/src/resource/default/780-439.png?_v=201906280941017d9']",10天前,随时入住,暂无数据,需提前预约,中楼层/9层,有,暂无数据,民水,民电,有,暂无数据,['近地铁'],"['3号线(龙岗线) - 大芬', '312m']",22.622995,114.144335
https://sz.lianjia.com/zufang/SZ2286254844282929152.html,龙华区,上塘,特发和平里 4室1厅 复式 东南,7000元/月 ,租赁方式未知,4室1厅2卫,88㎡,朝东南,"['http://vrlab-image.ljcdn.com/release/auto3dhd/e26cbc08ff3112e32db6f7c8c26b3457/screenshot/1561088579_0/pc0_yKtzugWbr.jpg.q_70.jpg', 'https://s1.ljcdn.com/matrix_lianjia_pc/dist/pc/src/resource/default/780-439.png?_v=201906280941017d9', 'https://s1.ljcdn.com/matrix_lianjia_pc/dist/pc/src/resource/default/780-439.png?_v=201906280941017d9', 'https://s1.ljcdn.com/matrix_lianjia_pc/dist/pc/src/resource/default/780-439.png?_v=201906280941017d9', 'https://s1.ljcdn.com/matrix_lianjia_pc/dist/pc/src/resource/default/780-439.png?_v=201906280941017d9', 'https://s1.ljcdn.com/matrix_lianjia_pc/dist/pc/src/resource/default/780-439.png?_v=201906280941017d9', 'https://s1.ljcdn.com/matrix_lianjia_pc/dist/pc/src/resource/default/780-439.png?_v=201906280941017d9']",6天前,随时入住,暂无数据,需提前预约,低楼层/29层,有,暂无数据,民水,民电,有,暂无数据,"['近地铁', '新上', '随时看房']","['4号线(龙华线) - 龙胜', '92m', '4号线(龙华线) - 上塘', '796m']",22.649534,114.01931
https://sz.lianjia.com/zufang/SZ2276702815248457728.html,福田区,皇岗,整租·广银大厦 1室0厅 东南,5800元/月 (月付价),整租,1室0厅1卫,40㎡,朝东南,"['https://image1.ljcdn.com/rent-user-avatar/2a3e4630-fdb8-4c1a-8daf-030bba7611bf.780x439.jpg', 'https://s1.ljcdn.com/matrix_lianjia_pc/dist/pc/src/resource/default/780-439.png?_v=201906280941017d9', 'https://s1.ljcdn.com/matrix_lianjia_pc/dist/pc/src/resource/default/780-439.png?_v=201906280941017d9', 'https://s1.ljcdn.com/matrix_lianjia_pc/dist/pc/src/resource/default/780-439.png?_v=201906280941017d9']",19天前,随时入住,1年以上,随时可看,14/19层,暂无数据,暂无数据,暂无数据,暂无数据,无,暂无数据,"['公寓', '精装', '随时看房']",[],22.533928,114.084204
https://sz.lianjia.com/zufang/SZ2289870117183692800.html,罗湖区,黄贝岭,整租·靖轩豪苑 2室2厅 东南,7600元/月 (月付价),整租,2室2厅1卫,72㎡,朝 东南,"['https://image1.ljcdn.com/rent-user-avatar/2a1d7df3-f960-4af9-bc3f-d38d14771277.780x439.jpg', 'https://s1.ljcdn.com/matrix_lianjia_pc/dist/pc/src/resource/default/780-439.png?_v=201906280941017d9', 'https://s1.ljcdn.com/matrix_lianjia_pc/dist/pc/src/resource/default/780-439.png?_v=201906280941017d9', 'https://s1.ljcdn.com/matrix_lianjia_pc/dist/pc/src/resource/default/780-439.png?_v=201906280941017d9', 'https://s1.ljcdn.com/matrix_lianjia_pc/dist/pc/src/resource/default/780-439.png?_v=201906280941017d9', 'https://s1.ljcdn.com/matrix_lianjia_pc/dist/pc/src/resource/default/780-439.png?_v=201906280941017d9', 'https://s1.ljcdn.com/matrix_lianjia_pc/dist/pc/src/resource/default/780-439.png?_v=201906280941017d9', 'https://s1.ljcdn.com/matrix_lianjia_pc/dist/pc/src/resource/default/780-439.png?_v=201906280941017d9', 'https://s1.ljcdn.com/matrix_lianjia_pc/dist/pc/src/resource/default/780-439.png?_v=201906280941017d9']",1天前,随时入住,1~3年,随时可看,14/32层,有,暂无数据,民水,民电,无,暂无数据,"['公寓', '精装', '新上', '随时看房']",[],22.55407,114.14559
https://sz.lianjia.com/zufang/SZ2258750837922725888.html,福田区,赤尾,京基御景华城 1室1厅 东南,5100元/月 ,租赁方式未知,1室1厅1卫,39㎡,朝东南,"['http://vrlab-image.ljcdn.com/release/vradmin/1000000023110018/images/cc515247-9202-4059-b88d-4167b26bd417.png.q_70.jpg', 'https://s1.ljcdn.com/matrix_lianjia_pc/dist/pc/src/resource/default/780-439.png?_v=201906280941017d9', 'https://s1.ljcdn.com/matrix_lianjia_pc/dist/pc/src/resource/default/780-439.png?_v=201906280941017d9', 'https://s1.ljcdn.com/matrix_lianjia_pc/dist/pc/src/resource/default/780-439.png?_v=201906280941017d9']",1个月前,随时入住,暂无数据,需提前预约,低楼层/34层,有,暂无数据,民水,民电,有,暂无数据,"['近地铁', '随时看房']","['7号线 - 赤尾', '135m', '7号线 - 华强南', '591m', '1号线(罗宝线) - 华强路', '1002m']",22.538761462211,114.09214392421
https://sz.lianjia.com/zufang/SZ2287407906821513216.html,南山区,前海,星海名城五期 2室1厅 东南,6400元/月 ,租赁方式未知,2室1厅1卫,46㎡,朝东南,"['http://vrlab-image.ljcdn.com/release/vradmin/1000000023025057/images/2b5d79a7-d4a4-478d-a9d0-42197b74a411.png.q_70.jpg', 'https://s1.ljcdn.com/matrix_lianjia_pc/dist/pc/src/resource/default/780-439.png?_v=201906280941017d9', 'https://s1.ljcdn.com/matrix_lianjia_pc/dist/pc/src/resource/default/780-439.png?_v=201906280941017d9', 'https://s1.ljcdn.com/matrix_lianjia_pc/dist/pc/src/resource/default/780-439.png?_v=201906280941017d9', 'https://s1.ljcdn.com/matrix_lianjia_pc/dist/pc/src/resource/default/780-439.png?_v=201906280941017d9', 'https://s1.ljcdn.com/matrix_lianjia_pc/dist/pc/src/resource/default/780-439.png?_v=201906280941017d9', 'https://s1.ljcdn.com/matrix_lianjia_pc/dist/pc/src/resource/default/780-439.png?_v=201906280941017d9']",4天前,随时入住,暂无数据,需提前预约,中楼层/32层,有,暂无数据,民水,民电,有,暂无数据,"['近地铁', '新上', '随时看房']","['1号线(罗宝线) - 大新', '981m']",22.54648251254,113.91937077353
https://sz.lianjia.com/zufang/SZ2277455659354570752.html,龙华区,红山,金地上塘道一期 2室1厅 东南,5300元/月 ,租赁方式未知,2室1厅1卫,65㎡,朝东南,"['https://image1.ljcdn.com/440300-inspection/test-4fee1e94-abd8-4716-8eb5-74a9b24c1736.png.780x439.jpg', 'https://s1.ljcdn.com/matrix_lianjia_pc/dist/pc/src/resource/default/780-439.png?_v=201906280941017d9', 'https://s1.ljcdn.com/matrix_lianjia_pc/dist/pc/src/resource/default/780-439.png?_v=201906280941017d9', 'https://s1.ljcdn.com/matrix_lianjia_pc/dist/pc/src/resource/default/780-439.png?_v=201906280941017d9', 'https://s1.ljcdn.com/matrix_lianjia_pc/dist/pc/src/resource/default/780-439.png?_v=201906280941017d9']",16天前,随时入住,暂无数据,需提前预约,高楼层/24层,有,暂无数据,民水,民电,有,暂无数据,[],[],22.640041917875,114.02876119432
https://sz.lianjia.com/zufang/SZ2268674799834505216.html,宝安区,翻身,整租·前海银鸿 3室1厅 LOFT 东南,5180元/月 (月付价),整租,3室1厅1卫,45㎡,朝东南,"['https://image1.ljcdn.com/rent-user-avatar/880703c9-e77a-4060-bbed-aacaca9f0b2d.780x439.jpg', 'https://s1.ljcdn.com/matrix_lianjia_pc/dist/pc/src/resource/default/780-439.png?_v=201906280941017d9', 'https://s1.ljcdn.com/matrix_lianjia_pc/dist/pc/src/resource/default/780-439.png?_v=201906280941017d9', 'https://s1.ljcdn.com/matrix_lianjia_pc/dist/pc/src/resource/default/780-439.png?_v=201906280941017d9', 'https://s1.ljcdn.com/matrix_lianjia_pc/dist/pc/src/resource/default/780-439.png?_v=201906280941017d9']",1个月前,随时入住,1年,随时可看,17/28层,暂无数据,暂无数据,暂无数据,暂无数据,暂无数据,暂无数据,"['公寓', '精装', '随时看房']",[],22.560721,113.907587
https://sz.lianjia.com/zufang/SZ2215195776823869440.html,福田区,皇岗,整租·紫光名苑 1室1厅 东南,5800元/月 (月付价),整租,1室1厅1卫,51㎡,朝东南,"['https://image1.ljcdn.com/rent-user-avatar/2edeb6cb-a7f3-4b76-9b4a-f45021b82342.780x439.jpg', 'https://s1.ljcdn.com/matrix_lianjia_pc/dist/pc/src/resource/default/780-439.png?_v=201906280941017d9', 'https://s1.ljcdn.com/matrix_lianjia_pc/dist/pc/src/resource/default/780-439.png?_v=201906280941017d9', 'https://s1.ljcdn.com/matrix_lianjia_pc/dist/pc/src/resource/default/780-439.png?_v=201906280941017d9', 'https://s1.ljcdn.com/matrix_lianjia_pc/dist/pc/src/resource/default/780-439.png?_v=201906280941017d9', 'https://s1.ljcdn.com/matrix_lianjia_pc/dist/pc/src/resource/default/780-439.png?_v=201906280941017d9']",3个月前,随时入住,1年,随时可看,11/31层,暂无数据,暂无数据,暂无数据,暂无数据,暂无数据,暂无数据,"['公寓', '近地铁', '精装', '随时看房']","['4号线(龙华线),7号线 - 福民', '219m', '7号线 - 皇岗村', '1052m', '4号线(龙华线) - 福田口岸', '1191m']",22.530034277759,114.07435735343
https://sz.lianjia.com/zufang/SZ2271457569619329024.html,罗湖区,莲塘,合正锦园 2室1厅 东南,5500元/月 ,租赁方式未知,2室1厅1卫,78㎡,朝东南,"['https://image1.ljcdn.com/440300-inspection/f42e4177-c76f-4f20-b510-a29b48fcc00e.png.780x439.jpg', 'https://s1.ljcdn.com/matrix_lianjia_pc/dist/pc/src/resource/default/780-439.png?_v=201906280941017d9', 'https://s1.ljcdn.com/matrix_lianjia_pc/dist/pc/src/resource/default/780-439.png?_v=201906280941017d9', 'https://s1.ljcdn.com/matrix_lianjia_pc/dist/pc/src/resource/default/780-439.png?_v=201906280941017d9', 'https://s1.ljcdn.com/matrix_lianjia_pc/dist/pc/src/resource/default/780-439.png?_v=201906280941017d9', 'https://s1.ljcdn.com/matrix_lianjia_pc/dist/pc/src/resource/default/780-439.png?_v=201906280941017d9']",26天前,随时入住,暂无数据,暂无数据,高楼层/16层,有,暂无数据,民水,民电,有,暂无数据,[],[],22.568816529737,114.18520491387
https://sz.lianjia.com/zufang/SZ2262143847096393728.html,龙岗区,布吉大芬,桂芳园八期 3室1厅 东南,5200元/月 ,租赁方式未知,3室1厅1卫,57㎡,朝东南,"['https://image1.ljcdn.com/440300-inspection/230be627-5b54-41ab-ba30-77382ff61a15.jpg.780x439.jpg', 'https://s1.ljcdn.com/matrix_lianjia_pc/dist/pc/src/resource/default/780-439.png?_v=201906280941017d9', 'https://s1.ljcdn.com/matrix_lianjia_pc/dist/pc/src/resource/default/780-439.png?_v=201906280941017d9', 'https://s1.ljcdn.com/matrix_lianjia_pc/dist/pc/src/resource/default/780-439.png?_v=201906280941017d9', 'https://s1.ljcdn.com/matrix_lianjia_pc/dist/pc/src/resource/default/780-439.png?_v=201906280941017d9', 'https://s1.ljcdn.com/matrix_lianjia_pc/dist/pc/src/resource/default/780-439.png?_v=201906280941017d9', 'https://s1.ljcdn.com/matrix_lianjia_pc/dist/pc/src/resource/default/780-439.png?_v=201906280941017d9']",1个月前,随时入住,暂无数据,需提前预约,高楼层/12层,有,暂无数据,民水,民电,有,暂无数据,"['近地铁', '随时看房']","['3号线(龙岗线) - 大芬', '803m', '3号线(龙岗线) - 木棉湾', '1050m']",22.614605,114.144887
https://sz.lianjia.com/zufang/SZ2288119915334877184.html,龙岗区,龙岗双龙,怡龙枫景园 4室1厅 东南,5500元/月 ,租赁方式未知,4室1厅2卫,135㎡,朝东南,"['https://image1.ljcdn.com/440300-inspection/ee463591-9f3c-49fb-a591-78c2c6d1e1ad.jpg.780x439.jpg', 'https://s1.ljcdn.com/matrix_lianjia_pc/dist/pc/src/resource/default/780-439.png?_v=201906280941017d9', 'https://s1.ljcdn.com/matrix_lianjia_pc/dist/pc/src/resource/default/780-439.png?_v=201906280941017d9', 'https://s1.ljcdn.com/matrix_lianjia_pc/dist/pc/src/resource/default/780-439.png?_v=201906280941017d9', 'https://s1.ljcdn.com/matrix_lianjia_pc/dist/pc/src/resource/default/780-439.png?_v=201906280941017d9', 'https://s1.ljcdn.com/matrix_lianjia_pc/dist/pc/src/resource/default/780-439.png?_v=201906280941017d9', 'https://s1.ljcdn.com/matrix_lianjia_pc/dist/pc/src/resource/default/780-439.png?_v=201906280941017d9', 'https://s1.ljcdn.com/matrix_lianjia_pc/dist/pc/src/resource/default/780-439.png?_v=201906280941017d9', 'https://s1.ljcdn.com/matrix_lianjia_pc/dist/pc/src/resource/default/780-439.png?_v=201906280941017d9']",3天前,随时入住,暂无数据,需提前预约,低楼层/26层,有,暂无数据,民水,民电,有,暂无数据,"['近地铁', '新上', '随时看房']","['3号线(龙岗线) - 双龙', '468m', '3号线(龙岗线) - 南联', '726m']",22.730784,114.28084
https://sz.lianjia.com/zufang/SZ2264284482637144064.html,罗湖区,黄贝岭,整租·深业东岭 1室1厅 东南,5200元/月 (月付价),整租,1室1厅1卫,41㎡,朝东南,"['https://image1.ljcdn.com/rent-user-avatar/35f3861e-8968-4d66-86ae-d189ec4dc6ba.780x439.jpg', 'https://s1.ljcdn.com/matrix_lianjia_pc/dist/pc/src/resource/default/780-439.png?_v=201906280941017d9', 'https://s1.ljcdn.com/matrix_lianjia_pc/dist/pc/src/resource/default/780-439.png?_v=201906280941017d9', 'https://s1.ljcdn.com/matrix_lianjia_pc/dist/pc/src/resource/default/780-439.png?_v=201906280941017d9', 'https://s1.ljcdn.com/matrix_lianjia_pc/dist/pc/src/resource/default/780-439.png?_v=201906280941017d9', 'https://s1.ljcdn.com/matrix_lianjia_pc/dist/pc/src/resource/default/780-439.png?_v=201906280941017d9']",1个月前,随时入住,1年以上,随时可看,37/41层,暂无数据,暂无数据,民水,民电,有,暂无数据,"['公寓', '近地铁', '精装', '随时看房']","['2号线(蛇口线),5号线(环中线) - 黄贝岭', '497m', '5号线(环中线) - 怡景', '789m', '2号线(蛇口线) - 新秀', '1094m']",22.555308,114.146576
https://sz.lianjia.com/zufang/SZ2272391532403769344.html,龙华区,红山,整租·日出印象一期 4室2厅 复式 东南,5650元/月 (月付价),整租,4室2厅2卫,86㎡,朝东南,"['https://image1.ljcdn.com/rent-user-avatar/5dffdbfb-da9e-4a16-8f37-491e321d16ee.780x439.jpg', 'https://s1.ljcdn.com/matrix_lianjia_pc/dist/pc/src/resource/default/780-439.png?_v=201906280941017d9', 'https://s1.ljcdn.com/matrix_lianjia_pc/dist/pc/src/resource/default/780-439.png?_v=201906280941017d9', 'https://s1.ljcdn.com/matrix_lianjia_pc/dist/pc/src/resource/default/780-439.png?_v=201906280941017d9', 'https://s1.ljcdn.com/matrix_lianjia_pc/dist/pc/src/resource/default/780-439.png?_v=201906280941017d9', 'https://s1.ljcdn.com/matrix_lianjia_pc/dist/pc/src/resource/default/780-439.png?_v=201906280941017d9', 'https://s1.ljcdn.com/matrix_lianjia_pc/dist/pc/src/resource/default/780-439.png?_v=201906280941017d9']",25天前,随时入住,1~2年,随时可看,6/6层,暂无数据,暂无数据,暂无数据,暂无数据,暂无数据,暂无数据,"['公寓', '精装', '双卫生间', '随时看房']",[],22.63885,114.033592
https://sz.lianjia.com/zufang/SZ2262342165130911744.html,龙岗区,坂田,万科里城 3室1厅 东南,6700元/月 ,租赁方式未知,3室1厅2卫,89㎡,朝东南,"['https://image1.ljcdn.com/440300-inspection/prod-3555b000-6eef-4c1b-940e-271edb1dd4d7.jpg.780x439.jpg', 'https://s1.ljcdn.com/matrix_lianjia_pc/dist/pc/src/resource/default/780-439.png?_v=201906280941017d9', 'https://s1.ljcdn.com/matrix_lianjia_pc/dist/pc/src/resource/default/780-439.png?_v=201906280941017d9', 'https://s1.ljcdn.com/matrix_lianjia_pc/dist/pc/src/resource/default/780-439.png?_v=201906280941017d9', 'https://s1.ljcdn.com/matrix_lianjia_pc/dist/pc/src/resource/default/780-439.png?_v=201906280941017d9', 'https://s1.ljcdn.com/matrix_lianjia_pc/dist/pc/src/resource/default/780-439.png?_v=201906280941017d9']",1个月前,随时入住,暂无数据,暂无数据,高楼层/26层,有,暂无数据,民水,民电,有,暂无数据,[],[],22.618879762304,114.07240757622
https://sz.lianjia.com/zufang/SZ2276766824060698624.html,罗湖区,罗湖口岸,整租·新银座华庭 2室1厅 东南,6800元/月 ,整租,2室1厅1卫,69㎡,朝东南,"['https://image1.ljcdn.com/440300-inspection/prod-8de8a4ab-d132-4afa-81c5-ac15a9b6106a.jpg.780x439.jpg', 'https://s1.ljcdn.com/matrix_lianjia_pc/dist/pc/src/resource/default/780-439.png?_v=201906280941017d9', 'https://s1.ljcdn.com/matrix_lianjia_pc/dist/pc/src/resource/default/780-439.png?_v=201906280941017d9', 'https://s1.ljcdn.com/matrix_lianjia_pc/dist/pc/src/resource/default/780-439.png?_v=201906280941017d9', 'https://s1.ljcdn.com/matrix_lianjia_pc/dist/pc/src/resource/default/780-439.png?_v=201906280941017d9', 'https://s1.ljcdn.com/matrix_lianjia_pc/dist/pc/src/resource/default/780-439.png?_v=201906280941017d9', 'https://s1.ljcdn.com/matrix_lianjia_pc/dist/pc/src/resource/default/780-439.png?_v=201906280941017d9']",19天前,随时入住,1年以内,暂无数据,中楼层/31层,有,租用车位,民水,民电,有,暂无数据,['近地铁'],"['9号线 - 人民南', '200m', '1号线(罗宝线) - 罗湖', '335m', '1号线(罗宝线) - 国贸', '638m', '9号线 - 向西村', '766m', '1号线(罗宝线),3号线(龙岗线) - 老街', '1083m']",22.541952,114.126469
https://sz.lianjia.com/zufang/SZ2288122216808202240.html,罗湖区,东门,东悦名轩 2室1厅 东南,6500元/月 ,租赁方式未知,2室1厅1卫,62㎡,朝东南,"['https://image1.ljcdn.com/440300-inspection/bd726abf-a5de-45ce-a3f4-3d029af7984f.jpg.780x439.jpg', 'https://s1.ljcdn.com/matrix_lianjia_pc/dist/pc/src/resource/default/780-439.png?_v=201906280941017d9', 'https://s1.ljcdn.com/matrix_lianjia_pc/dist/pc/src/resource/default/780-439.png?_v=201906280941017d9', 'https://s1.ljcdn.com/matrix_lianjia_pc/dist/pc/src/resource/default/780-439.png?_v=201906280941017d9', 'https://s1.ljcdn.com/matrix_lianjia_pc/dist/pc/src/resource/default/780-439.png?_v=201906280941017d9', 'https://s1.ljcdn.com/matrix_lianjia_pc/dist/pc/src/resource/default/780-439.png?_v=201906280941017d9']",3天前,随时入住,暂无数据,需提前预约,高楼层/33层,有,暂无数据,民水,民电,有,暂无数据,"['近地铁', '新上']","['3号线(龙岗线) - 晒布', '167m', '3号线(龙岗线) - 翠竹', '903m', '2号线(蛇口线) - 湖贝', '1025m', '1号线(罗宝线),3号线(龙岗线) - 老街', '1074m']",22.557598742773,114.12958052553
https://sz.lianjia.com/zufang/SZ2265070698152067072.html,宝安区,碧海,广兴源圣拿威 2室1厅 东南,6000元/月 ,租赁方式未知,2室1厅1卫,54㎡,朝东南,"['https://image1.ljcdn.com/440300-inspection/5f48f35e-7281-48e5-a5d3-a8966814e85f.jpg.780x439.jpg', 'https://s1.ljcdn.com/matrix_lianjia_pc/dist/pc/src/resource/default/780-439.png?_v=201906280941017d9', 'https://s1.ljcdn.com/matrix_lianjia_pc/dist/pc/src/resource/default/780-439.png?_v=201906280941017d9', 'https://s1.ljcdn.com/matrix_lianjia_pc/dist/pc/src/resource/default/780-439.png?_v=201906280941017d9', 'https://s1.ljcdn.com/matrix_lianjia_pc/dist/pc/src/resource/default/780-439.png?_v=201906280941017d9', 'https://s1.ljcdn.com/matrix_lianjia_pc/dist/pc/src/resource/default/780-439.png?_v=201906280941017d9', 'https://s1.ljcdn.com/matrix_lianjia_pc/dist/pc/src/resource/default/780-439.png?_v=201906280941017d9']",1个月前,随时入住,暂无数据,一般下班后可看,低楼层/31层,有,暂无数据,民水,民电,有,暂无数据,['近地铁'],"['1号线(罗宝线) - 坪洲', '762m']",22.569467,113.873842
