房源地址,行政区,位置,标题,租金,租赁方式,户型,面积,朝向,图片列表,发布时间,入住时间,租期,看房时间,楼层,电梯,车位,用水,用电,燃气,采暖,标签,station,latitude,longtitude
https://sz.lianjia.com/zufang/SZ2290654805620178944.html,罗湖区,黄贝岭,整租·深业东岭 2室2厅 东南,8000元/月 (月付价),整租,2室2厅1卫,72㎡,朝东南,"['https://image1.ljcdn.com/rent-user-avatar/232c341d-e674-47fb-9c8e-147b5818c8e2.780x439.jpg', 'https://s1.ljcdn.com/matrix_lianjia_pc/dist/pc/src/resource/default/780-439.png?_v=201906280941017d9', 'https://s1.ljcdn.com/matrix_lianjia_pc/dist/pc/src/resource/default/780-439.png?_v=201906280941017d9', 'https://s1.ljcdn.com/matrix_lianjia_pc/dist/pc/src/resource/default/780-439.png?_v=201906280941017d9', 'https://s1.ljcdn.com/matrix_lianjia_pc/dist/pc/src/resource/default/780-439.png?_v=201906280941017d9', 'https://s1.ljcdn.com/matrix_lianjia_pc/dist/pc/src/resource/default/780-439.png?_v=201906280941017d9', 'https://s1.ljcdn.com/matrix_lianjia_pc/dist/pc/src/resource/default/780-439.png?_v=201906280941017d9', 'https://s1.ljcdn.com/matrix_lianjia_pc/dist/pc/src/resource/default/780-439.png?_v=201906280941017d9', 'https://s1.ljcdn.com/matrix_lianjia_pc/dist/pc/src/resource/default/780-439.png?_v=201906280941017d9']",今天,随时入住,1年,随时可看,7/39层,有,暂无数据,民水,民电,有,暂无数据,"['公寓', '近地铁', '精装', '新上', '随时看房']","['2号线(蛇口线),5号线(环中线) - 黄贝岭', '696m', '5号线(环中线) - 怡景', '1005m']",22.55669,114.146386
https://sz.lianjia.com/zufang/SZ2289147750845530112.html,龙华区,龙华新区,锦绣江南二期 3室2厅 东南,6500元/月 ,租赁方式未知,3室2厅2卫,109㎡,朝东南,"['https://image1.ljcdn.com/440300-inspection/d1ed2391-826e-43db-8551-75e0012607ee.jpg.780x439.jpg', 'https://s1.ljcdn.com/matrix_lianjia_pc/dist/pc/src/resource/default/780-439.png?_v=201906280941017d9', 'https://s1.ljcdn.com/matrix_lianjia_pc/dist/pc/src/resource/default/780-439.png?_v=201906280941017d9', 'https://s1.ljcdn.com/matrix_lianjia_pc/dist/pc/src/resource/default/780-439.png?_v=201906280941017d9', 'https://s1.ljcdn.com/matrix_lianjia_pc/dist/pc/src/resource/default/780-439.png?_v=201906280941017d9', 'https://s1.ljcdn.com/matrix_lianjia_pc/dist/pc/src/resource/default/780-439.png?_v=201906280941017d9', 'https://s1.ljcdn.com/matrix_lianjia_pc/dist/pc/src/resource/default/780-439.png?_v=201906280941017d9', 'https://s1.ljcdn.com/matrix_lianjia_pc/dist/pc/src/resource/default/780-439.png?_v=201906280941017d9', 'https://s1.ljcdn.com/matrix_lianjia_pc/dist/pc/src/resource/default/780-439.png?_v=201906280941017d9', 'https://s1.ljcdn.com/matrix_lianjia_pc/dist/pc/src/resource/default/780-439.png?_v=201906280941017d9']",2天前,随时入住,暂无数据,需提前预约,中楼层/6层,无,暂无数据,民水,民电,有,暂无数据,"['新上', '随时看房']",[],22.641371,114.035824
https://sz.lianjia.com/zufang/SZ2276740501229010944.html,罗湖区,东门,嘉年华名苑 2室1厅 东南,7500元/月 ,租赁方式未知,2室1厅1卫,68㎡,朝东南,"['https://image1.ljcdn.com/440300-inspection/20e32fc7-7829-4b20-a99f-e9d604d4f4fd.jpg.780x439.jpg', 'https://s1.ljcdn.com/matrix_lianjia_pc/dist/pc/src/resource/default/780-439.png?_v=201906280941017d9', 'https://s1.ljcdn.com/matrix_lianjia_pc/dist/pc/src/resource/default/780-439.png?_v=201906280941017d9', 'https://s1.ljcdn.com/matrix_lianjia_pc/dist/pc/src/resource/default/780-439.png?_v=201906280941017d9', 'https://s1.ljcdn.com/matrix_lianjia_pc/dist/pc/src/resource/default/780-439.png?_v=201906280941017d9', 'https://s1.ljcdn.com/matrix_lianjia_pc/dist/pc/src/resource/default/780-439.png?_v=201906280941017d9']",19天前,随时入住,暂无数据,需提前预约,高楼层/31层,有,暂无数据,民水,民电,有,暂无数据,['近地铁'],"['3号线(龙岗线) - 晒布', '117m', '2号线(蛇口线) - 湖贝', '857m', '1号线(罗宝线),3号线(龙岗线) - 老街', '928m']",22.55625,114.128028
https://sz.lianjia.com/zufang/SZ2286834493933494272.html,龙华区,梅林关,溪山 2室1厅 东南,6000元/月 ,租赁方式未知,2室1厅1卫,60㎡,朝东南,"['https://image1.ljcdn.com/440300-inspection/e846a6e1-af6a-473d-b520-d3e7eea0a04c.jpg.780x439.jpg', 'https://s1.ljcdn.com/matrix_lianjia_pc/dist/pc/src/resource/default/780-439.png?_v=201906280941017d9', 'https://s1.ljcdn.com/matrix_lianjia_pc/dist/pc/src/resource/default/780-439.png?_v=201906280941017d9', 'https://s1.ljcdn.com/matrix_lianjia_pc/dist/pc/src/resource/default/780-439.png?_v=201906280941017d9', 'https://s1.ljcdn.com/matrix_lianjia_pc/dist/pc/src/resource/default/780-439.png?_v=201906280941017d9']",4天前,2019-07-20,暂无数据,暂无数据,中楼层/30层,有,暂无数据,民水,民电,有,暂无数据,['新上'],[],22.607163,114.063567
https://sz.lianjia.com/zufang/SZ2290748538138656768.html,宝安区,碧海,整租·海语西湾 3室2厅 东南,6500元/月 (月付价),整租,3室2厅2卫,89㎡,朝东南,"['https://image1.ljcdn.com/rent-user-avatar/11bdc7d5-f774-4d6e-a653-78da2511d957.780x439.jpg', 'https://s1.ljcdn.com/matrix_lianjia_pc/dist/pc/src/resource/default/780-439.png?_v=201906280941017d9', 'https://s1.ljcdn.com/matrix_lianjia_pc/dist/pc/src/resource/default/780-439.png?_v=201906280941017d9', 'https://s1.ljcdn.com/matrix_lianjia_pc/dist/pc/src/resource/default/780-439.png?_v=201906280941017d9', 'https://s1.ljcdn.com/matrix_lianjia_pc/dist/pc/src/resource/default/780-439.png?_v=201906280941017d9', 'https://s1.ljcdn.com/matrix_lianjia_pc/dist/pc/src/resource/default/780-439.png?_v=201906280941017d9']",今天,随时入住,1年,随时可看,7/18层,有,暂无数据,民水,民电,有,暂无数据,"['公寓', '精装', '双卫生间', '新上', '随时看房']",[],22.562508,113.872215
https://sz.lianjia.com/zufang/SZ2283744160794558464.html,福田区,八卦岭,整租·清凤创投大厦 3室1厅 复式 东南,7000元/月 (月付价),整租,3室1厅1卫,70㎡,朝东南,"['https://image1.ljcdn.com/rent-user-avatar/10045c79-703b-4fd1-906e-56e16979ffa3.780x439.jpg', 'https://s1.ljcdn.com/matrix_lianjia_pc/dist/pc/src/resource/default/780-439.png?_v=201906280941017d9', 'https://s1.ljcdn.com/matrix_lianjia_pc/dist/pc/src/resource/default/780-439.png?_v=201906280941017d9', 'https://s1.ljcdn.com/matrix_lianjia_pc/dist/pc/src/resource/default/780-439.png?_v=201906280941017d9', 'https://s1.ljcdn.com/matrix_lianjia_pc/dist/pc/src/resource/default/780-439.png?_v=201906280941017d9', 'https://s1.ljcdn.com/matrix_lianjia_pc/dist/pc/src/resource/default/780-439.png?_v=201906280941017d9', 'https://s1.ljcdn.com/matrix_lianjia_pc/dist/pc/src/resource/default/780-439.png?_v=201906280941017d9', 'https://s1.ljcdn.com/matrix_lianjia_pc/dist/pc/src/resource/default/780-439.png?_v=201906280941017d9', 'https://s1.ljcdn.com/matrix_lianjia_pc/dist/pc/src/resource/default/780-439.png?_v=201906280941017d9']",9天前,随时入住,1年,随时可看,21/24层,暂无数据,暂无数据,商水,商电,无,暂无数据,"['公寓', '近地铁', '精装', '随时看房']","['7号线,9号线 - 红岭北', '353m', '7号线 - 八卦岭', '758m', '9号线 - 园岭', '1059m', '7号线 - 笋岗', '1139m', '9号线 - 泥岗', '1156m']",22.568358,114.107614
https://sz.lianjia.com/zufang/SZ2273225642634125312.html,龙华区,龙华中心,富通天骏 3室2厅 东南,5800元/月 ,租赁方式未知,3室2厅1卫,91㎡,朝东南,"['https://image1.ljcdn.com/440300-inspection/rsp_pic_upload89f85bc7-deb9-4d01-93cc-62c4b145a572.jpg.780x439.jpg', 'https://s1.ljcdn.com/matrix_lianjia_pc/dist/pc/src/resource/default/780-439.png?_v=201906280941017d9', 'https://s1.ljcdn.com/matrix_lianjia_pc/dist/pc/src/resource/default/780-439.png?_v=201906280941017d9', 'https://s1.ljcdn.com/matrix_lianjia_pc/dist/pc/src/resource/default/780-439.png?_v=201906280941017d9', 'https://s1.ljcdn.com/matrix_lianjia_pc/dist/pc/src/resource/default/780-439.png?_v=201906280941017d9', 'https://s1.ljcdn.com/matrix_lianjia_pc/dist/pc/src/resource/default/780-439.png?_v=201906280941017d9', 'https://s1.ljcdn.com/matrix_lianjia_pc/dist/pc/src/resource/default/780-439.png?_v=201906280941017d9', 'https://s1.ljcdn.com/matrix_lianjia_pc/dist/pc/src/resource/default/780-439.png?_v=201906280941017d9']",24天前,随时入住,暂无数据,暂无数据,低楼层/11层,有,暂无数据,民水,民电,有,暂无数据,['近地铁'],"['4号线(龙华线) - 龙华', '1m', '4号线(龙华线) - 龙胜', '1196m']",22.656814728683,114.02927880928
https://sz.lianjia.com/zufang/SZ2264219194915045376.html,龙岗区,布吉石芽岭,鸿荣源尚峰 3室2厅 东南,5500元/月 ,租赁方式未知,3室2厅1卫,76㎡,朝东南,"['https://image1.ljcdn.com/440300-inspection/4fe1cebf-a6b7-4abf-9a7e-6a0a2d01bc47.jpg.780x439.jpg', 'https://s1.ljcdn.com/matrix_lianjia_pc/dist/pc/src/resource/default/780-439.png?_v=201906280941017d9', 'https://s1.ljcdn.com/matrix_lianjia_pc/dist/pc/src/resource/default/780-439.png?_v=201906280941017d9', 'https://s1.ljcdn.com/matrix_lianjia_pc/dist/pc/src/resource/default/780-439.png?_v=201906280941017d9', 'https://s1.ljcdn.com/matrix_lianjia_pc/dist/pc/src/resource/default/780-439.png?_v=201906280941017d9', 'https://s1.ljcdn.com/matrix_lianjia_pc/dist/pc/src/resource/default/780-439.png?_v=201906280941017d9', 'https://s1.ljcdn.com/matrix_lianjia_pc/dist/pc/src/resource/default/780-439.png?_v=201906280941017d9', 'https://s1.ljcdn.com/matrix_lianjia_pc/dist/pc/src/resource/default/780-439.png?_v=201906280941017d9', 'https://s1.ljcdn.com/matrix_lianjia_pc/dist/pc/src/resource/default/780-439.png?_v=201906280941017d9']",1个月前,随时入住,暂无数据,需提前预约,高楼层/32层,有,暂无数据,民水,民电,有,暂无数据,['随时看房'],[],22.630126,114.144564
https://sz.lianjia.com/zufang/SZ2286856545226457088.html,南山区,蛇口,雍景湾 1室0厅 东南,7500元/月 ,租赁方式未知,1室0厅0卫,52㎡,朝东南,"['https://image1.ljcdn.com/440300-inspection/test-01d6ca48-6945-45d3-b0d0-ea2d214082bd.jpg.780x439.jpg', 'https://s1.ljcdn.com/matrix_lianjia_pc/dist/pc/src/resource/default/780-439.png?_v=201906280941017d9', 'https://s1.ljcdn.com/matrix_lianjia_pc/dist/pc/src/resource/default/780-439.png?_v=201906280941017d9', 'https://s1.ljcdn.com/matrix_lianjia_pc/dist/pc/src/resource/default/780-439.png?_v=201906280941017d9', 'https://s1.ljcdn.com/matrix_lianjia_pc/dist/pc/src/resource/default/780-439.png?_v=201906280941017d9', 'https://s1.ljcdn.com/matrix_lianjia_pc/dist/pc/src/resource/default/780-439.png?_v=201906280941017d9', 'https://s1.ljcdn.com/matrix_lianjia_pc/dist/pc/src/resource/default/780-439.png?_v=201906280941017d9']",5天前,随时入住,暂无数据,需提前预约,低楼层/30层,有,暂无数据,民水,民电,有,暂无数据,"['近地铁', '新上']","['2号线(蛇口线) - 湾厦', '950m', '2号线(蛇口线) - 海月', '958m']",22.501730309785,113.93790694467
https://sz.lianjia.com/zufang/SZ2290288150964346880.html,宝安区,宝安中心,整租·第五大道高发西岸花园三期 2室2厅 东南,6000元/月 (月付价),整租,2室2厅1卫,52㎡,朝东南,"['https://image1.ljcdn.com/rent-user-avatar/25bf0a1e-24f3-46f8-8dbb-7c30b15296da.780x439.jpg', 'https://s1.ljcdn.com/matrix_lianjia_pc/dist/pc/src/resource/default/780-439.png?_v=201906280941017d9', 'https://s1.ljcdn.com/matrix_lianjia_pc/dist/pc/src/resource/default/780-439.png?_v=201906280941017d9', 'https://s1.ljcdn.com/matrix_lianjia_pc/dist/pc/src/resource/default/780-439.png?_v=201906280941017d9', 'https://s1.ljcdn.com/matrix_lianjia_pc/dist/pc/src/resource/default/780-439.png?_v=201906280941017d9', 'https://s1.ljcdn.com/matrix_lianjia_pc/dist/pc/src/resource/default/780-439.png?_v=201906280941017d9', 'https://s1.ljcdn.com/matrix_lianjia_pc/dist/pc/src/resource/default/780-439.png?_v=201906280941017d9']",今天,随时入住,6个月以上,随时可看,18/24层,有,暂无数据,民水,民电,有,暂无数据,"['公寓', '月租', '近地铁', '精装', '新上', '随时看房']","['11号线 - 宝安', '124m', '1号线(罗宝线) - 宝体', '935m', '1号线(罗宝线),5号线(环中线) - 宝安中心', '1016m', '5号线(环中线) - 宝华', '1104m']",22.561617,113.885197
https://sz.lianjia.com/zufang/SZ2290726346814660608.html,宝安区,西乡,整租·山海上城Ⅱ·天赋 3室2厅 东南,6600元/月 (月付价),整租,3室2厅1卫,89㎡,朝东南,"['https://image1.ljcdn.com/rent-user-avatar/03868b05-7732-4f0c-b574-d876eb0b02aa.780x439.jpg', 'https://s1.ljcdn.com/matrix_lianjia_pc/dist/pc/src/resource/default/780-439.png?_v=201906280941017d9', 'https://s1.ljcdn.com/matrix_lianjia_pc/dist/pc/src/resource/default/780-439.png?_v=201906280941017d9', 'https://s1.ljcdn.com/matrix_lianjia_pc/dist/pc/src/resource/default/780-439.png?_v=201906280941017d9', 'https://s1.ljcdn.com/matrix_lianjia_pc/dist/pc/src/resource/default/780-439.png?_v=201906280941017d9', 'https://s1.ljcdn.com/matrix_lianjia_pc/dist/pc/src/resource/default/780-439.png?_v=201906280941017d9']",今天,随时入住,1年,随时可看,6/31层,暂无数据,暂无数据,民水,民电,暂无数据,暂无数据,"['公寓', '精装', '新上', '随时看房']",[],22.597494,113.861014
https://sz.lianjia.com/zufang/SZ2263475420848455680.html,福田区,福田中心,彩天名苑 1室1厅 东南,7000元/月 ,租赁方式未知,1室1厅1卫,48㎡,朝东南,"['https://image1.ljcdn.com/440300-inspection/286af7d8-887c-461a-adc2-6e52e4df47b3.jpg.780x439.jpg', 'https://s1.ljcdn.com/matrix_lianjia_pc/dist/pc/src/resource/default/780-439.png?_v=201906280941017d9', 'https://s1.ljcdn.com/matrix_lianjia_pc/dist/pc/src/resource/default/780-439.png?_v=201906280941017d9', 'https://s1.ljcdn.com/matrix_lianjia_pc/dist/pc/src/resource/default/780-439.png?_v=201906280941017d9', 'https://s1.ljcdn.com/matrix_lianjia_pc/dist/pc/src/resource/default/780-439.png?_v=201906280941017d9', 'https://s1.ljcdn.com/matrix_lianjia_pc/dist/pc/src/resource/default/780-439.png?_v=201906280941017d9', 'https://s1.ljcdn.com/matrix_lianjia_pc/dist/pc/src/resource/default/780-439.png?_v=201906280941017d9']",1个月前,随时入住,暂无数据,需提前预约,低楼层/32层,有,暂无数据,民水,民电,有,暂无数据,"['近地铁', '随时看房']","['1号线(罗宝线) - 岗厦', '273m', '2号线(蛇口线) - 岗厦北', '644m', '1号线(罗宝线),4号线(龙华线) - 会展中心', '816m']",22.543256550912,114.07509021666
https://sz.lianjia.com/zufang/SZ2287742760138317824.html,龙岗区,布吉街,整租·翠枫豪园 3室1厅 东南,5900元/月 ,整租,3室1厅2卫,110㎡,朝东南,"['https://image1.ljcdn.com/440300-inspection/5acbaf34-7d37-4b6a-8723-cc5c4df33707.jpg.780x439.jpg', 'https://s1.ljcdn.com/matrix_lianjia_pc/dist/pc/src/resource/default/780-439.png?_v=201906280941017d9', 'https://s1.ljcdn.com/matrix_lianjia_pc/dist/pc/src/resource/default/780-439.png?_v=201906280941017d9', 'https://s1.ljcdn.com/matrix_lianjia_pc/dist/pc/src/resource/default/780-439.png?_v=201906280941017d9', 'https://s1.ljcdn.com/matrix_lianjia_pc/dist/pc/src/resource/default/780-439.png?_v=201906280941017d9', 'https://s1.ljcdn.com/matrix_lianjia_pc/dist/pc/src/resource/default/780-439.png?_v=201906280941017d9', 'https://s1.ljcdn.com/matrix_lianjia_pc/dist/pc/src/resource/default/780-439.png?_v=201906280941017d9', 'https://s1.ljcdn.com/matrix_lianjia_pc/dist/pc/src/resource/default/780-439.png?_v=201906280941017d9', 'https://s1.ljcdn.com/matrix_lianjia_pc/dist/pc/src/resource/default/780-439.png?_v=201906280941017d9']",4天前,随时入住,暂无数据,需提前预约,低楼层/15层,有,租用车位,民水,民电,有,暂无数据,"['双卫生间', '新上', '随时看房']",[],22.617363,114.109785
https://sz.lianjia.com/zufang/SZ2283152716643704832.html,龙岗区,布吉南岭,恒大国香山 3室1厅 东南,5600元/月 ,租赁方式未知,3室1厅2卫,88㎡,朝东南,"['https://image1.ljcdn.com/440300-inspection/prod-76377db8-7d33-4539-b890-491ec107d750.jpg.780x439.jpg', 'https://s1.ljcdn.com/matrix_lianjia_pc/dist/pc/src/resource/default/780-439.png?_v=201906280941017d9', 'https://s1.ljcdn.com/matrix_lianjia_pc/dist/pc/src/resource/default/780-439.png?_v=201906280941017d9', 'https://s1.ljcdn.com/matrix_lianjia_pc/dist/pc/src/resource/default/780-439.png?_v=201906280941017d9', 'https://s1.ljcdn.com/matrix_lianjia_pc/dist/pc/src/resource/default/780-439.png?_v=201906280941017d9']",1天前,2019-07-03,暂无数据,需提前预约,低楼层/41层,有,暂无数据,民水,民电,有,暂无数据,['新上'],[],22.620217,114.170585
https://sz.lianjia.com/zufang/SZ2249833061372141568.html,龙华区,上塘,整租·特发和平里 2室1厅 东南,5500元/月 (月付价),整租,2室1厅1卫,68㎡,朝东南,"['https://image1.ljcdn.com/rent-user-avatar/0148cc17-bc34-4499-a603-28e02b3080a9.780x439.jpg', 'https://s1.ljcdn.com/matrix_lianjia_pc/dist/pc/src/resource/default/780-439.png?_v=201906280941017d9', 'https://s1.ljcdn.com/matrix_lianjia_pc/dist/pc/src/resource/default/780-439.png?_v=201906280941017d9', 'https://s1.ljcdn.com/matrix_lianjia_pc/dist/pc/src/resource/default/780-439.png?_v=201906280941017d9', 'https://s1.ljcdn.com/matrix_lianjia_pc/dist/pc/src/resource/default/780-439.png?_v=201906280941017d9', 'https://s1.ljcdn.com/matrix_lianjia_pc/dist/pc/src/resource/default/780-439.png?_v=201906280941017d9', 'https://s1.ljcdn.com/matrix_lianjia_pc/dist/pc/src/resource/default/780-439.png?_v=201906280941017d9']",1个月前,随时入住,4个月,随时可看,31/31层,有,暂无数据,民水,民电,有,暂无数据,"['公寓', '月租', '近地铁', '精装', '随时看房']","['4号线(龙华线) - 龙胜', '92m', '4号线(龙华线) - 上塘', '796m']",22.649534,114.01931
https://sz.lianjia.com/zufang/SZ2290306060038176768.html,宝安区,西乡,整租·康达尔山海上城二期 3室2厅 东南,6600元/月 (月付价),整租,3室2厅1卫,83㎡,朝东南,"['https://image1.ljcdn.com/rent-user-avatar/27359466-b012-410c-a275-8808e77d4ba5.780x439.jpg', 'https://s1.ljcdn.com/matrix_lianjia_pc/dist/pc/src/resource/default/780-439.png?_v=201906280941017d9', 'https://s1.ljcdn.com/matrix_lianjia_pc/dist/pc/src/resource/default/780-439.png?_v=201906280941017d9', 'https://s1.ljcdn.com/matrix_lianjia_pc/dist/pc/src/resource/default/780-439.png?_v=201906280941017d9', 'https://s1.ljcdn.com/matrix_lianjia_pc/dist/pc/src/resource/default/780-439.png?_v=201906280941017d9', 'https://s1.ljcdn.com/matrix_lianjia_pc/dist/pc/src/resource/default/780-439.png?_v=201906280941017d9', 'https://s1.ljcdn.com/matrix_lianjia_pc/dist/pc/src/resource/default/780-439.png?_v=201906280941017d9', 'https://s1.ljcdn.com/matrix_lianjia_pc/dist/pc/src/resource/default/780-439.png?_v=201906280941017d9', 'https://s1.ljcdn.com/matrix_lianjia_pc/dist/pc/src/resource/default/780-439.png?_v=201906280941017d9']",今天,随时入住,6个月以上,随时可看,6/31层,暂无数据,暂无数据,民水,民电,无,暂无数据,"['公寓', '月租', '新上', '随时看房']",[],22.597685,113.859578
https://sz.lianjia.com/zufang/SZ2287705593932152832.html,南山区,后海,深蓝季节 1室1厅 东南,5800元/月 ,租赁方式未知,1室1厅1卫,38㎡,朝东南,"['http://vrlab-image.ljcdn.com/release/auto3dhd/8c5e95dc0e7e1d9ab6867bab002eddb7/screenshot/1561710216_0/pc0_oOPlWH3NG.jpg.q_70.jpg', 'https://s1.ljcdn.com/matrix_lianjia_pc/dist/pc/src/resource/default/780-439.png?_v=201906280941017d9', 'https://s1.ljcdn.com/matrix_lianjia_pc/dist/pc/src/resource/default/780-439.png?_v=201906280941017d9', 'https://s1.ljcdn.com/matrix_lianjia_pc/dist/pc/src/resource/default/780-439.png?_v=201906280941017d9', 'https://s1.ljcdn.com/matrix_lianjia_pc/dist/pc/src/resource/default/780-439.png?_v=201906280941017d9', 'https://s1.ljcdn.com/matrix_lianjia_pc/dist/pc/src/resource/default/780-439.png?_v=201906280941017d9']",4天前,随时入住,暂无数据,需提前预约,低楼层/32层,有,暂无数据,民水,民电,有,暂无数据,"['新上', '随时看房']",[],22.518627,113.935106
https://sz.lianjia.com/zufang/SZ2202938121019473920.html,罗湖区,百仕达,新港鸿花园 3室1厅 东南,8000元/月 ,租赁方式未知,3室1厅2卫,104㎡,朝东南,"['http://vrlab-image.ljcdn.com/release/auto3dhd/1f604b6b42762e2cf87d74d371b1ca3e/screenshot/1558403786_0/pc0_OP9M3O0Ef.jpg.q_70.jpg', 'https://s1.ljcdn.com/matrix_lianjia_pc/dist/pc/src/resource/default/780-439.png?_v=201906280941017d9', 'https://s1.ljcdn.com/matrix_lianjia_pc/dist/pc/src/resource/default/780-439.png?_v=201906280941017d9', 'https://s1.ljcdn.com/matrix_lianjia_pc/dist/pc/src/resource/default/780-439.png?_v=201906280941017d9', 'https://s1.ljcdn.com/matrix_lianjia_pc/dist/pc/src/resource/default/780-439.png?_v=201906280941017d9', 'https://s1.ljcdn.com/matrix_lianjia_pc/dist/pc/src/resource/default/780-439.png?_v=201906280941017d9']",4个月前,随时入住,暂无数据,需提前预约,中楼层/24层,有,暂无数据,民水,民电,有,暂无数据,"['近地铁', '随时看房']","['5号线(环中线),7号线 - 太安', '483m', '3号线(龙岗线),7号线 - 田贝', '514m', '3号线(龙岗线) - 水贝', '592m', '7号线 - 洪湖', '1162m']",22.578710073252,114.13786104954
https://sz.lianjia.com/zufang/SZ2289554327767367680.html,福田区,沙尾,金地名轩 2室1厅 东南,8000元/月 ,租赁方式未知,2室1厅1卫,70㎡,朝东南,"['https://image1.ljcdn.com/440300-inspection/0380bd1c-ac8e-4760-b232-97153addb163.jpg.780x439.jpg', 'https://s1.ljcdn.com/matrix_lianjia_pc/dist/pc/src/resource/default/780-439.png?_v=201906280941017d9', 'https://s1.ljcdn.com/matrix_lianjia_pc/dist/pc/src/resource/default/780-439.png?_v=201906280941017d9', 'https://s1.ljcdn.com/matrix_lianjia_pc/dist/pc/src/resource/default/780-439.png?_v=201906280941017d9', 'https://s1.ljcdn.com/matrix_lianjia_pc/dist/pc/src/resource/default/780-439.png?_v=201906280941017d9', 'https://s1.ljcdn.com/matrix_lianjia_pc/dist/pc/src/resource/default/780-439.png?_v=201906280941017d9', 'https://s1.ljcdn.com/matrix_lianjia_pc/dist/pc/src/resource/default/780-439.png?_v=201906280941017d9', 'https://s1.ljcdn.com/matrix_lianjia_pc/dist/pc/src/resource/default/780-439.png?_v=201906280941017d9']",1天前,随时入住,暂无数据,需提前预约,高楼层/33层,有,暂无数据,民水,民电,有,暂无数据,"['近地铁', '新上', '随时看房']","['7号线 - 沙尾', '260m', '7号线 - 上沙', '502m']",22.527598,114.046271
https://sz.lianjia.com/zufang/SZ2290039333014740992.html,龙华区,龙华中心,整租·港铁天颂 3室2厅 东南,6800元/月 (月付价),整租,3室2厅1卫,81㎡,朝 东南,"['https://image1.ljcdn.com/rent-user-avatar/14e3a6ab-2f34-47b9-b10b-d7ded0e548cf.780x439.jpg', 'https://s1.ljcdn.com/matrix_lianjia_pc/dist/pc/src/resource/default/780-439.png?_v=201906280941017d9', 'https://s1.ljcdn.com/matrix_lianjia_pc/dist/pc/src/resource/default/780-439.png?_v=201906280941017d9', 'https://s1.ljcdn.com/matrix_lianjia_pc/dist/pc/src/resource/default/780-439.png?_v=201906280941017d9', 'https://s1.ljcdn.com/matrix_lianjia_pc/dist/pc/src/resource/default/780-439.png?_v=201906280941017d9', 'https://s1.ljcdn.com/matrix_lianjia_pc/dist/pc/src/resource/default/780-439.png?_v=201906280941017d9', 'https://s1.ljcdn.com/matrix_lianjia_pc/dist/pc/src/resource/default/780-439.png?_v=201906280941017d9', 'https://s1.ljcdn.com/matrix_lianjia_pc/dist/pc/src/resource/default/780-439.png?_v=201906280941017d9', 'https://s1.ljcdn.com/matrix_lianjia_pc/dist/pc/src/resource/default/780-439.png?_v=201906280941017d9', 'https://s1.ljcdn.com/matrix_lianjia_pc/dist/pc/src/resource/default/780-439.png?_v=201906280941017d9', 'https://s1.ljcdn.com/matrix_lianjia_pc/dist/pc/src/resource/default/780-439.png?_v=201906280941017d9']",1天前,随时入住,6个月以上,随时可看,5/49层,有,暂无数据,民水,民电,有,暂无数据,"['公寓', '月租', '近地铁', '精装', '新上', '随时看房']","['4号线(龙华线) - 龙胜', '175m', '4号线(龙华线) - 上塘', '768m']",22.649336,114.018111
https://sz.lianjia.com/zufang/SZ2242469493471453184.html,南山区,南山中心,整租·阳光华艺大厦 2室2厅 东南,6000元/月 (月付价),整租,2室2厅1卫,38㎡,朝东南,"['https://image1.ljcdn.com/rent-user-avatar/070bf1f5-e7f4-4206-a8f6-99a2e9de30ef.780x439.jpg', 'https://s1.ljcdn.com/matrix_lianjia_pc/dist/pc/src/resource/default/780-439.png?_v=201906280941017d9', 'https://s1.ljcdn.com/matrix_lianjia_pc/dist/pc/src/resource/default/780-439.png?_v=201906280941017d9', 'https://s1.ljcdn.com/matrix_lianjia_pc/dist/pc/src/resource/default/780-439.png?_v=201906280941017d9', 'https://s1.ljcdn.com/matrix_lianjia_pc/dist/pc/src/resource/default/780-439.png?_v=201906280941017d9']",2个月前,随时入住,1年,随时可看,5/31层,有,暂无数据,民水,民电,有,暂无数据,"['公寓', '近地铁', '精装', '随时看房']","['11号线 - 南山', '559m', '1号线(罗宝线) - 桃园', '1126m']",22.531233668777,113.93504546961
https://sz.lianjia.com/zufang/SZ2289598518400663552.html,罗湖区,罗湖口岸,广东省银行大厦 3室2厅 东南,7200元/月 ,租赁方式未知,3室2厅1卫,69㎡,朝东南,"['https://image1.ljcdn.com/440300-inspection/1c3ea5a7-9ceb-4d02-ab0c-2b2f24aa4574.jpg.780x439.jpg', 'https://s1.ljcdn.com/matrix_lianjia_pc/dist/pc/src/resource/default/780-439.png?_v=201906280941017d9', 'https://s1.ljcdn.com/matrix_lianjia_pc/dist/pc/src/resource/default/780-439.png?_v=201906280941017d9', 'https://s1.ljcdn.com/matrix_lianjia_pc/dist/pc/src/resource/default/780-439.png?_v=201906280941017d9', 'https://s1.ljcdn.com/matrix_lianjia_pc/dist/pc/src/resource/default/780-439.png?_v=201906280941017d9', 'https://s1.ljcdn.com/matrix_lianjia_pc/dist/pc/src/resource/default/780-439.png?_v=201906280941017d9', 'https://s1.ljcdn.com/matrix_lianjia_pc/dist/pc/src/resource/default/780-439.png?_v=201906280941017d9', 'https://s1.ljcdn.com/matrix_lianjia_pc/dist/pc/src/resource/default/780-439.png?_v=201906280941017d9']",1天前,随时入住,暂无数据,需提前预约,中楼层/25层,有,暂无数据,民水,民电,有,暂无数据,"['近地铁', '新上', '随时看房']","['9号线 - 人民南', '91m', '1号线(罗宝线) - 罗湖', '226m', '1号线(罗宝线) - 国贸', '548m', '9号线 - 向西村', '885m', '1号线(罗宝线),3号线(龙岗线) - 老街', '1022m']",22.541503997594,114.12501989466
https://sz.lianjia.com/zufang/SZ2231186796518318080.html,福田区,皇岗,皇御苑四期 1室0厅 东南,5800元/月 ,租赁方式未知,1室0厅1卫,50㎡,朝东南,"['https://image1.ljcdn.com/hdic-frame/16853deb-5726-4bf3-94f3-80831791200c.png.780x439.jpg', 'https://s1.ljcdn.com/matrix_lianjia_pc/dist/pc/src/resource/default/780-439.png?_v=201906280941017d9', 'https://s1.ljcdn.com/matrix_lianjia_pc/dist/pc/src/resource/default/780-439.png?_v=201906280941017d9', 'https://s1.ljcdn.com/matrix_lianjia_pc/dist/pc/src/resource/default/780-439.png?_v=201906280941017d9', 'https://s1.ljcdn.com/matrix_lianjia_pc/dist/pc/src/resource/default/780-439.png?_v=201906280941017d9', 'https://s1.ljcdn.com/matrix_lianjia_pc/dist/pc/src/resource/default/780-439.png?_v=201906280941017d9']",2个月前,随时入住,暂无数据,暂无数据,高楼层/32层,有,暂无数据,民水,民电,有,暂无数据,"['近地铁', '随时看房']","['7号线 - 皇岗口岸', '518m']",22.529845,114.082006
https://sz.lianjia.com/zufang/SZ2287630322718228480.html,龙华区,龙华新区,世纪春城三期 3室2厅 东南,6000元/月 ,租赁方式未知,3室2厅2卫,107㎡,朝东南,"['http://vrlab-image.ljcdn.com/release/auto3dhd/8805d5898ab37e2f06043fa140d700b8/screenshot/1550297563_0/pc0_0uUK9eHQF.jpg.q_70.jpg', 'https://s1.ljcdn.com/matrix_lianjia_pc/dist/pc/src/resource/default/780-439.png?_v=201906280941017d9', 'https://s1.ljcdn.com/matrix_lianjia_pc/dist/pc/src/resource/default/780-439.png?_v=201906280941017d9', 'https://s1.ljcdn.com/matrix_lianjia_pc/dist/pc/src/resource/default/780-439.png?_v=201906280941017d9', 'https://s1.ljcdn.com/matrix_lianjia_pc/dist/pc/src/resource/default/780-439.png?_v=201906280941017d9']",4天前,随时入住,暂无数据,一般下班后可看,低楼层/10层,有,暂无数据,民水,民电,有,暂无数据,"['新上', '随时看房']",[],22.633069168643,114.03997679395
https://sz.lianjia.com/zufang/SZ2288179549227188224.html,福田区,福田中心,整租·星河世纪 2室1厅 东南,7500元/月 (月付价),整租,2室1厅1卫,58㎡,朝东南,"['https://image1.ljcdn.com/rent-user-avatar/1124c7c2-e4d6-42a2-a779-e7bdd2b6cb23.780x439.jpg', 'https://s1.ljcdn.com/matrix_lianjia_pc/dist/pc/src/resource/default/780-439.png?_v=201906280941017d9', 'https://s1.ljcdn.com/matrix_lianjia_pc/dist/pc/src/resource/default/780-439.png?_v=201906280941017d9', 'https://s1.ljcdn.com/matrix_lianjia_pc/dist/pc/src/resource/default/780-439.png?_v=201906280941017d9', 'https://s1.ljcdn.com/matrix_lianjia_pc/dist/pc/src/resource/default/780-439.png?_v=201906280941017d9', 'https://s1.ljcdn.com/matrix_lianjia_pc/dist/pc/src/resource/default/780-439.png?_v=201906280941017d9']",3天前,随时入住,1年,随时可看,15/32层,暂无数据,暂无数据,暂无数据,暂无数据,暂无数据,暂无数据,"['公寓', '近地铁', '精装', '新上', '随时看房']","['1号线(罗宝线) - 岗厦', '431m', '2号线(蛇口线) - 岗厦北', '765m', '1号线(罗宝线),4号线(龙华线) - 会展中心', '937m', '2号线(蛇口线),4号线(龙华线) - 市民中心', '984m']",22.543430649461,114.07392280392
https://sz.lianjia.com/zufang/SZ2270133366861348864.html,南山区,西丽,整租·万科云城 2室2厅 东南,6500元/月 (月付价),整租,2室2厅1卫,50㎡,朝东南,"['https://image1.ljcdn.com/rent-user-avatar/50627ce0-b326-463f-919e-89d6636275c7.780x439.jpg', 'https://s1.ljcdn.com/matrix_lianjia_pc/dist/pc/src/resource/default/780-439.png?_v=201906280941017d9', 'https://s1.ljcdn.com/matrix_lianjia_pc/dist/pc/src/resource/default/780-439.png?_v=201906280941017d9', 'https://s1.ljcdn.com/matrix_lianjia_pc/dist/pc/src/resource/default/780-439.png?_v=201906280941017d9', 'https://s1.ljcdn.com/matrix_lianjia_pc/dist/pc/src/resource/default/780-439.png?_v=201906280941017d9', 'https://s1.ljcdn.com/matrix_lianjia_pc/dist/pc/src/resource/default/780-439.png?_v=201906280941017d9']",28天前,随时入住,1年,需提前预约,6/32层,暂无数据,暂无数据,商水,商电,有,暂无数据,"['公寓', '近地铁', '精装']",[],22.57983,113.950727
https://sz.lianjia.com/zufang/SZ2286932464175677440.html,南山区,科技园,整租·松坪村西区三期 2室1厅 东南,6200元/月 ,整租,2室1厅1卫,50㎡,朝东南,"['https://image1.ljcdn.com/440300-inspection/628b9017-b4a6-4295-9774-258b8e15558d.jpg.780x439.jpg', 'https://s1.ljcdn.com/matrix_lianjia_pc/dist/pc/src/resource/default/780-439.png?_v=201906280941017d9', 'https://s1.ljcdn.com/matrix_lianjia_pc/dist/pc/src/resource/default/780-439.png?_v=201906280941017d9', 'https://s1.ljcdn.com/matrix_lianjia_pc/dist/pc/src/resource/default/780-439.png?_v=201906280941017d9', 'https://s1.ljcdn.com/matrix_lianjia_pc/dist/pc/src/resource/default/780-439.png?_v=201906280941017d9']",5天前,随时入住,1~2年,需提前预约,中楼层/34层,有,租用车位,民水,民电,有,暂无数据,"['精装', '新上']",[],22.564744734159,113.96202167446
https://sz.lianjia.com/zufang/SZ2162155543928774656.html,光明区,公明,整租·天汇城 5室2厅 东南,5500元/月 (月付价),整租,5室2厅3卫,151㎡,朝东南,"['https://image1.ljcdn.com/440300-inspection/b291df2f-9b58-4fa1-95cc-cbdffd741c47.jpg.780x439.jpg', 'https://s1.ljcdn.com/matrix_lianjia_pc/dist/pc/src/resource/default/780-439.png?_v=201906280941017d9', 'https://s1.ljcdn.com/matrix_lianjia_pc/dist/pc/src/resource/default/780-439.png?_v=201906280941017d9', 'https://s1.ljcdn.com/matrix_lianjia_pc/dist/pc/src/resource/default/780-439.png?_v=201906280941017d9', 'https://s1.ljcdn.com/matrix_lianjia_pc/dist/pc/src/resource/default/780-439.png?_v=201906280941017d9', 'https://s1.ljcdn.com/matrix_lianjia_pc/dist/pc/src/resource/default/780-439.png?_v=201906280941017d9', 'https://s1.ljcdn.com/matrix_lianjia_pc/dist/pc/src/resource/default/780-439.png?_v=201906280941017d9', 'https://s1.ljcdn.com/matrix_lianjia_pc/dist/pc/src/resource/default/780-439.png?_v=201906280941017d9', 'https://s1.ljcdn.com/matrix_lianjia_pc/dist/pc/src/resource/default/780-439.png?_v=201906280941017d9', 'https://s1.ljcdn.com/matrix_lianjia_pc/dist/pc/src/resource/default/780-439.png?_v=201906280941017d9', 'https://s1.ljcdn.com/matrix_lianjia_pc/dist/pc/src/resource/default/780-439.png?_v=201906280941017d9', 'https://s1.ljcdn.com/matrix_lianjia_pc/dist/pc/src/resource/default/780-439.png?_v=201906280941017d9']",1个月前,随时入住,1年以内,需提前预约,高楼层/32层,有,暂无数据,民水,商电,无,暂无数据,['精装'],[],22.781909,113.899967
https://sz.lianjia.com/zufang/SZ2260293463013081088.html,龙华区,龙华中心,整租·优品建筑 4室2厅 东南,5500元/月 (月付价),整租,4室2厅2卫,104㎡,朝东南,"['https://image1.ljcdn.com/440300-inspection/3f1ae2b7-d890-497c-b4d8-59419ef9ce97.jpg.780x439.jpg', 'https://s1.ljcdn.com/matrix_lianjia_pc/dist/pc/src/resource/default/780-439.png?_v=201906280941017d9', 'https://s1.ljcdn.com/matrix_lianjia_pc/dist/pc/src/resource/default/780-439.png?_v=201906280941017d9', 'https://s1.ljcdn.com/matrix_lianjia_pc/dist/pc/src/resource/default/780-439.png?_v=201906280941017d9', 'https://s1.ljcdn.com/matrix_lianjia_pc/dist/pc/src/resource/default/780-439.png?_v=201906280941017d9', 'https://s1.ljcdn.com/matrix_lianjia_pc/dist/pc/src/resource/default/780-439.png?_v=201906280941017d9', 'https://s1.ljcdn.com/matrix_lianjia_pc/dist/pc/src/resource/default/780-439.png?_v=201906280941017d9', 'https://s1.ljcdn.com/matrix_lianjia_pc/dist/pc/src/resource/default/780-439.png?_v=201906280941017d9', 'https://s1.ljcdn.com/matrix_lianjia_pc/dist/pc/src/resource/default/780-439.png?_v=201906280941017d9', 'https://s1.ljcdn.com/matrix_lianjia_pc/dist/pc/src/resource/default/780-439.png?_v=201906280941017d9', 'https://s1.ljcdn.com/matrix_lianjia_pc/dist/pc/src/resource/default/780-439.png?_v=201906280941017d9']",1个月前,随时入住,2~3年,暂无数据,高楼层/6层,无,暂无数据,民水,民电,有,暂无数据,"['近地铁', '双卫生间', '随时看房']","['4号线(龙华线) - 龙华', '566m']",22.653748422724,114.02836722924
https://sz.lianjia.com/zufang/SZ2287617888930242560.html,龙华区,红山,幸福枫景 3室2厅 东南,6500元/月 ,租赁方式未知,3室2厅1卫,87㎡,朝东南,"['https://image1.ljcdn.com/440300-inspection/4c9bf9f2-d007-4e8e-9c81-29df2d07b30c.jpg.780x439.jpg', 'https://s1.ljcdn.com/matrix_lianjia_pc/dist/pc/src/resource/default/780-439.png?_v=201906280941017d9', 'https://s1.ljcdn.com/matrix_lianjia_pc/dist/pc/src/resource/default/780-439.png?_v=201906280941017d9', 'https://s1.ljcdn.com/matrix_lianjia_pc/dist/pc/src/resource/default/780-439.png?_v=201906280941017d9', 'https://s1.ljcdn.com/matrix_lianjia_pc/dist/pc/src/resource/default/780-439.png?_v=201906280941017d9', 'https://s1.ljcdn.com/matrix_lianjia_pc/dist/pc/src/resource/default/780-439.png?_v=201906280941017d9', 'https://s1.ljcdn.com/matrix_lianjia_pc/dist/pc/src/resource/default/780-439.png?_v=201906280941017d9', 'https://s1.ljcdn.com/matrix_lianjia_pc/dist/pc/src/resource/default/780-439.png?_v=201906280941017d9', 'https://s1.ljcdn.com/matrix_lianjia_pc/dist/pc/src/resource/default/780-439.png?_v=201906280941017d9', 'https://s1.ljcdn.com/matrix_lianjia_pc/dist/pc/src/resource/default/780-439.png?_v=201906280941017d9']",4天前,2019-07-15,暂无数据,需提前预约,中楼层/11层,有,暂无数据,民水,民电,有,暂无数据,['新上'],[],22.636276048437,114.03565420793
