房源地址,行政区,位置,标题,租金,租赁方式,户型,面积,朝向,图片列表,发布时间,入住时间,租期,看房时间,楼层,电梯,车位,用水,用电,燃气,采暖,标签,station,latitude,longtitude
https://sz.lianjia.com/zufang/SZ2273085706584719360.html,南山区,蛇口,整租·雷公岭住宅区 3室2厅 东南,6500元/月 ,整租,3室2厅1卫,95㎡,朝东南,"['https://image1.ljcdn.com/440300-inspection/10d53ae7-5388-408e-b7a7-60ac23705dec.jpg.780x439.jpg', 'https://s1.ljcdn.com/matrix_lianjia_pc/dist/pc/src/resource/default/780-439.png?_v=201906280941017d9', 'https://s1.ljcdn.com/matrix_lianjia_pc/dist/pc/src/resource/default/780-439.png?_v=201906280941017d9', 'https://s1.ljcdn.com/matrix_lianjia_pc/dist/pc/src/resource/default/780-439.png?_v=201906280941017d9', 'https://s1.ljcdn.com/matrix_lianjia_pc/dist/pc/src/resource/default/780-439.png?_v=201906280941017d9', 'https://s1.ljcdn.com/matrix_lianjia_pc/dist/pc/src/resource/default/780-439.png?_v=201906280941017d9', 'https://s1.ljcdn.com/matrix_lianjia_pc/dist/pc/src/resource/default/780-439.png?_v=201906280941017d9', 'https://s1.ljcdn.com/matrix_lianjia_pc/dist/pc/src/resource/default/780-439.png?_v=201906280941017d9']",24天前,随时入住,1年以内,暂无数据,高楼层/7层,无,暂无数据,民水,民电,有,暂无数据,['精装'],"['2号线(蛇口线) - 东角头', '844m', '2号线(蛇口线) - 水湾', '1110m']",22.498446,113.933678
https://sz.lianjia.com/zufang/SZ2131786227563626496.html,龙岗区,横岗,信义御城豪园 4室2厅 东南,7500元/月 ,租赁方式未知,4室2厅2卫,128㎡,朝东南,"['https://image1.ljcdn.com/440300-inspection/prod-9b6bf01a-6738-46be-8b63-e9e7b4a7a43a.jpg.780x439.jpg', 'https://s1.ljcdn.com/matrix_lianjia_pc/dist/pc/src/resource/default/780-439.png?_v=201906280941017d9', 'https://s1.ljcdn.com/matrix_lianjia_pc/dist/pc/src/resource/default/780-439.png?_v=201906280941017d9', 'https://s1.ljcdn.com/matrix_lianjia_pc/dist/pc/src/resource/default/780-439.png?_v=201906280941017d9', 'https://s1.ljcdn.com/matrix_lianjia_pc/dist/pc/src/resource/default/780-439.png?_v=201906280941017d9', 'https://s1.ljcdn.com/matrix_lianjia_pc/dist/pc/src/resource/default/780-439.png?_v=201906280941017d9', 'https://s1.ljcdn.com/matrix_lianjia_pc/dist/pc/src/resource/default/780-439.png?_v=201906280941017d9']",7个月前,随时入住,暂无数据,需提前预约,中楼层/33层,有,暂无数据,民水,民电,有,暂无数据,['近地铁'],"['3号线(龙岗线) - 横岗', '228m', '3号线(龙岗线) - 永湖', '966m']",22.65636,114.219222
https://sz.lianjia.com/zufang/SZ2114275499021967360.html,龙华区,观澜,观澜湖比佩亚区 1室1厅 东南,6000元/月 ,租赁方式未知,1室1厅1卫,79㎡,朝东南,"['https://image1.ljcdn.com/440300-inspection/b7ea6971-1518-487d-a4e0-3bcb1aa8a0da.jpg.780x439.jpg', 'https://s1.ljcdn.com/matrix_lianjia_pc/dist/pc/src/resource/default/780-439.png?_v=201906280941017d9', 'https://s1.ljcdn.com/matrix_lianjia_pc/dist/pc/src/resource/default/780-439.png?_v=201906280941017d9', 'https://s1.ljcdn.com/matrix_lianjia_pc/dist/pc/src/resource/default/780-439.png?_v=201906280941017d9', 'https://s1.ljcdn.com/matrix_lianjia_pc/dist/pc/src/resource/default/780-439.png?_v=201906280941017d9', 'https://s1.ljcdn.com/matrix_lianjia_pc/dist/pc/src/resource/default/780-439.png?_v=201906280941017d9', 'https://s1.ljcdn.com/matrix_lianjia_pc/dist/pc/src/resource/default/780-439.png?_v=201906280941017d9', 'https://s1.ljcdn.com/matrix_lianjia_pc/dist/pc/src/resource/default/780-439.png?_v=201906280941017d9', 'https://s1.ljcdn.com/matrix_lianjia_pc/dist/pc/src/resource/default/780-439.png?_v=201906280941017d9']",8个月前,随时入住,暂无数据,需提前预约,中楼层/7层,有,暂无数据,民水,民电,有,暂无数据,[],[],22.726706,114.081933
https://sz.lianjia.com/zufang/SZ2265936078110466048.html,罗湖区,清水河,雅仕居 2室1厅 东南,5800元/月 ,租赁方式未知,2室1厅1卫,59㎡,朝东南,"['https://image1.ljcdn.com/440300-inspection/6e4a8e7b-6332-42dd-8400-9751bd027172.jpg.780x439.jpg', 'https://s1.ljcdn.com/matrix_lianjia_pc/dist/pc/src/resource/default/780-439.png?_v=201906280941017d9', 'https://s1.ljcdn.com/matrix_lianjia_pc/dist/pc/src/resource/default/780-439.png?_v=201906280941017d9', 'https://s1.ljcdn.com/matrix_lianjia_pc/dist/pc/src/resource/default/780-439.png?_v=201906280941017d9', 'https://s1.ljcdn.com/matrix_lianjia_pc/dist/pc/src/resource/default/780-439.png?_v=201906280941017d9', 'https://s1.ljcdn.com/matrix_lianjia_pc/dist/pc/src/resource/default/780-439.png?_v=201906280941017d9', 'https://s1.ljcdn.com/matrix_lianjia_pc/dist/pc/src/resource/default/780-439.png?_v=201906280941017d9']",1个月前,随时入住,暂无数据,一般下班后可看,中楼层/10层,有,暂无数据,民水,民电,有,暂无数据,[],[],22.580005380077,114.11992292602
https://sz.lianjia.com/zufang/SZ2261571164671311872.html,龙华区,龙华中心,鸿荣源·壹成中心第七区 4室2厅 东/东南,7000元/月 ,租赁方式未知,4室2厅2卫,89㎡,朝东 东南,"['https://image1.ljcdn.com/440300-inspection/51544e1c-0246-4351-8a25-080d7b4cb101.jpg.780x439.jpg', 'https://s1.ljcdn.com/matrix_lianjia_pc/dist/pc/src/resource/default/780-439.png?_v=201906280941017d9', 'https://s1.ljcdn.com/matrix_lianjia_pc/dist/pc/src/resource/default/780-439.png?_v=201906280941017d9', 'https://s1.ljcdn.com/matrix_lianjia_pc/dist/pc/src/resource/default/780-439.png?_v=201906280941017d9', 'https://s1.ljcdn.com/matrix_lianjia_pc/dist/pc/src/resource/default/780-439.png?_v=201906280941017d9', 'https://s1.ljcdn.com/matrix_lianjia_pc/dist/pc/src/resource/default/780-439.png?_v=201906280941017d9', 'https://s1.ljcdn.com/matrix_lianjia_pc/dist/pc/src/resource/default/780-439.png?_v=201906280941017d9', 'https://s1.ljcdn.com/matrix_lianjia_pc/dist/pc/src/resource/default/780-439.png?_v=201906280941017d9', 'https://s1.ljcdn.com/matrix_lianjia_pc/dist/pc/src/resource/default/780-439.png?_v=201906280941017d9']",1个月前,随时入住,暂无数据,需提前预约,低楼层/54层,暂无数据,暂无数据,民水,民电,有,暂无数据,"['近地铁', '随时看房']",[],22.652873,114.037342
https://sz.lianjia.com/zufang/SZ2284056669283958784.html,南山区,蛇口,春天广场 2室1厅 东南,7000元/月 ,租赁方式未知,2室1厅1卫,65㎡,朝东南,"['https://image1.ljcdn.com/440300-inspection/9fab781d-ab4b-4024-b798-cdc6381ff729.jpg.780x439.jpg', 'https://s1.ljcdn.com/matrix_lianjia_pc/dist/pc/src/resource/default/780-439.png?_v=201906280941017d9', 'https://s1.ljcdn.com/matrix_lianjia_pc/dist/pc/src/resource/default/780-439.png?_v=201906280941017d9', 'https://s1.ljcdn.com/matrix_lianjia_pc/dist/pc/src/resource/default/780-439.png?_v=201906280941017d9', 'https://s1.ljcdn.com/matrix_lianjia_pc/dist/pc/src/resource/default/780-439.png?_v=201906280941017d9', 'https://s1.ljcdn.com/matrix_lianjia_pc/dist/pc/src/resource/default/780-439.png?_v=201906280941017d9', 'https://s1.ljcdn.com/matrix_lianjia_pc/dist/pc/src/resource/default/780-439.png?_v=201906280941017d9']",9天前,随时入住,暂无数据,需提前预约,高楼层/15层,有,暂无数据,民水,民电,有,暂无数据,['近地铁'],"['2号线(蛇口线) - 水湾', '160m', '2号线(蛇口线) - 海上世界', '764m', '2号线(蛇口线) - 东角头', '1139m']",22.493492,113.927414
https://sz.lianjia.com/zufang/SZ2233034549917655040.html,龙华区,上塘,潜龙曼海宁花园南区 3室2厅 东南,6600元/月 ,租赁方式未知,3室2厅2卫,89㎡,朝东南,"['https://image1.ljcdn.com/440300-inspection/4b471a65-ccec-4893-bad7-b3515c3f0152.jpg.780x439.jpg', 'https://s1.ljcdn.com/matrix_lianjia_pc/dist/pc/src/resource/default/780-439.png?_v=201906280941017d9', 'https://s1.ljcdn.com/matrix_lianjia_pc/dist/pc/src/resource/default/780-439.png?_v=201906280941017d9', 'https://s1.ljcdn.com/matrix_lianjia_pc/dist/pc/src/resource/default/780-439.png?_v=201906280941017d9', 'https://s1.ljcdn.com/matrix_lianjia_pc/dist/pc/src/resource/default/780-439.png?_v=201906280941017d9', 'https://s1.ljcdn.com/matrix_lianjia_pc/dist/pc/src/resource/default/780-439.png?_v=201906280941017d9', 'https://s1.ljcdn.com/matrix_lianjia_pc/dist/pc/src/resource/default/780-439.png?_v=201906280941017d9', 'https://s1.ljcdn.com/matrix_lianjia_pc/dist/pc/src/resource/default/780-439.png?_v=201906280941017d9', 'https://s1.ljcdn.com/matrix_lianjia_pc/dist/pc/src/resource/default/780-439.png?_v=201906280941017d9', 'https://s1.ljcdn.com/matrix_lianjia_pc/dist/pc/src/resource/default/780-439.png?_v=201906280941017d9']",1个月前,2019-07-03,暂无数据,一般下班后可看,低楼层/28层,有,暂无数据,民水,民电,有,暂无数据,"['近地铁', '随时看房']","['4号线(龙华线) - 上塘', '415m', '4号线(龙华线) - 龙胜', '709m']",22.645777460915,114.01596142057
https://sz.lianjia.com/zufang/SZ2267164129502969856.html,龙华区,龙华中心,东华明珠园 3室1厅 东南,6600元/月 ,租赁方式未知,3室1厅2卫,98㎡,朝东南,"['https://image1.ljcdn.com/440300-inspection/61fbde10-284d-4bdb-affc-fac6b01e3124.jpg.780x439.jpg', 'https://s1.ljcdn.com/matrix_lianjia_pc/dist/pc/src/resource/default/780-439.png?_v=201906280941017d9', 'https://s1.ljcdn.com/matrix_lianjia_pc/dist/pc/src/resource/default/780-439.png?_v=201906280941017d9', 'https://s1.ljcdn.com/matrix_lianjia_pc/dist/pc/src/resource/default/780-439.png?_v=201906280941017d9', 'https://s1.ljcdn.com/matrix_lianjia_pc/dist/pc/src/resource/default/780-439.png?_v=201906280941017d9', 'https://s1.ljcdn.com/matrix_lianjia_pc/dist/pc/src/resource/default/780-439.png?_v=201906280941017d9', 'https://s1.ljcdn.com/matrix_lianjia_pc/dist/pc/src/resource/default/780-439.png?_v=201906280941017d9', 'https://s1.ljcdn.com/matrix_lianjia_pc/dist/pc/src/resource/default/780-439.png?_v=201906280941017d9', 'https://s1.ljcdn.com/matrix_lianjia_pc/dist/pc/src/resource/default/780-439.png?_v=201906280941017d9', 'https://s1.ljcdn.com/matrix_lianjia_pc/dist/pc/src/resource/default/780-439.png?_v=201906280941017d9']",1个月前,2019-07-02,暂无数据,需提前预约,低楼层/31层,有,暂无数据,民水,民电,有,暂无数据,[],"['4号线(龙华线) - 龙华', '1178m']",22.659086466025,114.03848862032
https://sz.lianjia.com/zufang/SZ2240485517777182720.html,南山区,前海,佳兆业前海广场二期 3室1厅 东南,7200元/月 ,租赁方式未知,3室1厅2卫,74㎡,朝东南,"['https://image1.ljcdn.com/440300-inspection/08de4226-ceed-413e-8de6-f7c35727a188.jpg.780x439.jpg', 'https://s1.ljcdn.com/matrix_lianjia_pc/dist/pc/src/resource/default/780-439.png?_v=201906280941017d9', 'https://s1.ljcdn.com/matrix_lianjia_pc/dist/pc/src/resource/default/780-439.png?_v=201906280941017d9', 'https://s1.ljcdn.com/matrix_lianjia_pc/dist/pc/src/resource/default/780-439.png?_v=201906280941017d9', 'https://s1.ljcdn.com/matrix_lianjia_pc/dist/pc/src/resource/default/780-439.png?_v=201906280941017d9', 'https://s1.ljcdn.com/matrix_lianjia_pc/dist/pc/src/resource/default/780-439.png?_v=201906280941017d9', 'https://s1.ljcdn.com/matrix_lianjia_pc/dist/pc/src/resource/default/780-439.png?_v=201906280941017d9', 'https://s1.ljcdn.com/matrix_lianjia_pc/dist/pc/src/resource/default/780-439.png?_v=201906280941017d9', 'https://s1.ljcdn.com/matrix_lianjia_pc/dist/pc/src/resource/default/780-439.png?_v=201906280941017d9']",2个月前,随时入住,暂无数据,需提前预约,高楼层/22层,暂无数据,暂无数据,商水,商电,有,暂无数据,['随时看房'],[],22.501877,113.892136
https://sz.lianjia.com/zufang/SZ2284863371306344448.html,罗湖区,万象城,城市天地广场 2室1厅 东南,6800元/月 ,租赁方式未知,2室1厅1卫,58㎡,朝东南,"['https://image1.ljcdn.com/440300-inspection/10c53f58-081b-4328-a122-fb4c62fe291f.jpg.780x439.jpg', 'https://s1.ljcdn.com/matrix_lianjia_pc/dist/pc/src/resource/default/780-439.png?_v=201906280941017d9', 'https://s1.ljcdn.com/matrix_lianjia_pc/dist/pc/src/resource/default/780-439.png?_v=201906280941017d9', 'https://s1.ljcdn.com/matrix_lianjia_pc/dist/pc/src/resource/default/780-439.png?_v=201906280941017d9', 'https://s1.ljcdn.com/matrix_lianjia_pc/dist/pc/src/resource/default/780-439.png?_v=201906280941017d9', 'https://s1.ljcdn.com/matrix_lianjia_pc/dist/pc/src/resource/default/780-439.png?_v=201906280941017d9', 'https://s1.ljcdn.com/matrix_lianjia_pc/dist/pc/src/resource/default/780-439.png?_v=201906280941017d9']",8天前,随时入住,暂无数据,需提前预约,高楼层/41层,有,暂无数据,民水,民电,有,暂无数据,"['近地铁', '随时看房']","['1号线(罗宝线) - 国贸', '517m', '9号线 - 鹿丹村', '646m', '1号线(罗宝线),2号线(蛇口线) - 大剧院', '802m', '9号线 - 人民南', '843m', '1号线(罗宝线),3号线(龙岗线) - 老街', '893m', '9号线 - 红岭南', '987m', '1号线(罗宝线) - 罗湖', '1013m']",22.54421,114.120013
https://sz.lianjia.com/zufang/SZ2258017808204447744.html,罗湖区,春风路,锦花大厦 3室1厅 东南,8000元/月 ,租赁方式未知,3室1厅1卫,104㎡,朝东南,"['https://image1.ljcdn.com/440300-inspection/test-7f1c4612-6005-4de0-a3f6-c9f7b477d606.png.780x439.jpg', 'https://s1.ljcdn.com/matrix_lianjia_pc/dist/pc/src/resource/default/780-439.png?_v=201906280941017d9', 'https://s1.ljcdn.com/matrix_lianjia_pc/dist/pc/src/resource/default/780-439.png?_v=201906280941017d9', 'https://s1.ljcdn.com/matrix_lianjia_pc/dist/pc/src/resource/default/780-439.png?_v=201906280941017d9', 'https://s1.ljcdn.com/matrix_lianjia_pc/dist/pc/src/resource/default/780-439.png?_v=201906280941017d9', 'https://s1.ljcdn.com/matrix_lianjia_pc/dist/pc/src/resource/default/780-439.png?_v=201906280941017d9']",1个月前,随时入住,暂无数据,需提前预约,低楼层/24层,有,暂无数据,民水,民电,有,暂无数据,['近地铁'],"['9号线 - 向西村', '403m', '9号线 - 人民南', '877m', '1号线(罗宝线) - 罗湖', '884m', '9号线 - 文锦', '886m', '1号线(罗宝线) - 国贸', '936m', '2号线(蛇口线) - 湖贝', '1084m']",22.543076,114.132206
https://sz.lianjia.com/zufang/SZ2284531372825780224.html,南山区,蛇口,花果山小区 3室1厅 东南,8000元/月 ,租赁方式未知,3室1厅2卫,109㎡,朝东南,"['https://image1.ljcdn.com/440300-inspection/3c51102a-4f5a-4a0c-83f3-5ee6c4ddc0f7.jpg.780x439.jpg', 'https://s1.ljcdn.com/matrix_lianjia_pc/dist/pc/src/resource/default/780-439.png?_v=201906280941017d9', 'https://s1.ljcdn.com/matrix_lianjia_pc/dist/pc/src/resource/default/780-439.png?_v=201906280941017d9', 'https://s1.ljcdn.com/matrix_lianjia_pc/dist/pc/src/resource/default/780-439.png?_v=201906280941017d9', 'https://s1.ljcdn.com/matrix_lianjia_pc/dist/pc/src/resource/default/780-439.png?_v=201906280941017d9', 'https://s1.ljcdn.com/matrix_lianjia_pc/dist/pc/src/resource/default/780-439.png?_v=201906280941017d9', 'https://s1.ljcdn.com/matrix_lianjia_pc/dist/pc/src/resource/default/780-439.png?_v=201906280941017d9', 'https://s1.ljcdn.com/matrix_lianjia_pc/dist/pc/src/resource/default/780-439.png?_v=201906280941017d9']",8天前,随时入住,暂无数据,暂无数据,中楼层/24层,有,暂无数据,民水,民电,有,暂无数据,['近地铁'],"['2号线(蛇口线) - 东角头', '671m', '2号线(蛇口线) - 水湾', '724m']",22.497595,113.932273
https://sz.lianjia.com/zufang/SZ2284813025741643776.html,龙华区,龙华新区,锦绣江南二期 3室2厅 东南,6200元/月 ,租赁方式未知,3室2厅1卫,93㎡,朝东南,"['https://image1.ljcdn.com/440300-inspection/5859f119-1926-442b-9039-7432de8fa245.jpg.780x439.jpg', 'https://s1.ljcdn.com/matrix_lianjia_pc/dist/pc/src/resource/default/780-439.png?_v=201906280941017d9', 'https://s1.ljcdn.com/matrix_lianjia_pc/dist/pc/src/resource/default/780-439.png?_v=201906280941017d9', 'https://s1.ljcdn.com/matrix_lianjia_pc/dist/pc/src/resource/default/780-439.png?_v=201906280941017d9', 'https://s1.ljcdn.com/matrix_lianjia_pc/dist/pc/src/resource/default/780-439.png?_v=201906280941017d9', 'https://s1.ljcdn.com/matrix_lianjia_pc/dist/pc/src/resource/default/780-439.png?_v=201906280941017d9', 'https://s1.ljcdn.com/matrix_lianjia_pc/dist/pc/src/resource/default/780-439.png?_v=201906280941017d9', 'https://s1.ljcdn.com/matrix_lianjia_pc/dist/pc/src/resource/default/780-439.png?_v=201906280941017d9']",8天前,2019-07-10,暂无数据,需提前预约,中楼层/6层,无,暂无数据,民水,民电,有,暂无数据,[],[],22.641371,114.035824
https://sz.lianjia.com/zufang/SZ2284107556609859584.html,南山区,前海,诺德假日花园 2室1厅 东南,7500元/月 ,租赁方式未知,2室1厅1卫,66㎡,朝东南,"['https://image1.ljcdn.com/440300-inspection/78d25493-62cf-4e0b-80bd-6657e6794e73.jpg.780x439.jpg', 'https://s1.ljcdn.com/matrix_lianjia_pc/dist/pc/src/resource/default/780-439.png?_v=201906280941017d9', 'https://s1.ljcdn.com/matrix_lianjia_pc/dist/pc/src/resource/default/780-439.png?_v=201906280941017d9', 'https://s1.ljcdn.com/matrix_lianjia_pc/dist/pc/src/resource/default/780-439.png?_v=201906280941017d9', 'https://s1.ljcdn.com/matrix_lianjia_pc/dist/pc/src/resource/default/780-439.png?_v=201906280941017d9', 'https://s1.ljcdn.com/matrix_lianjia_pc/dist/pc/src/resource/default/780-439.png?_v=201906280941017d9']",9天前,随时入住,暂无数据,需提前预约,高楼层/30层,有,暂无数据,民水,民电,有,暂无数据,[],[],22.51623,113.909861
https://sz.lianjia.com/zufang/SZ2239655414407110656.html,福田区,皇岗,金地名津 2室1厅 东南,7200元/月 ,租赁方式未知,2室1厅1卫,62㎡,朝东南,"['https://image1.ljcdn.com/440300-inspection/252d1592-dd5f-4f43-b58d-76fd1e397d89.jpg.780x439.jpg', 'https://s1.ljcdn.com/matrix_lianjia_pc/dist/pc/src/resource/default/780-439.png?_v=201906280941017d9', 'https://s1.ljcdn.com/matrix_lianjia_pc/dist/pc/src/resource/default/780-439.png?_v=201906280941017d9', 'https://s1.ljcdn.com/matrix_lianjia_pc/dist/pc/src/resource/default/780-439.png?_v=201906280941017d9', 'https://s1.ljcdn.com/matrix_lianjia_pc/dist/pc/src/resource/default/780-439.png?_v=201906280941017d9', 'https://s1.ljcdn.com/matrix_lianjia_pc/dist/pc/src/resource/default/780-439.png?_v=201906280941017d9', 'https://s1.ljcdn.com/matrix_lianjia_pc/dist/pc/src/resource/default/780-439.png?_v=201906280941017d9']",2个月前,随时入住,暂无数据,需提前预约,低楼层/25层,有,暂无数据,民水,民电,有,暂无数据,"['近地铁', '随时看房']","['4号线(龙华线) - 福田口岸', '365m']",22.521917165042,114.08024548687
https://sz.lianjia.com/zufang/SZ2284045496831967232.html,南山区,蛇口,整租·米兰第2季 2室2厅 东南,8000元/月 (月付价),整租,2室2厅1卫,71㎡,朝东南,"['https://image1.ljcdn.com/440300-inspection/e5268958-513e-4cdf-a7a1-385bfa62b223.jpg.780x439.jpg', 'https://s1.ljcdn.com/matrix_lianjia_pc/dist/pc/src/resource/default/780-439.png?_v=201906280941017d9', 'https://s1.ljcdn.com/matrix_lianjia_pc/dist/pc/src/resource/default/780-439.png?_v=201906280941017d9', 'https://s1.ljcdn.com/matrix_lianjia_pc/dist/pc/src/resource/default/780-439.png?_v=201906280941017d9', 'https://s1.ljcdn.com/matrix_lianjia_pc/dist/pc/src/resource/default/780-439.png?_v=201906280941017d9', 'https://s1.ljcdn.com/matrix_lianjia_pc/dist/pc/src/resource/default/780-439.png?_v=201906280941017d9', 'https://s1.ljcdn.com/matrix_lianjia_pc/dist/pc/src/resource/default/780-439.png?_v=201906280941017d9', 'https://s1.ljcdn.com/matrix_lianjia_pc/dist/pc/src/resource/default/780-439.png?_v=201906280941017d9']",9天前,2019-07-18,1~2年,暂无数据,低楼层/18层,有,暂无数据,民水,民电,有,暂无数据,"['近地铁', '精装']","['2号线(蛇口线) - 东角头', '563m', '2号线(蛇口线) - 水湾', '1015m']",22.496168748287,113.93534703507
https://sz.lianjia.com/zufang/SZ2241810595005874176.html,宝安区,新安,海雅缤纷城 2室1厅 东南,7500元/月 ,租赁方式未知,2室1厅1卫,72㎡,朝东南,"['https://image1.ljcdn.com/440300-inspection/5891eed3-3cb9-4a35-8972-9d86a8d50b58.jpg.780x439.jpg', 'https://s1.ljcdn.com/matrix_lianjia_pc/dist/pc/src/resource/default/780-439.png?_v=201906280941017d9', 'https://s1.ljcdn.com/matrix_lianjia_pc/dist/pc/src/resource/default/780-439.png?_v=201906280941017d9', 'https://s1.ljcdn.com/matrix_lianjia_pc/dist/pc/src/resource/default/780-439.png?_v=201906280941017d9', 'https://s1.ljcdn.com/matrix_lianjia_pc/dist/pc/src/resource/default/780-439.png?_v=201906280941017d9', 'https://s1.ljcdn.com/matrix_lianjia_pc/dist/pc/src/resource/default/780-439.png?_v=201906280941017d9', 'https://s1.ljcdn.com/matrix_lianjia_pc/dist/pc/src/resource/default/780-439.png?_v=201906280941017d9', 'https://s1.ljcdn.com/matrix_lianjia_pc/dist/pc/src/resource/default/780-439.png?_v=201906280941017d9']",2个月前,随时入住,暂无数据,暂无数据,高楼层/27层,有,暂无数据,民水,民电,有,暂无数据,['随时看房'],[],22.565667639285,113.9122646422
https://sz.lianjia.com/zufang/SZ2268673103531868160.html,福田区,新洲,新洲大厦 3室2厅 东南,8000元/月 ,租赁方式未知,3室2厅2卫,109㎡,朝东南,"['https://image1.ljcdn.com/440300-inspection/4a407dbb-7423-46f6-b2cd-2c7294d247bf.jpg.780x439.jpg', 'https://s1.ljcdn.com/matrix_lianjia_pc/dist/pc/src/resource/default/780-439.png?_v=201906280941017d9', 'https://s1.ljcdn.com/matrix_lianjia_pc/dist/pc/src/resource/default/780-439.png?_v=201906280941017d9', 'https://s1.ljcdn.com/matrix_lianjia_pc/dist/pc/src/resource/default/780-439.png?_v=201906280941017d9', 'https://s1.ljcdn.com/matrix_lianjia_pc/dist/pc/src/resource/default/780-439.png?_v=201906280941017d9', 'https://s1.ljcdn.com/matrix_lianjia_pc/dist/pc/src/resource/default/780-439.png?_v=201906280941017d9', 'https://s1.ljcdn.com/matrix_lianjia_pc/dist/pc/src/resource/default/780-439.png?_v=201906280941017d9', 'https://s1.ljcdn.com/matrix_lianjia_pc/dist/pc/src/resource/default/780-439.png?_v=201906280941017d9', 'https://s1.ljcdn.com/matrix_lianjia_pc/dist/pc/src/resource/default/780-439.png?_v=201906280941017d9', 'https://s1.ljcdn.com/matrix_lianjia_pc/dist/pc/src/resource/default/780-439.png?_v=201906280941017d9', 'https://s1.ljcdn.com/matrix_lianjia_pc/dist/pc/src/resource/default/780-439.png?_v=201906280941017d9']",22天前,随时入住,暂无数据,暂无数据,高楼层/33层,有,暂无数据,民水,民电,有,暂无数据,['近地铁'],"['3号线(龙岗线),7号线 - 石厦', '798m']",22.532594709263,114.0555194875
https://sz.lianjia.com/zufang/SZ2280389227387043840.html,罗湖区,东门,华盛君荟名庭 2室1厅 东南,7600元/月 ,租赁方式未知,2室1厅1卫,63㎡,朝东南,"['https://image1.ljcdn.com/440300-inspection/bafd4d31-22b1-4586-b9e4-5fedc4cdb9d4.jpg.780x439.jpg', 'https://s1.ljcdn.com/matrix_lianjia_pc/dist/pc/src/resource/default/780-439.png?_v=201906280941017d9', 'https://s1.ljcdn.com/matrix_lianjia_pc/dist/pc/src/resource/default/780-439.png?_v=201906280941017d9', 'https://s1.ljcdn.com/matrix_lianjia_pc/dist/pc/src/resource/default/780-439.png?_v=201906280941017d9', 'https://s1.ljcdn.com/matrix_lianjia_pc/dist/pc/src/resource/default/780-439.png?_v=201906280941017d9', 'https://s1.ljcdn.com/matrix_lianjia_pc/dist/pc/src/resource/default/780-439.png?_v=201906280941017d9', 'https://s1.ljcdn.com/matrix_lianjia_pc/dist/pc/src/resource/default/780-439.png?_v=201906280941017d9']",14天前,随时入住,暂无数据,暂无数据,中楼层/28层,有,暂无数据,民水,民电,有,暂无数据,"['近地铁', '随时看房']","['3号线(龙岗线) - 晒布', '95m', '3号线(龙岗线) - 翠竹', '973m', '2号线(蛇口线) - 湖贝', '988m', '1号线(罗宝线),3号线(龙岗线) - 老街', '1067m']",22.55696,114.128938
https://sz.lianjia.com/zufang/SZ2244136971742224384.html,福田区,新洲,朗晴馨洲 2室1厅 东南,6600元/月 ,租赁方式未知,2室1厅1卫,65㎡,朝东南,"['https://image1.ljcdn.com/440300-inspection/prod-398d6ce8-7b4f-43fa-b978-c02d1338d658.jpg.780x439.jpg', 'https://s1.ljcdn.com/matrix_lianjia_pc/dist/pc/src/resource/default/780-439.png?_v=201906280941017d9', 'https://s1.ljcdn.com/matrix_lianjia_pc/dist/pc/src/resource/default/780-439.png?_v=201906280941017d9', 'https://s1.ljcdn.com/matrix_lianjia_pc/dist/pc/src/resource/default/780-439.png?_v=201906280941017d9', 'https://s1.ljcdn.com/matrix_lianjia_pc/dist/pc/src/resource/default/780-439.png?_v=201906280941017d9']",1个月前,随时入住,暂无数据,需提前预约,低楼层/32层,有,暂无数据,民水,民电,有,暂无数据,['近地铁'],"['7号线 - 沙尾', '1051m']",22.533507671445,114.05197781603
https://sz.lianjia.com/zufang/SZ2212786934374473728.html,龙岗区,横岗,名门世家 4室1厅 东南,5200元/月 ,租赁方式未知,4室1厅2卫,127㎡,朝东南,"['https://image1.ljcdn.com/440300-inspection/test-633ea53b-8048-4416-80da-cfc9a5acebba.png.780x439.jpg', 'https://s1.ljcdn.com/matrix_lianjia_pc/dist/pc/src/resource/default/780-439.png?_v=201906280941017d9', 'https://s1.ljcdn.com/matrix_lianjia_pc/dist/pc/src/resource/default/780-439.png?_v=201906280941017d9', 'https://s1.ljcdn.com/matrix_lianjia_pc/dist/pc/src/resource/default/780-439.png?_v=201906280941017d9', 'https://s1.ljcdn.com/matrix_lianjia_pc/dist/pc/src/resource/default/780-439.png?_v=201906280941017d9', 'https://s1.ljcdn.com/matrix_lianjia_pc/dist/pc/src/resource/default/780-439.png?_v=201906280941017d9', 'https://s1.ljcdn.com/matrix_lianjia_pc/dist/pc/src/resource/default/780-439.png?_v=201906280941017d9']",3个月前,随时入住,暂无数据,需提前预约,低楼层/15层,有,暂无数据,民水,民电,有,暂无数据,['近地铁'],"['3号线(龙岗线) - 横岗', '114m']",22.654920799655,114.2136822052
https://sz.lianjia.com/zufang/SZ2269528909496188928.html,龙岗区,布吉大芬,桂芳园六期 4室2厅 东南,7500元/月 ,租赁方式未知,4室2厅2卫,75㎡,朝东南,"['https://image1.ljcdn.com/440300-inspection/31a00dc1-71eb-4364-a278-44226d00f27b.jpg.780x439.jpg', 'https://s1.ljcdn.com/matrix_lianjia_pc/dist/pc/src/resource/default/780-439.png?_v=201906280941017d9', 'https://s1.ljcdn.com/matrix_lianjia_pc/dist/pc/src/resource/default/780-439.png?_v=201906280941017d9', 'https://s1.ljcdn.com/matrix_lianjia_pc/dist/pc/src/resource/default/780-439.png?_v=201906280941017d9', 'https://s1.ljcdn.com/matrix_lianjia_pc/dist/pc/src/resource/default/780-439.png?_v=201906280941017d9', 'https://s1.ljcdn.com/matrix_lianjia_pc/dist/pc/src/resource/default/780-439.png?_v=201906280941017d9', 'https://s1.ljcdn.com/matrix_lianjia_pc/dist/pc/src/resource/default/780-439.png?_v=201906280941017d9', 'https://s1.ljcdn.com/matrix_lianjia_pc/dist/pc/src/resource/default/780-439.png?_v=201906280941017d9', 'https://s1.ljcdn.com/matrix_lianjia_pc/dist/pc/src/resource/default/780-439.png?_v=201906280941017d9', 'https://s1.ljcdn.com/matrix_lianjia_pc/dist/pc/src/resource/default/780-439.png?_v=201906280941017d9']",29天前,随时入住,暂无数据,需提前预约,高楼层/15层,有,暂无数据,民水,民电,有,暂无数据,['近地铁'],"['3号线(龙岗线) - 大芬', '383m']",22.617037356664,114.14819626253
https://sz.lianjia.com/zufang/SZ2249928725099716608.html,盐田区,盐田港,金山碧海花园 5室2厅 东南,6500元/月 ,租赁方式未知,5室2厅4卫,176㎡,朝东南,"['https://image1.ljcdn.com/440300-inspection/6b4f5afd-876e-42fb-a920-b64cc60aa2e2.jpg.780x439.jpg', 'https://s1.ljcdn.com/matrix_lianjia_pc/dist/pc/src/resource/default/780-439.png?_v=201906280941017d9', 'https://s1.ljcdn.com/matrix_lianjia_pc/dist/pc/src/resource/default/780-439.png?_v=201906280941017d9', 'https://s1.ljcdn.com/matrix_lianjia_pc/dist/pc/src/resource/default/780-439.png?_v=201906280941017d9', 'https://s1.ljcdn.com/matrix_lianjia_pc/dist/pc/src/resource/default/780-439.png?_v=201906280941017d9', 'https://s1.ljcdn.com/matrix_lianjia_pc/dist/pc/src/resource/default/780-439.png?_v=201906280941017d9', 'https://s1.ljcdn.com/matrix_lianjia_pc/dist/pc/src/resource/default/780-439.png?_v=201906280941017d9', 'https://s1.ljcdn.com/matrix_lianjia_pc/dist/pc/src/resource/default/780-439.png?_v=201906280941017d9', 'https://s1.ljcdn.com/matrix_lianjia_pc/dist/pc/src/resource/default/780-439.png?_v=201906280941017d9', 'https://s1.ljcdn.com/matrix_lianjia_pc/dist/pc/src/resource/default/780-439.png?_v=201906280941017d9', 'https://s1.ljcdn.com/matrix_lianjia_pc/dist/pc/src/resource/default/780-439.png?_v=201906280941017d9', 'https://s1.ljcdn.com/matrix_lianjia_pc/dist/pc/src/resource/default/780-439.png?_v=201906280941017d9', 'https://s1.ljcdn.com/matrix_lianjia_pc/dist/pc/src/resource/default/780-439.png?_v=201906280941017d9', 'https://s1.ljcdn.com/matrix_lianjia_pc/dist/pc/src/resource/default/780-439.png?_v=201906280941017d9', 'https://s1.ljcdn.com/matrix_lianjia_pc/dist/pc/src/resource/default/780-439.png?_v=201906280941017d9', 'https://s1.ljcdn.com/matrix_lianjia_pc/dist/pc/src/resource/default/780-439.png?_v=201906280941017d9']",1个月前,随时入住,暂无数据,需提前预约,高楼层/17层,有,暂无数据,民水,民电,有,暂无数据,['随时看房'],[],22.59425,114.246372
https://sz.lianjia.com/zufang/SZ2267430030676066304.html,龙华区,龙华中心,保利悦都 5室2厅 东南,7500元/月 ,租赁方式未知,5室2厅2卫,118㎡,朝东南,"['https://image1.ljcdn.com/440300-inspection/7d124af2-06da-4374-b3aa-df44a357565e.jpg.780x439.jpg', 'https://s1.ljcdn.com/matrix_lianjia_pc/dist/pc/src/resource/default/780-439.png?_v=201906280941017d9', 'https://s1.ljcdn.com/matrix_lianjia_pc/dist/pc/src/resource/default/780-439.png?_v=201906280941017d9', 'https://s1.ljcdn.com/matrix_lianjia_pc/dist/pc/src/resource/default/780-439.png?_v=201906280941017d9', 'https://s1.ljcdn.com/matrix_lianjia_pc/dist/pc/src/resource/default/780-439.png?_v=201906280941017d9', 'https://s1.ljcdn.com/matrix_lianjia_pc/dist/pc/src/resource/default/780-439.png?_v=201906280941017d9', 'https://s1.ljcdn.com/matrix_lianjia_pc/dist/pc/src/resource/default/780-439.png?_v=201906280941017d9', 'https://s1.ljcdn.com/matrix_lianjia_pc/dist/pc/src/resource/default/780-439.png?_v=201906280941017d9', 'https://s1.ljcdn.com/matrix_lianjia_pc/dist/pc/src/resource/default/780-439.png?_v=201906280941017d9', 'https://s1.ljcdn.com/matrix_lianjia_pc/dist/pc/src/resource/default/780-439.png?_v=201906280941017d9']",1个月前,随时入住,暂无数据,需提前预约,高楼层/27层,有,暂无数据,民水,民电,无,暂无数据,"['近地铁', '随时看房']","['4号线(龙华线) - 清湖', '770m']",22.674809,114.039004
https://sz.lianjia.com/zufang/SZ2248600424280236032.html,南山区,南山中心,南园枫叶国际广场 2室1厅 东南,7000元/月 ,租赁方式未知,2室1厅1卫,41㎡,朝东南,"['https://image1.ljcdn.com/440300-inspection/a8cf5f41-01d7-45f2-9077-3e12da748e59.jpg.780x439.jpg', 'https://s1.ljcdn.com/matrix_lianjia_pc/dist/pc/src/resource/default/780-439.png?_v=201906280941017d9', 'https://s1.ljcdn.com/matrix_lianjia_pc/dist/pc/src/resource/default/780-439.png?_v=201906280941017d9', 'https://s1.ljcdn.com/matrix_lianjia_pc/dist/pc/src/resource/default/780-439.png?_v=201906280941017d9', 'https://s1.ljcdn.com/matrix_lianjia_pc/dist/pc/src/resource/default/780-439.png?_v=201906280941017d9', 'https://s1.ljcdn.com/matrix_lianjia_pc/dist/pc/src/resource/default/780-439.png?_v=201906280941017d9', 'https://s1.ljcdn.com/matrix_lianjia_pc/dist/pc/src/resource/default/780-439.png?_v=201906280941017d9']",1个月前,随时入住,暂无数据,需提前预约,高楼层/31层,有,暂无数据,民水,民电,有,暂无数据,"['近地铁', '随时看房']","['11号线 - 南山', '890m']",22.521904266687,113.9278623884
https://sz.lianjia.com/zufang/SZ2282524208922116096.html,罗湖区,百仕达,金福大厦 2室1厅 东南,7000元/月 ,租赁方式未知,2室1厅1卫,75㎡,朝东南,"['https://image1.ljcdn.com/440300-inspection/cb20d7ed-489b-44fa-aa49-1a59da2f288a.jpg.780x439.jpg', 'https://s1.ljcdn.com/matrix_lianjia_pc/dist/pc/src/resource/default/780-439.png?_v=201906280941017d9', 'https://s1.ljcdn.com/matrix_lianjia_pc/dist/pc/src/resource/default/780-439.png?_v=201906280941017d9', 'https://s1.ljcdn.com/matrix_lianjia_pc/dist/pc/src/resource/default/780-439.png?_v=201906280941017d9', 'https://s1.ljcdn.com/matrix_lianjia_pc/dist/pc/src/resource/default/780-439.png?_v=201906280941017d9', 'https://s1.ljcdn.com/matrix_lianjia_pc/dist/pc/src/resource/default/780-439.png?_v=201906280941017d9', 'https://s1.ljcdn.com/matrix_lianjia_pc/dist/pc/src/resource/default/780-439.png?_v=201906280941017d9']",11天前,2019-07-10,暂无数据,暂无数据,高楼层/21层,有,暂无数据,民水,民电,有,暂无数据,"['近地铁', '随时看房']","['3号线(龙岗线) - 翠竹', '218m', '3号线(龙岗线),7号线 - 田贝', '983m', '5号线(环中线) - 怡景', '1177m']",22.564051905388,114.13691032571
https://sz.lianjia.com/zufang/SZ2269353275600420864.html,南山区,南山中心,现代城华庭 2室2厅 东南,8000元/月 ,租赁方式未知,2室2厅1卫,65㎡,朝东南,"['https://image1.ljcdn.com/440300-inspection/f6cc483a-0d88-42ba-a88b-cc832ec922e9.jpg.780x439.jpg', 'https://s1.ljcdn.com/matrix_lianjia_pc/dist/pc/src/resource/default/780-439.png?_v=201906280941017d9', 'https://s1.ljcdn.com/matrix_lianjia_pc/dist/pc/src/resource/default/780-439.png?_v=201906280941017d9', 'https://s1.ljcdn.com/matrix_lianjia_pc/dist/pc/src/resource/default/780-439.png?_v=201906280941017d9', 'https://s1.ljcdn.com/matrix_lianjia_pc/dist/pc/src/resource/default/780-439.png?_v=201906280941017d9', 'https://s1.ljcdn.com/matrix_lianjia_pc/dist/pc/src/resource/default/780-439.png?_v=201906280941017d9', 'https://s1.ljcdn.com/matrix_lianjia_pc/dist/pc/src/resource/default/780-439.png?_v=201906280941017d9', 'https://s1.ljcdn.com/matrix_lianjia_pc/dist/pc/src/resource/default/780-439.png?_v=201906280941017d9']",29天前,随时入住,暂无数据,需提前预约,高楼层/33层,有,暂无数据,民水,民电,有,暂无数据,['近地铁'],"['11号线 - 南山', '809m']",22.522790982921,113.93112212086
https://sz.lianjia.com/zufang/SZ2267865346625249280.html,福田区,新洲,新洲大厦 2室2厅 东南,7100元/月 ,租赁方式未知,2室2厅1卫,92㎡,朝东南,"['https://image1.ljcdn.com/440300-inspection/017f1f8b-99a0-4e5f-93d4-ca3e2b055c55.jpg.780x439.jpg', 'https://s1.ljcdn.com/matrix_lianjia_pc/dist/pc/src/resource/default/780-439.png?_v=201906280941017d9', 'https://s1.ljcdn.com/matrix_lianjia_pc/dist/pc/src/resource/default/780-439.png?_v=201906280941017d9', 'https://s1.ljcdn.com/matrix_lianjia_pc/dist/pc/src/resource/default/780-439.png?_v=201906280941017d9', 'https://s1.ljcdn.com/matrix_lianjia_pc/dist/pc/src/resource/default/780-439.png?_v=201906280941017d9', 'https://s1.ljcdn.com/matrix_lianjia_pc/dist/pc/src/resource/default/780-439.png?_v=201906280941017d9', 'https://s1.ljcdn.com/matrix_lianjia_pc/dist/pc/src/resource/default/780-439.png?_v=201906280941017d9', 'https://s1.ljcdn.com/matrix_lianjia_pc/dist/pc/src/resource/default/780-439.png?_v=201906280941017d9']",1个月前,随时入住,暂无数据,需提前预约,中楼层/33层,有,暂无数据,民水,民电,有,暂无数据,['近地铁'],"['3号线(龙岗线),7号线 - 石厦', '798m']",22.532594709263,114.0555194875
https://sz.lianjia.com/zufang/SZ2172352470322520064.html,盐田区,沙头角,桐辉居 1室0厅 东南,8000元/月 ,租赁方式未知,1室0厅0卫,51㎡,朝东南,['https://image1.ljcdn.com/440300-inspection/d91f1528-b270-4e22-b7b9-22ee53639b32.jpg.780x439.jpg'],5个月前,随时入住,暂无数据,需提前预约,低楼层/7层,无,暂无数据,民水,民电,有,暂无数据,[],[],22.561681,114.229162
https://sz.lianjia.com/zufang/SZ2242709143502716928.html,宝安区,西乡,山海上城Ⅱ·天赋 3室2厅 东南,6200元/月 ,租赁方式未知,3室2厅2卫,88㎡,朝东南,"['https://image1.ljcdn.com/440300-inspection/03e5809c-3356-47d8-b805-1d754edde29a.jpg.780x439.jpg', 'https://s1.ljcdn.com/matrix_lianjia_pc/dist/pc/src/resource/default/780-439.png?_v=201906280941017d9', 'https://s1.ljcdn.com/matrix_lianjia_pc/dist/pc/src/resource/default/780-439.png?_v=201906280941017d9', 'https://s1.ljcdn.com/matrix_lianjia_pc/dist/pc/src/resource/default/780-439.png?_v=201906280941017d9', 'https://s1.ljcdn.com/matrix_lianjia_pc/dist/pc/src/resource/default/780-439.png?_v=201906280941017d9', 'https://s1.ljcdn.com/matrix_lianjia_pc/dist/pc/src/resource/default/780-439.png?_v=201906280941017d9', 'https://s1.ljcdn.com/matrix_lianjia_pc/dist/pc/src/resource/default/780-439.png?_v=201906280941017d9', 'https://s1.ljcdn.com/matrix_lianjia_pc/dist/pc/src/resource/default/780-439.png?_v=201906280941017d9', 'https://s1.ljcdn.com/matrix_lianjia_pc/dist/pc/src/resource/default/780-439.png?_v=201906280941017d9']",2个月前,随时入住,暂无数据,需提前预约,高楼层/31层,暂无数据,暂无数据,民水,民电,暂无数据,暂无数据,[],[],22.597246,113.860394
