房源地址,行政区,位置,标题,租金,租赁方式,户型,面积,朝向,图片列表,发布时间,入住时间,租期,看房时间,楼层,电梯,车位,用水,用电,燃气,采暖,标签,station,latitude,longtitude
https://sz.lianjia.com/zufang/SZ2288354091413815296.html,龙华区,上塘,整租·鸿荣源·尚峻 2室2厅 东南,5700元/月 (季付价),整租,2室2厅2卫,91㎡,朝东南,"['https://image1.ljcdn.com/rent-user-avatar/2cc25c4c-d21a-4e5d-9110-1cdd00dc0521.780x439.jpg', 'https://s1.ljcdn.com/matrix_lianjia_pc/dist/pc/src/resource/default/780-439.png?_v=201906280941017d9', 'https://s1.ljcdn.com/matrix_lianjia_pc/dist/pc/src/resource/default/780-439.png?_v=201906280941017d9']",3天前,随时入住,1~12个月,随时可看,23/26层,暂无数据,暂无数据,暂无数据,暂无数据,暂无数据,暂无数据,"['公寓', '月租', '近地铁', '精装', '押一付一', '双卫生间', '新上', '随时看房']","['4号线(龙华线) - 龙胜', '446m', '4号线(龙华线) - 上塘', '572m']",22.647465095155,114.01834430836
https://sz.lianjia.com/zufang/SZ2289826224102440960.html,龙岗区,龙岗双龙,整租·佳兆业水岸新都 5室2厅 东南,6000元/月 ,整租,5室2厅3卫,117㎡,朝东南,"['https://image1.ljcdn.com/440300-inspection/7bd5f943-148e-449a-9c12-18b0a452176a.jpg.780x439.jpg', 'https://s1.ljcdn.com/matrix_lianjia_pc/dist/pc/src/resource/default/780-439.png?_v=201906280941017d9', 'https://s1.ljcdn.com/matrix_lianjia_pc/dist/pc/src/resource/default/780-439.png?_v=201906280941017d9', 'https://s1.ljcdn.com/matrix_lianjia_pc/dist/pc/src/resource/default/780-439.png?_v=201906280941017d9', 'https://s1.ljcdn.com/matrix_lianjia_pc/dist/pc/src/resource/default/780-439.png?_v=201906280941017d9', 'https://s1.ljcdn.com/matrix_lianjia_pc/dist/pc/src/resource/default/780-439.png?_v=201906280941017d9', 'https://s1.ljcdn.com/matrix_lianjia_pc/dist/pc/src/resource/default/780-439.png?_v=201906280941017d9', 'https://s1.ljcdn.com/matrix_lianjia_pc/dist/pc/src/resource/default/780-439.png?_v=201906280941017d9', 'https://s1.ljcdn.com/matrix_lianjia_pc/dist/pc/src/resource/default/780-439.png?_v=201906280941017d9', 'https://s1.ljcdn.com/matrix_lianjia_pc/dist/pc/src/resource/default/780-439.png?_v=201906280941017d9', 'https://s1.ljcdn.com/matrix_lianjia_pc/dist/pc/src/resource/default/780-439.png?_v=201906280941017d9', 'https://s1.ljcdn.com/matrix_lianjia_pc/dist/pc/src/resource/default/780-439.png?_v=201906280941017d9']",1天前,随时入住,暂无数据,暂无数据,高楼层/18层,有,暂无数据,民水,民电,有,暂无数据,['新上'],[],22.754512,114.284242
https://sz.lianjia.com/zufang/SZ2257701810028953600.html,南山区,华侨城,世纪假日广场 1室1厅 东南,7500元/月 ,租赁方式未知,1室1厅1卫,48㎡,朝东南,"['https://image1.ljcdn.com/hdic-frame/prod-d68267c1-c61d-422b-b088-367fb500c8f8.png.780x439.jpg', 'https://s1.ljcdn.com/matrix_lianjia_pc/dist/pc/src/resource/default/780-439.png?_v=201906280941017d9', 'https://s1.ljcdn.com/matrix_lianjia_pc/dist/pc/src/resource/default/780-439.png?_v=201906280941017d9', 'https://s1.ljcdn.com/matrix_lianjia_pc/dist/pc/src/resource/default/780-439.png?_v=201906280941017d9', 'https://s1.ljcdn.com/matrix_lianjia_pc/dist/pc/src/resource/default/780-439.png?_v=201906280941017d9']",1个月前,随时入住,暂无数据,需提前预约,高楼层/34层,有,暂无数据,民水,民电,有,暂无数据,['近地铁'],"['1号线(罗宝线),2号线(蛇口线) - 世界之窗', '173m', '1号线(罗宝线) - 白石洲', '458m']",22.545339,113.978618
https://sz.lianjia.com/zufang/SZ2265040480734035968.html,福田区,皇岗,皇御苑二期 2室1厅 东南,6600元/月 ,租赁方式未知,2室1厅1卫,64㎡,朝东南,"['http://vrlab-image.ljcdn.com/release/vradmin/1000000023104949/images/58e47d37-e196-4b0a-93b5-b77204aedd4c.png.q_70.jpg', 'https://s1.ljcdn.com/matrix_lianjia_pc/dist/pc/src/resource/default/780-439.png?_v=201906280941017d9', 'https://s1.ljcdn.com/matrix_lianjia_pc/dist/pc/src/resource/default/780-439.png?_v=201906280941017d9', 'https://s1.ljcdn.com/matrix_lianjia_pc/dist/pc/src/resource/default/780-439.png?_v=201906280941017d9']",1个月前,随时入住,暂无数据,暂无数据,中楼层/34层,有,暂无数据,民水,民电,有,暂无数据,"['近地铁', '随时看房']","['7号线 - 皇岗口岸', '752m']",22.531725,114.08287
https://sz.lianjia.com/zufang/SZ2288339851072258048.html,龙华区,上塘,整租·鸿荣源·尚峻 2室2厅 东南,5700元/月 (季付价),整租,2室2厅2卫,91㎡,朝东南,"['https://image1.ljcdn.com/rent-user-avatar/2245d08e-6166-4be6-a643-e53a5464938f.780x439.jpg', 'https://s1.ljcdn.com/matrix_lianjia_pc/dist/pc/src/resource/default/780-439.png?_v=201906280941017d9', 'https://s1.ljcdn.com/matrix_lianjia_pc/dist/pc/src/resource/default/780-439.png?_v=201906280941017d9']",3天前,随时入住,1~12个月,随时可看,21/26层,暂无数据,暂无数据,暂无数据,暂无数据,暂无数据,暂无数据,"['公寓', '月租', '近地铁', '精装', '押一付一', '双卫生间', '新上', '随时看房']","['4号线(龙华线) - 龙胜', '446m', '4号线(龙华线) - 上塘', '572m']",22.647465095155,114.01834430836
https://sz.lianjia.com/zufang/SZ2288350047131410432.html,龙华区,上塘,整租·鸿荣源·尚峻 2室2厅 东南,5615元/月 (季付价),整租,2室2厅2卫,91㎡,朝东南,"['https://image1.ljcdn.com/rent-user-avatar/3f93e7d9-ec8b-41e6-9652-3cd95b14061f.780x439.jpg', 'https://s1.ljcdn.com/matrix_lianjia_pc/dist/pc/src/resource/default/780-439.png?_v=201906280941017d9', 'https://s1.ljcdn.com/matrix_lianjia_pc/dist/pc/src/resource/default/780-439.png?_v=201906280941017d9', 'https://s1.ljcdn.com/matrix_lianjia_pc/dist/pc/src/resource/default/780-439.png?_v=201906280941017d9', 'https://s1.ljcdn.com/matrix_lianjia_pc/dist/pc/src/resource/default/780-439.png?_v=201906280941017d9', 'https://s1.ljcdn.com/matrix_lianjia_pc/dist/pc/src/resource/default/780-439.png?_v=201906280941017d9']",3天前,随时入住,1年,随时可看,20/26层,暂无数据,暂无数据,暂无数据,暂无数据,暂无数据,暂无数据,"['公寓', '近地铁', '精装', '双卫生间', '新上', '随时看房']","['4号线(龙华线) - 龙胜', '446m', '4号线(龙华线) - 上塘', '572m']",22.647465095155,114.01834430836
https://sz.lianjia.com/zufang/SZ2285359274638966784.html,福田区,石厦,绿洲丰和 2室1厅 东南,7700元/月 ,租赁方式未知,2室1厅1卫,66㎡,朝东南,"['https://image1.ljcdn.com/440300-inspection/0b2a7873-8646-4ed6-9441-59fba5c4a83e.jpg.780x439.jpg', 'https://s1.ljcdn.com/matrix_lianjia_pc/dist/pc/src/resource/default/780-439.png?_v=201906280941017d9', 'https://s1.ljcdn.com/matrix_lianjia_pc/dist/pc/src/resource/default/780-439.png?_v=201906280941017d9', 'https://s1.ljcdn.com/matrix_lianjia_pc/dist/pc/src/resource/default/780-439.png?_v=201906280941017d9', 'https://s1.ljcdn.com/matrix_lianjia_pc/dist/pc/src/resource/default/780-439.png?_v=201906280941017d9', 'https://s1.ljcdn.com/matrix_lianjia_pc/dist/pc/src/resource/default/780-439.png?_v=201906280941017d9']",7天前,随时入住,暂无数据,一般下班后可看,高楼层/30层,有,暂无数据,民水,民电,有,暂无数据,['近地铁'],"['3号线(龙岗线),7号线 - 石厦', '568m', '1号线(罗宝线),3号线(龙岗线) - 购物公园', '1077m', '7号线 - 皇岗村', '1188m']",22.533025278053,114.05754176365
https://sz.lianjia.com/zufang/SZ2257979780782112768.html,龙华区,上塘,特发和平里 3室2厅 东南,6200元/月 ,租赁方式未知,3室2厅1卫,84㎡,朝东南,"['https://image1.ljcdn.com/440300-inspection/d8185f3b-ab4f-496f-928e-e79f9a7bcd19.jpg.780x439.jpg', 'https://s1.ljcdn.com/matrix_lianjia_pc/dist/pc/src/resource/default/780-439.png?_v=201906280941017d9', 'https://s1.ljcdn.com/matrix_lianjia_pc/dist/pc/src/resource/default/780-439.png?_v=201906280941017d9', 'https://s1.ljcdn.com/matrix_lianjia_pc/dist/pc/src/resource/default/780-439.png?_v=201906280941017d9', 'https://s1.ljcdn.com/matrix_lianjia_pc/dist/pc/src/resource/default/780-439.png?_v=201906280941017d9', 'https://s1.ljcdn.com/matrix_lianjia_pc/dist/pc/src/resource/default/780-439.png?_v=201906280941017d9', 'https://s1.ljcdn.com/matrix_lianjia_pc/dist/pc/src/resource/default/780-439.png?_v=201906280941017d9', 'https://s1.ljcdn.com/matrix_lianjia_pc/dist/pc/src/resource/default/780-439.png?_v=201906280941017d9', 'https://s1.ljcdn.com/matrix_lianjia_pc/dist/pc/src/resource/default/780-439.png?_v=201906280941017d9']",1个月前,随时入住,暂无数据,需提前预约,中楼层/31层,有,暂无数据,民水,民电,有,暂无数据,['近地铁'],"['4号线(龙华线) - 龙胜', '92m', '4号线(龙华线) - 上塘', '796m']",22.649534,114.01931
https://sz.lianjia.com/zufang/SZ2227380669884416000.html,南山区,南山中心,南园枫叶国际广场 2室1厅 东南,6000元/月 ,租赁方式未知,2室1厅1卫,42㎡,朝东南,"['http://vrlab-image.ljcdn.com/release/auto3dhd/8b13b0631460e24b63fa29e38ca00224/screenshot/1560392170_5/pc0_8ED25iwx1.jpg.q_70.jpg', 'https://s1.ljcdn.com/matrix_lianjia_pc/dist/pc/src/resource/default/780-439.png?_v=201906280941017d9', 'https://s1.ljcdn.com/matrix_lianjia_pc/dist/pc/src/resource/default/780-439.png?_v=201906280941017d9', 'https://s1.ljcdn.com/matrix_lianjia_pc/dist/pc/src/resource/default/780-439.png?_v=201906280941017d9', 'https://s1.ljcdn.com/matrix_lianjia_pc/dist/pc/src/resource/default/780-439.png?_v=201906280941017d9', 'https://s1.ljcdn.com/matrix_lianjia_pc/dist/pc/src/resource/default/780-439.png?_v=201906280941017d9', 'https://s1.ljcdn.com/matrix_lianjia_pc/dist/pc/src/resource/default/780-439.png?_v=201906280941017d9']",2个月前,随时入住,暂无数据,暂无数据,中楼层/31层,有,暂无数据,民水,民电,有,暂无数据,"['近地铁', '随时看房']","['11号线 - 南山', '890m']",22.521904266687,113.9278623884
https://sz.lianjia.com/zufang/SZ2288336823715635200.html,龙华区,上塘,整租·鸿荣源·尚峻 2室2厅 东南,5600元/月 (季付价),整租,2室2厅2卫,90㎡,朝东南,"['https://image1.ljcdn.com/rent-user-avatar/9e209fbf-3732-4696-b962-1d6859895a12.780x439.jpg', 'https://s1.ljcdn.com/matrix_lianjia_pc/dist/pc/src/resource/default/780-439.png?_v=201906280941017d9', 'https://s1.ljcdn.com/matrix_lianjia_pc/dist/pc/src/resource/default/780-439.png?_v=201906280941017d9']",3天前,随时入住,1~12个月,随时可看,18/26层,暂无数据,暂无数据,暂无数据,暂无数据,暂无数据,暂无数据,"['公寓', '月租', '近地铁', '精装', '押一付一', '双卫生间', '新上', '随时看房']","['4号线(龙华线) - 龙胜', '446m', '4号线(龙华线) - 上塘', '572m']",22.647465095155,114.01834430836
https://sz.lianjia.com/zufang/SZ2288350021805932544.html,龙华区,上塘,整租·鸿荣源·尚峻 2室2厅 东南,5709元/月 (季付价),整租,2室2厅2卫,91㎡,朝东南,"['https://image1.ljcdn.com/rent-user-avatar/83ab9aa7-d3c5-4447-80bb-3ec0e83f0567.780x439.jpg', 'https://s1.ljcdn.com/matrix_lianjia_pc/dist/pc/src/resource/default/780-439.png?_v=201906280941017d9', 'https://s1.ljcdn.com/matrix_lianjia_pc/dist/pc/src/resource/default/780-439.png?_v=201906280941017d9', 'https://s1.ljcdn.com/matrix_lianjia_pc/dist/pc/src/resource/default/780-439.png?_v=201906280941017d9', 'https://s1.ljcdn.com/matrix_lianjia_pc/dist/pc/src/resource/default/780-439.png?_v=201906280941017d9', 'https://s1.ljcdn.com/matrix_lianjia_pc/dist/pc/src/resource/default/780-439.png?_v=201906280941017d9', 'https://s1.ljcdn.com/matrix_lianjia_pc/dist/pc/src/resource/default/780-439.png?_v=201906280941017d9']",3天前,随时入住,1~12个月,随时可看,25/26层,暂无数据,暂无数据,暂无数据,暂无数据,暂无数据,暂无数据,"['公寓', '月租', '近地铁', '精装', '押一付一', '双卫生间', '新上', '随时看房']","['4号线(龙华线) - 龙胜', '446m', '4号线(龙华线) - 上塘', '572m']",22.647465095155,114.01834430836
https://sz.lianjia.com/zufang/SZ2265085675088904192.html,宝安区,宝安中心,风临洲 2室2厅 东南/南,7200元/月 ,租赁方式未知,2室2厅1卫,77㎡,朝东南 南,"['https://image1.ljcdn.com/440300-inspection/092a422e-f2fc-425f-a938-454142603f03.jpg.780x439.jpg', 'https://s1.ljcdn.com/matrix_lianjia_pc/dist/pc/src/resource/default/780-439.png?_v=201906280941017d9', 'https://s1.ljcdn.com/matrix_lianjia_pc/dist/pc/src/resource/default/780-439.png?_v=201906280941017d9', 'https://s1.ljcdn.com/matrix_lianjia_pc/dist/pc/src/resource/default/780-439.png?_v=201906280941017d9', 'https://s1.ljcdn.com/matrix_lianjia_pc/dist/pc/src/resource/default/780-439.png?_v=201906280941017d9', 'https://s1.ljcdn.com/matrix_lianjia_pc/dist/pc/src/resource/default/780-439.png?_v=201906280941017d9', 'https://s1.ljcdn.com/matrix_lianjia_pc/dist/pc/src/resource/default/780-439.png?_v=201906280941017d9', 'https://s1.ljcdn.com/matrix_lianjia_pc/dist/pc/src/resource/default/780-439.png?_v=201906280941017d9']",1个月前,随时入住,暂无数据,需提前预约,高楼层/26层,有,暂无数据,民水,民电,有,暂无数据,"['近地铁', '随时看房']","['5号线(环中线) - 翻身', '512m', '1号线(罗宝线),5号线(环中线) - 宝安中心', '522m', '1号线(罗宝线) - 宝体', '939m', '11号线 - 宝安', '1170m']",22.565434570038,113.89540495105
https://sz.lianjia.com/zufang/SZ2275887082838958080.html,罗湖区,东门,凉果街2号大院 2室1厅 东南,5700元/月 ,租赁方式未知,2室1厅1卫,74㎡,朝东南,"['https://image1.ljcdn.com/440300-inspection/prod-86808ea8-da5c-48cb-95d0-34503f2f5e25.jpg.780x439.jpg', 'https://s1.ljcdn.com/matrix_lianjia_pc/dist/pc/src/resource/default/780-439.png?_v=201906280941017d9', 'https://s1.ljcdn.com/matrix_lianjia_pc/dist/pc/src/resource/default/780-439.png?_v=201906280941017d9', 'https://s1.ljcdn.com/matrix_lianjia_pc/dist/pc/src/resource/default/780-439.png?_v=201906280941017d9', 'https://s1.ljcdn.com/matrix_lianjia_pc/dist/pc/src/resource/default/780-439.png?_v=201906280941017d9']",17天前,随时入住,暂无数据,只能周末看房,中楼层/8层,无,暂无数据,民水,民电,有,暂无数据,['近地铁'],"['3号线(龙岗线) - 晒布', '804m']",22.561648181536,114.12561843097
https://sz.lianjia.com/zufang/SZ2235474954629939200.html,宝安区,翻身,富华花园 3室2厅 东南,6600元/月 ,租赁方式未知,3室2厅2卫,108㎡,朝东南,"['https://image1.ljcdn.com/440300-inspection/7ffc936b-9dd8-4be9-ab01-81dbbae040b6.png.780x439.jpg', 'https://s1.ljcdn.com/matrix_lianjia_pc/dist/pc/src/resource/default/780-439.png?_v=201906280941017d9', 'https://s1.ljcdn.com/matrix_lianjia_pc/dist/pc/src/resource/default/780-439.png?_v=201906280941017d9', 'https://s1.ljcdn.com/matrix_lianjia_pc/dist/pc/src/resource/default/780-439.png?_v=201906280941017d9', 'https://s1.ljcdn.com/matrix_lianjia_pc/dist/pc/src/resource/default/780-439.png?_v=201906280941017d9', 'https://s1.ljcdn.com/matrix_lianjia_pc/dist/pc/src/resource/default/780-439.png?_v=201906280941017d9', 'https://s1.ljcdn.com/matrix_lianjia_pc/dist/pc/src/resource/default/780-439.png?_v=201906280941017d9', 'https://s1.ljcdn.com/matrix_lianjia_pc/dist/pc/src/resource/default/780-439.png?_v=201906280941017d9', 'https://s1.ljcdn.com/matrix_lianjia_pc/dist/pc/src/resource/default/780-439.png?_v=201906280941017d9', 'https://s1.ljcdn.com/matrix_lianjia_pc/dist/pc/src/resource/default/780-439.png?_v=201906280941017d9']",2个月前,随时入住,暂无数据,需提前预约,中楼层/7层,暂无数据,暂无数据,暂无数据,暂无数据,暂无数据,暂无数据,['精装'],"['1号线(罗宝线) - 宝体', '981m']",22.573264,113.891627
https://sz.lianjia.com/zufang/SZ2288350029028524032.html,龙华区,上塘,整租·鸿荣源·尚峻 2室2厅 东南,5709元/月 (季付价),整租,2室2厅2卫,91㎡,朝东南,"['https://image1.ljcdn.com/rent-user-avatar/db871f73-5206-46ae-b94a-3ada6ab5d98e.780x439.jpg', 'https://s1.ljcdn.com/matrix_lianjia_pc/dist/pc/src/resource/default/780-439.png?_v=201906280941017d9', 'https://s1.ljcdn.com/matrix_lianjia_pc/dist/pc/src/resource/default/780-439.png?_v=201906280941017d9', 'https://s1.ljcdn.com/matrix_lianjia_pc/dist/pc/src/resource/default/780-439.png?_v=201906280941017d9', 'https://s1.ljcdn.com/matrix_lianjia_pc/dist/pc/src/resource/default/780-439.png?_v=201906280941017d9', 'https://s1.ljcdn.com/matrix_lianjia_pc/dist/pc/src/resource/default/780-439.png?_v=201906280941017d9', 'https://s1.ljcdn.com/matrix_lianjia_pc/dist/pc/src/resource/default/780-439.png?_v=201906280941017d9']",3天前,随时入住,1~12个月,随时可看,4/26层,暂无数据,暂无数据,暂无数据,暂无数据,暂无数据,暂无数据,"['公寓', '月租', '近地铁', '精装', '押一付一', '双卫生间', '新上', '随时看房']","['4号线(龙华线) - 龙胜', '446m', '4号线(龙华线) - 上塘', '572m']",22.647465095155,114.01834430836
https://sz.lianjia.com/zufang/SZ2252134521946513408.html,福田区,皇岗,整租·伟柏花园 3室1厅 东南,7200元/月 (月付价),整租,3室1厅1卫,83㎡,朝东南,"['https://image1.ljcdn.com/rent-user-avatar/20280524-b74d-444a-923f-08141b4fd582.780x439.jpg', 'https://s1.ljcdn.com/matrix_lianjia_pc/dist/pc/src/resource/default/780-439.png?_v=201906280941017d9', 'https://s1.ljcdn.com/matrix_lianjia_pc/dist/pc/src/resource/default/780-439.png?_v=201906280941017d9', 'https://s1.ljcdn.com/matrix_lianjia_pc/dist/pc/src/resource/default/780-439.png?_v=201906280941017d9', 'https://s1.ljcdn.com/matrix_lianjia_pc/dist/pc/src/resource/default/780-439.png?_v=201906280941017d9', 'https://s1.ljcdn.com/matrix_lianjia_pc/dist/pc/src/resource/default/780-439.png?_v=201906280941017d9', 'https://s1.ljcdn.com/matrix_lianjia_pc/dist/pc/src/resource/default/780-439.png?_v=201906280941017d9', 'https://s1.ljcdn.com/matrix_lianjia_pc/dist/pc/src/resource/default/780-439.png?_v=201906280941017d9', 'https://s1.ljcdn.com/matrix_lianjia_pc/dist/pc/src/resource/default/780-439.png?_v=201906280941017d9']",1个月前,随时入住,1年以上,随时可看,11/19层,有,暂无数据,民水,民电,有,暂无数据,"['公寓', '近地铁', '精装', '随时看房']","['4号线(龙华线),7号线 - 福民', '785m', '1号线(罗宝线) - 岗厦', '1121m', '1号线(罗宝线),4号线(龙华线) - 会展中心', '1122m']",22.533972134234,114.07339026202
https://sz.lianjia.com/zufang/SZ2242772489480978432.html,南山区,前海,佳兆业前海广场二期 2室1厅 东南/南,6700元/月 ,租赁方式未知,2室1厅1卫,69㎡,朝东南 南,"['https://image1.ljcdn.com/440300-inspection/3d7489e0-d378-4a95-9cf9-45d8dd936c72.jpg.780x439.jpg', 'https://s1.ljcdn.com/matrix_lianjia_pc/dist/pc/src/resource/default/780-439.png?_v=201906280941017d9', 'https://s1.ljcdn.com/matrix_lianjia_pc/dist/pc/src/resource/default/780-439.png?_v=201906280941017d9', 'https://s1.ljcdn.com/matrix_lianjia_pc/dist/pc/src/resource/default/780-439.png?_v=201906280941017d9', 'https://s1.ljcdn.com/matrix_lianjia_pc/dist/pc/src/resource/default/780-439.png?_v=201906280941017d9', 'https://s1.ljcdn.com/matrix_lianjia_pc/dist/pc/src/resource/default/780-439.png?_v=201906280941017d9']",1个月前,随时入住,暂无数据,需提前预约,低楼层/22层,暂无数据,暂无数据,商水,商电,有,暂无数据,['随时看房'],[],22.501877,113.892136
https://sz.lianjia.com/zufang/SZ2262744535560101888.html,罗湖区,布心,绿映居 3室1厅 东南,6000元/月 ,租赁方式未知,3室1厅2卫,84㎡,朝东南,"['https://image1.ljcdn.com/440300-inspection/3e30aa56-a0be-4ecd-85e5-ec146e7c8985.jpg.780x439.jpg', 'https://s1.ljcdn.com/matrix_lianjia_pc/dist/pc/src/resource/default/780-439.png?_v=201906280941017d9', 'https://s1.ljcdn.com/matrix_lianjia_pc/dist/pc/src/resource/default/780-439.png?_v=201906280941017d9', 'https://s1.ljcdn.com/matrix_lianjia_pc/dist/pc/src/resource/default/780-439.png?_v=201906280941017d9', 'https://s1.ljcdn.com/matrix_lianjia_pc/dist/pc/src/resource/default/780-439.png?_v=201906280941017d9', 'https://s1.ljcdn.com/matrix_lianjia_pc/dist/pc/src/resource/default/780-439.png?_v=201906280941017d9', 'https://s1.ljcdn.com/matrix_lianjia_pc/dist/pc/src/resource/default/780-439.png?_v=201906280941017d9', 'https://s1.ljcdn.com/matrix_lianjia_pc/dist/pc/src/resource/default/780-439.png?_v=201906280941017d9', 'https://s1.ljcdn.com/matrix_lianjia_pc/dist/pc/src/resource/default/780-439.png?_v=201906280941017d9', 'https://s1.ljcdn.com/matrix_lianjia_pc/dist/pc/src/resource/default/780-439.png?_v=201906280941017d9']",1个月前,随时入住,暂无数据,需提前预约,低楼层/10层,有,暂无数据,民水,民电,有,暂无数据,['近地铁'],"['5号线(环中线) - 布心', '564m']",22.591076402092,114.14457452567
https://sz.lianjia.com/zufang/SZ2260582585774112768.html,南山区,后海,信和自由广场 1室1厅 东南/南,5700元/月 ,租赁方式未知,1室1厅1卫,50㎡,朝东南 南,"['https://image1.ljcdn.com/440300-inspection/655df120-6bf6-42e6-8250-395f78f6545b.jpg.780x439.jpg', 'https://s1.ljcdn.com/matrix_lianjia_pc/dist/pc/src/resource/default/780-439.png?_v=201906280941017d9', 'https://s1.ljcdn.com/matrix_lianjia_pc/dist/pc/src/resource/default/780-439.png?_v=201906280941017d9', 'https://s1.ljcdn.com/matrix_lianjia_pc/dist/pc/src/resource/default/780-439.png?_v=201906280941017d9', 'https://s1.ljcdn.com/matrix_lianjia_pc/dist/pc/src/resource/default/780-439.png?_v=201906280941017d9']",1个月前,随时入住,暂无数据,一般下班后可看,中楼层/26层,有,暂无数据,民水,民电,有,暂无数据,[],[],22.512122374438,113.93160387042
https://sz.lianjia.com/zufang/SZ2288350034959540224.html,龙华区,上塘,整租·鸿荣源·尚峻 2室2厅 东南,5709元/月 (季付价),整租,2室2厅2卫,91㎡,朝东南,"['https://image1.ljcdn.com/rent-user-avatar/09b16f34-fd59-4e7b-a0b9-5d02066bd842.780x439.jpg', 'https://s1.ljcdn.com/matrix_lianjia_pc/dist/pc/src/resource/default/780-439.png?_v=201906280941017d9', 'https://s1.ljcdn.com/matrix_lianjia_pc/dist/pc/src/resource/default/780-439.png?_v=201906280941017d9', 'https://s1.ljcdn.com/matrix_lianjia_pc/dist/pc/src/resource/default/780-439.png?_v=201906280941017d9', 'https://s1.ljcdn.com/matrix_lianjia_pc/dist/pc/src/resource/default/780-439.png?_v=201906280941017d9', 'https://s1.ljcdn.com/matrix_lianjia_pc/dist/pc/src/resource/default/780-439.png?_v=201906280941017d9', 'https://s1.ljcdn.com/matrix_lianjia_pc/dist/pc/src/resource/default/780-439.png?_v=201906280941017d9']",3天前,随时入住,1~12个月,随时可看,4/26层,暂无数据,暂无数据,暂无数据,暂无数据,暂无数据,暂无数据,"['公寓', '月租', '近地铁', '精装', '押一付一', '双卫生间', '新上', '随时看房']","['4号线(龙华线) - 龙胜', '446m', '4号线(龙华线) - 上塘', '572m']",22.647465095155,114.01834430836
https://sz.lianjia.com/zufang/SZ2288327131282800640.html,龙华区,上塘,整租·鸿荣源·尚峻 2室2厅 东南,5700元/月 (季付价),整租,2室2厅2卫,91㎡,朝东南,"['https://image1.ljcdn.com/rent-user-avatar/2545c689-1ef6-473e-af5c-5fbff6f7d17c.780x439.jpg', 'https://s1.ljcdn.com/matrix_lianjia_pc/dist/pc/src/resource/default/780-439.png?_v=201906280941017d9']",3天前,随时入住,1~12个月,随时可看,18/26层,暂无数据,暂无数据,暂无数据,暂无数据,暂无数据,暂无数据,"['公寓', '月租', '近地铁', '精装', '押一付一', '双卫生间', '新上', '随时看房']","['4号线(龙华线) - 龙胜', '446m', '4号线(龙华线) - 上塘', '572m']",22.647465095155,114.01834430836
https://sz.lianjia.com/zufang/SZ2280342398426939392.html,龙华区,上塘,鸿荣源·尚峻 3室2厅 东南/南,7000元/月 ,租赁方式未知,3室2厅2卫,94㎡,朝东南 南,"['https://image1.ljcdn.com/440300-inspection/569eafaf-541c-43f7-807c-6c613ffc1d5c.jpg.780x439.jpg', 'https://s1.ljcdn.com/matrix_lianjia_pc/dist/pc/src/resource/default/780-439.png?_v=201906280941017d9', 'https://s1.ljcdn.com/matrix_lianjia_pc/dist/pc/src/resource/default/780-439.png?_v=201906280941017d9', 'https://s1.ljcdn.com/matrix_lianjia_pc/dist/pc/src/resource/default/780-439.png?_v=201906280941017d9', 'https://s1.ljcdn.com/matrix_lianjia_pc/dist/pc/src/resource/default/780-439.png?_v=201906280941017d9', 'https://s1.ljcdn.com/matrix_lianjia_pc/dist/pc/src/resource/default/780-439.png?_v=201906280941017d9', 'https://s1.ljcdn.com/matrix_lianjia_pc/dist/pc/src/resource/default/780-439.png?_v=201906280941017d9', 'https://s1.ljcdn.com/matrix_lianjia_pc/dist/pc/src/resource/default/780-439.png?_v=201906280941017d9', 'https://s1.ljcdn.com/matrix_lianjia_pc/dist/pc/src/resource/default/780-439.png?_v=201906280941017d9']",14天前,随时入住,暂无数据,需提前预约,中楼层/44层,有,暂无数据,民水,民电,有,暂无数据,"['近地铁', '随时看房']","['4号线(龙华线) - 上塘', '340m']",22.64667,114.018671
https://sz.lianjia.com/zufang/SZ2267082143484084224.html,宝安区,桃源居,凤凰雅居 3室2厅 东南,5700元/月 ,租赁方式未知,3室2厅2卫,101㎡,朝东南,"['https://image1.ljcdn.com/440300-inspection/36fca797-a604-4985-b306-27117752f300.jpg.780x439.jpg', 'https://s1.ljcdn.com/matrix_lianjia_pc/dist/pc/src/resource/default/780-439.png?_v=201906280941017d9', 'https://s1.ljcdn.com/matrix_lianjia_pc/dist/pc/src/resource/default/780-439.png?_v=201906280941017d9', 'https://s1.ljcdn.com/matrix_lianjia_pc/dist/pc/src/resource/default/780-439.png?_v=201906280941017d9', 'https://s1.ljcdn.com/matrix_lianjia_pc/dist/pc/src/resource/default/780-439.png?_v=201906280941017d9', 'https://s1.ljcdn.com/matrix_lianjia_pc/dist/pc/src/resource/default/780-439.png?_v=201906280941017d9', 'https://s1.ljcdn.com/matrix_lianjia_pc/dist/pc/src/resource/default/780-439.png?_v=201906280941017d9', 'https://s1.ljcdn.com/matrix_lianjia_pc/dist/pc/src/resource/default/780-439.png?_v=201906280941017d9', 'https://s1.ljcdn.com/matrix_lianjia_pc/dist/pc/src/resource/default/780-439.png?_v=201906280941017d9']",1个月前,随时入住,暂无数据,需提前预约,中楼层/30层,有,暂无数据,民水,民电,有,暂无数据,['随时看房'],[],22.601245101424,113.88258647013
https://sz.lianjia.com/zufang/SZ2257105198528856064.html,宝安区,碧海,广兴源圣拿威 3室2厅 东南,8000元/月 ,租赁方式未知,3室2厅1卫,86㎡,朝东南,"['https://image1.ljcdn.com/440300-inspection/3b09fe9f-c23e-4404-ae61-768666e91498.jpg.780x439.jpg', 'https://s1.ljcdn.com/matrix_lianjia_pc/dist/pc/src/resource/default/780-439.png?_v=201906280941017d9', 'https://s1.ljcdn.com/matrix_lianjia_pc/dist/pc/src/resource/default/780-439.png?_v=201906280941017d9', 'https://s1.ljcdn.com/matrix_lianjia_pc/dist/pc/src/resource/default/780-439.png?_v=201906280941017d9', 'https://s1.ljcdn.com/matrix_lianjia_pc/dist/pc/src/resource/default/780-439.png?_v=201906280941017d9', 'https://s1.ljcdn.com/matrix_lianjia_pc/dist/pc/src/resource/default/780-439.png?_v=201906280941017d9', 'https://s1.ljcdn.com/matrix_lianjia_pc/dist/pc/src/resource/default/780-439.png?_v=201906280941017d9']",1个月前,随时入住,暂无数据,需提前预约,中楼层/18层,有,暂无数据,民水,民电,有,暂无数据,['近地铁'],"['1号线(罗宝线) - 坪洲', '762m']",22.569467,113.873842
https://sz.lianjia.com/zufang/SZ2288350009458442240.html,龙华区,上塘,整租·鸿荣源·尚峻 2室2厅 东南,5709元/月 (季付价),整租,2室2厅2卫,91㎡,朝东南,"['https://image1.ljcdn.com/rent-user-avatar/2a6d0160-2d2e-4582-9d50-a220965a5645.780x439.jpg', 'https://s1.ljcdn.com/matrix_lianjia_pc/dist/pc/src/resource/default/780-439.png?_v=201906280941017d9', 'https://s1.ljcdn.com/matrix_lianjia_pc/dist/pc/src/resource/default/780-439.png?_v=201906280941017d9', 'https://s1.ljcdn.com/matrix_lianjia_pc/dist/pc/src/resource/default/780-439.png?_v=201906280941017d9', 'https://s1.ljcdn.com/matrix_lianjia_pc/dist/pc/src/resource/default/780-439.png?_v=201906280941017d9', 'https://s1.ljcdn.com/matrix_lianjia_pc/dist/pc/src/resource/default/780-439.png?_v=201906280941017d9', 'https://s1.ljcdn.com/matrix_lianjia_pc/dist/pc/src/resource/default/780-439.png?_v=201906280941017d9']",3天前,随时入住,1~12个月,随时可看,25/26层,暂无数据,暂无数据,暂无数据,暂无数据,暂无数据,暂无数据,"['公寓', '月租', '近地铁', '精装', '押一付一', '双卫生间', '新上', '随时看房']","['4号线(龙华线) - 龙胜', '446m', '4号线(龙华线) - 上塘', '572m']",22.647465095155,114.01834430836
https://sz.lianjia.com/zufang/SZ2288350047114903552.html,龙华区,上塘,整租·鸿荣源·尚峻 2室2厅 东南,5709元/月 (季付价),整租,2室2厅2卫,91㎡,朝东南,"['https://image1.ljcdn.com/rent-user-avatar/94d7d69e-80c8-42f2-9554-13fb8383fa01.780x439.jpg', 'https://s1.ljcdn.com/matrix_lianjia_pc/dist/pc/src/resource/default/780-439.png?_v=201906280941017d9', 'https://s1.ljcdn.com/matrix_lianjia_pc/dist/pc/src/resource/default/780-439.png?_v=201906280941017d9', 'https://s1.ljcdn.com/matrix_lianjia_pc/dist/pc/src/resource/default/780-439.png?_v=201906280941017d9', 'https://s1.ljcdn.com/matrix_lianjia_pc/dist/pc/src/resource/default/780-439.png?_v=201906280941017d9', 'https://s1.ljcdn.com/matrix_lianjia_pc/dist/pc/src/resource/default/780-439.png?_v=201906280941017d9', 'https://s1.ljcdn.com/matrix_lianjia_pc/dist/pc/src/resource/default/780-439.png?_v=201906280941017d9']",3天前,随时入住,1~12个月,随时可看,3/26层,暂无数据,暂无数据,暂无数据,暂无数据,暂无数据,暂无数据,"['公寓', '月租', '近地铁', '精装', '押一付一', '双卫生间', '新上', '随时看房']","['4号线(龙华线) - 龙胜', '446m', '4号线(龙华线) - 上塘', '572m']",22.647465095155,114.01834430836
https://sz.lianjia.com/zufang/SZ2285970302616223744.html,龙华区,上塘,整租·潜龙曼海宁花园南区 2室1厅 东南,6000元/月 ,整租,2室1厅1卫,71㎡,朝东南,"['https://image1.ljcdn.com/440300-inspection/b8935e41-dc95-4d0d-8d5c-7b1ab39b960c.jpg.780x439.jpg', 'https://s1.ljcdn.com/matrix_lianjia_pc/dist/pc/src/resource/default/780-439.png?_v=201906280941017d9', 'https://s1.ljcdn.com/matrix_lianjia_pc/dist/pc/src/resource/default/780-439.png?_v=201906280941017d9', 'https://s1.ljcdn.com/matrix_lianjia_pc/dist/pc/src/resource/default/780-439.png?_v=201906280941017d9', 'https://s1.ljcdn.com/matrix_lianjia_pc/dist/pc/src/resource/default/780-439.png?_v=201906280941017d9', 'https://s1.ljcdn.com/matrix_lianjia_pc/dist/pc/src/resource/default/780-439.png?_v=201906280941017d9', 'https://s1.ljcdn.com/matrix_lianjia_pc/dist/pc/src/resource/default/780-439.png?_v=201906280941017d9']",6天前,随时入住,1年以内,暂无数据,高楼层/28层,有,租用车位,民水,民电,有,暂无数据,"['近地铁', '精装', '新上']","['4号线(龙华线) - 上塘', '415m', '4号线(龙华线) - 龙胜', '709m']",22.645777460915,114.01596142057
https://sz.lianjia.com/zufang/SZ2283866706403672064.html,宝安区,新安,海雅缤纷城 1室1厅 东南,5400元/月 ,租赁方式未知,1室1厅1卫,50㎡,朝东南,"['https://image1.ljcdn.com/440300-inspection/f79bcb27-545d-4c4c-806a-9112cc96cdc4.jpg.780x439.jpg', 'https://s1.ljcdn.com/matrix_lianjia_pc/dist/pc/src/resource/default/780-439.png?_v=201906280941017d9', 'https://s1.ljcdn.com/matrix_lianjia_pc/dist/pc/src/resource/default/780-439.png?_v=201906280941017d9', 'https://s1.ljcdn.com/matrix_lianjia_pc/dist/pc/src/resource/default/780-439.png?_v=201906280941017d9', 'https://s1.ljcdn.com/matrix_lianjia_pc/dist/pc/src/resource/default/780-439.png?_v=201906280941017d9']",9天前,随时入住,暂无数据,需提前预约,中楼层/27层,有,暂无数据,民水,民电,有,暂无数据,[],[],22.565667639285,113.9122646422
https://sz.lianjia.com/zufang/SZ2246430212940644352.html,罗湖区,螺岭,东门168 2室1厅 东南,5300元/月 ,租赁方式未知,2室1厅1卫,54㎡,朝东南,"['https://image1.ljcdn.com/440300-inspection/prod-1ebaed85-fca9-4ca5-8c15-ba670d3db272.jpg.780x439.jpg', 'https://s1.ljcdn.com/matrix_lianjia_pc/dist/pc/src/resource/default/780-439.png?_v=201906280941017d9', 'https://s1.ljcdn.com/matrix_lianjia_pc/dist/pc/src/resource/default/780-439.png?_v=201906280941017d9', 'https://s1.ljcdn.com/matrix_lianjia_pc/dist/pc/src/resource/default/780-439.png?_v=201906280941017d9', 'https://s1.ljcdn.com/matrix_lianjia_pc/dist/pc/src/resource/default/780-439.png?_v=201906280941017d9']",2个月前,随时入住,暂无数据,需提前预约,高楼层/29层,有,暂无数据,民水,民电,有,暂无数据,['近地铁'],"['3号线(龙岗线) - 晒布', '533m', '2号线(蛇口线) - 湖贝', '797m', '3号线(龙岗线) - 翠竹', '928m', '9号线 - 文锦', '1124m']",22.555890141396,114.13410931444
https://sz.lianjia.com/zufang/SZ2258706751442657280.html,龙岗区,龙岗中心城,天誉国际公馆 3室2厅 东南,6200元/月 ,租赁方式未知,3室2厅2卫,127㎡,朝东南,"['https://image1.ljcdn.com/440300-inspection/13d26f7b-1294-459e-9d8e-76256b075c49.jpg.780x439.jpg', 'https://s1.ljcdn.com/matrix_lianjia_pc/dist/pc/src/resource/default/780-439.png?_v=201906280941017d9', 'https://s1.ljcdn.com/matrix_lianjia_pc/dist/pc/src/resource/default/780-439.png?_v=201906280941017d9', 'https://s1.ljcdn.com/matrix_lianjia_pc/dist/pc/src/resource/default/780-439.png?_v=201906280941017d9', 'https://s1.ljcdn.com/matrix_lianjia_pc/dist/pc/src/resource/default/780-439.png?_v=201906280941017d9', 'https://s1.ljcdn.com/matrix_lianjia_pc/dist/pc/src/resource/default/780-439.png?_v=201906280941017d9', 'https://s1.ljcdn.com/matrix_lianjia_pc/dist/pc/src/resource/default/780-439.png?_v=201906280941017d9', 'https://s1.ljcdn.com/matrix_lianjia_pc/dist/pc/src/resource/default/780-439.png?_v=201906280941017d9', 'https://s1.ljcdn.com/matrix_lianjia_pc/dist/pc/src/resource/default/780-439.png?_v=201906280941017d9']",1个月前,随时入住,暂无数据,暂无数据,中楼层/41层,有,暂无数据,民水,民电,有,暂无数据,['近地铁'],"['3号线(龙岗线) - 吉祥', '583m']",22.721169,114.25069
