房源地址,行政区,位置,标题,租金,租赁方式,户型,面积,朝向,图片列表,发布时间,入住时间,租期,看房时间,楼层,电梯,车位,用水,用电,燃气,采暖,标签,station,latitude,longtitude
https://sz.lianjia.com/zufang/SZ2193472205273440256.html,龙岗区,龙岗中心城,风临域 6室1厅 东南,7500元/月 ,租赁方式未知,6室1厅2卫,132㎡,朝东南,"['https://image1.ljcdn.com/440300-inspection/d1393072-d617-4a6c-94c7-5e3712d97a71.jpg.780x439.jpg', 'https://s1.ljcdn.com/matrix_lianjia_pc/dist/pc/src/resource/default/780-439.png?_v=201906280941017d9', 'https://s1.ljcdn.com/matrix_lianjia_pc/dist/pc/src/resource/default/780-439.png?_v=201906280941017d9', 'https://s1.ljcdn.com/matrix_lianjia_pc/dist/pc/src/resource/default/780-439.png?_v=201906280941017d9', 'https://s1.ljcdn.com/matrix_lianjia_pc/dist/pc/src/resource/default/780-439.png?_v=201906280941017d9', 'https://s1.ljcdn.com/matrix_lianjia_pc/dist/pc/src/resource/default/780-439.png?_v=201906280941017d9', 'https://s1.ljcdn.com/matrix_lianjia_pc/dist/pc/src/resource/default/780-439.png?_v=201906280941017d9', 'https://s1.ljcdn.com/matrix_lianjia_pc/dist/pc/src/resource/default/780-439.png?_v=201906280941017d9', 'https://s1.ljcdn.com/matrix_lianjia_pc/dist/pc/src/resource/default/780-439.png?_v=201906280941017d9', 'https://s1.ljcdn.com/matrix_lianjia_pc/dist/pc/src/resource/default/780-439.png?_v=201906280941017d9', 'https://s1.ljcdn.com/matrix_lianjia_pc/dist/pc/src/resource/default/780-439.png?_v=201906280941017d9']",4个月前,随时入住,暂无数据,需提前预约,高楼层/17层,有,暂无数据,民水,民电,有,暂无数据,['近地铁'],"['3号线(龙岗线) - 吉祥', '257m']",22.717450201772,114.24974835974
https://sz.lianjia.com/zufang/SZ2273174012890710016.html,龙岗区,龙岗中心城,东方明珠城 4室1厅 东南,6000元/月 ,租赁方式未知,4室1厅2卫,135㎡,朝东南,"['https://image1.ljcdn.com/440300-inspection/e723b768-8d68-4c48-8236-7ff4367f3a92.jpg.780x439.jpg', 'https://s1.ljcdn.com/matrix_lianjia_pc/dist/pc/src/resource/default/780-439.png?_v=201906280941017d9', 'https://s1.ljcdn.com/matrix_lianjia_pc/dist/pc/src/resource/default/780-439.png?_v=201906280941017d9', 'https://s1.ljcdn.com/matrix_lianjia_pc/dist/pc/src/resource/default/780-439.png?_v=201906280941017d9', 'https://s1.ljcdn.com/matrix_lianjia_pc/dist/pc/src/resource/default/780-439.png?_v=201906280941017d9', 'https://s1.ljcdn.com/matrix_lianjia_pc/dist/pc/src/resource/default/780-439.png?_v=201906280941017d9', 'https://s1.ljcdn.com/matrix_lianjia_pc/dist/pc/src/resource/default/780-439.png?_v=201906280941017d9', 'https://s1.ljcdn.com/matrix_lianjia_pc/dist/pc/src/resource/default/780-439.png?_v=201906280941017d9', 'https://s1.ljcdn.com/matrix_lianjia_pc/dist/pc/src/resource/default/780-439.png?_v=201906280941017d9']",24天前,随时入住,暂无数据,需提前预约,中楼层/32层,有,暂无数据,民水,民电,无,暂无数据,"['近地铁', '随时看房']","['3号线(龙岗线) - 龙城广场', '179m']",22.72516903961,114.26058199785
https://sz.lianjia.com/zufang/SZ2275849450603675648.html,龙岗区,布吉石芽岭,慢城三期 3室1厅 东南,5500元/月 ,租赁方式未知,3室1厅2卫,113㎡,朝东南,"['https://image1.ljcdn.com/440300-inspection/0c2969ae-87c4-4488-8aa0-d96efbe4d98e.jpg.780x439.jpg', 'https://s1.ljcdn.com/matrix_lianjia_pc/dist/pc/src/resource/default/780-439.png?_v=201906280941017d9', 'https://s1.ljcdn.com/matrix_lianjia_pc/dist/pc/src/resource/default/780-439.png?_v=201906280941017d9', 'https://s1.ljcdn.com/matrix_lianjia_pc/dist/pc/src/resource/default/780-439.png?_v=201906280941017d9', 'https://s1.ljcdn.com/matrix_lianjia_pc/dist/pc/src/resource/default/780-439.png?_v=201906280941017d9', 'https://s1.ljcdn.com/matrix_lianjia_pc/dist/pc/src/resource/default/780-439.png?_v=201906280941017d9', 'https://s1.ljcdn.com/matrix_lianjia_pc/dist/pc/src/resource/default/780-439.png?_v=201906280941017d9', 'https://s1.ljcdn.com/matrix_lianjia_pc/dist/pc/src/resource/default/780-439.png?_v=201906280941017d9', 'https://s1.ljcdn.com/matrix_lianjia_pc/dist/pc/src/resource/default/780-439.png?_v=201906280941017d9', 'https://s1.ljcdn.com/matrix_lianjia_pc/dist/pc/src/resource/default/780-439.png?_v=201906280941017d9']",20天前,随时入住,暂无数据,需提前预约,中楼层/11层,有,暂无数据,民水,民电,有,暂无数据,[],[],22.63151,114.134921
https://sz.lianjia.com/zufang/SZ2150754157425344512.html,福田区,香蜜湖,财富广场 1室1厅 东南,7975元/月 ,租赁方式未知,1室1厅1卫,48㎡,朝东南,"['https://image1.ljcdn.com/440300-inspection/ee5dad8b-9db5-4e5d-bd28-64532d2b67f5.jpg.780x439.jpg', 'https://s1.ljcdn.com/matrix_lianjia_pc/dist/pc/src/resource/default/780-439.png?_v=201906280941017d9', 'https://s1.ljcdn.com/matrix_lianjia_pc/dist/pc/src/resource/default/780-439.png?_v=201906280941017d9', 'https://s1.ljcdn.com/matrix_lianjia_pc/dist/pc/src/resource/default/780-439.png?_v=201906280941017d9', 'https://s1.ljcdn.com/matrix_lianjia_pc/dist/pc/src/resource/default/780-439.png?_v=201906280941017d9', 'https://s1.ljcdn.com/matrix_lianjia_pc/dist/pc/src/resource/default/780-439.png?_v=201906280941017d9']",6个月前,随时入住,暂无数据,需提前预约,中楼层/28层,有,暂无数据,民水,民电,无,暂无数据,['近地铁'],"['1号线(罗宝线),11号线,7号线,9号线 - 车公庙', '91m']",22.543661,114.032923
https://sz.lianjia.com/zufang/SZ2253567647021006848.html,南山区,前海,佳兆业前海广场二期 3室2厅 东南,7900元/月 ,租赁方式未知,3室2厅2卫,72㎡,朝东南,"['https://image1.ljcdn.com/440300-inspection/1d9e3416-739a-4f30-ac52-c6be7d90115a.jpg.780x439.jpg', 'https://s1.ljcdn.com/matrix_lianjia_pc/dist/pc/src/resource/default/780-439.png?_v=201906280941017d9', 'https://s1.ljcdn.com/matrix_lianjia_pc/dist/pc/src/resource/default/780-439.png?_v=201906280941017d9', 'https://s1.ljcdn.com/matrix_lianjia_pc/dist/pc/src/resource/default/780-439.png?_v=201906280941017d9', 'https://s1.ljcdn.com/matrix_lianjia_pc/dist/pc/src/resource/default/780-439.png?_v=201906280941017d9', 'https://s1.ljcdn.com/matrix_lianjia_pc/dist/pc/src/resource/default/780-439.png?_v=201906280941017d9', 'https://s1.ljcdn.com/matrix_lianjia_pc/dist/pc/src/resource/default/780-439.png?_v=201906280941017d9', 'https://s1.ljcdn.com/matrix_lianjia_pc/dist/pc/src/resource/default/780-439.png?_v=201906280941017d9']",1个月前,随时入住,暂无数据,需提前预约,高楼层/21层,有,暂无数据,商水,商电,无,暂无数据,[],[],22.501877,113.892136
https://sz.lianjia.com/zufang/SZ2080041849258508288.html,龙岗区,龙岗中心城,万科天誉二期 3室1厅 东南,5000元/月 ,租赁方式未知,3室1厅2卫,90㎡,朝东南,"['https://image1.ljcdn.com/440300-inspection/prod-54644759-5c9b-4fc5-890c-fc22bd8c490b.png.780x439.jpg', 'https://s1.ljcdn.com/matrix_lianjia_pc/dist/pc/src/resource/default/780-439.png?_v=201906280941017d9', 'https://s1.ljcdn.com/matrix_lianjia_pc/dist/pc/src/resource/default/780-439.png?_v=201906280941017d9', 'https://s1.ljcdn.com/matrix_lianjia_pc/dist/pc/src/resource/default/780-439.png?_v=201906280941017d9', 'https://s1.ljcdn.com/matrix_lianjia_pc/dist/pc/src/resource/default/780-439.png?_v=201906280941017d9', 'https://s1.ljcdn.com/matrix_lianjia_pc/dist/pc/src/resource/default/780-439.png?_v=201906280941017d9']",9个月前,暂无数据,暂无数据,暂无数据,中楼层/50层,有,暂无数据,民水,民电,有,暂无数据,"['近地铁', '随时看房']","['3号线(龙岗线) - 吉祥', '537m', '3号线(龙岗线) - 龙城广场', '1124m']",22.717501,114.251789
https://sz.lianjia.com/zufang/SZ2262082068454850560.html,南山区,前海,佳兆业前海广场一期 2室2厅 东南,7500元/月 ,租赁方式未知,2室2厅1卫,77㎡,朝东南,"['https://image1.ljcdn.com/440300-inspection/228ea8cd-0c52-40e3-8b16-74d74603b275.jpg.780x439.jpg', 'https://s1.ljcdn.com/matrix_lianjia_pc/dist/pc/src/resource/default/780-439.png?_v=201906280941017d9', 'https://s1.ljcdn.com/matrix_lianjia_pc/dist/pc/src/resource/default/780-439.png?_v=201906280941017d9', 'https://s1.ljcdn.com/matrix_lianjia_pc/dist/pc/src/resource/default/780-439.png?_v=201906280941017d9', 'https://s1.ljcdn.com/matrix_lianjia_pc/dist/pc/src/resource/default/780-439.png?_v=201906280941017d9', 'https://s1.ljcdn.com/matrix_lianjia_pc/dist/pc/src/resource/default/780-439.png?_v=201906280941017d9', 'https://s1.ljcdn.com/matrix_lianjia_pc/dist/pc/src/resource/default/780-439.png?_v=201906280941017d9']",1个月前,随时入住,暂无数据,暂无数据,高楼层/33层,有,暂无数据,民水,民电,有,暂无数据,['随时看房'],[],22.500598,113.89247
https://sz.lianjia.com/zufang/SZ2281084737126662144.html,龙岗区,大运新城,嘉亿爵悦 4室2厅 东南,5000元/月 ,租赁方式未知,4室2厅2卫,89㎡,朝东南,"['https://image1.ljcdn.com/440300-inspection/51fd7d0d-d3b3-4671-b071-7cd808bfbce9.jpg.780x439.jpg', 'https://s1.ljcdn.com/matrix_lianjia_pc/dist/pc/src/resource/default/780-439.png?_v=201906280941017d9', 'https://s1.ljcdn.com/matrix_lianjia_pc/dist/pc/src/resource/default/780-439.png?_v=201906280941017d9', 'https://s1.ljcdn.com/matrix_lianjia_pc/dist/pc/src/resource/default/780-439.png?_v=201906280941017d9', 'https://s1.ljcdn.com/matrix_lianjia_pc/dist/pc/src/resource/default/780-439.png?_v=201906280941017d9', 'https://s1.ljcdn.com/matrix_lianjia_pc/dist/pc/src/resource/default/780-439.png?_v=201906280941017d9', 'https://s1.ljcdn.com/matrix_lianjia_pc/dist/pc/src/resource/default/780-439.png?_v=201906280941017d9', 'https://s1.ljcdn.com/matrix_lianjia_pc/dist/pc/src/resource/default/780-439.png?_v=201906280941017d9', 'https://s1.ljcdn.com/matrix_lianjia_pc/dist/pc/src/resource/default/780-439.png?_v=201906280941017d9', 'https://s1.ljcdn.com/matrix_lianjia_pc/dist/pc/src/resource/default/780-439.png?_v=201906280941017d9', 'https://s1.ljcdn.com/matrix_lianjia_pc/dist/pc/src/resource/default/780-439.png?_v=201906280941017d9']",13天前,随时入住,暂无数据,需提前预约,高楼层/32层,暂无数据,暂无数据,民水,民电,有,暂无数据,['随时看房'],[],22.720978,114.217942
https://sz.lianjia.com/zufang/SZ2261522331808055296.html,龙岗区,龙岗中心城,东方明珠城 5室1厅 东南,6000元/月 ,租赁方式未知,5室1厅2卫,134㎡,朝东南,"['https://image1.ljcdn.com/440300-inspection/0af5b567-9297-41d5-9002-a839c4881d13.jpg.780x439.jpg', 'https://s1.ljcdn.com/matrix_lianjia_pc/dist/pc/src/resource/default/780-439.png?_v=201906280941017d9', 'https://s1.ljcdn.com/matrix_lianjia_pc/dist/pc/src/resource/default/780-439.png?_v=201906280941017d9', 'https://s1.ljcdn.com/matrix_lianjia_pc/dist/pc/src/resource/default/780-439.png?_v=201906280941017d9', 'https://s1.ljcdn.com/matrix_lianjia_pc/dist/pc/src/resource/default/780-439.png?_v=201906280941017d9', 'https://s1.ljcdn.com/matrix_lianjia_pc/dist/pc/src/resource/default/780-439.png?_v=201906280941017d9', 'https://s1.ljcdn.com/matrix_lianjia_pc/dist/pc/src/resource/default/780-439.png?_v=201906280941017d9', 'https://s1.ljcdn.com/matrix_lianjia_pc/dist/pc/src/resource/default/780-439.png?_v=201906280941017d9', 'https://s1.ljcdn.com/matrix_lianjia_pc/dist/pc/src/resource/default/780-439.png?_v=201906280941017d9', 'https://s1.ljcdn.com/matrix_lianjia_pc/dist/pc/src/resource/default/780-439.png?_v=201906280941017d9', 'https://s1.ljcdn.com/matrix_lianjia_pc/dist/pc/src/resource/default/780-439.png?_v=201906280941017d9']",1个月前,随时入住,暂无数据,需提前预约,高楼层/32层,有,暂无数据,民水,民电,无,暂无数据,['近地铁'],"['3号线(龙岗线) - 龙城广场', '179m']",22.72516903961,114.26058199785
https://sz.lianjia.com/zufang/SZ2067042330992984064.html,龙华区,龙华中心,银雅居 1室1厅 东南,7280元/月 ,租赁方式未知,1室1厅1卫,69㎡,朝东南,"['https://image1.ljcdn.com/440300-inspection/a8868d11-f011-4247-a0b3-fae14e854b1d.jpg.780x439.jpg', 'https://s1.ljcdn.com/matrix_lianjia_pc/dist/pc/src/resource/default/780-439.png?_v=201906280941017d9', 'https://s1.ljcdn.com/matrix_lianjia_pc/dist/pc/src/resource/default/780-439.png?_v=201906280941017d9', 'https://s1.ljcdn.com/matrix_lianjia_pc/dist/pc/src/resource/default/780-439.png?_v=201906280941017d9', 'https://s1.ljcdn.com/matrix_lianjia_pc/dist/pc/src/resource/default/780-439.png?_v=201906280941017d9', 'https://s1.ljcdn.com/matrix_lianjia_pc/dist/pc/src/resource/default/780-439.png?_v=201906280941017d9', 'https://s1.ljcdn.com/matrix_lianjia_pc/dist/pc/src/resource/default/780-439.png?_v=201906280941017d9', 'https://s1.ljcdn.com/matrix_lianjia_pc/dist/pc/src/resource/default/780-439.png?_v=201906280941017d9', 'https://s1.ljcdn.com/matrix_lianjia_pc/dist/pc/src/resource/default/780-439.png?_v=201906280941017d9', 'https://s1.ljcdn.com/matrix_lianjia_pc/dist/pc/src/resource/default/780-439.png?_v=201906280941017d9']",10个月前,随时入住,暂无数据,需提前预约,低楼层/18层,有,暂无数据,民水,民电,有,暂无数据,[],[],22.646615,114.031279
https://sz.lianjia.com/zufang/SZ2238964612378656768.html,龙岗区,布吉石芽岭,华浩源A区 3室2厅 东南,5000元/月 ,租赁方式未知,3室2厅1卫,123㎡,朝东南,"['https://image1.ljcdn.com/440300-inspection/368317eb-00f0-46ec-82e8-b2d6d46c4c19.jpg.780x439.jpg', 'https://s1.ljcdn.com/matrix_lianjia_pc/dist/pc/src/resource/default/780-439.png?_v=201906280941017d9', 'https://s1.ljcdn.com/matrix_lianjia_pc/dist/pc/src/resource/default/780-439.png?_v=201906280941017d9', 'https://s1.ljcdn.com/matrix_lianjia_pc/dist/pc/src/resource/default/780-439.png?_v=201906280941017d9', 'https://s1.ljcdn.com/matrix_lianjia_pc/dist/pc/src/resource/default/780-439.png?_v=201906280941017d9', 'https://s1.ljcdn.com/matrix_lianjia_pc/dist/pc/src/resource/default/780-439.png?_v=201906280941017d9', 'https://s1.ljcdn.com/matrix_lianjia_pc/dist/pc/src/resource/default/780-439.png?_v=201906280941017d9', 'https://s1.ljcdn.com/matrix_lianjia_pc/dist/pc/src/resource/default/780-439.png?_v=201906280941017d9']",2个月前,随时入住,暂无数据,暂无数据,低楼层/9层,有,暂无数据,民水,民电,有,暂无数据,[],[],22.6299,114.130997
https://sz.lianjia.com/zufang/SZ2211382025867501568.html,龙岗区,横岗,THETOWN乐城 4室1厅 东南,7500元/月 ,租赁方式未知,4室1厅2卫,131㎡,朝东南,"['https://image1.ljcdn.com/440300-inspection/d34db0b0-cf30-47e3-8eb0-a7aeb7e49a37.jpg.780x439.jpg', 'https://s1.ljcdn.com/matrix_lianjia_pc/dist/pc/src/resource/default/780-439.png?_v=201906280941017d9', 'https://s1.ljcdn.com/matrix_lianjia_pc/dist/pc/src/resource/default/780-439.png?_v=201906280941017d9', 'https://s1.ljcdn.com/matrix_lianjia_pc/dist/pc/src/resource/default/780-439.png?_v=201906280941017d9', 'https://s1.ljcdn.com/matrix_lianjia_pc/dist/pc/src/resource/default/780-439.png?_v=201906280941017d9', 'https://s1.ljcdn.com/matrix_lianjia_pc/dist/pc/src/resource/default/780-439.png?_v=201906280941017d9', 'https://s1.ljcdn.com/matrix_lianjia_pc/dist/pc/src/resource/default/780-439.png?_v=201906280941017d9', 'https://s1.ljcdn.com/matrix_lianjia_pc/dist/pc/src/resource/default/780-439.png?_v=201906280941017d9', 'https://s1.ljcdn.com/matrix_lianjia_pc/dist/pc/src/resource/default/780-439.png?_v=201906280941017d9', 'https://s1.ljcdn.com/matrix_lianjia_pc/dist/pc/src/resource/default/780-439.png?_v=201906280941017d9']",3个月前,随时入住,暂无数据,需提前预约,高楼层/33层,有,暂无数据,民水,民电,有,暂无数据,['近地铁'],"['3号线(龙岗线) - 荷坳', '220m']",22.682438,114.231367
https://sz.lianjia.com/zufang/SZ2217120722302533632.html,龙岗区,龙岗中心城,万科天誉二期 3室2厅 东南,5600元/月 ,租赁方式未知,3室2厅2卫,89㎡,朝东南,"['https://image1.ljcdn.com/440300-inspection/1c055da7-8082-45f3-9056-e6d80e02057a.jpg.780x439.jpg', 'https://s1.ljcdn.com/matrix_lianjia_pc/dist/pc/src/resource/default/780-439.png?_v=201906280941017d9', 'https://s1.ljcdn.com/matrix_lianjia_pc/dist/pc/src/resource/default/780-439.png?_v=201906280941017d9', 'https://s1.ljcdn.com/matrix_lianjia_pc/dist/pc/src/resource/default/780-439.png?_v=201906280941017d9', 'https://s1.ljcdn.com/matrix_lianjia_pc/dist/pc/src/resource/default/780-439.png?_v=201906280941017d9', 'https://s1.ljcdn.com/matrix_lianjia_pc/dist/pc/src/resource/default/780-439.png?_v=201906280941017d9', 'https://s1.ljcdn.com/matrix_lianjia_pc/dist/pc/src/resource/default/780-439.png?_v=201906280941017d9', 'https://s1.ljcdn.com/matrix_lianjia_pc/dist/pc/src/resource/default/780-439.png?_v=201906280941017d9']",3个月前,随时入住,暂无数据,需提前预约,中楼层/41层,有,暂无数据,民水,民电,有,暂无数据,['近地铁'],"['3号线(龙岗线) - 吉祥', '537m', '3号线(龙岗线) - 龙城广场', '1124m']",22.717501,114.251789
https://sz.lianjia.com/zufang/SZ2290541616773210112.html,罗湖区,黄贝岭,汇鑫花园 2室1厅 东南,5600元/月 ,租赁方式未知,2室1厅1卫,55㎡,朝东南,['https://image1.ljcdn.com/rent-front-image/1efeae8459c48eeb3fef0bc54884fd1d.png.780x439.jpg'],今天,2019-07-05,暂无数据,需提前预约,高楼层/26层,有,暂无数据,民水,民电,有,暂无数据,"['近地铁', '新上']","['9号线 - 文锦', '461m', '2号线(蛇口线),5号线(环中线) - 黄贝岭', '476m', '9号线 - 向西村', '1053m', '2号线(蛇口线) - 湖贝', '1109m']",22.549482047545,114.14240719032
https://sz.lianjia.com/zufang/SZ2289789510764478464.html,南山区,南山中心,现代城华庭 2室1厅 东南,7500元/月 ,租赁方式未知,2室1厅1卫,70㎡,朝东南,['https://image1.ljcdn.com/rent-front-image/1efeae8459c48eeb3fef0bc54884fd1d.png.780x439.jpg'],1天前,2019-07-30,暂无数据,需提前预约,低楼层/33层,有,暂无数据,民水,民电,有,暂无数据,"['近地铁', '新上']","['11号线 - 南山', '809m']",22.522790982921,113.93112212086
https://sz.lianjia.com/zufang/SZ2290627601766547456.html,龙岗区,横岗,信义御城豪园 3室1厅 东南,6200元/月 ,租赁方式未知,3室1厅2卫,89㎡,朝东南,['https://image1.ljcdn.com/rent-front-image/1efeae8459c48eeb3fef0bc54884fd1d.png.780x439.jpg'],今天,随时入住,暂无数据,需提前预约,低楼层/28层,有,暂无数据,商水,商电,有,暂无数据,"['近地铁', '新上']","['3号线(龙岗线) - 横岗', '228m', '3号线(龙岗线) - 永湖', '966m']",22.65636,114.219222
https://sz.lianjia.com/zufang/SZ2288960533002723328.html,福田区,华强北,现代之窗 2室1厅 东南,6800元/月 ,租赁方式未知,2室1厅1卫,50㎡,朝东南,['https://image1.ljcdn.com/rent-front-image/1efeae8459c48eeb3fef0bc54884fd1d.png.780x439.jpg'],2天前,随时入住,暂无数据,需提前预约,低楼层/32层,有,暂无数据,民水,民电,无,暂无数据,"['近地铁', '新上']","['2号线(蛇口线),7号线 - 华强北', '138m', '2号线(蛇口线) - 燕南', '489m', '3号线(龙岗线),7号线 - 华新', '520m', '1号线(罗宝线) - 华强路', '566m', '7号线 - 华强南', '853m', '1号线(罗宝线) - 科学馆', '1100m']",22.550048,114.093442
https://sz.lianjia.com/zufang/SZ2287522800879550464.html,福田区,香蜜湖,香珠花园 1室1厅 东南,8000元/月 ,租赁方式未知,1室1厅1卫,53㎡,朝东南,['https://image1.ljcdn.com/rent-front-image/1efeae8459c48eeb3fef0bc54884fd1d.png.780x439.jpg'],4天前,2019-07-25,暂无数据,需提前预约,高楼层/18层,有,暂无数据,民水,民电,有,暂无数据,"['近地铁', '新上']","['7号线 - 农林', '439m', '1号线(罗宝线),11号线,7号线,9号线 - 车公庙', '563m', '1号线(罗宝线) - 竹子林', '840m']",22.543405607583,114.02653857579
https://sz.lianjia.com/zufang/SZ2288203041658109952.html,罗湖区,东门,华盛君荟名庭 1室1厅 东南,5200元/月 ,租赁方式未知,1室1厅1卫,44㎡,朝东南,['https://image1.ljcdn.com/rent-front-image/1efeae8459c48eeb3fef0bc54884fd1d.png.780x439.jpg'],3天前,随时入住,暂无数据,需提前预约,高楼层/28层,有,暂无数据,民水,民电,有,暂无数据,"['近地铁', '新上']","['3号线(龙岗线) - 晒布', '95m', '3号线(龙岗线) - 翠竹', '973m', '2号线(蛇口线) - 湖贝', '988m', '1号线(罗宝线),3号线(龙岗线) - 老街', '1067m']",22.55696,114.128938
https://sz.lianjia.com/zufang/SZ2287395195202830336.html,福田区,皇岗,新桂花村 3室2厅 东南,8000元/月 ,租赁方式未知,3室2厅2卫,102㎡,朝东南,['https://image1.ljcdn.com/rent-front-image/1efeae8459c48eeb3fef0bc54884fd1d.png.780x439.jpg'],4天前,随时入住,暂无数据,需提前预约,高楼层/16层,有,暂无数据,民水,民电,有,暂无数据,"['近地铁', '新上']","['4号线(龙华线) - 福田口岸', '626m', '4号线(龙华线),7号线 - 福民', '990m']",22.520904,114.070662
https://sz.lianjia.com/zufang/SZ2289708203082260480.html,罗湖区,东门,东港中心 2室2厅 东南,6500元/月 ,租赁方式未知,2室2厅1卫,73㎡,朝东南,['https://image1.ljcdn.com/rent-front-image/1efeae8459c48eeb3fef0bc54884fd1d.png.780x439.jpg'],1天前,随时入住,暂无数据,需提前预约,中楼层/26层,有,暂无数据,民水,民电,暂无数据,暂无数据,"['近地铁', '新上']","['3号线(龙岗线) - 晒布', '343m', '2号线(蛇口线) - 湖贝', '435m', '1号线(罗宝线),3号线(龙岗线) - 老街', '484m', '1号线(罗宝线) - 国贸', '688m', '9号线 - 向西村', '886m']",22.551654629449,114.12792663566
https://sz.lianjia.com/zufang/SZ2286125268349493248.html,龙岗区,坂田,和成世纪名园 3室2厅 东南,6200元/月 ,租赁方式未知,3室2厅1卫,88㎡,朝东南,['https://image1.ljcdn.com/rent-front-image/1efeae8459c48eeb3fef0bc54884fd1d.png.780x439.jpg'],6天前,随时入住,暂无数据,需提前预约,低楼层/29层,有,暂无数据,民水,民电,有,暂无数据,"['近地铁', '新上']","['5号线(环中线) - 五和', '60m', '5号线(环中线) - 坂田', '894m']",22.631714431365,114.06835941996
https://sz.lianjia.com/zufang/SZ2243167294862147584.html,罗湖区,黄贝岭,丹枫白露城东1号 1室1厅 东南,5000元/月 ,租赁方式未知,1室1厅1卫,59㎡,朝东南,['https://image1.ljcdn.com/rent-front-image/1efeae8459c48eeb3fef0bc54884fd1d.png.780x439.jpg'],2个月前,随时入住,暂无数据,需提前预约,低楼层/35层,有,暂无数据,民水,民电,有,暂无数据,['近地铁'],"['2号线(蛇口线),5号线(环中线) - 黄贝岭', '244m', '2号线(蛇口线) - 新秀', '1057m', '9号线 - 文锦', '1132m']",22.551267415535,114.14596315133
https://sz.lianjia.com/zufang/SZ2285607829111324672.html,龙岗区,坂田,万科第五园二期 4室2厅 东南,6500元/月 ,租赁方式未知,4室2厅1卫,95㎡,朝东南,['https://image1.ljcdn.com/rent-front-image/1efeae8459c48eeb3fef0bc54884fd1d.png.780x439.jpg'],3天前,2019-07-15,暂无数据,暂无数据,高楼层/6层,无,暂无数据,民水,民电,有,暂无数据,['新上'],[],22.621279,114.075237
https://sz.lianjia.com/zufang/SZ2265877912383668224.html,福田区,福田中心,福岗园 2室2厅 东南,7000元/月 ,租赁方式未知,2室2厅1卫,59㎡,朝东南,['https://image1.ljcdn.com/rent-front-image/1efeae8459c48eeb3fef0bc54884fd1d.png.780x439.jpg'],15天前,随时入住,暂无数据,暂无数据,中楼层/34层,有,暂无数据,民水,民电,有,暂无数据,['近地铁'],"['1号线(罗宝线),4号线(龙华线) - 会展中心', '390m', '2号线(蛇口线),4号线(龙华线) - 市民中心', '694m', '1号线(罗宝线) - 岗厦', '721m', '2号线(蛇口线),3号线(龙岗线),11号线 - 福田', '900m', '2号线(蛇口线) - 岗厦北', '1109m', '1号线(罗宝线),3号线(龙岗线) - 购物公园', '1163m']",22.543037,114.070863
https://sz.lianjia.com/zufang/SZ2278041872645758976.html,福田区,莲花,莲花北村 3室2厅 东南/西南,8000元/月 ,租赁方式未知,3室2厅1卫,104㎡,朝东南 西南,['https://image1.ljcdn.com/rent-front-image/1efeae8459c48eeb3fef0bc54884fd1d.png.780x439.jpg'],17天前,暂无数据,暂无数据,暂无数据,中楼层/25层,有,暂无数据,民水,民电,有,暂无数据,['近地铁'],"['4号线(龙华线) - 莲花北', '685m', '2号线(蛇口线),9号线 - 景田', '826m', '9号线 - 梅村', '894m', '9号线 - 梅景', '984m', '9号线 - 下梅林', '1075m', '2号线(蛇口线) - 莲花西', '1183m']",22.564707543453,114.05762411508
https://sz.lianjia.com/zufang/SZ2286267314318090240.html,南山区,前海,佳兆业前海广场二期 1室2厅 东南,6200元/月 ,租赁方式未知,1室2厅1卫,68㎡,朝东南,['https://image1.ljcdn.com/rent-front-image/1efeae8459c48eeb3fef0bc54884fd1d.png.780x439.jpg'],5天前,随时入住,暂无数据,需提前预约,高楼层/30层,暂无数据,暂无数据,暂无数据,暂无数据,暂无数据,暂无数据,"['新上', '随时看房']",[],22.501877,113.892136
https://sz.lianjia.com/zufang/SZ2254339726817361920.html,罗湖区,地王,天地大厦 3室1厅 东南,8000元/月 ,租赁方式未知,3室1厅1卫,105㎡,朝东南,['https://image1.ljcdn.com/rent-front-image/1efeae8459c48eeb3fef0bc54884fd1d.png.780x439.jpg'],1个月前,随时入住,暂无数据,需提前预约,中楼层/23层,有,暂无数据,民水,民电,有,暂无数据,['近地铁'],"['9号线 - 园岭', '711m', '3号线(龙岗线),9号线 - 红岭', '842m', '7号线 - 笋岗', '1137m']",22.559264321148,114.1161611289
https://sz.lianjia.com/zufang/SZ2264949441176018944.html,龙岗区,龙岗中心城,中央悦城 4室2厅 东南,5200元/月 ,租赁方式未知,4室2厅2卫,163㎡,朝东南,['https://image1.ljcdn.com/rent-front-image/1efeae8459c48eeb3fef0bc54884fd1d.png.780x439.jpg'],1个月前,随时入住,暂无数据,暂无数据,低楼层/18层,有,暂无数据,民水,民电,有,暂无数据,[],[],22.738647,114.248419
https://sz.lianjia.com/zufang/SZ2278787253298012160.html,罗湖区,春风路,阳光新干线家园 2室1厅 东南,6600元/月 ,租赁方式未知,2室1厅1卫,61㎡,朝东南,['https://image1.ljcdn.com/rent-front-image/1efeae8459c48eeb3fef0bc54884fd1d.png.780x439.jpg'],16天前,随时入住,暂无数据,需提前预约,高楼层/33层,有,暂无数据,民水,民电,有,暂无数据,['近地铁'],"['9号线 - 向西村', '248m', '9号线 - 文锦', '700m', '2号线(蛇口线) - 湖贝', '920m', '1号线(罗宝线) - 国贸', '925m', '1号线(罗宝线) - 罗湖', '1037m', '9号线 - 人民南', '1074m']",22.544064667245,114.13348653508
