房源地址,行政区,位置,标题,租金,租赁方式,户型,面积,朝向,图片列表,发布时间,入住时间,租期,看房时间,楼层,电梯,车位,用水,用电,燃气,采暖,标签,station,latitude,longtitude
https://sz.lianjia.com/apartment/11584.html,,,泰易公寓 · 西丽E区店,"
泰易公寓 · 西丽E区店

          1900元/月起

",,,,,"['https://image1.ljcdn.com/rent-user-avatar/0da2e4f8-d2b9-4a89-a27d-2576ab3cc6bf.1150x.jpg', 'https://s1.ljcdn.com/matrix_lianjia_pc/dist/pc/src/resource/default/1150-450.png?_v=201906280941017d9', 'https://s1.ljcdn.com/matrix_lianjia_pc/dist/pc/src/resource/default/1150-450.png?_v=201906280941017d9', 'https://s1.ljcdn.com/matrix_lianjia_pc/dist/pc/src/resource/default/1150-450.png?_v=201906280941017d9', 'https://s1.ljcdn.com/matrix_lianjia_pc/dist/pc/src/resource/default/1150-450.png?_v=201906280941017d9', 'https://s1.ljcdn.com/matrix_lianjia_pc/dist/pc/src/resource/default/1150-450.png?_v=201906280941017d9']",,,,,,,,,,,,,[],22.591577,113.951356
https://sz.lianjia.com/zufang/SZ2287433691179794432.html,龙岗区,坂田,佳华领汇广场king公馆 1室1厅 西,4100元/月 ,租赁方式未知,1室1厅1卫,39㎡,朝西,"['https://image1.ljcdn.com/440300-inspection/a44a9b72-37ff-48a7-800d-88ed1e3427ba.jpg.780x439.jpg', 'https://s1.ljcdn.com/matrix_lianjia_pc/dist/pc/src/resource/default/780-439.png?_v=201906280941017d9', 'https://s1.ljcdn.com/matrix_lianjia_pc/dist/pc/src/resource/default/780-439.png?_v=201906280941017d9', 'https://s1.ljcdn.com/matrix_lianjia_pc/dist/pc/src/resource/default/780-439.png?_v=201906280941017d9']",3天前,随时入住,暂无数据,暂无数据,中楼层/21层,暂无数据,暂无数据,商水,商电,有,暂无数据,"['近地铁', '新上']","['5号线(环中线) - 五和', '602m']",22.638489,114.066196
https://sz.lianjia.com/zufang/SZ2286785837633118208.html,福田区,石厦,缔馨园 1室0厅 西,4300元/月 ,租赁方式未知,1室0厅1卫,29㎡,朝西,"['https://image1.ljcdn.com/440300-inspection/cd9d13e3-2427-4775-b9d7-d6362d0a0686.jpg.780x439.jpg', 'https://s1.ljcdn.com/matrix_lianjia_pc/dist/pc/src/resource/default/780-439.png?_v=201906280941017d9', 'https://s1.ljcdn.com/matrix_lianjia_pc/dist/pc/src/resource/default/780-439.png?_v=201906280941017d9', 'https://s1.ljcdn.com/matrix_lianjia_pc/dist/pc/src/resource/default/780-439.png?_v=201906280941017d9', 'https://s1.ljcdn.com/matrix_lianjia_pc/dist/pc/src/resource/default/780-439.png?_v=201906280941017d9']",4天前,随时入住,暂无数据,需提前预约,中楼层/18层,有,暂无数据,民水,民电,有,暂无数据,"['近地铁', '新上', '随时看房']","['3号线(龙岗线),7号线 - 石厦', '265m', '7号线 - 皇岗村', '881m']",22.530806126763,114.05834367437
https://sz.lianjia.com/zufang/SZ2257073492224909312.html,福田区,梅林,整租·迷你新居福田 1室1厅 西,4085元/月 (月付价),整租,1室1厅1卫,27㎡,朝西,"['https://image1.ljcdn.com/lianjia-data-sync/ziroom/15578991044769_1424677593_8.jpg.780x439.jpg', 'https://s1.ljcdn.com/matrix_lianjia_pc/dist/pc/src/resource/default/780-439.png?_v=201906280941017d9', 'https://s1.ljcdn.com/matrix_lianjia_pc/dist/pc/src/resource/default/780-439.png?_v=201906280941017d9', 'https://s1.ljcdn.com/matrix_lianjia_pc/dist/pc/src/resource/default/780-439.png?_v=201906280941017d9', 'https://s1.ljcdn.com/matrix_lianjia_pc/dist/pc/src/resource/default/780-439.png?_v=201906280941017d9', 'https://s1.ljcdn.com/matrix_lianjia_pc/dist/pc/src/resource/default/780-439.png?_v=201906280941017d9', 'https://s1.ljcdn.com/matrix_lianjia_pc/dist/pc/src/resource/default/780-439.png?_v=201906280941017d9', 'https://s1.ljcdn.com/matrix_lianjia_pc/dist/pc/src/resource/default/780-439.png?_v=201906280941017d9']",1个月前,暂无数据,暂无数据,暂无数据,低楼层/16层,有,暂无数据,民水,民电,有,暂无数据,"['公寓', '近地铁', '精装', '押一付一', '随时看房']","['9号线 - 下梅林', '765m', '9号线 - 梅村', '1103m', '9号线 - 梅景', '1113m']",22.568012,114.052593
https://sz.lianjia.com/apartment/8638.html,,,金地草莓公寓 · 西乡海湾家2号楼,"
金地草莓公寓 · 西乡海湾家2号楼

          2765元/月起

",,,,,['https://image1.ljcdn.com/rent-user-avatar/3f721cea-eab0-4a29-91de-ed0610dcc6da.1150x.jpg'],,,,,,,,,,,,,[],22.585868,113.866026
https://sz.lianjia.com/apartment/17215.html,,,柚米国际社区 · 八卦岭店,"
柚米国际社区 · 八卦岭店

          4000元/月起

",,,,,"['https://image1.ljcdn.com/rent-user-avatar/a04e7c62-f101-42c7-b839-707b7745a2db.1150x.jpg', 'https://s1.ljcdn.com/matrix_lianjia_pc/dist/pc/src/resource/default/1150-450.png?_v=201906280941017d9', 'https://s1.ljcdn.com/matrix_lianjia_pc/dist/pc/src/resource/default/1150-450.png?_v=201906280941017d9', 'https://s1.ljcdn.com/matrix_lianjia_pc/dist/pc/src/resource/default/1150-450.png?_v=201906280941017d9', 'https://s1.ljcdn.com/matrix_lianjia_pc/dist/pc/src/resource/default/1150-450.png?_v=201906280941017d9', 'https://s1.ljcdn.com/matrix_lianjia_pc/dist/pc/src/resource/default/1150-450.png?_v=201906280941017d9', 'https://s1.ljcdn.com/matrix_lianjia_pc/dist/pc/src/resource/default/1150-450.png?_v=201906280941017d9', 'https://s1.ljcdn.com/matrix_lianjia_pc/dist/pc/src/resource/default/1150-450.png?_v=201906280941017d9', 'https://s1.ljcdn.com/matrix_lianjia_pc/dist/pc/src/resource/default/1150-450.png?_v=201906280941017d9', 'https://s1.ljcdn.com/matrix_lianjia_pc/dist/pc/src/resource/default/1150-450.png?_v=201906280941017d9']",,,,,,,,,,,,,[],22.564266,114.107711
https://sz.lianjia.com/zufang/SZ2287469733538709504.html,龙岗区,布吉关,信义假日名城六期溢芳园 2室1厅 西南/西,4500元/月 ,租赁方式未知,2室1厅1卫,62㎡,朝西南 西,"['https://image1.ljcdn.com/440300-inspection/test-06780c85-2b1f-4796-8e21-ccdc0ee52a53.png.780x439.jpg', 'https://s1.ljcdn.com/matrix_lianjia_pc/dist/pc/src/resource/default/780-439.png?_v=201906280941017d9', 'https://s1.ljcdn.com/matrix_lianjia_pc/dist/pc/src/resource/default/780-439.png?_v=201906280941017d9', 'https://s1.ljcdn.com/matrix_lianjia_pc/dist/pc/src/resource/default/780-439.png?_v=201906280941017d9', 'https://s1.ljcdn.com/matrix_lianjia_pc/dist/pc/src/resource/default/780-439.png?_v=201906280941017d9']",3天前,2019-07-06,暂无数据,暂无数据,低楼层/22层,有,暂无数据,民水,民电,有,暂无数据,"['近地铁', '新上']","['3号线(龙岗线),5号线(环中线) - 布吉', '656m']",22.602897022926,114.12923759195
https://sz.lianjia.com/zufang/SZ2277493088576610304.html,龙岗区,龙岗中心城,招商依山郡 2室1厅 西,3500元/月 ,租赁方式未知,2室1厅1卫,76㎡,朝西,"['https://image1.ljcdn.com/440300-inspection/946d76b7-1dce-497a-bd77-1d1444f852a7.jpg.780x439.jpg', 'https://s1.ljcdn.com/matrix_lianjia_pc/dist/pc/src/resource/default/780-439.png?_v=201906280941017d9', 'https://s1.ljcdn.com/matrix_lianjia_pc/dist/pc/src/resource/default/780-439.png?_v=201906280941017d9', 'https://s1.ljcdn.com/matrix_lianjia_pc/dist/pc/src/resource/default/780-439.png?_v=201906280941017d9', 'https://s1.ljcdn.com/matrix_lianjia_pc/dist/pc/src/resource/default/780-439.png?_v=201906280941017d9', 'https://s1.ljcdn.com/matrix_lianjia_pc/dist/pc/src/resource/default/780-439.png?_v=201906280941017d9', 'https://s1.ljcdn.com/matrix_lianjia_pc/dist/pc/src/resource/default/780-439.png?_v=201906280941017d9', 'https://s1.ljcdn.com/matrix_lianjia_pc/dist/pc/src/resource/default/780-439.png?_v=201906280941017d9', 'https://s1.ljcdn.com/matrix_lianjia_pc/dist/pc/src/resource/default/780-439.png?_v=201906280941017d9', 'https://s1.ljcdn.com/matrix_lianjia_pc/dist/pc/src/resource/default/780-439.png?_v=201906280941017d9']",1天前,随时入住,暂无数据,需提前预约,中楼层/18层,有,暂无数据,民水,民电,有,暂无数据,"['新上', '随时看房']",[],22.734888,114.225089
https://sz.lianjia.com/zufang/SZ2286919383853047808.html,南山区,蛇口,栖游家园 1室0厅 西,4500元/月 ,租赁方式未知,1室0厅1卫,31㎡,朝西,"['https://image1.ljcdn.com/hdic-frame/b6047743-431f-4bd8-8b33-155299f75cd9.png.780x439.jpg', 'https://s1.ljcdn.com/matrix_lianjia_pc/dist/pc/src/resource/default/780-439.png?_v=201906280941017d9', 'https://s1.ljcdn.com/matrix_lianjia_pc/dist/pc/src/resource/default/780-439.png?_v=201906280941017d9', 'https://s1.ljcdn.com/matrix_lianjia_pc/dist/pc/src/resource/default/780-439.png?_v=201906280941017d9']",3天前,2019-07-07,暂无数据,需提前预约,高楼层/34层,有,暂无数据,民水,民电,有,暂无数据,"['近地铁', '新上', '随时看房']","['2号线(蛇口线) - 东角头', '390m', '2号线(蛇口线) - 湾厦', '914m']",22.49374690674,113.94032563136
https://sz.lianjia.com/zufang/SZ2286951284705861632.html,罗湖区,洪湖,整租·源兴居 1室1厅 西,3690元/月 (季付价),整租,1室1厅1卫,32㎡,朝西,"['https://image1.ljcdn.com/rent-house-1/636f69b83827f24f7723a443c68fdbb3-1561191556691/2d7f6504a21c1d889062f1ee2366c13d.jpg.780x439.jpg', 'https://s1.ljcdn.com/matrix_lianjia_pc/dist/pc/src/resource/default/780-439.png?_v=201906280941017d9', 'https://s1.ljcdn.com/matrix_lianjia_pc/dist/pc/src/resource/default/780-439.png?_v=201906280941017d9', 'https://s1.ljcdn.com/matrix_lianjia_pc/dist/pc/src/resource/default/780-439.png?_v=201906280941017d9', 'https://s1.ljcdn.com/matrix_lianjia_pc/dist/pc/src/resource/default/780-439.png?_v=201906280941017d9', 'https://s1.ljcdn.com/matrix_lianjia_pc/dist/pc/src/resource/default/780-439.png?_v=201906280941017d9', 'https://s1.ljcdn.com/matrix_lianjia_pc/dist/pc/src/resource/default/780-439.png?_v=201906280941017d9', 'https://s1.ljcdn.com/matrix_lianjia_pc/dist/pc/src/resource/default/780-439.png?_v=201906280941017d9']",4天前,随时入住,1年,随时可看,29/32层,暂无数据,暂无数据,暂无数据,暂无数据,暂无数据,暂无数据,"['公寓', '近地铁', '新上', '随时看房']","['7号线 - 洪湖', '377m', '3号线(龙岗线),7号线 - 田贝', '1041m']",22.56879,114.129037
https://sz.lianjia.com/zufang/SZ2117280120510357504.html,罗湖区,百仕达,整租·翠竹苑 2室1厅 西,4450元/月 (季付价),整租,2室1厅1卫,48㎡,朝西,"['https://image1.ljcdn.com/rent-house-1/636f69b83827f24f7723a443c68fdbb3-1561350969578/3e4d5104f4de4951ae664eb65ece6afa.jpg.780x439.jpg', 'https://s1.ljcdn.com/matrix_lianjia_pc/dist/pc/src/resource/default/780-439.png?_v=201906280941017d9', 'https://s1.ljcdn.com/matrix_lianjia_pc/dist/pc/src/resource/default/780-439.png?_v=201906280941017d9', 'https://s1.ljcdn.com/matrix_lianjia_pc/dist/pc/src/resource/default/780-439.png?_v=201906280941017d9', 'https://s1.ljcdn.com/matrix_lianjia_pc/dist/pc/src/resource/default/780-439.png?_v=201906280941017d9', 'https://s1.ljcdn.com/matrix_lianjia_pc/dist/pc/src/resource/default/780-439.png?_v=201906280941017d9']",7个月前,随时入住,1年,随时可看,2/22层,暂无数据,暂无数据,暂无数据,暂无数据,暂无数据,暂无数据,"['公寓', '近地铁', '随时看房']","['3号线(龙岗线) - 翠竹', '192m', '3号线(龙岗线),7号线 - 田贝', '757m', '5号线(环中线) - 怡景', '886m', '3号线(龙岗线) - 晒布', '1194m']",22.565665867082,114.13827423508
https://sz.lianjia.com/zufang/SZ2222491656953790464.html,罗湖区,新秀,京基东方都会 1室0厅 西/西北,3000元/月 ,租赁方式未知,1室0厅1卫,26㎡,朝西 西北,"['https://image1.ljcdn.com/hdic-frame/bcc8116a-a1a6-4055-91ff-1dd04f81c191.png.780x439.jpg', 'https://s1.ljcdn.com/matrix_lianjia_pc/dist/pc/src/resource/default/780-439.png?_v=201906280941017d9', 'https://s1.ljcdn.com/matrix_lianjia_pc/dist/pc/src/resource/default/780-439.png?_v=201906280941017d9', 'https://s1.ljcdn.com/matrix_lianjia_pc/dist/pc/src/resource/default/780-439.png?_v=201906280941017d9', 'https://s1.ljcdn.com/matrix_lianjia_pc/dist/pc/src/resource/default/780-439.png?_v=201906280941017d9', 'https://s1.ljcdn.com/matrix_lianjia_pc/dist/pc/src/resource/default/780-439.png?_v=201906280941017d9', 'https://s1.ljcdn.com/matrix_lianjia_pc/dist/pc/src/resource/default/780-439.png?_v=201906280941017d9', 'https://s1.ljcdn.com/matrix_lianjia_pc/dist/pc/src/resource/default/780-439.png?_v=201906280941017d9']",3个月前,随时入住,暂无数据,暂无数据,中楼层/32层,有,暂无数据,民水,民电,有,暂无数据,"['近地铁', '随时看房']","['2号线(蛇口线) - 新秀', '567m', '2号线(蛇口线),5号线(环中线) - 黄贝岭', '779m', '5号线(环中线) - 怡景', '991m']",22.554348512843,114.14956451953
https://sz.lianjia.com/zufang/SZ2282508030929551360.html,罗湖区,春风路,文星花园 1室1厅 西,4400元/月 ,租赁方式未知,1室1厅1卫,37㎡,朝西,"['https://image1.ljcdn.com/440300-inspection/f2b129d5-45a3-43d9-8125-ff4ff8378387.jpg.780x439.jpg', 'https://s1.ljcdn.com/matrix_lianjia_pc/dist/pc/src/resource/default/780-439.png?_v=201906280941017d9', 'https://s1.ljcdn.com/matrix_lianjia_pc/dist/pc/src/resource/default/780-439.png?_v=201906280941017d9', 'https://s1.ljcdn.com/matrix_lianjia_pc/dist/pc/src/resource/default/780-439.png?_v=201906280941017d9', 'https://s1.ljcdn.com/matrix_lianjia_pc/dist/pc/src/resource/default/780-439.png?_v=201906280941017d9']",10天前,随时入住,暂无数据,需提前预约,中楼层/8层,无,暂无数据,民水,民电,有,暂无数据,"['近地铁', '随时看房']","['9号线 - 向西村', '126m', '9号线 - 文锦', '271m', '2号线(蛇口线) - 湖贝', '555m', '1号线(罗宝线) - 国贸', '917m', '2号线(蛇口线),5号线(环中线) - 黄贝岭', '1160m', '9号线 - 人民南', '1187m']",22.54795608776,114.1347660129
https://sz.lianjia.com/zufang/SZ2237482184870985728.html,宝安区,松岗,松河瑞园二期 3室2厅 西,4000元/月 ,租赁方式未知,3室2厅1卫,77㎡,朝西,"['https://image1.ljcdn.com/440300-inspection/4cec1c59-2a76-46d0-81e4-cfbb4b69643f.jpg.780x439.jpg', 'https://s1.ljcdn.com/matrix_lianjia_pc/dist/pc/src/resource/default/780-439.png?_v=201906280941017d9', 'https://s1.ljcdn.com/matrix_lianjia_pc/dist/pc/src/resource/default/780-439.png?_v=201906280941017d9', 'https://s1.ljcdn.com/matrix_lianjia_pc/dist/pc/src/resource/default/780-439.png?_v=201906280941017d9', 'https://s1.ljcdn.com/matrix_lianjia_pc/dist/pc/src/resource/default/780-439.png?_v=201906280941017d9', 'https://s1.ljcdn.com/matrix_lianjia_pc/dist/pc/src/resource/default/780-439.png?_v=201906280941017d9', 'https://s1.ljcdn.com/matrix_lianjia_pc/dist/pc/src/resource/default/780-439.png?_v=201906280941017d9', 'https://s1.ljcdn.com/matrix_lianjia_pc/dist/pc/src/resource/default/780-439.png?_v=201906280941017d9', 'https://s1.ljcdn.com/matrix_lianjia_pc/dist/pc/src/resource/default/780-439.png?_v=201906280941017d9']",2个月前,随时入住,暂无数据,需提前预约,中楼层/32层,暂无数据,暂无数据,民水,民电,有,暂无数据,"['近地铁', '随时看房']","['11号线 - 松岗', '627m']",22.774687,113.838082
https://sz.lianjia.com/zufang/SZ2062177598175453184.html,宝安区,新安,整租·白金酒店公寓 1室1厅 西,3960元/月 (季付价),整租,1室1厅1卫,35㎡,朝西,"['https://image1.ljcdn.com/rent-house-1/636f69b83827f24f7723a443c68fdbb3-1560902727767/effe2d02286c4dd59f5f348de39086d6.jpg.780x439.jpg', 'https://s1.ljcdn.com/matrix_lianjia_pc/dist/pc/src/resource/default/780-439.png?_v=201906280941017d9', 'https://s1.ljcdn.com/matrix_lianjia_pc/dist/pc/src/resource/default/780-439.png?_v=201906280941017d9', 'https://s1.ljcdn.com/matrix_lianjia_pc/dist/pc/src/resource/default/780-439.png?_v=201906280941017d9', 'https://s1.ljcdn.com/matrix_lianjia_pc/dist/pc/src/resource/default/780-439.png?_v=201906280941017d9', 'https://s1.ljcdn.com/matrix_lianjia_pc/dist/pc/src/resource/default/780-439.png?_v=201906280941017d9', 'https://s1.ljcdn.com/matrix_lianjia_pc/dist/pc/src/resource/default/780-439.png?_v=201906280941017d9']",10个月前,随时入住,3~12个月,随时可看,13/32层,暂无数据,暂无数据,暂无数据,暂无数据,暂无数据,暂无数据,"['公寓', '月租', '近地铁', '随时看房']","['5号线(环中线) - 灵芝', '590m', '5号线(环中线) - 翻身', '948m']",22.570617804396,113.906313132
https://sz.lianjia.com/zufang/SZ2194770709128429568.html,南山区,华侨城,合租·锦绣花园一期 4居室 西卧,3990元/月 (季付价),合租,4室1厅2卫,12㎡,朝西,"['https://image1.ljcdn.com/rent-house-1/636f69b83827f24f7723a443c68fdbb3-1561189339305/a6ffe3776a2e4faa1710058bc1ad7afb.jpg.780x439.jpg', 'https://s1.ljcdn.com/matrix_lianjia_pc/dist/pc/src/resource/default/780-439.png?_v=201906280941017d9', 'https://s1.ljcdn.com/matrix_lianjia_pc/dist/pc/src/resource/default/780-439.png?_v=201906280941017d9', 'https://s1.ljcdn.com/matrix_lianjia_pc/dist/pc/src/resource/default/780-439.png?_v=201906280941017d9', 'https://s1.ljcdn.com/matrix_lianjia_pc/dist/pc/src/resource/default/780-439.png?_v=201906280941017d9', 'https://s1.ljcdn.com/matrix_lianjia_pc/dist/pc/src/resource/default/780-439.png?_v=201906280941017d9', 'https://s1.ljcdn.com/matrix_lianjia_pc/dist/pc/src/resource/default/780-439.png?_v=201906280941017d9', 'https://s1.ljcdn.com/matrix_lianjia_pc/dist/pc/src/resource/default/780-439.png?_v=201906280941017d9', 'https://s1.ljcdn.com/matrix_lianjia_pc/dist/pc/src/resource/default/780-439.png?_v=201906280941017d9', 'https://s1.ljcdn.com/matrix_lianjia_pc/dist/pc/src/resource/default/780-439.png?_v=201906280941017d9', 'https://s1.ljcdn.com/matrix_lianjia_pc/dist/pc/src/resource/default/780-439.png?_v=201906280941017d9']",4个月前,随时入住,1年,随时可看,14/33层,暂无数据,暂无数据,暂无数据,暂无数据,暂无数据,暂无数据,"['公寓', '独立卫生间', '近地铁', '独立阳台', '随时看房']","['1号线(罗宝线) - 侨城东', '391m', '1号线(罗宝线) - 华侨城', '1165m']",22.540831210075,114.00171293774
https://sz.lianjia.com/zufang/SZ2247629971772416000.html,南山区,南山中心,福园单身公寓 1室0厅 西,3200元/月 ,租赁方式未知,1室0厅1卫,38㎡,朝西,"['https://image1.ljcdn.com/hdic-frame/61a4d8d9-06e7-43fd-83f7-3c8310225e4b.png.780x439.jpg', 'https://s1.ljcdn.com/matrix_lianjia_pc/dist/pc/src/resource/default/780-439.png?_v=201906280941017d9', 'https://s1.ljcdn.com/matrix_lianjia_pc/dist/pc/src/resource/default/780-439.png?_v=201906280941017d9', 'https://s1.ljcdn.com/matrix_lianjia_pc/dist/pc/src/resource/default/780-439.png?_v=201906280941017d9']",1个月前,随时入住,暂无数据,需提前预约,中楼层/9层,无,暂无数据,民水,民电,有,暂无数据,"['近地铁', '随时看房']","['2号线(蛇口线) - 登良', '993m']",22.512211,113.926744
https://sz.lianjia.com/zufang/SZ2278021900687122432.html,南山区,蛇口,栖游家园 1室0厅 西,4500元/月 ,租赁方式未知,1室0厅1卫,27㎡,朝西,"['https://image1.ljcdn.com/hdic-frame/fab16ca1-db23-453c-b580-bfeca7e35809.png.780x439.jpg', 'https://s1.ljcdn.com/matrix_lianjia_pc/dist/pc/src/resource/default/780-439.png?_v=201906280941017d9', 'https://s1.ljcdn.com/matrix_lianjia_pc/dist/pc/src/resource/default/780-439.png?_v=201906280941017d9', 'https://s1.ljcdn.com/matrix_lianjia_pc/dist/pc/src/resource/default/780-439.png?_v=201906280941017d9', 'https://s1.ljcdn.com/matrix_lianjia_pc/dist/pc/src/resource/default/780-439.png?_v=201906280941017d9']",16天前,随时入住,暂无数据,暂无数据,中楼层/34层,有,暂无数据,民水,民电,有,暂无数据,"['近地铁', '随时看房']","['2号线(蛇口线) - 东角头', '390m', '2号线(蛇口线) - 湾厦', '914m']",22.49374690674,113.94032563136
https://sz.lianjia.com/zufang/SZ2262301535646531584.html,龙华区,龙华新区,绿景香颂 1室0厅 西,3500元/月 ,租赁方式未知,1室0厅1卫,35㎡,朝西,"['https://image1.ljcdn.com/hdic-frame/7b5dbceb-2eb7-4e6c-96b2-40a6bb7acd3b.png.780x439.jpg', 'https://s1.ljcdn.com/matrix_lianjia_pc/dist/pc/src/resource/default/780-439.png?_v=201906280941017d9', 'https://s1.ljcdn.com/matrix_lianjia_pc/dist/pc/src/resource/default/780-439.png?_v=201906280941017d9', 'https://s1.ljcdn.com/matrix_lianjia_pc/dist/pc/src/resource/default/780-439.png?_v=201906280941017d9', 'https://s1.ljcdn.com/matrix_lianjia_pc/dist/pc/src/resource/default/780-439.png?_v=201906280941017d9', 'https://s1.ljcdn.com/matrix_lianjia_pc/dist/pc/src/resource/default/780-439.png?_v=201906280941017d9']",16天前,随时入住,暂无数据,需提前预约,中楼层/31层,有,暂无数据,民水,民电,有,暂无数据,['随时看房'],[],22.636677,114.042886
https://sz.lianjia.com/zufang/SZ2285439541202927616.html,罗湖区,翠竹,整租·翡翠公寓 2室1厅 西,5000元/月 (月付价),整租,2室1厅1卫,33㎡,朝西,"['https://image1.ljcdn.com/rent-user-avatar/58e4e149-7e97-4d57-b2d0-ecd7675bcb07.780x439.jpg', 'https://s1.ljcdn.com/matrix_lianjia_pc/dist/pc/src/resource/default/780-439.png?_v=201906280941017d9', 'https://s1.ljcdn.com/matrix_lianjia_pc/dist/pc/src/resource/default/780-439.png?_v=201906280941017d9', 'https://s1.ljcdn.com/matrix_lianjia_pc/dist/pc/src/resource/default/780-439.png?_v=201906280941017d9', 'https://s1.ljcdn.com/matrix_lianjia_pc/dist/pc/src/resource/default/780-439.png?_v=201906280941017d9', 'https://s1.ljcdn.com/matrix_lianjia_pc/dist/pc/src/resource/default/780-439.png?_v=201906280941017d9']",6天前,随时入住,1~3年,随时可看,14/32层,暂无数据,暂无数据,暂无数据,暂无数据,暂无数据,暂无数据,"['近地铁', '精装', '新上', '随时看房']","['7号线 - 洪湖', '582m', '3号线(龙岗线) - 翠竹', '1124m', '3号线(龙岗线),7号线 - 田贝', '1147m']",22.567248,114.130889
https://sz.lianjia.com/zufang/SZ2286439652632305664.html,南山区,科技园,合租·华润城润府一期 4居室 西卧,4760元/月 (季付价),合租,4室1厅2卫,11㎡,朝西,"['https://image1.ljcdn.com/rent-house-1/636f69b83827f24f7723a443c68fdbb3-1561111144499/014817a67ccd778633997e5fc75fe6ea.jpg.780x439.jpg', 'https://s1.ljcdn.com/matrix_lianjia_pc/dist/pc/src/resource/default/780-439.png?_v=201906280941017d9', 'https://s1.ljcdn.com/matrix_lianjia_pc/dist/pc/src/resource/default/780-439.png?_v=201906280941017d9', 'https://s1.ljcdn.com/matrix_lianjia_pc/dist/pc/src/resource/default/780-439.png?_v=201906280941017d9', 'https://s1.ljcdn.com/matrix_lianjia_pc/dist/pc/src/resource/default/780-439.png?_v=201906280941017d9', 'https://s1.ljcdn.com/matrix_lianjia_pc/dist/pc/src/resource/default/780-439.png?_v=201906280941017d9', 'https://s1.ljcdn.com/matrix_lianjia_pc/dist/pc/src/resource/default/780-439.png?_v=201906280941017d9', 'https://s1.ljcdn.com/matrix_lianjia_pc/dist/pc/src/resource/default/780-439.png?_v=201906280941017d9', 'https://s1.ljcdn.com/matrix_lianjia_pc/dist/pc/src/resource/default/780-439.png?_v=201906280941017d9']",5天前,随时入住,3~12个月,随时可看,16/53层,暂无数据,暂无数据,暂无数据,暂无数据,暂无数据,暂无数据,"['公寓', '独立卫生间', '月租', '近地铁', '新上', '随时看房']","['1号线(罗宝线) - 高新园', '373m']",22.553981,113.9611
https://sz.lianjia.com/zufang/SZ2100403279732146176.html,龙岗区,龙岗中心城,东方沁园 3室2厅 西,3800元/月 ,租赁方式未知,3室2厅1卫,116㎡,朝西,"['http://vrlab-image.ljcdn.com/release/auto3dhd/fc4ef72665f0ca7c385fcff41e074b47/screenshot/1560492619_0/pc0_GVKI5jbBH.jpg.q_70.jpg', 'https://s1.ljcdn.com/matrix_lianjia_pc/dist/pc/src/resource/default/780-439.png?_v=201906280941017d9', 'https://s1.ljcdn.com/matrix_lianjia_pc/dist/pc/src/resource/default/780-439.png?_v=201906280941017d9', 'https://s1.ljcdn.com/matrix_lianjia_pc/dist/pc/src/resource/default/780-439.png?_v=201906280941017d9', 'https://s1.ljcdn.com/matrix_lianjia_pc/dist/pc/src/resource/default/780-439.png?_v=201906280941017d9', 'https://s1.ljcdn.com/matrix_lianjia_pc/dist/pc/src/resource/default/780-439.png?_v=201906280941017d9']",8个月前,随时入住,暂无数据,需提前预约,低楼层/9层,有,暂无数据,民水,民电,有,暂无数据,['随时看房'],[],22.732095,114.231228
https://sz.lianjia.com/zufang/SZ2280152041575948288.html,福田区,石厦,整租·缔馨园 1室0厅 西,4100元/月 ,整租,1室0厅1卫,29㎡,朝西,"['https://image1.ljcdn.com/hdic-frame/f6439cb7-3291-4987-9330-83e689de5d4a.png.780x439.jpg', 'https://s1.ljcdn.com/matrix_lianjia_pc/dist/pc/src/resource/default/780-439.png?_v=201906280941017d9', 'https://s1.ljcdn.com/matrix_lianjia_pc/dist/pc/src/resource/default/780-439.png?_v=201906280941017d9', 'https://s1.ljcdn.com/matrix_lianjia_pc/dist/pc/src/resource/default/780-439.png?_v=201906280941017d9']",14天前,随时入住,1年以内,需提前预约,低楼层/18层,有,暂无数据,民水,民电,有,暂无数据,"['近地铁', '随时看房']","['3号线(龙岗线),7号线 - 石厦', '265m', '7号线 - 皇岗村', '881m']",22.530806126763,114.05834367437
https://sz.lianjia.com/zufang/SZ2247754038554656768.html,龙华区,龙华新区,丰润花园 2室1厅 西,3800元/月 ,租赁方式未知,2室1厅1卫,74㎡,朝西,"['https://image1.ljcdn.com/440300-inspection/13b4758a-03bf-45dc-bed7-f392614d5aa0.jpg.780x439.jpg', 'https://s1.ljcdn.com/matrix_lianjia_pc/dist/pc/src/resource/default/780-439.png?_v=201906280941017d9', 'https://s1.ljcdn.com/matrix_lianjia_pc/dist/pc/src/resource/default/780-439.png?_v=201906280941017d9', 'https://s1.ljcdn.com/matrix_lianjia_pc/dist/pc/src/resource/default/780-439.png?_v=201906280941017d9', 'https://s1.ljcdn.com/matrix_lianjia_pc/dist/pc/src/resource/default/780-439.png?_v=201906280941017d9', 'https://s1.ljcdn.com/matrix_lianjia_pc/dist/pc/src/resource/default/780-439.png?_v=201906280941017d9']",1个月前,随时入住,暂无数据,需提前预约,中楼层/8层,无,暂无数据,民水,民电,有,暂无数据,['随时看房'],[],22.646400182414,114.03494907144
https://sz.lianjia.com/zufang/SZ2286950741636038656.html,罗湖区,笋岗,整租·祥福雅居 1室1厅 西,4660元/月 (季付价),整租,1室1厅1卫,39㎡,朝西,"['https://image1.ljcdn.com/rent-house-1/636f69b83827f24f7723a443c68fdbb3-1561190531273/5b25c45016685113ad780842f6f5663f.jpg.780x439.jpg', 'https://s1.ljcdn.com/matrix_lianjia_pc/dist/pc/src/resource/default/780-439.png?_v=201906280941017d9', 'https://s1.ljcdn.com/matrix_lianjia_pc/dist/pc/src/resource/default/780-439.png?_v=201906280941017d9', 'https://s1.ljcdn.com/matrix_lianjia_pc/dist/pc/src/resource/default/780-439.png?_v=201906280941017d9', 'https://s1.ljcdn.com/matrix_lianjia_pc/dist/pc/src/resource/default/780-439.png?_v=201906280941017d9', 'https://s1.ljcdn.com/matrix_lianjia_pc/dist/pc/src/resource/default/780-439.png?_v=201906280941017d9']",4天前,随时入住,1年,随时可看,9/31层,暂无数据,暂无数据,暂无数据,暂无数据,暂无数据,暂无数据,"['公寓', '近地铁', '新上', '随时看房']","['7号线 - 笋岗', '318m', '7号线,9号线 - 红岭北', '962m']",22.571812,114.118893
https://sz.lianjia.com/zufang/SZ2286953870318387200.html,南山区,蛇口,整租·有方育才家园 1室1厅 西,4660元/月 (季付价),整租,1室1厅1卫,27㎡,朝西,"['https://image1.ljcdn.com/rent-house-1/636f69b83827f24f7723a443c68fdbb3-1561212703191/a0f0fc289ec5118b84cee332ced7f9d1.jpg.780x439.jpg', 'https://s1.ljcdn.com/matrix_lianjia_pc/dist/pc/src/resource/default/780-439.png?_v=201906280941017d9', 'https://s1.ljcdn.com/matrix_lianjia_pc/dist/pc/src/resource/default/780-439.png?_v=201906280941017d9', 'https://s1.ljcdn.com/matrix_lianjia_pc/dist/pc/src/resource/default/780-439.png?_v=201906280941017d9', 'https://s1.ljcdn.com/matrix_lianjia_pc/dist/pc/src/resource/default/780-439.png?_v=201906280941017d9', 'https://s1.ljcdn.com/matrix_lianjia_pc/dist/pc/src/resource/default/780-439.png?_v=201906280941017d9', 'https://s1.ljcdn.com/matrix_lianjia_pc/dist/pc/src/resource/default/780-439.png?_v=201906280941017d9']",4天前,随时入住,3~12个月,随时可看,6/7层,暂无数据,暂无数据,暂无数据,暂无数据,暂无数据,暂无数据,"['公寓', '月租', '新上', '随时看房']",[],22.499033,113.936124
https://sz.lianjia.com/zufang/SZ2272926799589810176.html,罗湖区,笋岗,祥福雅居 1室1厅 西,4200元/月 ,租赁方式未知,1室1厅1卫,43㎡,朝西,"['https://image1.ljcdn.com/440300-inspection/fe1bf093-7522-47fe-aa73-749f59520dbb.jpg.780x439.jpg', 'https://s1.ljcdn.com/matrix_lianjia_pc/dist/pc/src/resource/default/780-439.png?_v=201906280941017d9', 'https://s1.ljcdn.com/matrix_lianjia_pc/dist/pc/src/resource/default/780-439.png?_v=201906280941017d9', 'https://s1.ljcdn.com/matrix_lianjia_pc/dist/pc/src/resource/default/780-439.png?_v=201906280941017d9', 'https://s1.ljcdn.com/matrix_lianjia_pc/dist/pc/src/resource/default/780-439.png?_v=201906280941017d9', 'https://s1.ljcdn.com/matrix_lianjia_pc/dist/pc/src/resource/default/780-439.png?_v=201906280941017d9']",21天前,2019-07-05,暂无数据,暂无数据,低楼层/31层,有,暂无数据,民水,民电,有,暂无数据,"['近地铁', '随时看房']","['7号线 - 笋岗', '318m', '7号线,9号线 - 红岭北', '962m']",22.571812,114.118893
https://sz.lianjia.com/zufang/SZ2202175064294555648.html,龙岗区,大运新城,颐安都会中央一期 3室2厅 东/西,4400元/月 ,租赁方式未知,3室2厅1卫,89㎡,朝东 西,"['https://image1.ljcdn.com/440300-inspection/1bf0443a-d011-4135-bd5d-3bdfab70a112.png.780x439.jpg', 'https://s1.ljcdn.com/matrix_lianjia_pc/dist/pc/src/resource/default/780-439.png?_v=201906280941017d9', 'https://s1.ljcdn.com/matrix_lianjia_pc/dist/pc/src/resource/default/780-439.png?_v=201906280941017d9', 'https://s1.ljcdn.com/matrix_lianjia_pc/dist/pc/src/resource/default/780-439.png?_v=201906280941017d9', 'https://s1.ljcdn.com/matrix_lianjia_pc/dist/pc/src/resource/default/780-439.png?_v=201906280941017d9', 'https://s1.ljcdn.com/matrix_lianjia_pc/dist/pc/src/resource/default/780-439.png?_v=201906280941017d9', 'https://s1.ljcdn.com/matrix_lianjia_pc/dist/pc/src/resource/default/780-439.png?_v=201906280941017d9', 'https://s1.ljcdn.com/matrix_lianjia_pc/dist/pc/src/resource/default/780-439.png?_v=201906280941017d9', 'https://s1.ljcdn.com/matrix_lianjia_pc/dist/pc/src/resource/default/780-439.png?_v=201906280941017d9']",4个月前,随时入住,暂无数据,需提前预约,高楼层/31层,有,暂无数据,民水,民电,有,暂无数据,['近地铁'],"['3号线(龙岗线) - 大运', '834m']",22.693462,114.229357
https://sz.lianjia.com/zufang/SZ2279750791940284416.html,龙岗区,横岗,信义御城豪园 1室1厅 西/北,3500元/月 ,租赁方式未知,1室1厅1卫,49㎡,朝西 北,"['https://image1.ljcdn.com/440300-inspection/b2170bdd-d5e5-4641-92b1-853c7fae56e1.jpg.780x439.jpg', 'https://s1.ljcdn.com/matrix_lianjia_pc/dist/pc/src/resource/default/780-439.png?_v=201906280941017d9', 'https://s1.ljcdn.com/matrix_lianjia_pc/dist/pc/src/resource/default/780-439.png?_v=201906280941017d9', 'https://s1.ljcdn.com/matrix_lianjia_pc/dist/pc/src/resource/default/780-439.png?_v=201906280941017d9', 'https://s1.ljcdn.com/matrix_lianjia_pc/dist/pc/src/resource/default/780-439.png?_v=201906280941017d9', 'https://s1.ljcdn.com/matrix_lianjia_pc/dist/pc/src/resource/default/780-439.png?_v=201906280941017d9', 'https://s1.ljcdn.com/matrix_lianjia_pc/dist/pc/src/resource/default/780-439.png?_v=201906280941017d9', 'https://s1.ljcdn.com/matrix_lianjia_pc/dist/pc/src/resource/default/780-439.png?_v=201906280941017d9']",14天前,随时入住,暂无数据,需提前预约,高楼层/33层,有,暂无数据,商水,商电,有,暂无数据,"['近地铁', '随时看房']","['3号线(龙岗线) - 横岗', '228m', '3号线(龙岗线) - 永湖', '966m']",22.65636,114.219222
https://sz.lianjia.com/zufang/SZ2275246116012294144.html,罗湖区,东门,芳邻大厦 1室1厅 西,4500元/月 ,租赁方式未知,1室1厅1卫,31㎡,朝西,"['https://image1.ljcdn.com/440300-inspection/test-7616252f-97e3-4552-a6eb-8ba6ab07f97b.png.780x439.jpg', 'https://s1.ljcdn.com/matrix_lianjia_pc/dist/pc/src/resource/default/780-439.png?_v=201906280941017d9', 'https://s1.ljcdn.com/matrix_lianjia_pc/dist/pc/src/resource/default/780-439.png?_v=201906280941017d9', 'https://s1.ljcdn.com/matrix_lianjia_pc/dist/pc/src/resource/default/780-439.png?_v=201906280941017d9']",18天前,随时入住,暂无数据,需提前预约,高楼层/27层,有,暂无数据,民水,民电,有,暂无数据,['近地铁'],"['3号线(龙岗线) - 晒布', '561m', '1号线(罗宝线),3号线(龙岗线) - 老街', '1002m']",22.55981526024,114.12742357873
