房源地址,行政区,位置,标题,租金,租赁方式,户型,面积,朝向,图片列表,发布时间,入住时间,租期,看房时间,楼层,电梯,车位,用水,用电,燃气,采暖,标签,station,latitude,longtitude
https://sz.lianjia.com/apartment/10511.html,,,职业房东 · 九华公寓,"
职业房东 · 九华公寓

          1300元/月起

",,,,,"['https://image1.ljcdn.com/rent-user-avatar/4d4bdf60-47d6-413d-b264-e87ded4e0872.1150x.jpg', 'https://s1.ljcdn.com/matrix_lianjia_pc/dist/pc/src/resource/default/1150-450.png?_v=201906280941017d9', 'https://s1.ljcdn.com/matrix_lianjia_pc/dist/pc/src/resource/default/1150-450.png?_v=201906280941017d9']",,,,,,,,,,,,,[],22.591102,113.89563
https://sz.lianjia.com/apartment/2165.html,,,初心公寓 · 龙华中心店,"
初心公寓 · 龙华中心店

          1380元/月起

",,,,,"['https://image1.ljcdn.com/rent-user-avatar/2003cde4-57a2-47c3-b3d9-1133544489bf.1150x.jpg', 'https://s1.ljcdn.com/matrix_lianjia_pc/dist/pc/src/resource/default/1150-450.png?_v=201906280941017d9', 'https://s1.ljcdn.com/matrix_lianjia_pc/dist/pc/src/resource/default/1150-450.png?_v=201906280941017d9', 'https://s1.ljcdn.com/matrix_lianjia_pc/dist/pc/src/resource/default/1150-450.png?_v=201906280941017d9', 'https://s1.ljcdn.com/matrix_lianjia_pc/dist/pc/src/resource/default/1150-450.png?_v=201906280941017d9', 'https://s1.ljcdn.com/matrix_lianjia_pc/dist/pc/src/resource/default/1150-450.png?_v=201906280941017d9', 'https://s1.ljcdn.com/matrix_lianjia_pc/dist/pc/src/resource/default/1150-450.png?_v=201906280941017d9', 'https://s1.ljcdn.com/matrix_lianjia_pc/dist/pc/src/resource/default/1150-450.png?_v=201906280941017d9', 'https://s1.ljcdn.com/matrix_lianjia_pc/dist/pc/src/resource/default/1150-450.png?_v=201906280941017d9', 'https://s1.ljcdn.com/matrix_lianjia_pc/dist/pc/src/resource/default/1150-450.png?_v=201906280941017d9', 'https://s1.ljcdn.com/matrix_lianjia_pc/dist/pc/src/resource/default/1150-450.png?_v=201906280941017d9', 'https://s1.ljcdn.com/matrix_lianjia_pc/dist/pc/src/resource/default/1150-450.png?_v=201906280941017d9', 'https://s1.ljcdn.com/matrix_lianjia_pc/dist/pc/src/resource/default/1150-450.png?_v=201906280941017d9', 'https://s1.ljcdn.com/matrix_lianjia_pc/dist/pc/src/resource/default/1150-450.png?_v=201906280941017d9']",,,,,,,,,,,,,[],22.655426,114.030807
https://sz.lianjia.com/apartment/2534.html,,,臻爱家公寓 · 固戍店,"
臻爱家公寓 · 固戍店

          1980元/月起

",,,,,"['https://image1.ljcdn.com/rent-user-avatar/a78626fc-7b5e-41f5-80ca-00db4598f47a.1150x.jpg', 'https://s1.ljcdn.com/matrix_lianjia_pc/dist/pc/src/resource/default/1150-450.png?_v=201906280941017d9', 'https://s1.ljcdn.com/matrix_lianjia_pc/dist/pc/src/resource/default/1150-450.png?_v=201906280941017d9', 'https://s1.ljcdn.com/matrix_lianjia_pc/dist/pc/src/resource/default/1150-450.png?_v=201906280941017d9']",,,,,,,,,,,,,[],22.602062,113.854349
https://sz.lianjia.com/apartment/6441.html,,,深圳易居公寓 · 深圳易居公寓,"
深圳易居公寓 · 深圳易居公寓

          1800元/月起

",,,,,"['https://image1.ljcdn.com/rent-user-avatar/5eb51afd-cc53-4b06-92f8-f600a7abee41.1150x.jpg', 'https://s1.ljcdn.com/matrix_lianjia_pc/dist/pc/src/resource/default/1150-450.png?_v=201906280941017d9', 'https://s1.ljcdn.com/matrix_lianjia_pc/dist/pc/src/resource/default/1150-450.png?_v=201906280941017d9', 'https://s1.ljcdn.com/matrix_lianjia_pc/dist/pc/src/resource/default/1150-450.png?_v=201906280941017d9', 'https://s1.ljcdn.com/matrix_lianjia_pc/dist/pc/src/resource/default/1150-450.png?_v=201906280941017d9', 'https://s1.ljcdn.com/matrix_lianjia_pc/dist/pc/src/resource/default/1150-450.png?_v=201906280941017d9', 'https://s1.ljcdn.com/matrix_lianjia_pc/dist/pc/src/resource/default/1150-450.png?_v=201906280941017d9']",,,,,,,,,,,,,[],22.626968,114.049601
https://sz.lianjia.com/apartment/16772.html,,,职业房东 · 梦上公寓宝雅幼儿园店,"
职业房东 · 梦上公寓宝雅幼儿园店

          990元/月起

",,,,,['https://image1.ljcdn.com/rent-user-avatar/d72be9f5-436f-4507-aa2e-4ed4db08c593.1150x.jpg'],,,,,,,,,,,,,[],22.642249,114.071673
https://sz.lianjia.com/apartment/18843.html,,,城果公寓 · 龙岗店79,"
城果公寓 · 龙岗店79

          1500元/月起

",,,,,"['https://image1.ljcdn.com/rent-user-avatar/a8d0a6eb-d47b-4713-9988-4a84cc817bf5.1150x.jpg', 'https://s1.ljcdn.com/matrix_lianjia_pc/dist/pc/src/resource/default/1150-450.png?_v=201906280941017d9', 'https://s1.ljcdn.com/matrix_lianjia_pc/dist/pc/src/resource/default/1150-450.png?_v=201906280941017d9', 'https://s1.ljcdn.com/matrix_lianjia_pc/dist/pc/src/resource/default/1150-450.png?_v=201906280941017d9', 'https://s1.ljcdn.com/matrix_lianjia_pc/dist/pc/src/resource/default/1150-450.png?_v=201906280941017d9', 'https://s1.ljcdn.com/matrix_lianjia_pc/dist/pc/src/resource/default/1150-450.png?_v=201906280941017d9', 'https://s1.ljcdn.com/matrix_lianjia_pc/dist/pc/src/resource/default/1150-450.png?_v=201906280941017d9']",,,,,,,,,,,,,[],22.730571,114.225862
https://sz.lianjia.com/apartment/15112.html,,,职业房东 · 横岗店,"
职业房东 · 横岗店

          1600元/月起

",,,,,"['https://image1.ljcdn.com/rent-user-avatar/2303e545-d1c1-415f-b9e7-0b633298180f.1150x.jpg', 'https://s1.ljcdn.com/matrix_lianjia_pc/dist/pc/src/resource/default/1150-450.png?_v=201906280941017d9', 'https://s1.ljcdn.com/matrix_lianjia_pc/dist/pc/src/resource/default/1150-450.png?_v=201906280941017d9']",,,,,,,,,,,,,[],22.65305,114.2177
https://sz.lianjia.com/apartment/14010.html,,,职业房东 · 栖居国际公寓,"
职业房东 · 栖居国际公寓

          1500元/月起

",,,,,"['https://image1.ljcdn.com/rent-user-avatar/86cc7a91-3b2f-476a-bd56-a35c067226dd.1150x.jpg', 'https://s1.ljcdn.com/matrix_lianjia_pc/dist/pc/src/resource/default/1150-450.png?_v=201906280941017d9', 'https://s1.ljcdn.com/matrix_lianjia_pc/dist/pc/src/resource/default/1150-450.png?_v=201906280941017d9', 'https://s1.ljcdn.com/matrix_lianjia_pc/dist/pc/src/resource/default/1150-450.png?_v=201906280941017d9', 'https://s1.ljcdn.com/matrix_lianjia_pc/dist/pc/src/resource/default/1150-450.png?_v=201906280941017d9', 'https://s1.ljcdn.com/matrix_lianjia_pc/dist/pc/src/resource/default/1150-450.png?_v=201906280941017d9', 'https://s1.ljcdn.com/matrix_lianjia_pc/dist/pc/src/resource/default/1150-450.png?_v=201906280941017d9']",,,,,,,,,,,,,[],22.695797,113.820556
https://sz.lianjia.com/apartment/12038.html,,,美雅 · 福永白石夏店,"
美雅 · 福永白石夏店

          1500元/月起

",,,,,['https://image1.ljcdn.com/rent-user-avatar/0fc09d71-ebd5-49c2-b5d4-e15a2d5e9c51.1150x.jpg'],,,,,,,,,,,,,[],22.681462,113.839332
https://sz.lianjia.com/apartment/16640.html,,,职业房东 · 壹宸公寓 坂田五和光雅园店,"
职业房东 · 壹宸公寓 坂田五和光雅园店

          1380元/月起

",,,,,['https://image1.ljcdn.com/rent-user-avatar/5eda33e2-9957-4d8b-a6cc-4d9feb63118b.1150x.jpg'],,,,,,,,,,,,,[],22.624151,114.06931
https://sz.lianjia.com/apartment/17320.html,,,职业房东 · 民治店,"
职业房东 · 民治店

          1680元/月起

",,,,,"['https://image1.ljcdn.com/rent-user-avatar/4b71f2cd-c843-432e-b3bb-486178234286.1150x.jpg', 'https://s1.ljcdn.com/matrix_lianjia_pc/dist/pc/src/resource/default/1150-450.png?_v=201906280941017d9']",,,,,,,,,,,,,[],22.62441,114.047257
https://sz.lianjia.com/apartment/16321.html,,,西柚小镇 · 东边一店,"
西柚小镇 · 东边一店

          1860元/月起

",,,,,['https://image1.ljcdn.com/rent-user-avatar/c994dcd6-49e9-4ce8-8e54-c2a26216d605.1150x.jpg'],,,,,,,,,,,,,[],22.625241,114.045497
https://sz.lianjia.com/apartment/16640.html,,,职业房东 · 壹宸公寓 坂田五和光雅园店,"
职业房东 · 壹宸公寓 坂田五和光雅园店

          1380元/月起

",,,,,['https://image1.ljcdn.com/rent-user-avatar/5eda33e2-9957-4d8b-a6cc-4d9feb63118b.1150x.jpg'],,,,,,,,,,,,,[],22.624151,114.06931
https://sz.lianjia.com/apartment/2292.html,,,初心公寓 · 智加店,"
初心公寓 · 智加店

          1800元/月起

",,,,,"['https://image1.ljcdn.com/rent-user-avatar/56bd5528-e944-4ef2-aaa9-f3753ef95e00.1150x.jpg', 'https://s1.ljcdn.com/matrix_lianjia_pc/dist/pc/src/resource/default/1150-450.png?_v=201906280941017d9', 'https://s1.ljcdn.com/matrix_lianjia_pc/dist/pc/src/resource/default/1150-450.png?_v=201906280941017d9', 'https://s1.ljcdn.com/matrix_lianjia_pc/dist/pc/src/resource/default/1150-450.png?_v=201906280941017d9']",,,,,,,,,,,,,[],22.650627,114.027713
https://sz.lianjia.com/apartment/2165.html,,,初心公寓 · 龙华中心店,"
初心公寓 · 龙华中心店

          1380元/月起

",,,,,"['https://image1.ljcdn.com/rent-user-avatar/2003cde4-57a2-47c3-b3d9-1133544489bf.1150x.jpg', 'https://s1.ljcdn.com/matrix_lianjia_pc/dist/pc/src/resource/default/1150-450.png?_v=201906280941017d9', 'https://s1.ljcdn.com/matrix_lianjia_pc/dist/pc/src/resource/default/1150-450.png?_v=201906280941017d9', 'https://s1.ljcdn.com/matrix_lianjia_pc/dist/pc/src/resource/default/1150-450.png?_v=201906280941017d9', 'https://s1.ljcdn.com/matrix_lianjia_pc/dist/pc/src/resource/default/1150-450.png?_v=201906280941017d9', 'https://s1.ljcdn.com/matrix_lianjia_pc/dist/pc/src/resource/default/1150-450.png?_v=201906280941017d9', 'https://s1.ljcdn.com/matrix_lianjia_pc/dist/pc/src/resource/default/1150-450.png?_v=201906280941017d9', 'https://s1.ljcdn.com/matrix_lianjia_pc/dist/pc/src/resource/default/1150-450.png?_v=201906280941017d9', 'https://s1.ljcdn.com/matrix_lianjia_pc/dist/pc/src/resource/default/1150-450.png?_v=201906280941017d9', 'https://s1.ljcdn.com/matrix_lianjia_pc/dist/pc/src/resource/default/1150-450.png?_v=201906280941017d9', 'https://s1.ljcdn.com/matrix_lianjia_pc/dist/pc/src/resource/default/1150-450.png?_v=201906280941017d9', 'https://s1.ljcdn.com/matrix_lianjia_pc/dist/pc/src/resource/default/1150-450.png?_v=201906280941017d9', 'https://s1.ljcdn.com/matrix_lianjia_pc/dist/pc/src/resource/default/1150-450.png?_v=201906280941017d9', 'https://s1.ljcdn.com/matrix_lianjia_pc/dist/pc/src/resource/default/1150-450.png?_v=201906280941017d9']",,,,,,,,,,,,,[],22.655426,114.030807
https://sz.lianjia.com/apartment/18105.html,,,职业房东 · 杨美店,"
职业房东 · 杨美店

          1480元/月起

",,,,,"['https://image1.ljcdn.com/rent-user-avatar/c6e48d83-b62a-4ea1-bc77-9dd48e456b7c.1150x.jpg', 'https://s1.ljcdn.com/matrix_lianjia_pc/dist/pc/src/resource/default/1150-450.png?_v=201906280941017d9']",,,,,,,,,,,,,[],22.633778,114.085981
https://sz.lianjia.com/apartment/17238.html,,,朗诗寓 · 观澜汽车城店,"
朗诗寓 · 观澜汽车城店

          1350元/月起

",,,,,"['https://image1.ljcdn.com/rent-user-avatar/d80e5340-9df4-44fe-9d0c-446f30986a29.1150x.jpg', 'https://s1.ljcdn.com/matrix_lianjia_pc/dist/pc/src/resource/default/1150-450.png?_v=201906280941017d9', 'https://s1.ljcdn.com/matrix_lianjia_pc/dist/pc/src/resource/default/1150-450.png?_v=201906280941017d9', 'https://s1.ljcdn.com/matrix_lianjia_pc/dist/pc/src/resource/default/1150-450.png?_v=201906280941017d9', 'https://s1.ljcdn.com/matrix_lianjia_pc/dist/pc/src/resource/default/1150-450.png?_v=201906280941017d9', 'https://s1.ljcdn.com/matrix_lianjia_pc/dist/pc/src/resource/default/1150-450.png?_v=201906280941017d9', 'https://s1.ljcdn.com/matrix_lianjia_pc/dist/pc/src/resource/default/1150-450.png?_v=201906280941017d9', 'https://s1.ljcdn.com/matrix_lianjia_pc/dist/pc/src/resource/default/1150-450.png?_v=201906280941017d9', 'https://s1.ljcdn.com/matrix_lianjia_pc/dist/pc/src/resource/default/1150-450.png?_v=201906280941017d9', 'https://s1.ljcdn.com/matrix_lianjia_pc/dist/pc/src/resource/default/1150-450.png?_v=201906280941017d9', 'https://s1.ljcdn.com/matrix_lianjia_pc/dist/pc/src/resource/default/1150-450.png?_v=201906280941017d9']",,,,,,,,,,,,,[],22.727844,114.041716
https://sz.lianjia.com/apartment/6441.html,,,深圳易居公寓 · 深圳易居公寓,"
深圳易居公寓 · 深圳易居公寓

          1800元/月起

",,,,,"['https://image1.ljcdn.com/rent-user-avatar/5eb51afd-cc53-4b06-92f8-f600a7abee41.1150x.jpg', 'https://s1.ljcdn.com/matrix_lianjia_pc/dist/pc/src/resource/default/1150-450.png?_v=201906280941017d9', 'https://s1.ljcdn.com/matrix_lianjia_pc/dist/pc/src/resource/default/1150-450.png?_v=201906280941017d9', 'https://s1.ljcdn.com/matrix_lianjia_pc/dist/pc/src/resource/default/1150-450.png?_v=201906280941017d9', 'https://s1.ljcdn.com/matrix_lianjia_pc/dist/pc/src/resource/default/1150-450.png?_v=201906280941017d9', 'https://s1.ljcdn.com/matrix_lianjia_pc/dist/pc/src/resource/default/1150-450.png?_v=201906280941017d9', 'https://s1.ljcdn.com/matrix_lianjia_pc/dist/pc/src/resource/default/1150-450.png?_v=201906280941017d9']",,,,,,,,,,,,,[],22.626968,114.049601
https://sz.lianjia.com/apartment/16640.html,,,职业房东 · 壹宸公寓 坂田五和光雅园店,"
职业房东 · 壹宸公寓 坂田五和光雅园店

          1380元/月起

",,,,,['https://image1.ljcdn.com/rent-user-avatar/5eda33e2-9957-4d8b-a6cc-4d9feb63118b.1150x.jpg'],,,,,,,,,,,,,[],22.624151,114.06931
https://sz.lianjia.com/apartment/4098.html,,,遇见公寓 · 油松店,"
遇见公寓 · 油松店

          1380元/月起

",,,,,"['https://image1.ljcdn.com/rent-user-avatar/ad2d3d9d-e813-4a2e-8fa9-336140c569c8.1150x.jpg', 'https://s1.ljcdn.com/matrix_lianjia_pc/dist/pc/src/resource/default/1150-450.png?_v=201906280941017d9', 'https://s1.ljcdn.com/matrix_lianjia_pc/dist/pc/src/resource/default/1150-450.png?_v=201906280941017d9', 'https://s1.ljcdn.com/matrix_lianjia_pc/dist/pc/src/resource/default/1150-450.png?_v=201906280941017d9']",,,,,,,,,,,,,[],22.651713,114.046051
https://sz.lianjia.com/apartment/2165.html,,,初心公寓 · 龙华中心店,"
初心公寓 · 龙华中心店

          1380元/月起

",,,,,"['https://image1.ljcdn.com/rent-user-avatar/2003cde4-57a2-47c3-b3d9-1133544489bf.1150x.jpg', 'https://s1.ljcdn.com/matrix_lianjia_pc/dist/pc/src/resource/default/1150-450.png?_v=201906280941017d9', 'https://s1.ljcdn.com/matrix_lianjia_pc/dist/pc/src/resource/default/1150-450.png?_v=201906280941017d9', 'https://s1.ljcdn.com/matrix_lianjia_pc/dist/pc/src/resource/default/1150-450.png?_v=201906280941017d9', 'https://s1.ljcdn.com/matrix_lianjia_pc/dist/pc/src/resource/default/1150-450.png?_v=201906280941017d9', 'https://s1.ljcdn.com/matrix_lianjia_pc/dist/pc/src/resource/default/1150-450.png?_v=201906280941017d9', 'https://s1.ljcdn.com/matrix_lianjia_pc/dist/pc/src/resource/default/1150-450.png?_v=201906280941017d9', 'https://s1.ljcdn.com/matrix_lianjia_pc/dist/pc/src/resource/default/1150-450.png?_v=201906280941017d9', 'https://s1.ljcdn.com/matrix_lianjia_pc/dist/pc/src/resource/default/1150-450.png?_v=201906280941017d9', 'https://s1.ljcdn.com/matrix_lianjia_pc/dist/pc/src/resource/default/1150-450.png?_v=201906280941017d9', 'https://s1.ljcdn.com/matrix_lianjia_pc/dist/pc/src/resource/default/1150-450.png?_v=201906280941017d9', 'https://s1.ljcdn.com/matrix_lianjia_pc/dist/pc/src/resource/default/1150-450.png?_v=201906280941017d9', 'https://s1.ljcdn.com/matrix_lianjia_pc/dist/pc/src/resource/default/1150-450.png?_v=201906280941017d9', 'https://s1.ljcdn.com/matrix_lianjia_pc/dist/pc/src/resource/default/1150-450.png?_v=201906280941017d9']",,,,,,,,,,,,,[],22.655426,114.030807
https://sz.lianjia.com/apartment/2165.html,,,初心公寓 · 龙华中心店,"
初心公寓 · 龙华中心店

          1380元/月起

",,,,,"['https://image1.ljcdn.com/rent-user-avatar/2003cde4-57a2-47c3-b3d9-1133544489bf.1150x.jpg', 'https://s1.ljcdn.com/matrix_lianjia_pc/dist/pc/src/resource/default/1150-450.png?_v=201906280941017d9', 'https://s1.ljcdn.com/matrix_lianjia_pc/dist/pc/src/resource/default/1150-450.png?_v=201906280941017d9', 'https://s1.ljcdn.com/matrix_lianjia_pc/dist/pc/src/resource/default/1150-450.png?_v=201906280941017d9', 'https://s1.ljcdn.com/matrix_lianjia_pc/dist/pc/src/resource/default/1150-450.png?_v=201906280941017d9', 'https://s1.ljcdn.com/matrix_lianjia_pc/dist/pc/src/resource/default/1150-450.png?_v=201906280941017d9', 'https://s1.ljcdn.com/matrix_lianjia_pc/dist/pc/src/resource/default/1150-450.png?_v=201906280941017d9', 'https://s1.ljcdn.com/matrix_lianjia_pc/dist/pc/src/resource/default/1150-450.png?_v=201906280941017d9', 'https://s1.ljcdn.com/matrix_lianjia_pc/dist/pc/src/resource/default/1150-450.png?_v=201906280941017d9', 'https://s1.ljcdn.com/matrix_lianjia_pc/dist/pc/src/resource/default/1150-450.png?_v=201906280941017d9', 'https://s1.ljcdn.com/matrix_lianjia_pc/dist/pc/src/resource/default/1150-450.png?_v=201906280941017d9', 'https://s1.ljcdn.com/matrix_lianjia_pc/dist/pc/src/resource/default/1150-450.png?_v=201906280941017d9', 'https://s1.ljcdn.com/matrix_lianjia_pc/dist/pc/src/resource/default/1150-450.png?_v=201906280941017d9', 'https://s1.ljcdn.com/matrix_lianjia_pc/dist/pc/src/resource/default/1150-450.png?_v=201906280941017d9']",,,,,,,,,,,,,[],22.655426,114.030807
https://sz.lianjia.com/apartment/15955.html,,,汇家公寓 · 深圳北站万众城店,"
汇家公寓 · 深圳北站万众城店

          1800元/月起

",,,,,"['https://image1.ljcdn.com/rent-user-avatar/17d2c913-daaf-40d9-950a-beadb1fad73f.1150x.jpg', 'https://s1.ljcdn.com/matrix_lianjia_pc/dist/pc/src/resource/default/1150-450.png?_v=201906280941017d9']",,,,,,,,,,,,,[],22.635297,114.043745
https://sz.lianjia.com/apartment/2292.html,,,初心公寓 · 智加店,"
初心公寓 · 智加店

          1800元/月起

",,,,,"['https://image1.ljcdn.com/rent-user-avatar/56bd5528-e944-4ef2-aaa9-f3753ef95e00.1150x.jpg', 'https://s1.ljcdn.com/matrix_lianjia_pc/dist/pc/src/resource/default/1150-450.png?_v=201906280941017d9', 'https://s1.ljcdn.com/matrix_lianjia_pc/dist/pc/src/resource/default/1150-450.png?_v=201906280941017d9', 'https://s1.ljcdn.com/matrix_lianjia_pc/dist/pc/src/resource/default/1150-450.png?_v=201906280941017d9']",,,,,,,,,,,,,[],22.650627,114.027713
https://sz.lianjia.com/apartment/2040.html,,,ID青年公寓 · 固戍店,"
ID青年公寓 · 固戍店

          1430元/月起

",,,,,"['https://image1.ljcdn.com/rent-user-avatar/1f6fbdf5-5532-41ad-abe1-398033880917.1150x.jpg', 'https://s1.ljcdn.com/matrix_lianjia_pc/dist/pc/src/resource/default/1150-450.png?_v=201906280941017d9', 'https://s1.ljcdn.com/matrix_lianjia_pc/dist/pc/src/resource/default/1150-450.png?_v=201906280941017d9', 'https://s1.ljcdn.com/matrix_lianjia_pc/dist/pc/src/resource/default/1150-450.png?_v=201906280941017d9', 'https://s1.ljcdn.com/matrix_lianjia_pc/dist/pc/src/resource/default/1150-450.png?_v=201906280941017d9', 'https://s1.ljcdn.com/matrix_lianjia_pc/dist/pc/src/resource/default/1150-450.png?_v=201906280941017d9', 'https://s1.ljcdn.com/matrix_lianjia_pc/dist/pc/src/resource/default/1150-450.png?_v=201906280941017d9', 'https://s1.ljcdn.com/matrix_lianjia_pc/dist/pc/src/resource/default/1150-450.png?_v=201906280941017d9', 'https://s1.ljcdn.com/matrix_lianjia_pc/dist/pc/src/resource/default/1150-450.png?_v=201906280941017d9', 'https://s1.ljcdn.com/matrix_lianjia_pc/dist/pc/src/resource/default/1150-450.png?_v=201906280941017d9', 'https://s1.ljcdn.com/matrix_lianjia_pc/dist/pc/src/resource/default/1150-450.png?_v=201906280941017d9', 'https://s1.ljcdn.com/matrix_lianjia_pc/dist/pc/src/resource/default/1150-450.png?_v=201906280941017d9']",,,,,,,,,,,,,[],22.608759,113.859322
https://sz.lianjia.com/apartment/13781.html,,,皓海酒店公寓-青松斋 · 青松斋,"
皓海酒店公寓-青松斋 · 青松斋

          1780元/月起

",,,,,['https://image1.ljcdn.com/rent-user-avatar/6526552a-2d4f-45f5-bf0f-1037724cab15.1150x.jpg'],,,,,,,,,,,,,[],22.580523,113.905874
https://sz.lianjia.com/apartment/16640.html,,,职业房东 · 壹宸公寓 坂田五和光雅园店,"
职业房东 · 壹宸公寓 坂田五和光雅园店

          1380元/月起

",,,,,['https://image1.ljcdn.com/rent-user-avatar/5eda33e2-9957-4d8b-a6cc-4d9feb63118b.1150x.jpg'],,,,,,,,,,,,,[],22.624151,114.06931
https://sz.lianjia.com/apartment/14010.html,,,职业房东 · 栖居国际公寓,"
职业房东 · 栖居国际公寓

          1500元/月起

",,,,,"['https://image1.ljcdn.com/rent-user-avatar/86cc7a91-3b2f-476a-bd56-a35c067226dd.1150x.jpg', 'https://s1.ljcdn.com/matrix_lianjia_pc/dist/pc/src/resource/default/1150-450.png?_v=201906280941017d9', 'https://s1.ljcdn.com/matrix_lianjia_pc/dist/pc/src/resource/default/1150-450.png?_v=201906280941017d9', 'https://s1.ljcdn.com/matrix_lianjia_pc/dist/pc/src/resource/default/1150-450.png?_v=201906280941017d9', 'https://s1.ljcdn.com/matrix_lianjia_pc/dist/pc/src/resource/default/1150-450.png?_v=201906280941017d9', 'https://s1.ljcdn.com/matrix_lianjia_pc/dist/pc/src/resource/default/1150-450.png?_v=201906280941017d9', 'https://s1.ljcdn.com/matrix_lianjia_pc/dist/pc/src/resource/default/1150-450.png?_v=201906280941017d9']",,,,,,,,,,,,,[],22.695797,113.820556
https://sz.lianjia.com/apartment/6667.html,,,万科泊寓 · 宝安福永二店,"
万科泊寓 · 宝安福永二店

          1520元/月起

",,,,,"['https://image1.ljcdn.com/rent-user-avatar/826ce380-5e75-49bb-b45e-1d612e6517c2.1150x.jpg', 'https://s1.ljcdn.com/matrix_lianjia_pc/dist/pc/src/resource/default/1150-450.png?_v=201906280941017d9', 'https://s1.ljcdn.com/matrix_lianjia_pc/dist/pc/src/resource/default/1150-450.png?_v=201906280941017d9', 'https://s1.ljcdn.com/matrix_lianjia_pc/dist/pc/src/resource/default/1150-450.png?_v=201906280941017d9', 'https://s1.ljcdn.com/matrix_lianjia_pc/dist/pc/src/resource/default/1150-450.png?_v=201906280941017d9']",,,,,,,,,,,,,[],22.68227,113.813502
https://sz.lianjia.com/apartment/2292.html,,,初心公寓 · 智加店,"
初心公寓 · 智加店

          1800元/月起

",,,,,"['https://image1.ljcdn.com/rent-user-avatar/56bd5528-e944-4ef2-aaa9-f3753ef95e00.1150x.jpg', 'https://s1.ljcdn.com/matrix_lianjia_pc/dist/pc/src/resource/default/1150-450.png?_v=201906280941017d9', 'https://s1.ljcdn.com/matrix_lianjia_pc/dist/pc/src/resource/default/1150-450.png?_v=201906280941017d9', 'https://s1.ljcdn.com/matrix_lianjia_pc/dist/pc/src/resource/default/1150-450.png?_v=201906280941017d9']",,,,,,,,,,,,,[],22.650627,114.027713
