房源地址,行政区,位置,标题,租金,租赁方式,户型,面积,朝向,图片列表,发布时间,入住时间,租期,看房时间,楼层,电梯,车位,用水,用电,燃气,采暖,标签,station,latitude,longtitude
https://sz.lianjia.com/apartment/9794.html,,,集悦城@红花岭 · 16栋,"
集悦城@红花岭 · 16栋

          2520元/月起

",,,,,"['https://image1.ljcdn.com/rent-user-avatar/fcaf47cd-60e6-42d3-afe2-1e44a6dfe2fd.1150x.jpg', 'https://s1.ljcdn.com/matrix_lianjia_pc/dist/pc/src/resource/default/1150-450.png?_v=201906280941017d9', 'https://s1.ljcdn.com/matrix_lianjia_pc/dist/pc/src/resource/default/1150-450.png?_v=201906280941017d9', 'https://s1.ljcdn.com/matrix_lianjia_pc/dist/pc/src/resource/default/1150-450.png?_v=201906280941017d9', 'https://s1.ljcdn.com/matrix_lianjia_pc/dist/pc/src/resource/default/1150-450.png?_v=201906280941017d9', 'https://s1.ljcdn.com/matrix_lianjia_pc/dist/pc/src/resource/default/1150-450.png?_v=201906280941017d9', 'https://s1.ljcdn.com/matrix_lianjia_pc/dist/pc/src/resource/default/1150-450.png?_v=201906280941017d9', 'https://s1.ljcdn.com/matrix_lianjia_pc/dist/pc/src/resource/default/1150-450.png?_v=201906280941017d9', 'https://s1.ljcdn.com/matrix_lianjia_pc/dist/pc/src/resource/default/1150-450.png?_v=201906280941017d9', 'https://s1.ljcdn.com/matrix_lianjia_pc/dist/pc/src/resource/default/1150-450.png?_v=201906280941017d9', 'https://s1.ljcdn.com/matrix_lianjia_pc/dist/pc/src/resource/default/1150-450.png?_v=201906280941017d9', 'https://s1.ljcdn.com/matrix_lianjia_pc/dist/pc/src/resource/default/1150-450.png?_v=201906280941017d9', 'https://s1.ljcdn.com/matrix_lianjia_pc/dist/pc/src/resource/default/1150-450.png?_v=201906280941017d9', 'https://s1.ljcdn.com/matrix_lianjia_pc/dist/pc/src/resource/default/1150-450.png?_v=201906280941017d9', 'https://s1.ljcdn.com/matrix_lianjia_pc/dist/pc/src/resource/default/1150-450.png?_v=201906280941017d9', 'https://s1.ljcdn.com/matrix_lianjia_pc/dist/pc/src/resource/default/1150-450.png?_v=201906280941017d9', 'https://s1.ljcdn.com/matrix_lianjia_pc/dist/pc/src/resource/default/1150-450.png?_v=201906280941017d9', 'https://s1.ljcdn.com/matrix_lianjia_pc/dist/pc/src/resource/default/1150-450.png?_v=201906280941017d9']",,,,,,,,,,,,,[],22.58297,113.975133
https://sz.lianjia.com/apartment/2575.html,,,玖寓 · 流塘店,"
玖寓 · 流塘店

          1480元/月起

",,,,,"['https://image1.ljcdn.com/rent-user-avatar/7598512b-3fe7-4d64-9998-4811625fbf1e.1150x.jpg', 'https://s1.ljcdn.com/matrix_lianjia_pc/dist/pc/src/resource/default/1150-450.png?_v=201906280941017d9', 'https://s1.ljcdn.com/matrix_lianjia_pc/dist/pc/src/resource/default/1150-450.png?_v=201906280941017d9', 'https://s1.ljcdn.com/matrix_lianjia_pc/dist/pc/src/resource/default/1150-450.png?_v=201906280941017d9', 'https://s1.ljcdn.com/matrix_lianjia_pc/dist/pc/src/resource/default/1150-450.png?_v=201906280941017d9', 'https://s1.ljcdn.com/matrix_lianjia_pc/dist/pc/src/resource/default/1150-450.png?_v=201906280941017d9', 'https://s1.ljcdn.com/matrix_lianjia_pc/dist/pc/src/resource/default/1150-450.png?_v=201906280941017d9', 'https://s1.ljcdn.com/matrix_lianjia_pc/dist/pc/src/resource/default/1150-450.png?_v=201906280941017d9', 'https://s1.ljcdn.com/matrix_lianjia_pc/dist/pc/src/resource/default/1150-450.png?_v=201906280941017d9']",,,,,,,,,,,,,[],22.591072,113.895184
https://sz.lianjia.com/zufang/SZ2196892571937284096.html,福田区,香梅北,合租·赛格景苑 4居室 东卧,2190元/月 (季付价),合租,4室1厅2卫,11㎡,朝东,"['https://image1.ljcdn.com/rent-house-1/636f69b83827f24f7723a443c68fdbb3-1561569025536/ae12c4eacc3a9287b37794301c0a0542.jpg.780x439.jpg', 'https://s1.ljcdn.com/matrix_lianjia_pc/dist/pc/src/resource/default/780-439.png?_v=201906280941017d9', 'https://s1.ljcdn.com/matrix_lianjia_pc/dist/pc/src/resource/default/780-439.png?_v=201906280941017d9', 'https://s1.ljcdn.com/matrix_lianjia_pc/dist/pc/src/resource/default/780-439.png?_v=201906280941017d9', 'https://s1.ljcdn.com/matrix_lianjia_pc/dist/pc/src/resource/default/780-439.png?_v=201906280941017d9', 'https://s1.ljcdn.com/matrix_lianjia_pc/dist/pc/src/resource/default/780-439.png?_v=201906280941017d9', 'https://s1.ljcdn.com/matrix_lianjia_pc/dist/pc/src/resource/default/780-439.png?_v=201906280941017d9', 'https://s1.ljcdn.com/matrix_lianjia_pc/dist/pc/src/resource/default/780-439.png?_v=201906280941017d9', 'https://s1.ljcdn.com/matrix_lianjia_pc/dist/pc/src/resource/default/780-439.png?_v=201906280941017d9', 'https://s1.ljcdn.com/matrix_lianjia_pc/dist/pc/src/resource/default/780-439.png?_v=201906280941017d9', 'https://s1.ljcdn.com/matrix_lianjia_pc/dist/pc/src/resource/default/780-439.png?_v=201906280941017d9']",4个月前,随时入住,3~12个月,随时可看,16/25层,暂无数据,暂无数据,暂无数据,暂无数据,暂无数据,暂无数据,"['公寓', '月租', '近地铁', '随时看房']","['2号线(蛇口线) - 香梅北', '443m', '2号线(蛇口线),9号线 - 景田', '627m', '9号线 - 梅景', '686m', '9号线 - 香梅', '1122m']",22.560171355285,114.04408408506
https://sz.lianjia.com/zufang/SZ2288846522123042816.html,龙岗区,坂田,整租·五和大道39号 1室1厅 东/东南/南/西南/西,2400元/月 (月付价),整租,1室1厅1卫,30㎡,朝东 东南 南 西南 西,"['https://image1.ljcdn.com/rent-user-avatar/1cf3987f-0a5c-418d-b396-074dbe1f9c29.780x439.jpg', 'https://s1.ljcdn.com/matrix_lianjia_pc/dist/pc/src/resource/default/780-439.png?_v=201906280941017d9', 'https://s1.ljcdn.com/matrix_lianjia_pc/dist/pc/src/resource/default/780-439.png?_v=201906280941017d9', 'https://s1.ljcdn.com/matrix_lianjia_pc/dist/pc/src/resource/default/780-439.png?_v=201906280941017d9']",1天前,随时入住,1年,随时可看,6/7层,暂无数据,暂无数据,暂无数据,暂无数据,暂无数据,暂无数据,"['公寓', '新上', '随时看房']",[],22.614785908652,114.06639800718
https://sz.lianjia.com/zufang/SZ2289088800926220288.html,福田区,皇岗,整租·伟柏花园 1室0厅 东,2200元/月 (月付价),整租,1室0厅1卫,18㎡,朝 东,"['https://image1.ljcdn.com/rent-user-avatar/7d90059d-6de5-452d-83b5-07c55ce3d34f.780x439.jpg', 'https://s1.ljcdn.com/matrix_lianjia_pc/dist/pc/src/resource/default/780-439.png?_v=201906280941017d9', 'https://s1.ljcdn.com/matrix_lianjia_pc/dist/pc/src/resource/default/780-439.png?_v=201906280941017d9', 'https://s1.ljcdn.com/matrix_lianjia_pc/dist/pc/src/resource/default/780-439.png?_v=201906280941017d9']",今天,随时入住,1年,随时可看,14/20层,有,暂无数据,民水,民电,有,暂无数据,"['近地铁', '精装', '新上', '随时看房']","['4号线(龙华线),7号线 - 福民', '848m', '1号线(罗宝线) - 岗厦', '1121m', '1号线(罗宝线),4号线(龙华线) - 会展中心', '1122m']",22.534022,114.073257
https://sz.lianjia.com/zufang/SZ2289132075406082048.html,福田区,香梅北,合租·万科城市花园 5居室 东卧,2280元/月 (月付价),合租,5室1厅2卫,13㎡,朝东,"['https://image1.ljcdn.com/rent-user-avatar/6a79a36e-133f-4672-bb97-acc075a31f41.780x439.jpg', 'https://s1.ljcdn.com/matrix_lianjia_pc/dist/pc/src/resource/default/780-439.png?_v=201906280941017d9', 'https://s1.ljcdn.com/matrix_lianjia_pc/dist/pc/src/resource/default/780-439.png?_v=201906280941017d9', 'https://s1.ljcdn.com/matrix_lianjia_pc/dist/pc/src/resource/default/780-439.png?_v=201906280941017d9', 'https://s1.ljcdn.com/matrix_lianjia_pc/dist/pc/src/resource/default/780-439.png?_v=201906280941017d9', 'https://s1.ljcdn.com/matrix_lianjia_pc/dist/pc/src/resource/default/780-439.png?_v=201906280941017d9']",今天,随时入住,1年,需提前预约,5/6层,无,暂无数据,民水,民电,有,暂无数据,"['公寓', '近地铁', '精装', '新上']","['2号线(蛇口线) - 香梅北', '544m', '9号线 - 梅景', '799m']",22.562846352348,114.03843452158
https://sz.lianjia.com/apartment/19338.html,,,深圳蜗牛公寓 · 福永二店,"
深圳蜗牛公寓 · 福永二店

          2100元/月起

",,,,,"['https://image1.ljcdn.com/rent-user-avatar/7b133707-86a5-4a48-9957-c26cc7b941c3.1150x.jpg', 'https://s1.ljcdn.com/matrix_lianjia_pc/dist/pc/src/resource/default/1150-450.png?_v=201906280941017d9', 'https://s1.ljcdn.com/matrix_lianjia_pc/dist/pc/src/resource/default/1150-450.png?_v=201906280941017d9', 'https://s1.ljcdn.com/matrix_lianjia_pc/dist/pc/src/resource/default/1150-450.png?_v=201906280941017d9']",,,,,,,,,,,,,[],22.677593,113.81178
https://sz.lianjia.com/apartment/19281.html,,,乐乎城市青年社区 · 乐乎有朋·温馨公寓,"
乐乎城市青年社区 · 乐乎有朋·温馨公寓

          1700元/月起

",,,,,"['https://image1.ljcdn.com/rent-house-1/492de982d6f30ec08c539e6056309399-1561119997648/d3d0ee62a33e479126b59f9dc5327e87.jpg.1150x.jpg', 'https://s1.ljcdn.com/matrix_lianjia_pc/dist/pc/src/resource/default/1150-450.png?_v=201906280941017d9']",,,,,,,,,,,,,[],22.622847,114.033944
https://sz.lianjia.com/apartment/19338.html,,,深圳蜗牛公寓 · 福永二店,"
深圳蜗牛公寓 · 福永二店

          2100元/月起

",,,,,"['https://image1.ljcdn.com/rent-user-avatar/7b133707-86a5-4a48-9957-c26cc7b941c3.1150x.jpg', 'https://s1.ljcdn.com/matrix_lianjia_pc/dist/pc/src/resource/default/1150-450.png?_v=201906280941017d9', 'https://s1.ljcdn.com/matrix_lianjia_pc/dist/pc/src/resource/default/1150-450.png?_v=201906280941017d9', 'https://s1.ljcdn.com/matrix_lianjia_pc/dist/pc/src/resource/default/1150-450.png?_v=201906280941017d9']",,,,,,,,,,,,,[],22.677593,113.81178
https://sz.lianjia.com/zufang/SZ2086699225122340864.html,福田区,香蜜湖,合租·翠海花园一期 3居室 东卧,2230元/月 (季付价),合租,3室1厅1卫,7㎡,朝东,"['https://image1.ljcdn.com/rent-house-1/636f69b83827f24f7723a443c68fdbb3-1561685907151/4d444dd189a22eaa7242fc203944378a.jpg.780x439.jpg', 'https://s1.ljcdn.com/matrix_lianjia_pc/dist/pc/src/resource/default/780-439.png?_v=201906280941017d9', 'https://s1.ljcdn.com/matrix_lianjia_pc/dist/pc/src/resource/default/780-439.png?_v=201906280941017d9', 'https://s1.ljcdn.com/matrix_lianjia_pc/dist/pc/src/resource/default/780-439.png?_v=201906280941017d9']",9个月前,随时入住,3~12个月,随时可看,7/18层,暂无数据,暂无数据,暂无数据,暂无数据,暂无数据,暂无数据,"['公寓', '月租', '近地铁', '随时看房']","['2号线(蛇口线) - 侨香', '259m', '2号线(蛇口线),7号线 - 安托山', '335m', '2号线(蛇口线) - 香蜜', '684m']",22.557135644966,114.02320368819
https://sz.lianjia.com/apartment/17169.html,,,U梦公馆 · 下水径12号,"
U梦公馆 · 下水径12号

          1550元/月起

",,,,,"['https://image1.ljcdn.com/rent-user-avatar/303ad3b2-0cbb-4b29-ab0a-308163325c6a.1150x.jpg', 'https://s1.ljcdn.com/matrix_lianjia_pc/dist/pc/src/resource/default/1150-450.png?_v=201906280941017d9', 'https://s1.ljcdn.com/matrix_lianjia_pc/dist/pc/src/resource/default/1150-450.png?_v=201906280941017d9', 'https://s1.ljcdn.com/matrix_lianjia_pc/dist/pc/src/resource/default/1150-450.png?_v=201906280941017d9', 'https://s1.ljcdn.com/matrix_lianjia_pc/dist/pc/src/resource/default/1150-450.png?_v=201906280941017d9', 'https://s1.ljcdn.com/matrix_lianjia_pc/dist/pc/src/resource/default/1150-450.png?_v=201906280941017d9']",,,,,,,,,,,,,[],22.61767,114.113641
https://sz.lianjia.com/zufang/SZ2118663108016226304.html,龙岗区,坂田,,,,,,,[],,,,,,,,,,,,,,22.650988,114.077847
https://sz.lianjia.com/zufang/SZ2289702945857740800.html,龙岗区,坂田,整租·坂田国际中心 1室0厅 东,2014元/月 (月付价),整租,1室0厅1卫,22㎡,朝东,"['https://image1.ljcdn.com/rent-user-avatar/1adbffec-d99f-4549-ad9f-e4a1d14ab80c.780x439.jpg', 'https://s1.ljcdn.com/matrix_lianjia_pc/dist/pc/src/resource/default/780-439.png?_v=201906280941017d9', 'https://s1.ljcdn.com/matrix_lianjia_pc/dist/pc/src/resource/default/780-439.png?_v=201906280941017d9', 'https://s1.ljcdn.com/matrix_lianjia_pc/dist/pc/src/resource/default/780-439.png?_v=201906280941017d9', 'https://s1.ljcdn.com/matrix_lianjia_pc/dist/pc/src/resource/default/780-439.png?_v=201906280941017d9', 'https://s1.ljcdn.com/matrix_lianjia_pc/dist/pc/src/resource/default/780-439.png?_v=201906280941017d9', 'https://s1.ljcdn.com/matrix_lianjia_pc/dist/pc/src/resource/default/780-439.png?_v=201906280941017d9', 'https://s1.ljcdn.com/matrix_lianjia_pc/dist/pc/src/resource/default/780-439.png?_v=201906280941017d9', 'https://s1.ljcdn.com/matrix_lianjia_pc/dist/pc/src/resource/default/780-439.png?_v=201906280941017d9']",今天,随时入住,1年,随时可看,2/7层,暂无数据,暂无数据,暂无数据,暂无数据,暂无数据,暂无数据,"['公寓', '近地铁', '精装', '押一付一', '新上', '随时看房']","['5号线(环中线) - 杨美', '1068m']",22.624461,114.083433
https://sz.lianjia.com/zufang/SZ2289704554171727872.html,龙岗区,坂田,整租·坂田国际中心 1室0厅 东/西南,2218元/月 (月付价),整租,1室0厅1卫,21㎡,朝东 西南,"['https://image1.ljcdn.com/rent-user-avatar/15246247-b5da-4b4b-87dc-ee9cb4ab4908.780x439.jpg', 'https://s1.ljcdn.com/matrix_lianjia_pc/dist/pc/src/resource/default/780-439.png?_v=201906280941017d9', 'https://s1.ljcdn.com/matrix_lianjia_pc/dist/pc/src/resource/default/780-439.png?_v=201906280941017d9', 'https://s1.ljcdn.com/matrix_lianjia_pc/dist/pc/src/resource/default/780-439.png?_v=201906280941017d9', 'https://s1.ljcdn.com/matrix_lianjia_pc/dist/pc/src/resource/default/780-439.png?_v=201906280941017d9', 'https://s1.ljcdn.com/matrix_lianjia_pc/dist/pc/src/resource/default/780-439.png?_v=201906280941017d9', 'https://s1.ljcdn.com/matrix_lianjia_pc/dist/pc/src/resource/default/780-439.png?_v=201906280941017d9', 'https://s1.ljcdn.com/matrix_lianjia_pc/dist/pc/src/resource/default/780-439.png?_v=201906280941017d9', 'https://s1.ljcdn.com/matrix_lianjia_pc/dist/pc/src/resource/default/780-439.png?_v=201906280941017d9']",今天,随时入住,1年,随时可看,2/7层,暂无数据,暂无数据,暂无数据,暂无数据,暂无数据,暂无数据,"['公寓', '近地铁', '精装', '押一付一', '新上', '随时看房']","['5号线(环中线) - 杨美', '1068m']",22.624461,114.083433
https://sz.lianjia.com/zufang/SZ2289701100808577024.html,龙岗区,坂田,整租·城市山海中心 1室1厅 东,2923元/月 (月付价),整租,1室1厅1卫,35㎡,朝东,"['https://image1.ljcdn.com/rent-user-avatar/04494e1b-7cba-4f1d-9f03-e2b8c35218c4.780x439.jpg', 'https://s1.ljcdn.com/matrix_lianjia_pc/dist/pc/src/resource/default/780-439.png?_v=201906280941017d9', 'https://s1.ljcdn.com/matrix_lianjia_pc/dist/pc/src/resource/default/780-439.png?_v=201906280941017d9', 'https://s1.ljcdn.com/matrix_lianjia_pc/dist/pc/src/resource/default/780-439.png?_v=201906280941017d9', 'https://s1.ljcdn.com/matrix_lianjia_pc/dist/pc/src/resource/default/780-439.png?_v=201906280941017d9', 'https://s1.ljcdn.com/matrix_lianjia_pc/dist/pc/src/resource/default/780-439.png?_v=201906280941017d9', 'https://s1.ljcdn.com/matrix_lianjia_pc/dist/pc/src/resource/default/780-439.png?_v=201906280941017d9', 'https://s1.ljcdn.com/matrix_lianjia_pc/dist/pc/src/resource/default/780-439.png?_v=201906280941017d9', 'https://s1.ljcdn.com/matrix_lianjia_pc/dist/pc/src/resource/default/780-439.png?_v=201906280941017d9']",今天,随时入住,1年,随时可看,3/7层,暂无数据,暂无数据,暂无数据,暂无数据,暂无数据,暂无数据,"['公寓', '精装', '押一付一', '新上', '随时看房']",[],22.628317,114.083936
https://sz.lianjia.com/zufang/SZ2289699940647043072.html,龙岗区,坂田,整租·坂田国际中心 1室1厅 东,2923元/月 (月付价),整租,1室1厅1卫,35㎡,朝东,"['https://image1.ljcdn.com/rent-user-avatar/0053fbe2-c366-4c1f-8263-6974b0a3ccda.780x439.jpg', 'https://s1.ljcdn.com/matrix_lianjia_pc/dist/pc/src/resource/default/780-439.png?_v=201906280941017d9', 'https://s1.ljcdn.com/matrix_lianjia_pc/dist/pc/src/resource/default/780-439.png?_v=201906280941017d9', 'https://s1.ljcdn.com/matrix_lianjia_pc/dist/pc/src/resource/default/780-439.png?_v=201906280941017d9', 'https://s1.ljcdn.com/matrix_lianjia_pc/dist/pc/src/resource/default/780-439.png?_v=201906280941017d9', 'https://s1.ljcdn.com/matrix_lianjia_pc/dist/pc/src/resource/default/780-439.png?_v=201906280941017d9', 'https://s1.ljcdn.com/matrix_lianjia_pc/dist/pc/src/resource/default/780-439.png?_v=201906280941017d9', 'https://s1.ljcdn.com/matrix_lianjia_pc/dist/pc/src/resource/default/780-439.png?_v=201906280941017d9', 'https://s1.ljcdn.com/matrix_lianjia_pc/dist/pc/src/resource/default/780-439.png?_v=201906280941017d9']",今天,随时入住,1年,随时可看,3/7层,暂无数据,暂无数据,暂无数据,暂无数据,暂无数据,暂无数据,"['公寓', '近地铁', '精装', '押一付一', '新上', '随时看房']","['5号线(环中线) - 杨美', '1068m']",22.624461,114.083433
https://sz.lianjia.com/zufang/SZ2289708566426157056.html,龙岗区,坂田,整租·杨美金竹小区 1室0厅 东/南,2338元/月 (月付价),整租,1室0厅1卫,26㎡,朝东 南,"['https://image1.ljcdn.com/rent-user-avatar/4ce6f392-a4e9-4b5c-92fd-c5da30128dd2.780x439.jpg', 'https://s1.ljcdn.com/matrix_lianjia_pc/dist/pc/src/resource/default/780-439.png?_v=201906280941017d9', 'https://s1.ljcdn.com/matrix_lianjia_pc/dist/pc/src/resource/default/780-439.png?_v=201906280941017d9', 'https://s1.ljcdn.com/matrix_lianjia_pc/dist/pc/src/resource/default/780-439.png?_v=201906280941017d9', 'https://s1.ljcdn.com/matrix_lianjia_pc/dist/pc/src/resource/default/780-439.png?_v=201906280941017d9', 'https://s1.ljcdn.com/matrix_lianjia_pc/dist/pc/src/resource/default/780-439.png?_v=201906280941017d9', 'https://s1.ljcdn.com/matrix_lianjia_pc/dist/pc/src/resource/default/780-439.png?_v=201906280941017d9']",今天,随时入住,1年,随时可看,4/5层,暂无数据,暂无数据,暂无数据,暂无数据,暂无数据,暂无数据,"['公寓', '精装', '新上', '随时看房']",[],22.634470992928,114.08465892846
https://sz.lianjia.com/zufang/SZ2289720730369130496.html,南山区,蛇口,整租·集悦城荔山公寓 1室1厅 东/西,2300元/月 (月付价),整租,1室1厅1卫,25㎡,朝东 西,"['https://image1.ljcdn.com/rent-user-avatar/3b3e6ce9-43f8-4f2e-9384-1f2a20d98cc1.780x439.jpg', 'https://s1.ljcdn.com/matrix_lianjia_pc/dist/pc/src/resource/default/780-439.png?_v=201906280941017d9', 'https://s1.ljcdn.com/matrix_lianjia_pc/dist/pc/src/resource/default/780-439.png?_v=201906280941017d9', 'https://s1.ljcdn.com/matrix_lianjia_pc/dist/pc/src/resource/default/780-439.png?_v=201906280941017d9', 'https://s1.ljcdn.com/matrix_lianjia_pc/dist/pc/src/resource/default/780-439.png?_v=201906280941017d9', 'https://s1.ljcdn.com/matrix_lianjia_pc/dist/pc/src/resource/default/780-439.png?_v=201906280941017d9', 'https://s1.ljcdn.com/matrix_lianjia_pc/dist/pc/src/resource/default/780-439.png?_v=201906280941017d9']",今天,随时入住,6~12个月,随时可看,5/6层,暂无数据,暂无数据,暂无数据,暂无数据,暂无数据,暂无数据,"['公寓', '月租', '精装', '新上', '随时看房']",[],22.497171,113.899866
