房源地址,行政区,位置,标题,租金,租赁方式,户型,面积,朝向,图片列表,发布时间,入住时间,租期,看房时间,楼层,电梯,车位,用水,用电,燃气,采暖,标签,station,latitude,longtitude
https://sz.lianjia.com/zufang/SZ2267380206757224448.html,宝安区,翻身,整租·富源花园 1室0厅 东/东南/南/西南/西,2300元/月 (月付价),整租,1室0厅1卫,25㎡,朝东 东南 南 西南 西,"['https://image1.ljcdn.com/rent-user-avatar/00f5bd00-81da-4f01-ad61-252209a157b6.780x439.jpg', 'https://s1.ljcdn.com/matrix_lianjia_pc/dist/pc/src/resource/default/780-439.png?_v=201906280941017d9', 'https://s1.ljcdn.com/matrix_lianjia_pc/dist/pc/src/resource/default/780-439.png?_v=201906280941017d9', 'https://s1.ljcdn.com/matrix_lianjia_pc/dist/pc/src/resource/default/780-439.png?_v=201906280941017d9', 'https://s1.ljcdn.com/matrix_lianjia_pc/dist/pc/src/resource/default/780-439.png?_v=201906280941017d9', 'https://s1.ljcdn.com/matrix_lianjia_pc/dist/pc/src/resource/default/780-439.png?_v=201906280941017d9', 'https://s1.ljcdn.com/matrix_lianjia_pc/dist/pc/src/resource/default/780-439.png?_v=201906280941017d9', 'https://s1.ljcdn.com/matrix_lianjia_pc/dist/pc/src/resource/default/780-439.png?_v=201906280941017d9']",1个月前,随时入住,6~12个月,随时可看,4/7层,无,暂无数据,民水,民电,有,暂无数据,"['公寓', '月租', '近地铁', '精装', '随时看房']","['5号线(环中线) - 翻身', '465m']",22.564085246154,113.90303366522
https://sz.lianjia.com/apartment/2863.html,,,星辉青年公寓 · 洪浪北店,"
星辉青年公寓 · 洪浪北店

          1500元/月起

",,,,,['https://image1.ljcdn.com/rent-user-avatar/e3f984da-28a2-4dbc-93ea-5ef8560651a8.1150x.jpg'],,,,,,,,,,,,,[],22.585004,113.914632
https://sz.lianjia.com/zufang/SZ2237421565501513728.html,龙岗区,布吉关,整租·佳兆业大都汇 1室1厅 东,2700元/月 (月付价),整租,1室1厅1卫,45㎡,朝东,"['https://image1.ljcdn.com/rent-user-avatar/42e77ebf-7959-4c94-951c-9a0dcc68c8e5.780x439.jpg', 'https://s1.ljcdn.com/matrix_lianjia_pc/dist/pc/src/resource/default/780-439.png?_v=201906280941017d9', 'https://s1.ljcdn.com/matrix_lianjia_pc/dist/pc/src/resource/default/780-439.png?_v=201906280941017d9', 'https://s1.ljcdn.com/matrix_lianjia_pc/dist/pc/src/resource/default/780-439.png?_v=201906280941017d9', 'https://s1.ljcdn.com/matrix_lianjia_pc/dist/pc/src/resource/default/780-439.png?_v=201906280941017d9', 'https://s1.ljcdn.com/matrix_lianjia_pc/dist/pc/src/resource/default/780-439.png?_v=201906280941017d9', 'https://s1.ljcdn.com/matrix_lianjia_pc/dist/pc/src/resource/default/780-439.png?_v=201906280941017d9', 'https://s1.ljcdn.com/matrix_lianjia_pc/dist/pc/src/resource/default/780-439.png?_v=201906280941017d9', 'https://s1.ljcdn.com/matrix_lianjia_pc/dist/pc/src/resource/default/780-439.png?_v=201906280941017d9']",2个月前,随时入住,1年,随时可看,7/33层,有,暂无数据,民水,民电,无,暂无数据,"['近地铁', '精装', '随时看房']","['3号线(龙岗线),5号线(环中线) - 布吉', '16m', '3号线(龙岗线) - 木棉湾', '1029m']",22.607946,114.128902
https://sz.lianjia.com/zufang/SZ2236147129754058752.html,罗湖区,洪湖,整租·田贝花园 1室0厅 东,2400元/月 (月付价),整租,1室0厅1卫,25㎡,朝东,"['https://image1.ljcdn.com/rent-user-avatar/185f06e3-5f4e-40f1-9955-64bd2c50bd2a.780x439.jpg', 'https://s1.ljcdn.com/matrix_lianjia_pc/dist/pc/src/resource/default/780-439.png?_v=201906280941017d9', 'https://s1.ljcdn.com/matrix_lianjia_pc/dist/pc/src/resource/default/780-439.png?_v=201906280941017d9', 'https://s1.ljcdn.com/matrix_lianjia_pc/dist/pc/src/resource/default/780-439.png?_v=201906280941017d9', 'https://s1.ljcdn.com/matrix_lianjia_pc/dist/pc/src/resource/default/780-439.png?_v=201906280941017d9']",2个月前,随时入住,6~12个月,随时可看,6/32层,暂无数据,暂无数据,暂无数据,暂无数据,暂无数据,暂无数据,"['公寓', '月租', '近地铁', '精装', '押一付一', '随时看房']","['7号线 - 洪湖', '355m', '3号线(龙岗线),7号线 - 田贝', '1041m']",22.570222082073,114.12892626309
https://sz.lianjia.com/zufang/SZ2287629142683811840.html,坪山区,坪山,整租·龙光玖云著 2室2厅 复式 东,2300元/月 (月付价),整租,2室2厅1卫,37㎡,朝 东,"['https://image1.ljcdn.com/rent-user-avatar/a6e9e5c8-038a-450b-ab85-846abaa639bf.780x439.jpg', 'https://s1.ljcdn.com/matrix_lianjia_pc/dist/pc/src/resource/default/780-439.png?_v=201906280941017d9', 'https://s1.ljcdn.com/matrix_lianjia_pc/dist/pc/src/resource/default/780-439.png?_v=201906280941017d9', 'https://s1.ljcdn.com/matrix_lianjia_pc/dist/pc/src/resource/default/780-439.png?_v=201906280941017d9', 'https://s1.ljcdn.com/matrix_lianjia_pc/dist/pc/src/resource/default/780-439.png?_v=201906280941017d9']",2天前,随时入住,6个月以上,随时可看,8/9层,有,暂无数据,商水,商电,无,暂无数据,"['公寓', '月租', '精装', '新上', '随时看房']",[],22.68551,114.337328
https://sz.lianjia.com/apartment/1431.html,,,宝达屋 · 邦凯城店,"
宝达屋 · 邦凯城店

          1620元/月起

",,,,,"['https://image1.ljcdn.com/rent-user-avatar/0faec682-6a79-473f-94a8-eb66aa9a1807.1150x.jpg', 'https://s1.ljcdn.com/matrix_lianjia_pc/dist/pc/src/resource/default/1150-450.png?_v=201906280941017d9', 'https://s1.ljcdn.com/matrix_lianjia_pc/dist/pc/src/resource/default/1150-450.png?_v=201906280941017d9', 'https://s1.ljcdn.com/matrix_lianjia_pc/dist/pc/src/resource/default/1150-450.png?_v=201906280941017d9', 'https://s1.ljcdn.com/matrix_lianjia_pc/dist/pc/src/resource/default/1150-450.png?_v=201906280941017d9', 'https://s1.ljcdn.com/matrix_lianjia_pc/dist/pc/src/resource/default/1150-450.png?_v=201906280941017d9', 'https://s1.ljcdn.com/matrix_lianjia_pc/dist/pc/src/resource/default/1150-450.png?_v=201906280941017d9', 'https://s1.ljcdn.com/matrix_lianjia_pc/dist/pc/src/resource/default/1150-450.png?_v=201906280941017d9', 'https://s1.ljcdn.com/matrix_lianjia_pc/dist/pc/src/resource/default/1150-450.png?_v=201906280941017d9', 'https://s1.ljcdn.com/matrix_lianjia_pc/dist/pc/src/resource/default/1150-450.png?_v=201906280941017d9', 'https://s1.ljcdn.com/matrix_lianjia_pc/dist/pc/src/resource/default/1150-450.png?_v=201906280941017d9']",,,,,,,,,,,,,[],22.747424,113.945274
https://sz.lianjia.com/zufang/SZ2279516253993574400.html,宝安区,翻身,整租·群贤花园 1室0厅 东/南,2400元/月 (月付价),整租,1室0厅1卫,35㎡,朝东 南,"['https://image1.ljcdn.com/rent-user-avatar/01ffd791-f508-49b1-af65-9f7c5241c1fb.780x439.jpg', 'https://s1.ljcdn.com/matrix_lianjia_pc/dist/pc/src/resource/default/780-439.png?_v=201906280941017d9', 'https://s1.ljcdn.com/matrix_lianjia_pc/dist/pc/src/resource/default/780-439.png?_v=201906280941017d9', 'https://s1.ljcdn.com/matrix_lianjia_pc/dist/pc/src/resource/default/780-439.png?_v=201906280941017d9', 'https://s1.ljcdn.com/matrix_lianjia_pc/dist/pc/src/resource/default/780-439.png?_v=201906280941017d9', 'https://s1.ljcdn.com/matrix_lianjia_pc/dist/pc/src/resource/default/780-439.png?_v=201906280941017d9', 'https://s1.ljcdn.com/matrix_lianjia_pc/dist/pc/src/resource/default/780-439.png?_v=201906280941017d9', 'https://s1.ljcdn.com/matrix_lianjia_pc/dist/pc/src/resource/default/780-439.png?_v=201906280941017d9', 'https://s1.ljcdn.com/matrix_lianjia_pc/dist/pc/src/resource/default/780-439.png?_v=201906280941017d9']",14天前,随时入住,6~12个月,随时可看,6/6层,无,暂无数据,民水,商电,有,暂无数据,"['公寓', '月租', '近地铁', '精装', '随时看房']","['1号线(罗宝线) - 宝体', '952m']",22.572590035373,113.89086017681
https://sz.lianjia.com/apartment/6441.html,,,深圳易居公寓 · 深圳易居公寓,"
深圳易居公寓 · 深圳易居公寓

          1800元/月起

",,,,,"['https://image1.ljcdn.com/rent-user-avatar/5eb51afd-cc53-4b06-92f8-f600a7abee41.1150x.jpg', 'https://s1.ljcdn.com/matrix_lianjia_pc/dist/pc/src/resource/default/1150-450.png?_v=201906280941017d9', 'https://s1.ljcdn.com/matrix_lianjia_pc/dist/pc/src/resource/default/1150-450.png?_v=201906280941017d9', 'https://s1.ljcdn.com/matrix_lianjia_pc/dist/pc/src/resource/default/1150-450.png?_v=201906280941017d9', 'https://s1.ljcdn.com/matrix_lianjia_pc/dist/pc/src/resource/default/1150-450.png?_v=201906280941017d9', 'https://s1.ljcdn.com/matrix_lianjia_pc/dist/pc/src/resource/default/1150-450.png?_v=201906280941017d9', 'https://s1.ljcdn.com/matrix_lianjia_pc/dist/pc/src/resource/default/1150-450.png?_v=201906280941017d9']",,,,,,,,,,,,,[],22.626968,114.049601
https://sz.lianjia.com/apartment/10511.html,,,职业房东 · 九华公寓,"
职业房东 · 九华公寓

          1300元/月起

",,,,,"['https://image1.ljcdn.com/rent-user-avatar/4d4bdf60-47d6-413d-b264-e87ded4e0872.1150x.jpg', 'https://s1.ljcdn.com/matrix_lianjia_pc/dist/pc/src/resource/default/1150-450.png?_v=201906280941017d9', 'https://s1.ljcdn.com/matrix_lianjia_pc/dist/pc/src/resource/default/1150-450.png?_v=201906280941017d9']",,,,,,,,,,,,,[],22.591102,113.89563
https://sz.lianjia.com/apartment/6643.html,,,金海公寓 · 丹平东二号店,"
金海公寓 · 丹平东二号店

          1500元/月起

",,,,,"['https://image1.ljcdn.com/rent-user-avatar/107b81d1-7134-4a8d-866d-4148b5629d42.1150x.jpg', 'https://s1.ljcdn.com/matrix_lianjia_pc/dist/pc/src/resource/default/1150-450.png?_v=201906280941017d9', 'https://s1.ljcdn.com/matrix_lianjia_pc/dist/pc/src/resource/default/1150-450.png?_v=201906280941017d9', 'https://s1.ljcdn.com/matrix_lianjia_pc/dist/pc/src/resource/default/1150-450.png?_v=201906280941017d9', 'https://s1.ljcdn.com/matrix_lianjia_pc/dist/pc/src/resource/default/1150-450.png?_v=201906280941017d9', 'https://s1.ljcdn.com/matrix_lianjia_pc/dist/pc/src/resource/default/1150-450.png?_v=201906280941017d9', 'https://s1.ljcdn.com/matrix_lianjia_pc/dist/pc/src/resource/default/1150-450.png?_v=201906280941017d9', 'https://s1.ljcdn.com/matrix_lianjia_pc/dist/pc/src/resource/default/1150-450.png?_v=201906280941017d9', 'https://s1.ljcdn.com/matrix_lianjia_pc/dist/pc/src/resource/default/1150-450.png?_v=201906280941017d9', 'https://s1.ljcdn.com/matrix_lianjia_pc/dist/pc/src/resource/default/1150-450.png?_v=201906280941017d9', 'https://s1.ljcdn.com/matrix_lianjia_pc/dist/pc/src/resource/default/1150-450.png?_v=201906280941017d9', 'https://s1.ljcdn.com/matrix_lianjia_pc/dist/pc/src/resource/default/1150-450.png?_v=201906280941017d9', 'https://s1.ljcdn.com/matrix_lianjia_pc/dist/pc/src/resource/default/1150-450.png?_v=201906280941017d9', 'https://s1.ljcdn.com/matrix_lianjia_pc/dist/pc/src/resource/default/1150-450.png?_v=201906280941017d9', 'https://s1.ljcdn.com/matrix_lianjia_pc/dist/pc/src/resource/default/1150-450.png?_v=201906280941017d9']",,,,,,,,,,,,,[],22.634172,114.164095
https://sz.lianjia.com/zufang/SZ2262102724764246016.html,福田区,上步,整租·佳兆业中心 1室0厅 东,2800元/月 (月付价),整租,1室0厅1卫,22㎡,朝东,"['https://image1.ljcdn.com/rent-user-avatar/167feb3b-2131-4231-9955-ac0cf91ed9b6.780x439.jpg', 'https://s1.ljcdn.com/matrix_lianjia_pc/dist/pc/src/resource/default/780-439.png?_v=201906280941017d9', 'https://s1.ljcdn.com/matrix_lianjia_pc/dist/pc/src/resource/default/780-439.png?_v=201906280941017d9', 'https://s1.ljcdn.com/matrix_lianjia_pc/dist/pc/src/resource/default/780-439.png?_v=201906280941017d9', 'https://s1.ljcdn.com/matrix_lianjia_pc/dist/pc/src/resource/default/780-439.png?_v=201906280941017d9', 'https://s1.ljcdn.com/matrix_lianjia_pc/dist/pc/src/resource/default/780-439.png?_v=201906280941017d9']",1个月前,随时入住,1年,随时可看,26/29层,有,租用车位,民水,民电,有,暂无数据,"['公寓', '近地铁', '精装', '随时看房']","['1号线(罗宝线) - 科学馆', '352m', '2号线(蛇口线) - 燕南', '909m', '9号线 - 红岭南', '939m', '7号线 - 华强南', '1085m', '3号线(龙岗线) - 通新岭', '1161m']",22.545851,114.103355
https://sz.lianjia.com/zufang/SZ2279516265452683264.html,宝安区,翻身,整租·群贤花园 1室0厅 东/南,2400元/月 (月付价),整租,1室0厅1卫,35㎡,朝东 南,"['https://image1.ljcdn.com/rent-user-avatar/01ffd791-f508-49b1-af65-9f7c5241c1fb.780x439.jpg', 'https://s1.ljcdn.com/matrix_lianjia_pc/dist/pc/src/resource/default/780-439.png?_v=201906280941017d9', 'https://s1.ljcdn.com/matrix_lianjia_pc/dist/pc/src/resource/default/780-439.png?_v=201906280941017d9', 'https://s1.ljcdn.com/matrix_lianjia_pc/dist/pc/src/resource/default/780-439.png?_v=201906280941017d9', 'https://s1.ljcdn.com/matrix_lianjia_pc/dist/pc/src/resource/default/780-439.png?_v=201906280941017d9', 'https://s1.ljcdn.com/matrix_lianjia_pc/dist/pc/src/resource/default/780-439.png?_v=201906280941017d9', 'https://s1.ljcdn.com/matrix_lianjia_pc/dist/pc/src/resource/default/780-439.png?_v=201906280941017d9', 'https://s1.ljcdn.com/matrix_lianjia_pc/dist/pc/src/resource/default/780-439.png?_v=201906280941017d9', 'https://s1.ljcdn.com/matrix_lianjia_pc/dist/pc/src/resource/default/780-439.png?_v=201906280941017d9']",14天前,随时入住,6~12个月,随时可看,6/6层,无,暂无数据,民水,商电,有,暂无数据,"['公寓', '月租', '近地铁', '精装', '随时看房']","['1号线(罗宝线) - 宝体', '952m']",22.572590035373,113.89086017681
https://sz.lianjia.com/apartment/2422.html,,,大航国际酒店公寓 · 坂田店,"
大航国际酒店公寓 · 坂田店

          1500元/月起

",,,,,"['https://image1.ljcdn.com/rent-user-avatar/6a703817-cf73-418f-832b-5d209a1575e7.1150x.jpg', 'https://s1.ljcdn.com/matrix_lianjia_pc/dist/pc/src/resource/default/1150-450.png?_v=201906280941017d9', 'https://s1.ljcdn.com/matrix_lianjia_pc/dist/pc/src/resource/default/1150-450.png?_v=201906280941017d9', 'https://s1.ljcdn.com/matrix_lianjia_pc/dist/pc/src/resource/default/1150-450.png?_v=201906280941017d9', 'https://s1.ljcdn.com/matrix_lianjia_pc/dist/pc/src/resource/default/1150-450.png?_v=201906280941017d9', 'https://s1.ljcdn.com/matrix_lianjia_pc/dist/pc/src/resource/default/1150-450.png?_v=201906280941017d9']",,,,,,,,,,,,,[],22.640184,114.062597
https://sz.lianjia.com/apartment/11651.html,,,湖城 · 西丽店,"
湖城 · 西丽店

          2400元/月起

",,,,,['https://image1.ljcdn.com/rent-user-avatar/8fd5886d-47f9-4c1c-949e-fcf97336c234.1150x.jpg'],,,,,,,,,,,,,[],22.59298,113.953476
https://sz.lianjia.com/zufang/SZ2165630338800828416.html,罗湖区,洪湖,整租·田贝花园 1室0厅 东,2400元/月 (月付价),整租,1室0厅1卫,20㎡,朝东,"['https://image1.ljcdn.com/rent-user-avatar/9120db18-f93c-487e-a276-9b05d09a1528.780x439.jpg', 'https://s1.ljcdn.com/matrix_lianjia_pc/dist/pc/src/resource/default/780-439.png?_v=201906280941017d9', 'https://s1.ljcdn.com/matrix_lianjia_pc/dist/pc/src/resource/default/780-439.png?_v=201906280941017d9', 'https://s1.ljcdn.com/matrix_lianjia_pc/dist/pc/src/resource/default/780-439.png?_v=201906280941017d9', 'https://s1.ljcdn.com/matrix_lianjia_pc/dist/pc/src/resource/default/780-439.png?_v=201906280941017d9']",5个月前,随时入住,6~12个月,随时可看,28/32层,暂无数据,租用车位,暂无数据,暂无数据,暂无数据,暂无数据,"['公寓', '月租', '近地铁', '精装', '随时看房']","['7号线 - 洪湖', '269m', '3号线(龙岗线),7号线 - 田贝', '1038m']",22.569946800169,114.12849123254
https://sz.lianjia.com/zufang/SZ2123860481411661824.html,罗湖区,洪湖,整租·田贝花园 1室0厅 东,2300元/月 (月付价),整租,1室0厅1卫,20㎡,朝东,"['https://image1.ljcdn.com/rent-user-avatar/3b2053e3-f560-44b6-91d4-d0572ae63b08.780x439.jpg', 'https://s1.ljcdn.com/matrix_lianjia_pc/dist/pc/src/resource/default/780-439.png?_v=201906280941017d9', 'https://s1.ljcdn.com/matrix_lianjia_pc/dist/pc/src/resource/default/780-439.png?_v=201906280941017d9', 'https://s1.ljcdn.com/matrix_lianjia_pc/dist/pc/src/resource/default/780-439.png?_v=201906280941017d9', 'https://s1.ljcdn.com/matrix_lianjia_pc/dist/pc/src/resource/default/780-439.png?_v=201906280941017d9']",7个月前,随时入住,6~12个月,随时可看,29/32层,暂无数据,租用车位,暂无数据,暂无数据,暂无数据,暂无数据,"['公寓', '月租', '近地铁', '精装', '随时看房']","['7号线 - 洪湖', '269m', '3号线(龙岗线),7号线 - 田贝', '1038m']",22.569946800169,114.12849123254
https://sz.lianjia.com/zufang/SZ2284659762140553216.html,宝安区,翻身,整租·金汇名园 1室0厅 东/东南/南/西南,2380元/月 (月付价),整租,1室0厅1卫,26㎡,朝东 东南 南 西南,"['https://image1.ljcdn.com/rent-user-avatar/0a7e54d2-6913-4414-a257-461ad9b4320d.780x439.jpg', 'https://s1.ljcdn.com/matrix_lianjia_pc/dist/pc/src/resource/default/780-439.png?_v=201906280941017d9', 'https://s1.ljcdn.com/matrix_lianjia_pc/dist/pc/src/resource/default/780-439.png?_v=201906280941017d9', 'https://s1.ljcdn.com/matrix_lianjia_pc/dist/pc/src/resource/default/780-439.png?_v=201906280941017d9', 'https://s1.ljcdn.com/matrix_lianjia_pc/dist/pc/src/resource/default/780-439.png?_v=201906280941017d9', 'https://s1.ljcdn.com/matrix_lianjia_pc/dist/pc/src/resource/default/780-439.png?_v=201906280941017d9', 'https://s1.ljcdn.com/matrix_lianjia_pc/dist/pc/src/resource/default/780-439.png?_v=201906280941017d9', 'https://s1.ljcdn.com/matrix_lianjia_pc/dist/pc/src/resource/default/780-439.png?_v=201906280941017d9', 'https://s1.ljcdn.com/matrix_lianjia_pc/dist/pc/src/resource/default/780-439.png?_v=201906280941017d9', 'https://s1.ljcdn.com/matrix_lianjia_pc/dist/pc/src/resource/default/780-439.png?_v=201906280941017d9', 'https://s1.ljcdn.com/matrix_lianjia_pc/dist/pc/src/resource/default/780-439.png?_v=201906280941017d9']",7天前,随时入住,6~12个月,随时可看,3/5层,有,暂无数据,民水,民电,有,暂无数据,"['公寓', '月租', '近地铁', '精装', '随时看房']","['5号线(环中线) - 翻身', '984m']",22.562728245021,113.90693802442
https://sz.lianjia.com/zufang/SZ2288142646113476608.html,坪山区,坪山,整租·龙光玖云著 2室1厅 东,2600元/月 (月付价),整租,2室1厅1卫,37㎡,朝 东,"['https://image1.ljcdn.com/rent-user-avatar/76b69e65-a6f8-4eb0-8faf-57bc4359a75d.780x439.jpg', 'https://s1.ljcdn.com/matrix_lianjia_pc/dist/pc/src/resource/default/780-439.png?_v=201906280941017d9', 'https://s1.ljcdn.com/matrix_lianjia_pc/dist/pc/src/resource/default/780-439.png?_v=201906280941017d9', 'https://s1.ljcdn.com/matrix_lianjia_pc/dist/pc/src/resource/default/780-439.png?_v=201906280941017d9']",2天前,随时入住,6个月以上,随时可看,8/9层,有,暂无数据,商水,商电,无,暂无数据,"['公寓', '月租', '精装', '新上', '随时看房']",[],22.68551,114.337328
https://sz.lianjia.com/apartment/16735.html,,,万科泊寓 · 坂田东村公社,"
万科泊寓 · 坂田东村公社

          1598元/月起

",,,,,['https://image1.ljcdn.com/rent-user-avatar/a173a37d-8240-4d69-b8ca-0f4b7925d032.1150x.jpg'],,,,,,,,,,,,,[],22.640273,114.075861
https://sz.lianjia.com/apartment/1002.html,,,万科泊寓 · 布吉旗舰店,"
万科泊寓 · 布吉旗舰店

          1789元/月起

",,,,,"['https://image1.ljcdn.com/rent-user-avatar/f4793e1a-9824-4be1-899b-1e99aba1ae10.1150x.jpg', 'https://s1.ljcdn.com/matrix_lianjia_pc/dist/pc/src/resource/default/1150-450.png?_v=201906280941017d9', 'https://s1.ljcdn.com/matrix_lianjia_pc/dist/pc/src/resource/default/1150-450.png?_v=201906280941017d9', 'https://s1.ljcdn.com/matrix_lianjia_pc/dist/pc/src/resource/default/1150-450.png?_v=201906280941017d9']",,,,,,,,,,,,,[],22.599715,114.138218
https://sz.lianjia.com/zufang/SZ2286190871500300288.html,坪山区,坪山,整租·龙光玖云著 2室1厅 复式 东,2500元/月 (月付价),整租,2室1厅1卫,37㎡,朝东,"['https://image1.ljcdn.com/rent-user-avatar/0618001a-e0b3-4315-98d8-ca5cc9c5f86a.780x439.jpg', 'https://s1.ljcdn.com/matrix_lianjia_pc/dist/pc/src/resource/default/780-439.png?_v=201906280941017d9', 'https://s1.ljcdn.com/matrix_lianjia_pc/dist/pc/src/resource/default/780-439.png?_v=201906280941017d9', 'https://s1.ljcdn.com/matrix_lianjia_pc/dist/pc/src/resource/default/780-439.png?_v=201906280941017d9']",4天前,随时入住,1个月以上,随时可看,18/22层,有,暂无数据,商水,商电,无,暂无数据,"['公寓', '月租', '精装', '新上', '随时看房']",[],22.685564,114.337561
https://sz.lianjia.com/apartment/7592.html,,,林喜公寓 · 西丽店5栋,"
林喜公寓 · 西丽店5栋

          2800元/月起

",,,,,['https://image1.ljcdn.com/rent-user-avatar/6922f6c4-9b39-4e45-9e0c-cdc0f55efd26.1150x.jpg'],,,,,,,,,,,,,[],22.590702,113.955704
https://sz.lianjia.com/zufang/SZ2191954724121747456.html,罗湖区,洪湖,整租·田贝花园 1室0厅 东,2300元/月 (月付价),整租,1室0厅1卫,20㎡,朝东,"['https://image1.ljcdn.com/rent-user-avatar/676e8458-47d4-4497-8e7d-6896021f4930.780x439.jpg', 'https://s1.ljcdn.com/matrix_lianjia_pc/dist/pc/src/resource/default/780-439.png?_v=201906280941017d9', 'https://s1.ljcdn.com/matrix_lianjia_pc/dist/pc/src/resource/default/780-439.png?_v=201906280941017d9', 'https://s1.ljcdn.com/matrix_lianjia_pc/dist/pc/src/resource/default/780-439.png?_v=201906280941017d9', 'https://s1.ljcdn.com/matrix_lianjia_pc/dist/pc/src/resource/default/780-439.png?_v=201906280941017d9']",4个月前,随时入住,6~12个月,需提前预约,6/32层,暂无数据,暂无数据,暂无数据,暂无数据,暂无数据,暂无数据,"['公寓', '月租', '近地铁', '精装']","['7号线 - 洪湖', '269m', '3号线(龙岗线),7号线 - 田贝', '1038m']",22.569946800169,114.12849123254
https://sz.lianjia.com/apartment/17158.html,,,青果寓 · 麻布新村店,"
青果寓 · 麻布新村店

          2000元/月起

",,,,,['https://image1.ljcdn.com/rent-user-avatar/a348bf0e-03b3-4c35-bc9a-b93374ab4ca4.1150x.jpg'],,,,,,,,,,,,,[],22.577948,113.875956
https://sz.lianjia.com/apartment/2610.html,,,伴山家园 · 固戍C店,"
伴山家园 · 固戍C店

          1300元/月起

",,,,,"['https://image1.ljcdn.com/rent-user-avatar/ba63f195-bf69-44e6-b42d-98edb5582940.1150x.jpg', 'https://s1.ljcdn.com/matrix_lianjia_pc/dist/pc/src/resource/default/1150-450.png?_v=201906280941017d9', 'https://s1.ljcdn.com/matrix_lianjia_pc/dist/pc/src/resource/default/1150-450.png?_v=201906280941017d9', 'https://s1.ljcdn.com/matrix_lianjia_pc/dist/pc/src/resource/default/1150-450.png?_v=201906280941017d9', 'https://s1.ljcdn.com/matrix_lianjia_pc/dist/pc/src/resource/default/1150-450.png?_v=201906280941017d9', 'https://s1.ljcdn.com/matrix_lianjia_pc/dist/pc/src/resource/default/1150-450.png?_v=201906280941017d9', 'https://s1.ljcdn.com/matrix_lianjia_pc/dist/pc/src/resource/default/1150-450.png?_v=201906280941017d9', 'https://s1.ljcdn.com/matrix_lianjia_pc/dist/pc/src/resource/default/1150-450.png?_v=201906280941017d9', 'https://s1.ljcdn.com/matrix_lianjia_pc/dist/pc/src/resource/default/1150-450.png?_v=201906280941017d9', 'https://s1.ljcdn.com/matrix_lianjia_pc/dist/pc/src/resource/default/1150-450.png?_v=201906280941017d9', 'https://s1.ljcdn.com/matrix_lianjia_pc/dist/pc/src/resource/default/1150-450.png?_v=201906280941017d9', 'https://s1.ljcdn.com/matrix_lianjia_pc/dist/pc/src/resource/default/1150-450.png?_v=201906280941017d9']",,,,,,,,,,,,,[],22.605587,113.859027
https://sz.lianjia.com/apartment/14120.html,,,职业房东 · 青年社区木棉湾店,"
职业房东 · 青年社区木棉湾店

          1880元/月起

",,,,,['https://image1.ljcdn.com/rent-user-avatar/c73a33bf-459f-42c9-a240-986a1bc03e4f.1150x.jpg'],,,,,,,,,,,,,[],22.607771,114.13815
https://sz.lianjia.com/apartment/11794.html,,,职业房东 · 南园村店,"
职业房东 · 南园村店

          1750元/月起

",,,,,"['https://image1.ljcdn.com/rent-user-avatar/ee49efb6-00ac-4f5c-8991-9c0d8c1e2875.1150x.jpg', 'https://s1.ljcdn.com/matrix_lianjia_pc/dist/pc/src/resource/default/1150-450.png?_v=201906280941017d9', 'https://s1.ljcdn.com/matrix_lianjia_pc/dist/pc/src/resource/default/1150-450.png?_v=201906280941017d9']",,,,,,,,,,,,,[],22.52376,113.923599
https://sz.lianjia.com/apartment/17005.html,,,青创承寓 · 李朗旗舰店,"
青创承寓 · 李朗旗舰店

          2000元/月起

",,,,,"['https://image1.ljcdn.com/rent-user-avatar/1861914f-4a57-4a0a-83d9-910a94bfaf65.1150x.jpg', 'https://s1.ljcdn.com/matrix_lianjia_pc/dist/pc/src/resource/default/1150-450.png?_v=201906280941017d9', 'https://s1.ljcdn.com/matrix_lianjia_pc/dist/pc/src/resource/default/1150-450.png?_v=201906280941017d9']",,,,,,,,,,,,,[],22.661629,114.122666
https://sz.lianjia.com/apartment/9709.html,,,暖窝居 · 大芬店,"
暖窝居 · 大芬店

          1900元/月起

",,,,,"['https://image1.ljcdn.com/rent-user-avatar/e4f4824e-23ac-4a91-8d48-1feb7610a8b5.1150x.jpg', 'https://s1.ljcdn.com/matrix_lianjia_pc/dist/pc/src/resource/default/1150-450.png?_v=201906280941017d9']",,,,,,,,,,,,,[],22.617759,114.142974
https://sz.lianjia.com/zufang/SZ2267266677953527808.html,福田区,竹子林,合租·竹园小区 5居室 东卧,2200元/月 (月付价),合租,5室0厅5卫,22㎡,朝东,"['https://image1.ljcdn.com/rent-user-avatar/4fe98615-ef2d-47bd-92f1-47096b0a4f55.780x439.jpg', 'https://s1.ljcdn.com/matrix_lianjia_pc/dist/pc/src/resource/default/780-439.png?_v=201906280941017d9', 'https://s1.ljcdn.com/matrix_lianjia_pc/dist/pc/src/resource/default/780-439.png?_v=201906280941017d9', 'https://s1.ljcdn.com/matrix_lianjia_pc/dist/pc/src/resource/default/780-439.png?_v=201906280941017d9', 'https://s1.ljcdn.com/matrix_lianjia_pc/dist/pc/src/resource/default/780-439.png?_v=201906280941017d9', 'https://s1.ljcdn.com/matrix_lianjia_pc/dist/pc/src/resource/default/780-439.png?_v=201906280941017d9']",1个月前,随时入住,1~2年,随时可看,6/7层,无,暂无数据,民水,民电,有,暂无数据,"['独立卫生间', '近地铁', '精装', '随时看房']","['7号线 - 农林', '123m', '1号线(罗宝线) - 竹子林', '681m', '1号线(罗宝线),11号线,7号线,9号线 - 车公庙', '958m']",22.545419710778,114.02286699982
