房源地址,行政区,位置,标题,租金,租赁方式,户型,面积,朝向,图片列表,发布时间,入住时间,租期,看房时间,楼层,电梯,车位,用水,用电,燃气,采暖,标签,station,latitude,longtitude
https://sz.lianjia.com/zufang/SZ2283103123705184256.html,南山区,红树湾,合租·美庐锦园 4居室 南卧,3330元/月 (季付价),合租,4室1厅3卫,14㎡,朝南,"['https://image1.ljcdn.com/rent-house-1/636f69b83827f24f7723a443c68fdbb3-1561183965539/975c5d42d8559fda44a0a59548c06aa3.jpg.780x439.jpg', 'https://s1.ljcdn.com/matrix_lianjia_pc/dist/pc/src/resource/default/780-439.png?_v=201906280941017d9', 'https://s1.ljcdn.com/matrix_lianjia_pc/dist/pc/src/resource/default/780-439.png?_v=201906280941017d9', 'https://s1.ljcdn.com/matrix_lianjia_pc/dist/pc/src/resource/default/780-439.png?_v=201906280941017d9', 'https://s1.ljcdn.com/matrix_lianjia_pc/dist/pc/src/resource/default/780-439.png?_v=201906280941017d9', 'https://s1.ljcdn.com/matrix_lianjia_pc/dist/pc/src/resource/default/780-439.png?_v=201906280941017d9', 'https://s1.ljcdn.com/matrix_lianjia_pc/dist/pc/src/resource/default/780-439.png?_v=201906280941017d9', 'https://s1.ljcdn.com/matrix_lianjia_pc/dist/pc/src/resource/default/780-439.png?_v=201906280941017d9']",9天前,随时入住,1年,随时可看,9/32层,暂无数据,暂无数据,暂无数据,暂无数据,暂无数据,暂无数据,"['公寓', '近地铁', '独立阳台', '随时看房']","['1号线(罗宝线) - 白石洲', '419m', '1号线(罗宝线),2号线(蛇口线) - 世界之窗', '1048m']",22.54208260925,113.97268889231
https://sz.lianjia.com/zufang/SZ2286846726772105216.html,龙岗区,龙岗中心城,远洋新天地 2室2厅 南,4000元/月 ,租赁方式未知,2室2厅1卫,76㎡,朝南,"['https://image1.ljcdn.com/440300-inspection/39fe9598-febb-4058-b685-8c89a8b7a81d.jpg.780x439.jpg', 'https://s1.ljcdn.com/matrix_lianjia_pc/dist/pc/src/resource/default/780-439.png?_v=201906280941017d9', 'https://s1.ljcdn.com/matrix_lianjia_pc/dist/pc/src/resource/default/780-439.png?_v=201906280941017d9', 'https://s1.ljcdn.com/matrix_lianjia_pc/dist/pc/src/resource/default/780-439.png?_v=201906280941017d9', 'https://s1.ljcdn.com/matrix_lianjia_pc/dist/pc/src/resource/default/780-439.png?_v=201906280941017d9', 'https://s1.ljcdn.com/matrix_lianjia_pc/dist/pc/src/resource/default/780-439.png?_v=201906280941017d9', 'https://s1.ljcdn.com/matrix_lianjia_pc/dist/pc/src/resource/default/780-439.png?_v=201906280941017d9']",4天前,随时入住,暂无数据,需提前预约,低楼层/39层,有,暂无数据,民水,民电,暂无数据,暂无数据,['新上'],[],22.73554,114.265138
https://sz.lianjia.com/zufang/SZ2212230242230075392.html,龙岗区,布吉南岭,大世纪水山缘 3室2厅 南,4300元/月 ,租赁方式未知,3室2厅1卫,75㎡,朝南,"['https://image1.ljcdn.com/440300-inspection/c546a39f-dead-4226-b5dd-1c3536ddec69.jpg.780x439.jpg', 'https://s1.ljcdn.com/matrix_lianjia_pc/dist/pc/src/resource/default/780-439.png?_v=201906280941017d9', 'https://s1.ljcdn.com/matrix_lianjia_pc/dist/pc/src/resource/default/780-439.png?_v=201906280941017d9', 'https://s1.ljcdn.com/matrix_lianjia_pc/dist/pc/src/resource/default/780-439.png?_v=201906280941017d9', 'https://s1.ljcdn.com/matrix_lianjia_pc/dist/pc/src/resource/default/780-439.png?_v=201906280941017d9', 'https://s1.ljcdn.com/matrix_lianjia_pc/dist/pc/src/resource/default/780-439.png?_v=201906280941017d9', 'https://s1.ljcdn.com/matrix_lianjia_pc/dist/pc/src/resource/default/780-439.png?_v=201906280941017d9', 'https://s1.ljcdn.com/matrix_lianjia_pc/dist/pc/src/resource/default/780-439.png?_v=201906280941017d9']",2个月前,2019-07-01,暂无数据,需提前预约,中楼层/11层,有,暂无数据,民水,民电,有,暂无数据,[],[],22.605179260372,114.14747651454
https://sz.lianjia.com/zufang/SZ2259883484854091776.html,罗湖区,黄贝岭,整租·海洋大厦 1室1厅 南,4000元/月 ,整租,1室1厅1卫,45㎡,朝南,"['https://image1.ljcdn.com/440300-inspection/b6ee1c24-6ad5-435a-b4f5-c2fb9fa75948.jpg.780x439.jpg', 'https://s1.ljcdn.com/matrix_lianjia_pc/dist/pc/src/resource/default/780-439.png?_v=201906280941017d9', 'https://s1.ljcdn.com/matrix_lianjia_pc/dist/pc/src/resource/default/780-439.png?_v=201906280941017d9', 'https://s1.ljcdn.com/matrix_lianjia_pc/dist/pc/src/resource/default/780-439.png?_v=201906280941017d9', 'https://s1.ljcdn.com/matrix_lianjia_pc/dist/pc/src/resource/default/780-439.png?_v=201906280941017d9', 'https://s1.ljcdn.com/matrix_lianjia_pc/dist/pc/src/resource/default/780-439.png?_v=201906280941017d9', 'https://s1.ljcdn.com/matrix_lianjia_pc/dist/pc/src/resource/default/780-439.png?_v=201906280941017d9']",1个月前,随时入住,暂无数据,暂无数据,中楼层/16层,有,暂无数据,民水,民电,有,暂无数据,"['近地铁', '随时看房']","['3号线(龙岗线) - 翠竹', '64m', '3号线(龙岗线) - 晒布', '947m']",22.562058,114.136144
https://sz.lianjia.com/zufang/SZ2246131592739700736.html,福田区,梅林,整租·先科花园 1室1厅 南,4530元/月 (季付价),整租,1室1厅1卫,43㎡,朝南,"['https://image1.ljcdn.com/rent-house-1/636f69b83827f24f7723a443c68fdbb3-1561203284799/f4ae7a99ed6a5467703573d3238324f0.jpg.780x439.jpg', 'https://s1.ljcdn.com/matrix_lianjia_pc/dist/pc/src/resource/default/780-439.png?_v=201906280941017d9', 'https://s1.ljcdn.com/matrix_lianjia_pc/dist/pc/src/resource/default/780-439.png?_v=201906280941017d9', 'https://s1.ljcdn.com/matrix_lianjia_pc/dist/pc/src/resource/default/780-439.png?_v=201906280941017d9', 'https://s1.ljcdn.com/matrix_lianjia_pc/dist/pc/src/resource/default/780-439.png?_v=201906280941017d9', 'https://s1.ljcdn.com/matrix_lianjia_pc/dist/pc/src/resource/default/780-439.png?_v=201906280941017d9', 'https://s1.ljcdn.com/matrix_lianjia_pc/dist/pc/src/resource/default/780-439.png?_v=201906280941017d9', 'https://s1.ljcdn.com/matrix_lianjia_pc/dist/pc/src/resource/default/780-439.png?_v=201906280941017d9']",2个月前,随时入住,1年,随时可看,3/7层,暂无数据,暂无数据,暂无数据,暂无数据,暂无数据,暂无数据,"['公寓', '近地铁', '随时看房']","['4号线(龙华线) - 莲花北', '694m', '4号线(龙华线),9号线 - 上梅林', '763m', '9号线 - 孖岭', '882m', '9号线 - 梅村', '1105m']",22.570210702967,114.06797188213
https://sz.lianjia.com/zufang/SZ2287451278341062656.html,龙岗区,龙岗中心城,整租·学府道花园 3室2厅 南,4900元/月 (月付价),整租,3室2厅1卫,85㎡,朝 南,"['https://image1.ljcdn.com/rent-user-avatar/14e0d418-4e33-42cf-8afc-846a4715f0ca.780x439.jpg', 'https://s1.ljcdn.com/matrix_lianjia_pc/dist/pc/src/resource/default/780-439.png?_v=201906280941017d9', 'https://s1.ljcdn.com/matrix_lianjia_pc/dist/pc/src/resource/default/780-439.png?_v=201906280941017d9', 'https://s1.ljcdn.com/matrix_lianjia_pc/dist/pc/src/resource/default/780-439.png?_v=201906280941017d9', 'https://s1.ljcdn.com/matrix_lianjia_pc/dist/pc/src/resource/default/780-439.png?_v=201906280941017d9', 'https://s1.ljcdn.com/matrix_lianjia_pc/dist/pc/src/resource/default/780-439.png?_v=201906280941017d9', 'https://s1.ljcdn.com/matrix_lianjia_pc/dist/pc/src/resource/default/780-439.png?_v=201906280941017d9', 'https://s1.ljcdn.com/matrix_lianjia_pc/dist/pc/src/resource/default/780-439.png?_v=201906280941017d9', 'https://s1.ljcdn.com/matrix_lianjia_pc/dist/pc/src/resource/default/780-439.png?_v=201906280941017d9']",3天前,随时入住,1年,随时可看,23/34层,有,暂无数据,民水,民电,有,暂无数据,"['公寓', '精装', '新上', '随时看房']",[],22.733203,114.236577
https://sz.lianjia.com/zufang/SZ2286895875148496896.html,宝安区,碧海,碧海富通城三期 1室0厅 南,3500元/月 ,租赁方式未知,1室0厅1卫,32㎡,朝南,"['http://vrlab-image.ljcdn.com/release/vradmin/1000000020211351/images/1d4fe8a1-c7ae-41e9-b42e-d2cf9b793c26.png.q_70.jpg', 'https://s1.ljcdn.com/matrix_lianjia_pc/dist/pc/src/resource/default/780-439.png?_v=201906280941017d9', 'https://s1.ljcdn.com/matrix_lianjia_pc/dist/pc/src/resource/default/780-439.png?_v=201906280941017d9', 'https://s1.ljcdn.com/matrix_lianjia_pc/dist/pc/src/resource/default/780-439.png?_v=201906280941017d9']",3天前,随时入住,暂无数据,需提前预约,低楼层/24层,有,暂无数据,民水,民电,有,暂无数据,"['近地铁', '新上', '随时看房']","['11号线 - 碧海湾', '914m', '1号线(罗宝线) - 西乡', '1176m']",22.573121,113.861957
https://sz.lianjia.com/zufang/SZ2241344363387437056.html,罗湖区,螺岭,金城华庭 1室1厅 南,4300元/月 ,租赁方式未知,1室1厅1卫,36㎡,朝南,"['https://image1.ljcdn.com/440300-inspection/a84dfcef-d849-422f-9cd6-d5dcda44ed2a.jpg.780x439.jpg', 'https://s1.ljcdn.com/matrix_lianjia_pc/dist/pc/src/resource/default/780-439.png?_v=201906280941017d9', 'https://s1.ljcdn.com/matrix_lianjia_pc/dist/pc/src/resource/default/780-439.png?_v=201906280941017d9', 'https://s1.ljcdn.com/matrix_lianjia_pc/dist/pc/src/resource/default/780-439.png?_v=201906280941017d9', 'https://s1.ljcdn.com/matrix_lianjia_pc/dist/pc/src/resource/default/780-439.png?_v=201906280941017d9', 'https://s1.ljcdn.com/matrix_lianjia_pc/dist/pc/src/resource/default/780-439.png?_v=201906280941017d9', 'https://s1.ljcdn.com/matrix_lianjia_pc/dist/pc/src/resource/default/780-439.png?_v=201906280941017d9', 'https://s1.ljcdn.com/matrix_lianjia_pc/dist/pc/src/resource/default/780-439.png?_v=201906280941017d9']",2个月前,随时入住,暂无数据,需提前预约,中楼层/24层,有,暂无数据,民水,民电,有,暂无数据,['近地铁'],"['2号线(蛇口线),5号线(环中线) - 黄贝岭', '498m', '9号线 - 文锦', '825m', '5号线(环中线) - 怡景', '1008m', '3号线(龙岗线) - 翠竹', '1014m', '2号线(蛇口线) - 湖贝', '1027m', '3号线(龙岗线) - 晒布', '1135m']",22.555512338618,114.14032816351
https://sz.lianjia.com/zufang/SZ2271071701527691264.html,龙华区,龙华新区,新华城 2室1厅 南,4500元/月 ,租赁方式未知,2室1厅1卫,71㎡,朝南,"['https://image1.ljcdn.com/440300-inspection/a69fb898-0a03-42f2-9698-3d948874fbc5.jpg.780x439.jpg', 'https://s1.ljcdn.com/matrix_lianjia_pc/dist/pc/src/resource/default/780-439.png?_v=201906280941017d9', 'https://s1.ljcdn.com/matrix_lianjia_pc/dist/pc/src/resource/default/780-439.png?_v=201906280941017d9', 'https://s1.ljcdn.com/matrix_lianjia_pc/dist/pc/src/resource/default/780-439.png?_v=201906280941017d9', 'https://s1.ljcdn.com/matrix_lianjia_pc/dist/pc/src/resource/default/780-439.png?_v=201906280941017d9', 'https://s1.ljcdn.com/matrix_lianjia_pc/dist/pc/src/resource/default/780-439.png?_v=201906280941017d9', 'https://s1.ljcdn.com/matrix_lianjia_pc/dist/pc/src/resource/default/780-439.png?_v=201906280941017d9']",22天前,随时入住,暂无数据,需提前预约,低楼层/30层,有,暂无数据,民水,民电,有,暂无数据,['随时看房'],[],22.647964923071,114.03778089849
https://sz.lianjia.com/apartment/17468.html,,,9号楼公寓 · 魔方9号楼公寓-深圳东门店,"
9号楼公寓 · 魔方9号楼公寓-深圳东门店

          3500元/月起

",,,,,"['https://image1.ljcdn.com/rent-user-avatar/e15bcd29-fbde-4244-a8fe-61abfcae511c.1150x.jpg', 'https://s1.ljcdn.com/matrix_lianjia_pc/dist/pc/src/resource/default/1150-450.png?_v=201906280941017d9', 'https://s1.ljcdn.com/matrix_lianjia_pc/dist/pc/src/resource/default/1150-450.png?_v=201906280941017d9']",,,,,,,,,,,,,[],22.554095,114.126907
https://sz.lianjia.com/apartment/6858.html,,,华润置地·有巢公寓 · 留仙洞店,"
华润置地·有巢公寓 · 留仙洞店

          2411元/月起

",,,,,"['https://image1.ljcdn.com/rent-house-1/1be809900a531bfe6448865b876bb024-1553799612397/dda56653daedb55a43db3322f9d71998.jpg.1150x.jpg', 'https://s1.ljcdn.com/matrix_lianjia_pc/dist/pc/src/resource/default/1150-450.png?_v=201906280941017d9', 'https://s1.ljcdn.com/matrix_lianjia_pc/dist/pc/src/resource/default/1150-450.png?_v=201906280941017d9', 'https://s1.ljcdn.com/matrix_lianjia_pc/dist/pc/src/resource/default/1150-450.png?_v=201906280941017d9', 'https://s1.ljcdn.com/matrix_lianjia_pc/dist/pc/src/resource/default/1150-450.png?_v=201906280941017d9', 'https://s1.ljcdn.com/matrix_lianjia_pc/dist/pc/src/resource/default/1150-450.png?_v=201906280941017d9', 'https://s1.ljcdn.com/matrix_lianjia_pc/dist/pc/src/resource/default/1150-450.png?_v=201906280941017d9', 'https://s1.ljcdn.com/matrix_lianjia_pc/dist/pc/src/resource/default/1150-450.png?_v=201906280941017d9', 'https://s1.ljcdn.com/matrix_lianjia_pc/dist/pc/src/resource/default/1150-450.png?_v=201906280941017d9', 'https://s1.ljcdn.com/matrix_lianjia_pc/dist/pc/src/resource/default/1150-450.png?_v=201906280941017d9', 'https://s1.ljcdn.com/matrix_lianjia_pc/dist/pc/src/resource/default/1150-450.png?_v=201906280941017d9', 'https://s1.ljcdn.com/matrix_lianjia_pc/dist/pc/src/resource/default/1150-450.png?_v=201906280941017d9', 'https://s1.ljcdn.com/matrix_lianjia_pc/dist/pc/src/resource/default/1150-450.png?_v=201906280941017d9', 'https://s1.ljcdn.com/matrix_lianjia_pc/dist/pc/src/resource/default/1150-450.png?_v=201906280941017d9']",,,,,,,,,,,,,[],22.586106,113.937389
https://sz.lianjia.com/zufang/SZ2278146599106650112.html,龙岗区,布吉石芽岭,万隆苑 2室1厅 南,3000元/月 ,租赁方式未知,2室1厅1卫,57㎡,朝南,"['https://image1.ljcdn.com/440300-inspection/0ad7a0b1-4fe9-43fa-99fc-3893c608c5bc.jpg.780x439.jpg', 'https://s1.ljcdn.com/matrix_lianjia_pc/dist/pc/src/resource/default/780-439.png?_v=201906280941017d9', 'https://s1.ljcdn.com/matrix_lianjia_pc/dist/pc/src/resource/default/780-439.png?_v=201906280941017d9', 'https://s1.ljcdn.com/matrix_lianjia_pc/dist/pc/src/resource/default/780-439.png?_v=201906280941017d9', 'https://s1.ljcdn.com/matrix_lianjia_pc/dist/pc/src/resource/default/780-439.png?_v=201906280941017d9', 'https://s1.ljcdn.com/matrix_lianjia_pc/dist/pc/src/resource/default/780-439.png?_v=201906280941017d9', 'https://s1.ljcdn.com/matrix_lianjia_pc/dist/pc/src/resource/default/780-439.png?_v=201906280941017d9', 'https://s1.ljcdn.com/matrix_lianjia_pc/dist/pc/src/resource/default/780-439.png?_v=201906280941017d9']",16天前,随时入住,暂无数据,需提前预约,中楼层/6层,无,暂无数据,民水,民电,有,暂无数据,[],[],22.625484994976,114.12817619634
https://sz.lianjia.com/zufang/SZ2254396848456605696.html,龙岗区,龙岗中心城,麓园 4室1厅 南,4500元/月 ,租赁方式未知,4室1厅2卫,128㎡,朝南,"['https://image1.ljcdn.com/440300-inspection/477d81d3-fc30-4ca2-a990-83cb3868a32a.jpg.780x439.jpg', 'https://s1.ljcdn.com/matrix_lianjia_pc/dist/pc/src/resource/default/780-439.png?_v=201906280941017d9', 'https://s1.ljcdn.com/matrix_lianjia_pc/dist/pc/src/resource/default/780-439.png?_v=201906280941017d9', 'https://s1.ljcdn.com/matrix_lianjia_pc/dist/pc/src/resource/default/780-439.png?_v=201906280941017d9', 'https://s1.ljcdn.com/matrix_lianjia_pc/dist/pc/src/resource/default/780-439.png?_v=201906280941017d9', 'https://s1.ljcdn.com/matrix_lianjia_pc/dist/pc/src/resource/default/780-439.png?_v=201906280941017d9', 'https://s1.ljcdn.com/matrix_lianjia_pc/dist/pc/src/resource/default/780-439.png?_v=201906280941017d9', 'https://s1.ljcdn.com/matrix_lianjia_pc/dist/pc/src/resource/default/780-439.png?_v=201906280941017d9', 'https://s1.ljcdn.com/matrix_lianjia_pc/dist/pc/src/resource/default/780-439.png?_v=201906280941017d9']",1个月前,随时入住,暂无数据,需提前预约,中楼层/33层,有,暂无数据,民水,民电,有,暂无数据,['随时看房'],[],22.73853,114.22597
https://sz.lianjia.com/zufang/SZ2287709993120055296.html,罗湖区,地王,洪一二邨 1室1厅 南,3800元/月 ,租赁方式未知,1室1厅1卫,35㎡,朝南,"['https://image1.ljcdn.com/440300-inspection/7a2dd63e-1d04-4af8-a5f9-373db287fe35.jpg.780x439.jpg', 'https://s1.ljcdn.com/matrix_lianjia_pc/dist/pc/src/resource/default/780-439.png?_v=201906280941017d9', 'https://s1.ljcdn.com/matrix_lianjia_pc/dist/pc/src/resource/default/780-439.png?_v=201906280941017d9', 'https://s1.ljcdn.com/matrix_lianjia_pc/dist/pc/src/resource/default/780-439.png?_v=201906280941017d9']",3天前,随时入住,暂无数据,暂无数据,中楼层/6层,暂无数据,暂无数据,暂无数据,暂无数据,暂无数据,暂无数据,"['近地铁', '新上']","['1号线(罗宝线),3号线(龙岗线) - 老街', '712m', '3号线(龙岗线),9号线 - 红岭', '745m', '1号线(罗宝线),2号线(蛇口线) - 大剧院', '790m']",22.554564816147,114.11606402043
https://sz.lianjia.com/apartment/6427.html,,,碧家国际社区 · 万众城店,"
碧家国际社区 · 万众城店

          2380元/月起

",,,,,"['https://image1.ljcdn.com/rent-user-avatar/1485bbcd-6855-4210-945f-a74b3f623812.1150x.jpg', 'https://s1.ljcdn.com/matrix_lianjia_pc/dist/pc/src/resource/default/1150-450.png?_v=201906280941017d9', 'https://s1.ljcdn.com/matrix_lianjia_pc/dist/pc/src/resource/default/1150-450.png?_v=201906280941017d9', 'https://s1.ljcdn.com/matrix_lianjia_pc/dist/pc/src/resource/default/1150-450.png?_v=201906280941017d9', 'https://s1.ljcdn.com/matrix_lianjia_pc/dist/pc/src/resource/default/1150-450.png?_v=201906280941017d9', 'https://s1.ljcdn.com/matrix_lianjia_pc/dist/pc/src/resource/default/1150-450.png?_v=201906280941017d9']",,,,,,,,,,,,,[],22.638343,114.04391
https://sz.lianjia.com/zufang/SZ2287553322032300032.html,龙岗区,龙岗双龙,整租·怡龙枫景园 4室2厅 南,5000元/月 (月付价),整租,4室2厅2卫,137㎡,朝 南,"['https://image1.ljcdn.com/rent-user-avatar/4417f7a7-ea38-499b-8bd0-73d77fed96b5.780x439.jpg', 'https://s1.ljcdn.com/matrix_lianjia_pc/dist/pc/src/resource/default/780-439.png?_v=201906280941017d9', 'https://s1.ljcdn.com/matrix_lianjia_pc/dist/pc/src/resource/default/780-439.png?_v=201906280941017d9', 'https://s1.ljcdn.com/matrix_lianjia_pc/dist/pc/src/resource/default/780-439.png?_v=201906280941017d9', 'https://s1.ljcdn.com/matrix_lianjia_pc/dist/pc/src/resource/default/780-439.png?_v=201906280941017d9', 'https://s1.ljcdn.com/matrix_lianjia_pc/dist/pc/src/resource/default/780-439.png?_v=201906280941017d9', 'https://s1.ljcdn.com/matrix_lianjia_pc/dist/pc/src/resource/default/780-439.png?_v=201906280941017d9', 'https://s1.ljcdn.com/matrix_lianjia_pc/dist/pc/src/resource/default/780-439.png?_v=201906280941017d9', 'https://s1.ljcdn.com/matrix_lianjia_pc/dist/pc/src/resource/default/780-439.png?_v=201906280941017d9', 'https://s1.ljcdn.com/matrix_lianjia_pc/dist/pc/src/resource/default/780-439.png?_v=201906280941017d9', 'https://s1.ljcdn.com/matrix_lianjia_pc/dist/pc/src/resource/default/780-439.png?_v=201906280941017d9']",3天前,随时入住,1年,随时可看,13/15层,有,暂无数据,民水,民电,有,暂无数据,"['公寓', '近地铁', '双卫生间', '新上', '随时看房']","['3号线(龙岗线) - 双龙', '610m', '3号线(龙岗线) - 南联', '883m']",22.730438,114.280885
https://sz.lianjia.com/zufang/SZ2234778222736973824.html,罗湖区,布心,颖隆大厦 2室1厅 南,4300元/月 ,租赁方式未知,2室1厅1卫,52㎡,朝南,"['https://image1.ljcdn.com/440300-inspection/374bcf59-748d-42ec-93eb-e9e907c194b2.jpg.780x439.jpg', 'https://s1.ljcdn.com/matrix_lianjia_pc/dist/pc/src/resource/default/780-439.png?_v=201906280941017d9', 'https://s1.ljcdn.com/matrix_lianjia_pc/dist/pc/src/resource/default/780-439.png?_v=201906280941017d9', 'https://s1.ljcdn.com/matrix_lianjia_pc/dist/pc/src/resource/default/780-439.png?_v=201906280941017d9', 'https://s1.ljcdn.com/matrix_lianjia_pc/dist/pc/src/resource/default/780-439.png?_v=201906280941017d9', 'https://s1.ljcdn.com/matrix_lianjia_pc/dist/pc/src/resource/default/780-439.png?_v=201906280941017d9', 'https://s1.ljcdn.com/matrix_lianjia_pc/dist/pc/src/resource/default/780-439.png?_v=201906280941017d9', 'https://s1.ljcdn.com/matrix_lianjia_pc/dist/pc/src/resource/default/780-439.png?_v=201906280941017d9']",2个月前,随时入住,暂无数据,需提前预约,中楼层/33层,有,暂无数据,民水,民电,有,暂无数据,"['近地铁', '随时看房']","['3号线(龙岗线) - 草埔', '681m', '3号线(龙岗线) - 水贝', '899m']",22.586033085126,114.12692409885
https://sz.lianjia.com/zufang/SZ2281199757878116352.html,龙岗区,丹竹头,中城康桥花园一期 2室2厅 南,4000元/月 ,租赁方式未知,2室2厅1卫,72㎡,朝南,"['https://image1.ljcdn.com/440300-inspection/5fa23724-a5aa-438f-aa7e-1d83aafd1725.jpg.780x439.jpg', 'https://s1.ljcdn.com/matrix_lianjia_pc/dist/pc/src/resource/default/780-439.png?_v=201906280941017d9', 'https://s1.ljcdn.com/matrix_lianjia_pc/dist/pc/src/resource/default/780-439.png?_v=201906280941017d9', 'https://s1.ljcdn.com/matrix_lianjia_pc/dist/pc/src/resource/default/780-439.png?_v=201906280941017d9', 'https://s1.ljcdn.com/matrix_lianjia_pc/dist/pc/src/resource/default/780-439.png?_v=201906280941017d9', 'https://s1.ljcdn.com/matrix_lianjia_pc/dist/pc/src/resource/default/780-439.png?_v=201906280941017d9', 'https://s1.ljcdn.com/matrix_lianjia_pc/dist/pc/src/resource/default/780-439.png?_v=201906280941017d9']",12天前,2019-07-15,暂无数据,暂无数据,低楼层/12层,有,暂无数据,民水,民电,有,暂无数据,['近地铁'],"['3号线(龙岗线) - 丹竹头', '330m']",22.627323,114.151173
https://sz.lianjia.com/zufang/SZ2273090847182962688.html,罗湖区,黄贝岭,海洋大厦 2室0厅 南,4500元/月 ,租赁方式未知,2室0厅1卫,46㎡,朝南,"['https://image1.ljcdn.com/440300-inspection/c50acc8a-f44e-4844-8352-b7d61db6079e.jpg.780x439.jpg', 'https://s1.ljcdn.com/matrix_lianjia_pc/dist/pc/src/resource/default/780-439.png?_v=201906280941017d9', 'https://s1.ljcdn.com/matrix_lianjia_pc/dist/pc/src/resource/default/780-439.png?_v=201906280941017d9', 'https://s1.ljcdn.com/matrix_lianjia_pc/dist/pc/src/resource/default/780-439.png?_v=201906280941017d9', 'https://s1.ljcdn.com/matrix_lianjia_pc/dist/pc/src/resource/default/780-439.png?_v=201906280941017d9', 'https://s1.ljcdn.com/matrix_lianjia_pc/dist/pc/src/resource/default/780-439.png?_v=201906280941017d9']",23天前,随时入住,暂无数据,需提前预约,中楼层/16层,有,暂无数据,民水,民电,有,暂无数据,"['近地铁', '随时看房']","['3号线(龙岗线) - 翠竹', '64m', '3号线(龙岗线) - 晒布', '947m']",22.562058,114.136144
https://sz.lianjia.com/apartment/2747.html,,,庭苑公寓 · 域,"
庭苑公寓 · 域

          1800元/月起

",,,,,"['https://image1.ljcdn.com/rent-user-avatar/0d05e954-9299-4dc7-a980-010d999707dc.1150x.jpg', 'https://s1.ljcdn.com/matrix_lianjia_pc/dist/pc/src/resource/default/1150-450.png?_v=201906280941017d9', 'https://s1.ljcdn.com/matrix_lianjia_pc/dist/pc/src/resource/default/1150-450.png?_v=201906280941017d9', 'https://s1.ljcdn.com/matrix_lianjia_pc/dist/pc/src/resource/default/1150-450.png?_v=201906280941017d9', 'https://s1.ljcdn.com/matrix_lianjia_pc/dist/pc/src/resource/default/1150-450.png?_v=201906280941017d9', 'https://s1.ljcdn.com/matrix_lianjia_pc/dist/pc/src/resource/default/1150-450.png?_v=201906280941017d9']",,,,,,,,,,,,,[],22.677693,113.816791
https://sz.lianjia.com/zufang/SZ2206306574933434368.html,南山区,科技园,合租·滨福世纪广场 3居室 南卧,3260元/月 (季付价),合租,3室1厅1卫,10㎡,朝南,"['https://image1.ljcdn.com/rent-house-1/636f69b83827f24f7723a443c68fdbb3-1561056504453/3b93bb1bc99f095ce5385219aa5993bb.jpg.780x439.jpg', 'https://s1.ljcdn.com/matrix_lianjia_pc/dist/pc/src/resource/default/780-439.png?_v=201906280941017d9', 'https://s1.ljcdn.com/matrix_lianjia_pc/dist/pc/src/resource/default/780-439.png?_v=201906280941017d9', 'https://s1.ljcdn.com/matrix_lianjia_pc/dist/pc/src/resource/default/780-439.png?_v=201906280941017d9', 'https://s1.ljcdn.com/matrix_lianjia_pc/dist/pc/src/resource/default/780-439.png?_v=201906280941017d9', 'https://s1.ljcdn.com/matrix_lianjia_pc/dist/pc/src/resource/default/780-439.png?_v=201906280941017d9', 'https://s1.ljcdn.com/matrix_lianjia_pc/dist/pc/src/resource/default/780-439.png?_v=201906280941017d9']",3个月前,随时入住,1年,随时可看,7/7层,暂无数据,暂无数据,暂无数据,暂无数据,暂无数据,暂无数据,"['公寓', '近地铁', '随时看房']","['2号线(蛇口线) - 科苑', '372m']",22.530749,113.955745
https://sz.lianjia.com/zufang/SZ2286247238701424640.html,龙岗区,大运新城,启迪协信科技园 3室2厅 南,4900元/月 ,租赁方式未知,3室2厅2卫,101㎡,朝南,"['https://image1.ljcdn.com/440300-inspection/43892eeb-63b7-40e6-9fdc-80490ad449f2.jpg.780x439.jpg', 'https://s1.ljcdn.com/matrix_lianjia_pc/dist/pc/src/resource/default/780-439.png?_v=201906280941017d9', 'https://s1.ljcdn.com/matrix_lianjia_pc/dist/pc/src/resource/default/780-439.png?_v=201906280941017d9', 'https://s1.ljcdn.com/matrix_lianjia_pc/dist/pc/src/resource/default/780-439.png?_v=201906280941017d9', 'https://s1.ljcdn.com/matrix_lianjia_pc/dist/pc/src/resource/default/780-439.png?_v=201906280941017d9', 'https://s1.ljcdn.com/matrix_lianjia_pc/dist/pc/src/resource/default/780-439.png?_v=201906280941017d9', 'https://s1.ljcdn.com/matrix_lianjia_pc/dist/pc/src/resource/default/780-439.png?_v=201906280941017d9', 'https://s1.ljcdn.com/matrix_lianjia_pc/dist/pc/src/resource/default/780-439.png?_v=201906280941017d9', 'https://s1.ljcdn.com/matrix_lianjia_pc/dist/pc/src/resource/default/780-439.png?_v=201906280941017d9', 'https://s1.ljcdn.com/matrix_lianjia_pc/dist/pc/src/resource/default/780-439.png?_v=201906280941017d9']",3天前,随时入住,暂无数据,需提前预约,高楼层/29层,有,暂无数据,商水,民电,有,暂无数据,['新上'],[],22.702981,114.215067
https://sz.lianjia.com/zufang/SZ2263764136351498240.html,罗湖区,螺岭,都心名苑 1室1厅 南,4000元/月 ,租赁方式未知,1室1厅1卫,38㎡,朝南,"['https://image1.ljcdn.com/440300-inspection/e9cf91a8-c924-40f5-b218-9baa594b946a.jpg.780x439.jpg', 'https://s1.ljcdn.com/matrix_lianjia_pc/dist/pc/src/resource/default/780-439.png?_v=201906280941017d9', 'https://s1.ljcdn.com/matrix_lianjia_pc/dist/pc/src/resource/default/780-439.png?_v=201906280941017d9', 'https://s1.ljcdn.com/matrix_lianjia_pc/dist/pc/src/resource/default/780-439.png?_v=201906280941017d9']",1个月前,随时入住,暂无数据,需提前预约,低楼层/23层,有,暂无数据,民水,民电,有,暂无数据,['近地铁'],"['3号线(龙岗线) - 晒布', '346m', '2号线(蛇口线) - 湖贝', '852m', '3号线(龙岗线) - 翠竹', '1015m', '9号线 - 文锦', '1179m']",22.555520186704,114.1326417515
https://sz.lianjia.com/zufang/SZ2253525550192926720.html,龙华区,龙华中心,锦绣花园 3室2厅 南,4500元/月 ,租赁方式未知,3室2厅2卫,135㎡,朝南,"['https://image1.ljcdn.com/440300-inspection/95fe1e98-dd8e-41a3-80fc-fe60081781e5.jpg.780x439.jpg', 'https://s1.ljcdn.com/matrix_lianjia_pc/dist/pc/src/resource/default/780-439.png?_v=201906280941017d9', 'https://s1.ljcdn.com/matrix_lianjia_pc/dist/pc/src/resource/default/780-439.png?_v=201906280941017d9', 'https://s1.ljcdn.com/matrix_lianjia_pc/dist/pc/src/resource/default/780-439.png?_v=201906280941017d9', 'https://s1.ljcdn.com/matrix_lianjia_pc/dist/pc/src/resource/default/780-439.png?_v=201906280941017d9', 'https://s1.ljcdn.com/matrix_lianjia_pc/dist/pc/src/resource/default/780-439.png?_v=201906280941017d9', 'https://s1.ljcdn.com/matrix_lianjia_pc/dist/pc/src/resource/default/780-439.png?_v=201906280941017d9', 'https://s1.ljcdn.com/matrix_lianjia_pc/dist/pc/src/resource/default/780-439.png?_v=201906280941017d9', 'https://s1.ljcdn.com/matrix_lianjia_pc/dist/pc/src/resource/default/780-439.png?_v=201906280941017d9']",1个月前,随时入住,暂无数据,需提前预约,中楼层/8层,无,暂无数据,民水,民电,有,暂无数据,['近地铁'],"['4号线(龙华线) - 龙华', '532m']",22.653338,114.030079
https://sz.lianjia.com/apartment/19234.html,,,杰瑞物业 · 福田景田店,"
杰瑞物业 · 福田景田店

          2600元/月起

",,,,,['https://image1.ljcdn.com/rent-user-avatar/86727c22-4e03-4885-a254-6950eac27419.1150x.jpg'],,,,,,,,,,,,,[],22.561933,114.051315
https://sz.lianjia.com/zufang/SZ2232879427577192448.html,福田区,梅林,整租·先科花园 1室1厅 南,4730元/月 (季付价),整租,1室1厅1卫,49㎡,朝南,"['https://image1.ljcdn.com/rent-house-1/636f69b83827f24f7723a443c68fdbb3-1561353496329/dafd6773c105c05cfdfae619e0c0df54.jpg.780x439.jpg', 'https://s1.ljcdn.com/matrix_lianjia_pc/dist/pc/src/resource/default/780-439.png?_v=201906280941017d9', 'https://s1.ljcdn.com/matrix_lianjia_pc/dist/pc/src/resource/default/780-439.png?_v=201906280941017d9', 'https://s1.ljcdn.com/matrix_lianjia_pc/dist/pc/src/resource/default/780-439.png?_v=201906280941017d9', 'https://s1.ljcdn.com/matrix_lianjia_pc/dist/pc/src/resource/default/780-439.png?_v=201906280941017d9', 'https://s1.ljcdn.com/matrix_lianjia_pc/dist/pc/src/resource/default/780-439.png?_v=201906280941017d9', 'https://s1.ljcdn.com/matrix_lianjia_pc/dist/pc/src/resource/default/780-439.png?_v=201906280941017d9']",2个月前,随时入住,1年,随时可看,6/7层,暂无数据,暂无数据,暂无数据,暂无数据,暂无数据,暂无数据,"['公寓', '近地铁', '随时看房']","['4号线(龙华线) - 莲花北', '694m', '4号线(龙华线),9号线 - 上梅林', '763m', '9号线 - 孖岭', '882m', '9号线 - 梅村', '1105m']",22.570210702967,114.06797188213
https://sz.lianjia.com/zufang/SZ2230265332231585792.html,龙岗区,大运新城,京基御景中央 3室1厅 南,4100元/月 ,租赁方式未知,3室1厅1卫,86㎡,朝南,"['https://image1.ljcdn.com/440300-inspection/fce49bee-5e13-4512-b4b1-e03d2d04a17c.jpg.780x439.jpg', 'https://s1.ljcdn.com/matrix_lianjia_pc/dist/pc/src/resource/default/780-439.png?_v=201906280941017d9', 'https://s1.ljcdn.com/matrix_lianjia_pc/dist/pc/src/resource/default/780-439.png?_v=201906280941017d9', 'https://s1.ljcdn.com/matrix_lianjia_pc/dist/pc/src/resource/default/780-439.png?_v=201906280941017d9', 'https://s1.ljcdn.com/matrix_lianjia_pc/dist/pc/src/resource/default/780-439.png?_v=201906280941017d9', 'https://s1.ljcdn.com/matrix_lianjia_pc/dist/pc/src/resource/default/780-439.png?_v=201906280941017d9', 'https://s1.ljcdn.com/matrix_lianjia_pc/dist/pc/src/resource/default/780-439.png?_v=201906280941017d9']",15天前,随时入住,暂无数据,需提前预约,低楼层/30层,暂无数据,暂无数据,民水,民电,无,暂无数据,[],[],22.711862,114.214455
https://sz.lianjia.com/zufang/SZ2240444930990817280.html,龙岗区,坂田,华创云轩 2室2厅 南/北,4000元/月 ,租赁方式未知,2室2厅1卫,42㎡,朝南 北,"['https://image1.ljcdn.com/440300-inspection/7ce4f91b-df5e-4e49-a7ab-a5c8be5ac9a0.jpg.780x439.jpg', 'https://s1.ljcdn.com/matrix_lianjia_pc/dist/pc/src/resource/default/780-439.png?_v=201906280941017d9', 'https://s1.ljcdn.com/matrix_lianjia_pc/dist/pc/src/resource/default/780-439.png?_v=201906280941017d9', 'https://s1.ljcdn.com/matrix_lianjia_pc/dist/pc/src/resource/default/780-439.png?_v=201906280941017d9', 'https://s1.ljcdn.com/matrix_lianjia_pc/dist/pc/src/resource/default/780-439.png?_v=201906280941017d9', 'https://s1.ljcdn.com/matrix_lianjia_pc/dist/pc/src/resource/default/780-439.png?_v=201906280941017d9', 'https://s1.ljcdn.com/matrix_lianjia_pc/dist/pc/src/resource/default/780-439.png?_v=201906280941017d9', 'https://s1.ljcdn.com/matrix_lianjia_pc/dist/pc/src/resource/default/780-439.png?_v=201906280941017d9', 'https://s1.ljcdn.com/matrix_lianjia_pc/dist/pc/src/resource/default/780-439.png?_v=201906280941017d9']",2个月前,随时入住,暂无数据,需提前预约,高楼层/21层,有,暂无数据,商水,商电,有,暂无数据,[],[],22.657205,114.072426
https://sz.lianjia.com/zufang/SZ2267162755825926144.html,罗湖区,笋岗,深城公寓 1室1厅 南,3750元/月 ,租赁方式未知,1室1厅1卫,41㎡,朝南,"['https://image1.ljcdn.com/440300-inspection/785df03f-2ed7-4134-9bc8-7b2a04768028.jpg.780x439.jpg', 'https://s1.ljcdn.com/matrix_lianjia_pc/dist/pc/src/resource/default/780-439.png?_v=201906280941017d9', 'https://s1.ljcdn.com/matrix_lianjia_pc/dist/pc/src/resource/default/780-439.png?_v=201906280941017d9', 'https://s1.ljcdn.com/matrix_lianjia_pc/dist/pc/src/resource/default/780-439.png?_v=201906280941017d9', 'https://s1.ljcdn.com/matrix_lianjia_pc/dist/pc/src/resource/default/780-439.png?_v=201906280941017d9']",1个月前,随时入住,暂无数据,需提前预约,高楼层/31层,有,暂无数据,民水,民电,有,暂无数据,"['近地铁', '随时看房']","['7号线,9号线 - 红岭北', '582m', '7号线 - 笋岗', '1117m']",22.573229706748,114.11161283928
https://sz.lianjia.com/zufang/SZ2282709961123840000.html,龙华区,龙华中心,华侨苑 3室1厅 复式 南/北,4500元/月 ,租赁方式未知,3室1厅3卫,118㎡,朝南 北,"['https://image1.ljcdn.com/440300-inspection/3fb38cd2-56b3-4e9d-9cfd-881c5cbecf40.jpg.780x439.jpg', 'https://s1.ljcdn.com/matrix_lianjia_pc/dist/pc/src/resource/default/780-439.png?_v=201906280941017d9', 'https://s1.ljcdn.com/matrix_lianjia_pc/dist/pc/src/resource/default/780-439.png?_v=201906280941017d9', 'https://s1.ljcdn.com/matrix_lianjia_pc/dist/pc/src/resource/default/780-439.png?_v=201906280941017d9', 'https://s1.ljcdn.com/matrix_lianjia_pc/dist/pc/src/resource/default/780-439.png?_v=201906280941017d9', 'https://s1.ljcdn.com/matrix_lianjia_pc/dist/pc/src/resource/default/780-439.png?_v=201906280941017d9', 'https://s1.ljcdn.com/matrix_lianjia_pc/dist/pc/src/resource/default/780-439.png?_v=201906280941017d9', 'https://s1.ljcdn.com/matrix_lianjia_pc/dist/pc/src/resource/default/780-439.png?_v=201906280941017d9', 'https://s1.ljcdn.com/matrix_lianjia_pc/dist/pc/src/resource/default/780-439.png?_v=201906280941017d9', 'https://s1.ljcdn.com/matrix_lianjia_pc/dist/pc/src/resource/default/780-439.png?_v=201906280941017d9']",10天前,2019-07-01,暂无数据,需提前预约,高楼层/6层,无,暂无数据,民水,民电,无,暂无数据,['近地铁'],"['4号线(龙华线) - 龙华', '474m']",22.657677,114.034316
