房源地址,行政区,位置,标题,租金,租赁方式,户型,面积,朝向,图片列表,发布时间,入住时间,租期,看房时间,楼层,电梯,车位,用水,用电,燃气,采暖,标签,station,latitude,longtitude
https://sz.lianjia.com/zufang/SZ2271528842370236416.html,龙华区,红山,整租·润达圆庭 1室0厅 南,3660元/月 (月付价),整租,1室0厅1卫,39㎡,朝 南,"['https://image1.ljcdn.com/rent-user-avatar/0415bacd-99c2-41df-8c44-2db98f75e2e5.780x439.jpg', 'https://s1.ljcdn.com/matrix_lianjia_pc/dist/pc/src/resource/default/780-439.png?_v=201906280941017d9', 'https://s1.ljcdn.com/matrix_lianjia_pc/dist/pc/src/resource/default/780-439.png?_v=201906280941017d9', 'https://s1.ljcdn.com/matrix_lianjia_pc/dist/pc/src/resource/default/780-439.png?_v=201906280941017d9', 'https://s1.ljcdn.com/matrix_lianjia_pc/dist/pc/src/resource/default/780-439.png?_v=201906280941017d9', 'https://s1.ljcdn.com/matrix_lianjia_pc/dist/pc/src/resource/default/780-439.png?_v=201906280941017d9', 'https://s1.ljcdn.com/matrix_lianjia_pc/dist/pc/src/resource/default/780-439.png?_v=201906280941017d9', 'https://s1.ljcdn.com/matrix_lianjia_pc/dist/pc/src/resource/default/780-439.png?_v=201906280941017d9', 'https://s1.ljcdn.com/matrix_lianjia_pc/dist/pc/src/resource/default/780-439.png?_v=201906280941017d9']",25天前,随时入住,1年,随时可看,18/28层,暂无数据,暂无数据,暂无数据,暂无数据,暂无数据,暂无数据,"['精装', '随时看房']",[],22.632478,114.029195
https://sz.lianjia.com/zufang/SZ2288433091356147712.html,龙岗区,龙岗中心城,万科金色沁园 3室2厅 南,4500元/月 ,租赁方式未知,3室2厅2卫,87㎡,朝南,"['https://image1.ljcdn.com/440300-inspection/0a6716bf-a5f5-451b-a044-638cd64f647a.jpg.780x439.jpg', 'https://s1.ljcdn.com/matrix_lianjia_pc/dist/pc/src/resource/default/780-439.png?_v=201906280941017d9', 'https://s1.ljcdn.com/matrix_lianjia_pc/dist/pc/src/resource/default/780-439.png?_v=201906280941017d9', 'https://s1.ljcdn.com/matrix_lianjia_pc/dist/pc/src/resource/default/780-439.png?_v=201906280941017d9', 'https://s1.ljcdn.com/matrix_lianjia_pc/dist/pc/src/resource/default/780-439.png?_v=201906280941017d9', 'https://s1.ljcdn.com/matrix_lianjia_pc/dist/pc/src/resource/default/780-439.png?_v=201906280941017d9', 'https://s1.ljcdn.com/matrix_lianjia_pc/dist/pc/src/resource/default/780-439.png?_v=201906280941017d9', 'https://s1.ljcdn.com/matrix_lianjia_pc/dist/pc/src/resource/default/780-439.png?_v=201906280941017d9', 'https://s1.ljcdn.com/matrix_lianjia_pc/dist/pc/src/resource/default/780-439.png?_v=201906280941017d9', 'https://s1.ljcdn.com/matrix_lianjia_pc/dist/pc/src/resource/default/780-439.png?_v=201906280941017d9', 'https://s1.ljcdn.com/matrix_lianjia_pc/dist/pc/src/resource/default/780-439.png?_v=201906280941017d9', 'https://s1.ljcdn.com/matrix_lianjia_pc/dist/pc/src/resource/default/780-439.png?_v=201906280941017d9']",2天前,随时入住,暂无数据,需提前预约,低楼层/27层,有,暂无数据,民水,民电,有,暂无数据,"['新上', '随时看房']",[],22.729611,114.231201
https://sz.lianjia.com/zufang/SZ2284756496564887552.html,罗湖区,东门,东门金座 1室1厅 南,4000元/月 ,租赁方式未知,1室1厅1卫,43㎡,朝南,"['https://image1.ljcdn.com/440300-inspection/prod-0f2cee2b-8372-4e20-8b0c-dcf09a588762.jpg.780x439.jpg', 'https://s1.ljcdn.com/matrix_lianjia_pc/dist/pc/src/resource/default/780-439.png?_v=201906280941017d9', 'https://s1.ljcdn.com/matrix_lianjia_pc/dist/pc/src/resource/default/780-439.png?_v=201906280941017d9', 'https://s1.ljcdn.com/matrix_lianjia_pc/dist/pc/src/resource/default/780-439.png?_v=201906280941017d9']",7天前,随时入住,暂无数据,需提前预约,高楼层/22层,有,暂无数据,民水,民电,有,暂无数据,['近地铁'],"['3号线(龙岗线) - 晒布', '404m', '1号线(罗宝线),3号线(龙岗线) - 老街', '410m', '2号线(蛇口线) - 湖贝', '887m', '1号线(罗宝线) - 国贸', '1103m']",22.55449,114.125768
https://sz.lianjia.com/zufang/SZ2285404498757427200.html,龙岗区,龙岗双龙,佳兆业水岸新都 2室1厅 南,3000元/月 ,租赁方式未知,2室1厅1卫,78㎡,朝南,"['https://image1.ljcdn.com/440300-inspection/24b5a690-4437-47c8-b9a9-80a3b9bcf355.jpg.780x439.jpg', 'https://s1.ljcdn.com/matrix_lianjia_pc/dist/pc/src/resource/default/780-439.png?_v=201906280941017d9', 'https://s1.ljcdn.com/matrix_lianjia_pc/dist/pc/src/resource/default/780-439.png?_v=201906280941017d9', 'https://s1.ljcdn.com/matrix_lianjia_pc/dist/pc/src/resource/default/780-439.png?_v=201906280941017d9', 'https://s1.ljcdn.com/matrix_lianjia_pc/dist/pc/src/resource/default/780-439.png?_v=201906280941017d9', 'https://s1.ljcdn.com/matrix_lianjia_pc/dist/pc/src/resource/default/780-439.png?_v=201906280941017d9', 'https://s1.ljcdn.com/matrix_lianjia_pc/dist/pc/src/resource/default/780-439.png?_v=201906280941017d9']",6天前,随时入住,暂无数据,需提前预约,低楼层/28层,有,暂无数据,民水,民电,有,暂无数据,['新上'],[],22.754512,114.284242
https://sz.lianjia.com/apartment/18839.html,,,职业房东 · 石厦城家园A店,"
职业房东 · 石厦城家园A店

          3190元/月起

",,,,,"['https://image1.ljcdn.com/rent-user-avatar/3dee7231-f350-4246-b2be-942de23a3643.1150x.jpg', 'https://s1.ljcdn.com/matrix_lianjia_pc/dist/pc/src/resource/default/1150-450.png?_v=201906280941017d9']",,,,,,,,,,,,,[],22.525669,114.055781
https://sz.lianjia.com/apartment/15084.html,,,抱家公寓 · 美生慧谷店,"
抱家公寓 · 美生慧谷店

          3000元/月起

",,,,,"['https://image1.ljcdn.com/rent-user-avatar/8fe4b8ab-d876-4231-a541-5898cb229c75.1150x.jpg', 'https://s1.ljcdn.com/matrix_lianjia_pc/dist/pc/src/resource/default/1150-450.png?_v=201906280941017d9', 'https://s1.ljcdn.com/matrix_lianjia_pc/dist/pc/src/resource/default/1150-450.png?_v=201906280941017d9', 'https://s1.ljcdn.com/matrix_lianjia_pc/dist/pc/src/resource/default/1150-450.png?_v=201906280941017d9', 'https://s1.ljcdn.com/matrix_lianjia_pc/dist/pc/src/resource/default/1150-450.png?_v=201906280941017d9', 'https://s1.ljcdn.com/matrix_lianjia_pc/dist/pc/src/resource/default/1150-450.png?_v=201906280941017d9', 'https://s1.ljcdn.com/matrix_lianjia_pc/dist/pc/src/resource/default/1150-450.png?_v=201906280941017d9']",,,,,,,,,,,,,[],22.587005,113.916052
https://sz.lianjia.com/zufang/SZ2283087199937232896.html,南山区,南山中心,龙佳园 1室2厅 南,4500元/月 ,租赁方式未知,1室2厅1卫,37㎡,朝南,"['http://vrlab-image.ljcdn.com/release/auto3dhd/71cdf69e81a9f48c9b83c63ab9d25542/screenshot/1561629953_0/pc0_xUZT5TIqo.jpg.q_70.jpg', 'https://s1.ljcdn.com/matrix_lianjia_pc/dist/pc/src/resource/default/780-439.png?_v=201906280941017d9', 'https://s1.ljcdn.com/matrix_lianjia_pc/dist/pc/src/resource/default/780-439.png?_v=201906280941017d9', 'https://s1.ljcdn.com/matrix_lianjia_pc/dist/pc/src/resource/default/780-439.png?_v=201906280941017d9', 'https://s1.ljcdn.com/matrix_lianjia_pc/dist/pc/src/resource/default/780-439.png?_v=201906280941017d9', 'https://s1.ljcdn.com/matrix_lianjia_pc/dist/pc/src/resource/default/780-439.png?_v=201906280941017d9']",4天前,随时入住,暂无数据,需提前预约,中楼层/6层,暂无数据,暂无数据,民水,民电,有,暂无数据,"['新上', '随时看房']",[],22.518627,113.928831
https://sz.lianjia.com/zufang/SZ2282609685389377536.html,龙岗区,龙岗中心城,远洋新干线二期 3室2厅 南,3900元/月 ,租赁方式未知,3室2厅2卫,89㎡,朝南,"['https://image1.ljcdn.com/440300-inspection/7d9e35dd-8a06-4cf2-af1e-0c6882cbc931.jpg.780x439.jpg', 'https://s1.ljcdn.com/matrix_lianjia_pc/dist/pc/src/resource/default/780-439.png?_v=201906280941017d9', 'https://s1.ljcdn.com/matrix_lianjia_pc/dist/pc/src/resource/default/780-439.png?_v=201906280941017d9', 'https://s1.ljcdn.com/matrix_lianjia_pc/dist/pc/src/resource/default/780-439.png?_v=201906280941017d9', 'https://s1.ljcdn.com/matrix_lianjia_pc/dist/pc/src/resource/default/780-439.png?_v=201906280941017d9', 'https://s1.ljcdn.com/matrix_lianjia_pc/dist/pc/src/resource/default/780-439.png?_v=201906280941017d9', 'https://s1.ljcdn.com/matrix_lianjia_pc/dist/pc/src/resource/default/780-439.png?_v=201906280941017d9', 'https://s1.ljcdn.com/matrix_lianjia_pc/dist/pc/src/resource/default/780-439.png?_v=201906280941017d9']",今天,随时入住,暂无数据,需提前预约,高楼层/32层,暂无数据,暂无数据,暂无数据,暂无数据,有,暂无数据,"['近地铁', '新上', '随时看房']","['3号线(龙岗线) - 南联', '315m', '3号线(龙岗线) - 龙城广场', '855m']",22.726592,114.270276
https://sz.lianjia.com/zufang/SZ2283189241238798336.html,龙岗区,龙岗中心城,远洋新干线二期 3室2厅 南,4300元/月 ,租赁方式未知,3室2厅2卫,86㎡,朝南,"['https://image1.ljcdn.com/440300-inspection/535dd961-90d9-4cfe-bd8c-81ab2c6c8a4e.jpg.780x439.jpg', 'https://s1.ljcdn.com/matrix_lianjia_pc/dist/pc/src/resource/default/780-439.png?_v=201906280941017d9', 'https://s1.ljcdn.com/matrix_lianjia_pc/dist/pc/src/resource/default/780-439.png?_v=201906280941017d9', 'https://s1.ljcdn.com/matrix_lianjia_pc/dist/pc/src/resource/default/780-439.png?_v=201906280941017d9', 'https://s1.ljcdn.com/matrix_lianjia_pc/dist/pc/src/resource/default/780-439.png?_v=201906280941017d9', 'https://s1.ljcdn.com/matrix_lianjia_pc/dist/pc/src/resource/default/780-439.png?_v=201906280941017d9', 'https://s1.ljcdn.com/matrix_lianjia_pc/dist/pc/src/resource/default/780-439.png?_v=201906280941017d9', 'https://s1.ljcdn.com/matrix_lianjia_pc/dist/pc/src/resource/default/780-439.png?_v=201906280941017d9', 'https://s1.ljcdn.com/matrix_lianjia_pc/dist/pc/src/resource/default/780-439.png?_v=201906280941017d9']",今天,随时入住,暂无数据,需提前预约,中楼层/32层,暂无数据,暂无数据,暂无数据,暂无数据,有,暂无数据,"['近地铁', '新上']","['3号线(龙岗线) - 南联', '315m', '3号线(龙岗线) - 龙城广场', '855m']",22.726592,114.270276
https://sz.lianjia.com/zufang/SZ2286991940388134912.html,罗湖区,地王,整租·红桂皇冠 1室1厅 南,4190元/月 (季付价),整租,1室1厅1卫,30㎡,朝南,"['https://image1.ljcdn.com/rent-house-1/636f69b83827f24f7723a443c68fdbb3-1561170658931/8dcbfbbefe550e9219490e065784fd61.jpg.780x439.jpg', 'https://s1.ljcdn.com/matrix_lianjia_pc/dist/pc/src/resource/default/780-439.png?_v=201906280941017d9', 'https://s1.ljcdn.com/matrix_lianjia_pc/dist/pc/src/resource/default/780-439.png?_v=201906280941017d9', 'https://s1.ljcdn.com/matrix_lianjia_pc/dist/pc/src/resource/default/780-439.png?_v=201906280941017d9', 'https://s1.ljcdn.com/matrix_lianjia_pc/dist/pc/src/resource/default/780-439.png?_v=201906280941017d9', 'https://s1.ljcdn.com/matrix_lianjia_pc/dist/pc/src/resource/default/780-439.png?_v=201906280941017d9']",4天前,随时入住,1年,随时可看,5/26层,暂无数据,暂无数据,暂无数据,暂无数据,暂无数据,暂无数据,"['公寓', '近地铁', '新上', '随时看房']","['3号线(龙岗线),9号线 - 红岭', '613m', '9号线 - 园岭', '1069m', '1号线(罗宝线),2号线(蛇口线) - 大剧院', '1077m']",22.556367,114.115348
https://sz.lianjia.com/apartment/4366.html,,,窝趣轻社区 · 窝趣红山轻社区,"
窝趣轻社区 · 窝趣红山轻社区

          1440元/月起

",,,,,"['https://image1.ljcdn.com/rent-house-1/93e010098a3496c0039a35ff7699957d-1555572810174/017698c9b6a87404207b8cf986891b1b.jpg.1150x.jpg', 'https://s1.ljcdn.com/matrix_lianjia_pc/dist/pc/src/resource/default/1150-450.png?_v=201906280941017d9', 'https://s1.ljcdn.com/matrix_lianjia_pc/dist/pc/src/resource/default/1150-450.png?_v=201906280941017d9', 'https://s1.ljcdn.com/matrix_lianjia_pc/dist/pc/src/resource/default/1150-450.png?_v=201906280941017d9', 'https://s1.ljcdn.com/matrix_lianjia_pc/dist/pc/src/resource/default/1150-450.png?_v=201906280941017d9']",,,,,,,,,,,,,[],22.6309090,114.0316090
https://sz.lianjia.com/zufang/SZ2222228693638447104.html,南山区,南头,南景苑 1室0厅 南,3800元/月 ,租赁方式未知,1室0厅1卫,38㎡,朝南,"['https://image1.ljcdn.com/440300-inspection/c5f7df43-0504-4b49-86de-d313cff94c4d.jpg.780x439.jpg', 'https://s1.ljcdn.com/matrix_lianjia_pc/dist/pc/src/resource/default/780-439.png?_v=201906280941017d9']",3个月前,随时入住,暂无数据,需提前预约,低楼层/31层,有,暂无数据,暂无数据,暂无数据,有,暂无数据,['近地铁'],"['1号线(罗宝线) - 桃园', '491m', '1号线(罗宝线) - 大新', '518m', '11号线 - 南山', '946m']",22.537619731494,113.92702471013
https://sz.lianjia.com/zufang/SZ2239699724804833280.html,龙岗区,龙岗中心城,整租·珑禧 3室1厅 南,3400元/月 (月付价),整租,3室1厅1卫,80㎡,朝南,"['https://image1.ljcdn.com/440300-inspection/b57367c2-d97c-480b-8b55-9bd5d7cc7113.jpg.780x439.jpg', 'https://s1.ljcdn.com/matrix_lianjia_pc/dist/pc/src/resource/default/780-439.png?_v=201906280941017d9', 'https://s1.ljcdn.com/matrix_lianjia_pc/dist/pc/src/resource/default/780-439.png?_v=201906280941017d9', 'https://s1.ljcdn.com/matrix_lianjia_pc/dist/pc/src/resource/default/780-439.png?_v=201906280941017d9', 'https://s1.ljcdn.com/matrix_lianjia_pc/dist/pc/src/resource/default/780-439.png?_v=201906280941017d9', 'https://s1.ljcdn.com/matrix_lianjia_pc/dist/pc/src/resource/default/780-439.png?_v=201906280941017d9', 'https://s1.ljcdn.com/matrix_lianjia_pc/dist/pc/src/resource/default/780-439.png?_v=201906280941017d9', 'https://s1.ljcdn.com/matrix_lianjia_pc/dist/pc/src/resource/default/780-439.png?_v=201906280941017d9', 'https://s1.ljcdn.com/matrix_lianjia_pc/dist/pc/src/resource/default/780-439.png?_v=201906280941017d9', 'https://s1.ljcdn.com/matrix_lianjia_pc/dist/pc/src/resource/default/780-439.png?_v=201906280941017d9']",2个月前,随时入住,1年以内,需提前预约,中楼层/29层,有,暂无数据,民水,民电,有,暂无数据,"['精装', '随时看房']",[],22.745563,114.25163
https://sz.lianjia.com/zufang/SZ2270788849107992576.html,南山区,后海,整租·南油B区 1室1厅 南,4500元/月 ,整租,1室1厅1卫,38㎡,朝南,"['https://image1.ljcdn.com/440300-inspection/016f7ca2-f359-4aab-b8f7-6d483c130aff.jpg.780x439.jpg', 'https://s1.ljcdn.com/matrix_lianjia_pc/dist/pc/src/resource/default/780-439.png?_v=201906280941017d9', 'https://s1.ljcdn.com/matrix_lianjia_pc/dist/pc/src/resource/default/780-439.png?_v=201906280941017d9', 'https://s1.ljcdn.com/matrix_lianjia_pc/dist/pc/src/resource/default/780-439.png?_v=201906280941017d9', 'https://s1.ljcdn.com/matrix_lianjia_pc/dist/pc/src/resource/default/780-439.png?_v=201906280941017d9', 'https://s1.ljcdn.com/matrix_lianjia_pc/dist/pc/src/resource/default/780-439.png?_v=201906280941017d9']",23天前,随时入住,1年以内,一般下班后可看,高楼层/7层,无,暂无数据,民水,民电,有,暂无数据,"['近地铁', '精装']","['2号线(蛇口线) - 登良', '704m']",22.51694,113.936734
https://sz.lianjia.com/apartment/18567.html,,,冠寓 · 深圳前海店,"
冠寓 · 深圳前海店

          3979元/月起

",,,,,"['https://image1.ljcdn.com/rent-house-1/e067d74ca3cefe515bb47a92f8ce9933-1561493638797/9e30a4635c871728bcbe1617345fed1e.jpg.1150x.jpg', 'https://s1.ljcdn.com/matrix_lianjia_pc/dist/pc/src/resource/default/1150-450.png?_v=201906280941017d9', 'https://s1.ljcdn.com/matrix_lianjia_pc/dist/pc/src/resource/default/1150-450.png?_v=201906280941017d9', 'https://s1.ljcdn.com/matrix_lianjia_pc/dist/pc/src/resource/default/1150-450.png?_v=201906280941017d9', 'https://s1.ljcdn.com/matrix_lianjia_pc/dist/pc/src/resource/default/1150-450.png?_v=201906280941017d9', 'https://s1.ljcdn.com/matrix_lianjia_pc/dist/pc/src/resource/default/1150-450.png?_v=201906280941017d9']",,,,,,,,,,,,,[],22.515757159491333,113.89372903599482
https://sz.lianjia.com/zufang/SZ2151314154152001536.html,罗湖区,春风路,整租·长丰苑 2室1厅 南,4230元/月 (季付价),整租,2室1厅1卫,45㎡,朝南,"['https://image1.ljcdn.com/rent-house-1/636f69b83827f24f7723a443c68fdbb3-1561062076809/518e3b788be76a72cbc0c6de328ad111.jpg.780x439.jpg', 'https://s1.ljcdn.com/matrix_lianjia_pc/dist/pc/src/resource/default/780-439.png?_v=201906280941017d9', 'https://s1.ljcdn.com/matrix_lianjia_pc/dist/pc/src/resource/default/780-439.png?_v=201906280941017d9', 'https://s1.ljcdn.com/matrix_lianjia_pc/dist/pc/src/resource/default/780-439.png?_v=201906280941017d9', 'https://s1.ljcdn.com/matrix_lianjia_pc/dist/pc/src/resource/default/780-439.png?_v=201906280941017d9', 'https://s1.ljcdn.com/matrix_lianjia_pc/dist/pc/src/resource/default/780-439.png?_v=201906280941017d9']",6个月前,随时入住,1年,随时可看,19/30层,暂无数据,暂无数据,暂无数据,暂无数据,暂无数据,暂无数据,"['公寓', '近地铁', '随时看房']","['9号线 - 向西村', '51m', '2号线(蛇口线) - 湖贝', '394m', '9号线 - 文锦', '413m', '1号线(罗宝线) - 国贸', '842m', '9号线 - 人民南', '1106m']",22.547595527329,114.13373950594
https://sz.lianjia.com/zufang/SZ2278143826411929600.html,龙岗区,大运新城,整租·中海康城花园二期 2室1厅 南/西,3000元/月 ,整租,2室1厅1卫,75㎡,朝南 西,"['https://image1.ljcdn.com/440300-inspection/602704a0-b81a-4d5c-9fa4-11eda97cf7fd.jpg.780x439.jpg', 'https://s1.ljcdn.com/matrix_lianjia_pc/dist/pc/src/resource/default/780-439.png?_v=201906280941017d9', 'https://s1.ljcdn.com/matrix_lianjia_pc/dist/pc/src/resource/default/780-439.png?_v=201906280941017d9', 'https://s1.ljcdn.com/matrix_lianjia_pc/dist/pc/src/resource/default/780-439.png?_v=201906280941017d9', 'https://s1.ljcdn.com/matrix_lianjia_pc/dist/pc/src/resource/default/780-439.png?_v=201906280941017d9']",16天前,2019-07-15,1年以内,需提前预约,中楼层/20层,有,租用车位,民水,民电,有,暂无数据,['精装'],[],22.716854,114.215913
https://sz.lianjia.com/zufang/SZ2226859851286315008.html,龙岗区,坂田,星光之约 2室2厅 南,4300元/月 ,租赁方式未知,2室2厅1卫,64㎡,朝南,"['https://image1.ljcdn.com/440300-inspection/2aca2fa7-da59-4c85-aa11-8d30d2dffc3d.jpg.780x439.jpg', 'https://s1.ljcdn.com/matrix_lianjia_pc/dist/pc/src/resource/default/780-439.png?_v=201906280941017d9', 'https://s1.ljcdn.com/matrix_lianjia_pc/dist/pc/src/resource/default/780-439.png?_v=201906280941017d9', 'https://s1.ljcdn.com/matrix_lianjia_pc/dist/pc/src/resource/default/780-439.png?_v=201906280941017d9', 'https://s1.ljcdn.com/matrix_lianjia_pc/dist/pc/src/resource/default/780-439.png?_v=201906280941017d9']",2个月前,随时入住,暂无数据,需提前预约,高楼层/6层,无,暂无数据,商水,商电,有,暂无数据,[],[],22.614185529867,114.06865777988
https://sz.lianjia.com/zufang/SZ2281791556581064704.html,福田区,华强北,赛格公寓 1室0厅 南,4500元/月 ,租赁方式未知,1室0厅1卫,43㎡,朝南,"['https://image1.ljcdn.com/hdic-frame/6ba387bc-e38c-48a2-9855-8b615a1f5f94.png.780x439.jpg', 'https://s1.ljcdn.com/matrix_lianjia_pc/dist/pc/src/resource/default/780-439.png?_v=201906280941017d9', 'https://s1.ljcdn.com/matrix_lianjia_pc/dist/pc/src/resource/default/780-439.png?_v=201906280941017d9', 'https://s1.ljcdn.com/matrix_lianjia_pc/dist/pc/src/resource/default/780-439.png?_v=201906280941017d9', 'https://s1.ljcdn.com/matrix_lianjia_pc/dist/pc/src/resource/default/780-439.png?_v=201906280941017d9', 'https://s1.ljcdn.com/matrix_lianjia_pc/dist/pc/src/resource/default/780-439.png?_v=201906280941017d9']",11天前,随时入住,暂无数据,需提前预约,低楼层/10层,无,暂无数据,民水,民电,有,暂无数据,"['近地铁', '随时看房']","['3号线(龙岗线),7号线 - 华新', '201m', '2号线(蛇口线),7号线 - 华强北', '418m', '2号线(蛇口线) - 燕南', '533m', '3号线(龙岗线) - 通新岭', '783m', '1号线(罗宝线) - 华强路', '972m', '1号线(罗宝线) - 科学馆', '1165m']",22.55329878529,114.09522071212
https://sz.lianjia.com/zufang/SZ2246126907718369280.html,福田区,梅林,整租·旭飞华安园 1室1厅 南,3960元/月 (季付价),整租,1室1厅1卫,21㎡,朝南,"['https://image1.ljcdn.com/rent-house-1/636f69b83827f24f7723a443c68fdbb3-1561201943143/f4f9be6e908f1161e8bff6d55fdfc1d1.jpg.780x439.jpg', 'https://s1.ljcdn.com/matrix_lianjia_pc/dist/pc/src/resource/default/780-439.png?_v=201906280941017d9', 'https://s1.ljcdn.com/matrix_lianjia_pc/dist/pc/src/resource/default/780-439.png?_v=201906280941017d9', 'https://s1.ljcdn.com/matrix_lianjia_pc/dist/pc/src/resource/default/780-439.png?_v=201906280941017d9', 'https://s1.ljcdn.com/matrix_lianjia_pc/dist/pc/src/resource/default/780-439.png?_v=201906280941017d9', 'https://s1.ljcdn.com/matrix_lianjia_pc/dist/pc/src/resource/default/780-439.png?_v=201906280941017d9', 'https://s1.ljcdn.com/matrix_lianjia_pc/dist/pc/src/resource/default/780-439.png?_v=201906280941017d9']",2个月前,随时入住,3~12个月,随时可看,5/12层,暂无数据,暂无数据,暂无数据,暂无数据,暂无数据,暂无数据,"['公寓', '月租', '近地铁', '随时看房']","['4号线(龙华线) - 莲花北', '621m', '4号线(龙华线),9号线 - 上梅林', '723m', '9号线 - 梅村', '1009m', '9号线 - 孖岭', '1056m']",22.57085235144,114.0669771379
https://sz.lianjia.com/zufang/SZ2285669003655380992.html,福田区,皇岗,整租·晨晖家园 1室0厅 南,4500元/月 (月付价),整租,1室0厅1卫,35㎡,朝 南,"['https://image1.ljcdn.com/rent-user-avatar/ccb1a3c8-b804-41f3-bbfe-28ce6696e3e4.780x439.jpg', 'https://s1.ljcdn.com/matrix_lianjia_pc/dist/pc/src/resource/default/780-439.png?_v=201906280941017d9']",6天前,随时入住,1~3年,随时可看,14/18层,有,暂无数据,民水,民电,有,暂无数据,"['近地铁', '精装', '新上', '随时看房']","['4号线(龙华线),7号线 - 福民', '713m', '7号线 - 皇岗村', '759m', '4号线(龙华线) - 福田口岸', '1187m']",22.525784,114.067795
https://sz.lianjia.com/zufang/SZ2286236672595066880.html,龙华区,深圳北站,整租·世纪春城三期7号地 2室1厅 南,4200元/月 ,整租,2室1厅1卫,38㎡,朝南,"['https://image1.ljcdn.com/440300-inspection/6c989e45-a58a-4d06-b698-198cc1a082d7.jpg.780x439.jpg', 'https://s1.ljcdn.com/matrix_lianjia_pc/dist/pc/src/resource/default/780-439.png?_v=201906280941017d9', 'https://s1.ljcdn.com/matrix_lianjia_pc/dist/pc/src/resource/default/780-439.png?_v=201906280941017d9', 'https://s1.ljcdn.com/matrix_lianjia_pc/dist/pc/src/resource/default/780-439.png?_v=201906280941017d9', 'https://s1.ljcdn.com/matrix_lianjia_pc/dist/pc/src/resource/default/780-439.png?_v=201906280941017d9', 'https://s1.ljcdn.com/matrix_lianjia_pc/dist/pc/src/resource/default/780-439.png?_v=201906280941017d9']",5天前,随时入住,1年以内,需提前预约,中楼层/11层,有,暂无数据,民水,民电,有,暂无数据,"['精装', '新上']",[],22.630989,114.042229
https://sz.lianjia.com/zufang/SZ2215831450689732608.html,南山区,蛇口,海月花园一期 1室1厅 南,4000元/月 ,租赁方式未知,1室1厅1卫,13㎡,朝南,"['https://image1.ljcdn.com/440300-inspection/cf6186e9-8f75-4d18-9832-ff1e4a23b2b3.JPG.780x439.jpg', 'https://s1.ljcdn.com/matrix_lianjia_pc/dist/pc/src/resource/default/780-439.png?_v=201906280941017d9', 'https://s1.ljcdn.com/matrix_lianjia_pc/dist/pc/src/resource/default/780-439.png?_v=201906280941017d9', 'https://s1.ljcdn.com/matrix_lianjia_pc/dist/pc/src/resource/default/780-439.png?_v=201906280941017d9', 'https://s1.ljcdn.com/matrix_lianjia_pc/dist/pc/src/resource/default/780-439.png?_v=201906280941017d9', 'https://s1.ljcdn.com/matrix_lianjia_pc/dist/pc/src/resource/default/780-439.png?_v=201906280941017d9', 'https://s1.ljcdn.com/matrix_lianjia_pc/dist/pc/src/resource/default/780-439.png?_v=201906280941017d9', 'https://s1.ljcdn.com/matrix_lianjia_pc/dist/pc/src/resource/default/780-439.png?_v=201906280941017d9', 'https://s1.ljcdn.com/matrix_lianjia_pc/dist/pc/src/resource/default/780-439.png?_v=201906280941017d9', 'https://s1.ljcdn.com/matrix_lianjia_pc/dist/pc/src/resource/default/780-439.png?_v=201906280941017d9', 'https://s1.ljcdn.com/matrix_lianjia_pc/dist/pc/src/resource/default/780-439.png?_v=201906280941017d9', 'https://s1.ljcdn.com/matrix_lianjia_pc/dist/pc/src/resource/default/780-439.png?_v=201906280941017d9']",3个月前,随时入住,暂无数据,需提前预约,低楼层/7层,无,暂无数据,民水,民电,有,暂无数据,['近地铁'],"['2号线(蛇口线) - 海月', '406m', '2号线(蛇口线) - 登良', '729m', '2号线(蛇口线) - 湾厦', '1018m']",22.508631,113.940222
https://sz.lianjia.com/zufang/SZ2278767225470976000.html,龙岗区,布吉街,阳光花园 1室1厅 南,3400元/月 ,租赁方式未知,1室1厅1卫,46㎡,朝南,"['https://image1.ljcdn.com/440300-inspection/bd1860b3-d033-4b6d-ad46-cf166a10dab1.jpg.780x439.jpg', 'https://s1.ljcdn.com/matrix_lianjia_pc/dist/pc/src/resource/default/780-439.png?_v=201906280941017d9', 'https://s1.ljcdn.com/matrix_lianjia_pc/dist/pc/src/resource/default/780-439.png?_v=201906280941017d9', 'https://s1.ljcdn.com/matrix_lianjia_pc/dist/pc/src/resource/default/780-439.png?_v=201906280941017d9', 'https://s1.ljcdn.com/matrix_lianjia_pc/dist/pc/src/resource/default/780-439.png?_v=201906280941017d9', 'https://s1.ljcdn.com/matrix_lianjia_pc/dist/pc/src/resource/default/780-439.png?_v=201906280941017d9']",15天前,2019-07-01,暂无数据,只能周末看房,中楼层/32层,有,暂无数据,民水,民电,有,暂无数据,"['近地铁', '随时看房']","['5号线(环中线) - 下水径', '692m', '5号线(环中线) - 长龙', '1137m']",22.621493613324,114.12303537323
https://sz.lianjia.com/zufang/SZ2282093454597029888.html,龙岗区,坂田,整租·杨美金竹小区 1室1厅 东南/南,3088元/月 (月付价),整租,1室1厅1卫,30㎡,朝 东南 南,"['https://image1.ljcdn.com/rent-user-avatar/0bd00b99-16ef-480c-984a-b5dea3dee7d8.780x439.jpg', 'https://s1.ljcdn.com/matrix_lianjia_pc/dist/pc/src/resource/default/780-439.png?_v=201906280941017d9', 'https://s1.ljcdn.com/matrix_lianjia_pc/dist/pc/src/resource/default/780-439.png?_v=201906280941017d9', 'https://s1.ljcdn.com/matrix_lianjia_pc/dist/pc/src/resource/default/780-439.png?_v=201906280941017d9', 'https://s1.ljcdn.com/matrix_lianjia_pc/dist/pc/src/resource/default/780-439.png?_v=201906280941017d9', 'https://s1.ljcdn.com/matrix_lianjia_pc/dist/pc/src/resource/default/780-439.png?_v=201906280941017d9']",11天前,随时入住,1年,随时可看,4/5层,有,暂无数据,民水,民电,有,暂无数据,"['公寓', '近地铁', '精装', '押一付一', '随时看房']","['5号线(环中线) - 杨美', '885m']",22.638056,114.089378
https://sz.lianjia.com/apartment/18205.html,,,八号季 · 洪湖店,"
八号季 · 洪湖店

          3380元/月起

",,,,,"['https://image1.ljcdn.com/rent-user-avatar/6651a335-aa60-40ff-b944-87899899ed0d.1150x.jpg', 'https://s1.ljcdn.com/matrix_lianjia_pc/dist/pc/src/resource/default/1150-450.png?_v=201906280941017d9', 'https://s1.ljcdn.com/matrix_lianjia_pc/dist/pc/src/resource/default/1150-450.png?_v=201906280941017d9', 'https://s1.ljcdn.com/matrix_lianjia_pc/dist/pc/src/resource/default/1150-450.png?_v=201906280941017d9', 'https://s1.ljcdn.com/matrix_lianjia_pc/dist/pc/src/resource/default/1150-450.png?_v=201906280941017d9', 'https://s1.ljcdn.com/matrix_lianjia_pc/dist/pc/src/resource/default/1150-450.png?_v=201906280941017d9', 'https://s1.ljcdn.com/matrix_lianjia_pc/dist/pc/src/resource/default/1150-450.png?_v=201906280941017d9', 'https://s1.ljcdn.com/matrix_lianjia_pc/dist/pc/src/resource/default/1150-450.png?_v=201906280941017d9', 'https://s1.ljcdn.com/matrix_lianjia_pc/dist/pc/src/resource/default/1150-450.png?_v=201906280941017d9', 'https://s1.ljcdn.com/matrix_lianjia_pc/dist/pc/src/resource/default/1150-450.png?_v=201906280941017d9', 'https://s1.ljcdn.com/matrix_lianjia_pc/dist/pc/src/resource/default/1150-450.png?_v=201906280941017d9', 'https://s1.ljcdn.com/matrix_lianjia_pc/dist/pc/src/resource/default/1150-450.png?_v=201906280941017d9', 'https://s1.ljcdn.com/matrix_lianjia_pc/dist/pc/src/resource/default/1150-450.png?_v=201906280941017d9', 'https://s1.ljcdn.com/matrix_lianjia_pc/dist/pc/src/resource/default/1150-450.png?_v=201906280941017d9', 'https://s1.ljcdn.com/matrix_lianjia_pc/dist/pc/src/resource/default/1150-450.png?_v=201906280941017d9', 'https://s1.ljcdn.com/matrix_lianjia_pc/dist/pc/src/resource/default/1150-450.png?_v=201906280941017d9', 'https://s1.ljcdn.com/matrix_lianjia_pc/dist/pc/src/resource/default/1150-450.png?_v=201906280941017d9', 'https://s1.ljcdn.com/matrix_lianjia_pc/dist/pc/src/resource/default/1150-450.png?_v=201906280941017d9', 'https://s1.ljcdn.com/matrix_lianjia_pc/dist/pc/src/resource/default/1150-450.png?_v=201906280941017d9', 'https://s1.ljcdn.com/matrix_lianjia_pc/dist/pc/src/resource/default/1150-450.png?_v=201906280941017d9', 'https://s1.ljcdn.com/matrix_lianjia_pc/dist/pc/src/resource/default/1150-450.png?_v=201906280941017d9', 'https://s1.ljcdn.com/matrix_lianjia_pc/dist/pc/src/resource/default/1150-450.png?_v=201906280941017d9', 'https://s1.ljcdn.com/matrix_lianjia_pc/dist/pc/src/resource/default/1150-450.png?_v=201906280941017d9']",,,,,,,,,,,,,[],22.566753,114.128272
https://sz.lianjia.com/zufang/SZ2251173469511761920.html,福田区,景田,合正名园 1室1厅 南,4600元/月 ,租赁方式未知,1室1厅1卫,35㎡,朝南,"['https://image1.ljcdn.com/440300-inspection/a9c66cf4-bbd8-4c69-864f-b91a7b20af97.jpg.780x439.jpg', 'https://s1.ljcdn.com/matrix_lianjia_pc/dist/pc/src/resource/default/780-439.png?_v=201906280941017d9', 'https://s1.ljcdn.com/matrix_lianjia_pc/dist/pc/src/resource/default/780-439.png?_v=201906280941017d9', 'https://s1.ljcdn.com/matrix_lianjia_pc/dist/pc/src/resource/default/780-439.png?_v=201906280941017d9', 'https://s1.ljcdn.com/matrix_lianjia_pc/dist/pc/src/resource/default/780-439.png?_v=201906280941017d9']",1个月前,随时入住,暂无数据,需提前预约,低楼层/8层,有,暂无数据,民水,民电,有,暂无数据,['近地铁'],"['1号线(罗宝线) - 香蜜湖', '630m', '9号线 - 香梅', '657m', '2号线(蛇口线) - 莲花西', '949m', '2号线(蛇口线),3号线(龙岗线),11号线 - 福田', '1191m']",22.548378,114.051109
https://sz.lianjia.com/zufang/SZ2025274017829109760.html,龙华区,龙华新区,卓能雅苑 2室2厅 南,3500元/月 ,租赁方式未知,2室2厅1卫,77㎡,朝南,"['https://image1.ljcdn.com/440300-inspection/839f71f8-d59a-4d82-8705-5324e593eab9.jpg.780x439.jpg', 'https://s1.ljcdn.com/matrix_lianjia_pc/dist/pc/src/resource/default/780-439.png?_v=201906280941017d9', 'https://s1.ljcdn.com/matrix_lianjia_pc/dist/pc/src/resource/default/780-439.png?_v=201906280941017d9', 'https://s1.ljcdn.com/matrix_lianjia_pc/dist/pc/src/resource/default/780-439.png?_v=201906280941017d9', 'https://s1.ljcdn.com/matrix_lianjia_pc/dist/pc/src/resource/default/780-439.png?_v=201906280941017d9', 'https://s1.ljcdn.com/matrix_lianjia_pc/dist/pc/src/resource/default/780-439.png?_v=201906280941017d9', 'https://s1.ljcdn.com/matrix_lianjia_pc/dist/pc/src/resource/default/780-439.png?_v=201906280941017d9', 'https://s1.ljcdn.com/matrix_lianjia_pc/dist/pc/src/resource/default/780-439.png?_v=201906280941017d9']",1年前,随时入住,暂无数据,需提前预约,中楼层/18层,暂无数据,暂无数据,民水,民电,有,暂无数据,['随时看房'],[],22.637651,114.049393
https://sz.lianjia.com/zufang/SZ2277363803929198592.html,龙岗区,龙岗中心城,华业玫瑰郡 3室1厅 南,3800元/月 ,租赁方式未知,3室1厅1卫,85㎡,朝南,"['https://image1.ljcdn.com/440300-inspection/3c739d02-941e-49b3-b8e7-b443ad80a8e7.jpg.780x439.jpg', 'https://s1.ljcdn.com/matrix_lianjia_pc/dist/pc/src/resource/default/780-439.png?_v=201906280941017d9', 'https://s1.ljcdn.com/matrix_lianjia_pc/dist/pc/src/resource/default/780-439.png?_v=201906280941017d9', 'https://s1.ljcdn.com/matrix_lianjia_pc/dist/pc/src/resource/default/780-439.png?_v=201906280941017d9', 'https://s1.ljcdn.com/matrix_lianjia_pc/dist/pc/src/resource/default/780-439.png?_v=201906280941017d9', 'https://s1.ljcdn.com/matrix_lianjia_pc/dist/pc/src/resource/default/780-439.png?_v=201906280941017d9', 'https://s1.ljcdn.com/matrix_lianjia_pc/dist/pc/src/resource/default/780-439.png?_v=201906280941017d9', 'https://s1.ljcdn.com/matrix_lianjia_pc/dist/pc/src/resource/default/780-439.png?_v=201906280941017d9']",17天前,随时入住,暂无数据,需提前预约,中楼层/18层,有,暂无数据,民水,民电,有,暂无数据,[],[],22.738140372486,114.24368866938
https://sz.lianjia.com/zufang/SZ2274396853347303424.html,龙岗区,龙岗中心城,招商依山郡 2室1厅 南,3000元/月 ,租赁方式未知,2室1厅1卫,57㎡,朝南,"['https://image1.ljcdn.com/440300-inspection/249b1757-0211-4e79-b8a7-1f357ec537a7.jpg.780x439.jpg', 'https://s1.ljcdn.com/matrix_lianjia_pc/dist/pc/src/resource/default/780-439.png?_v=201906280941017d9', 'https://s1.ljcdn.com/matrix_lianjia_pc/dist/pc/src/resource/default/780-439.png?_v=201906280941017d9', 'https://s1.ljcdn.com/matrix_lianjia_pc/dist/pc/src/resource/default/780-439.png?_v=201906280941017d9', 'https://s1.ljcdn.com/matrix_lianjia_pc/dist/pc/src/resource/default/780-439.png?_v=201906280941017d9', 'https://s1.ljcdn.com/matrix_lianjia_pc/dist/pc/src/resource/default/780-439.png?_v=201906280941017d9']",21天前,随时入住,暂无数据,需提前预约,中楼层/18层,有,暂无数据,民水,民电,有,暂无数据,['随时看房'],[],22.734888,114.225089
