房源地址,行政区,位置,标题,租金,租赁方式,户型,面积,朝向,图片列表,发布时间,入住时间,租期,看房时间,楼层,电梯,车位,用水,用电,燃气,采暖,标签,station,latitude,longtitude
https://sz.lianjia.com/zufang/SZ2192458210412068864.html,宝安区,沙井,整租·华侨城四海云亭 4室2厅 东南/南,4500元/月 (月付价),整租,4室2厅2卫,129㎡,朝东南 南,"['https://image1.ljcdn.com/rent-user-avatar/3299e6d6-68a8-45d4-9502-12e5e6506f8d.780x439.jpg', 'https://s1.ljcdn.com/matrix_lianjia_pc/dist/pc/src/resource/default/780-439.png?_v=201906280941017d9', 'https://s1.ljcdn.com/matrix_lianjia_pc/dist/pc/src/resource/default/780-439.png?_v=201906280941017d9', 'https://s1.ljcdn.com/matrix_lianjia_pc/dist/pc/src/resource/default/780-439.png?_v=201906280941017d9', 'https://s1.ljcdn.com/matrix_lianjia_pc/dist/pc/src/resource/default/780-439.png?_v=201906280941017d9', 'https://s1.ljcdn.com/matrix_lianjia_pc/dist/pc/src/resource/default/780-439.png?_v=201906280941017d9', 'https://s1.ljcdn.com/matrix_lianjia_pc/dist/pc/src/resource/default/780-439.png?_v=201906280941017d9', 'https://s1.ljcdn.com/matrix_lianjia_pc/dist/pc/src/resource/default/780-439.png?_v=201906280941017d9', 'https://s1.ljcdn.com/matrix_lianjia_pc/dist/pc/src/resource/default/780-439.png?_v=201906280941017d9']",4个月前,随时入住,1年以上,随时可看,28/33层,暂无数据,租用车位,暂无数据,暂无数据,暂无数据,自采暖,"['公寓', '精装', '双卫生间', '随时看房']",[],22.76318,113.827094
https://sz.lianjia.com/zufang/SZ2261456333620379648.html,罗湖区,黄贝岭,怡泰大厦 2室1厅 南,4800元/月 ,租赁方式未知,2室1厅1卫,57㎡,朝南,"['https://image1.ljcdn.com/440300-inspection/41da61ba-9ad4-4093-8ed6-23c52e22134f.jpg.780x439.jpg', 'https://s1.ljcdn.com/matrix_lianjia_pc/dist/pc/src/resource/default/780-439.png?_v=201906280941017d9', 'https://s1.ljcdn.com/matrix_lianjia_pc/dist/pc/src/resource/default/780-439.png?_v=201906280941017d9', 'https://s1.ljcdn.com/matrix_lianjia_pc/dist/pc/src/resource/default/780-439.png?_v=201906280941017d9', 'https://s1.ljcdn.com/matrix_lianjia_pc/dist/pc/src/resource/default/780-439.png?_v=201906280941017d9', 'https://s1.ljcdn.com/matrix_lianjia_pc/dist/pc/src/resource/default/780-439.png?_v=201906280941017d9', 'https://s1.ljcdn.com/matrix_lianjia_pc/dist/pc/src/resource/default/780-439.png?_v=201906280941017d9', 'https://s1.ljcdn.com/matrix_lianjia_pc/dist/pc/src/resource/default/780-439.png?_v=201906280941017d9']",1个月前,随时入住,暂无数据,需提前预约,中楼层/29层,有,暂无数据,民水,民电,有,暂无数据,"['近地铁', '随时看房']","['3号线(龙岗线) - 翠竹', '292m', '3号线(龙岗线) - 晒布', '758m']",22.560464226351,114.13423662665
https://sz.lianjia.com/zufang/SZ2236940664179007488.html,龙华区,观澜,招商澜园 2室1厅 南,3800元/月 ,租赁方式未知,2室1厅1卫,52㎡,朝南,"['https://image1.ljcdn.com/440300-inspection/bee5bcc7-6e53-418e-bf21-ce052c3e8bd6.jpg.780x439.jpg', 'https://s1.ljcdn.com/matrix_lianjia_pc/dist/pc/src/resource/default/780-439.png?_v=201906280941017d9', 'https://s1.ljcdn.com/matrix_lianjia_pc/dist/pc/src/resource/default/780-439.png?_v=201906280941017d9', 'https://s1.ljcdn.com/matrix_lianjia_pc/dist/pc/src/resource/default/780-439.png?_v=201906280941017d9', 'https://s1.ljcdn.com/matrix_lianjia_pc/dist/pc/src/resource/default/780-439.png?_v=201906280941017d9']",2个月前,随时入住,暂无数据,暂无数据,低楼层/25层,有,暂无数据,民水,民电,有,暂无数据,['随时看房'],[],22.69055,114.054091
https://sz.lianjia.com/zufang/SZ2280470089549479936.html,龙岗区,龙岗中心城,万科翰邻城 4室1厅 南,4300元/月 ,租赁方式未知,4室1厅2卫,89㎡,朝南,"['https://image1.ljcdn.com/440300-inspection/00328849-6e3f-41ed-b05b-8d578ee6f4c8.png.780x439.jpg', 'https://s1.ljcdn.com/matrix_lianjia_pc/dist/pc/src/resource/default/780-439.png?_v=201906280941017d9', 'https://s1.ljcdn.com/matrix_lianjia_pc/dist/pc/src/resource/default/780-439.png?_v=201906280941017d9', 'https://s1.ljcdn.com/matrix_lianjia_pc/dist/pc/src/resource/default/780-439.png?_v=201906280941017d9', 'https://s1.ljcdn.com/matrix_lianjia_pc/dist/pc/src/resource/default/780-439.png?_v=201906280941017d9', 'https://s1.ljcdn.com/matrix_lianjia_pc/dist/pc/src/resource/default/780-439.png?_v=201906280941017d9', 'https://s1.ljcdn.com/matrix_lianjia_pc/dist/pc/src/resource/default/780-439.png?_v=201906280941017d9', 'https://s1.ljcdn.com/matrix_lianjia_pc/dist/pc/src/resource/default/780-439.png?_v=201906280941017d9', 'https://s1.ljcdn.com/matrix_lianjia_pc/dist/pc/src/resource/default/780-439.png?_v=201906280941017d9']",13天前,随时入住,暂无数据,需提前预约,低楼层/32层,有,暂无数据,民水,民电,有,暂无数据,[],[],22.736805,114.237329
https://sz.lianjia.com/zufang/SZ2283312490685407232.html,龙岗区,坂田,整租·绿怡居 1室1厅 南,4030元/月 (季付价),整租,1室1厅1卫,50㎡,朝南,"['https://image1.ljcdn.com/rent-house-1/636f69b83827f24f7723a443c68fdbb3-1561184156951/d4247a13bfcf246da7f197529987eb0d.jpg.780x439.jpg', 'https://s1.ljcdn.com/matrix_lianjia_pc/dist/pc/src/resource/default/780-439.png?_v=201906280941017d9', 'https://s1.ljcdn.com/matrix_lianjia_pc/dist/pc/src/resource/default/780-439.png?_v=201906280941017d9', 'https://s1.ljcdn.com/matrix_lianjia_pc/dist/pc/src/resource/default/780-439.png?_v=201906280941017d9', 'https://s1.ljcdn.com/matrix_lianjia_pc/dist/pc/src/resource/default/780-439.png?_v=201906280941017d9', 'https://s1.ljcdn.com/matrix_lianjia_pc/dist/pc/src/resource/default/780-439.png?_v=201906280941017d9', 'https://s1.ljcdn.com/matrix_lianjia_pc/dist/pc/src/resource/default/780-439.png?_v=201906280941017d9', 'https://s1.ljcdn.com/matrix_lianjia_pc/dist/pc/src/resource/default/780-439.png?_v=201906280941017d9']",9天前,随时入住,1年,随时可看,18/23层,暂无数据,暂无数据,暂无数据,暂无数据,暂无数据,暂无数据,"['公寓', '近地铁', '随时看房']","['5号线(环中线) - 坂田', '42m', '5号线(环中线) - 杨美', '909m', '5号线(环中线) - 五和', '1008m']",22.632587619355,114.07703032907
https://sz.lianjia.com/zufang/SZ2282778467873865728.html,福田区,皇岗,整租·晨晖家园 1室0厅 南,4800元/月 (月付价),整租,1室0厅1卫,35㎡,朝 南,"['https://image1.ljcdn.com/rent-user-avatar/5f9c0af1-1ed7-4144-9453-81ee726dd8fb.780x439.jpg', 'https://s1.ljcdn.com/matrix_lianjia_pc/dist/pc/src/resource/default/780-439.png?_v=201906280941017d9', 'https://s1.ljcdn.com/matrix_lianjia_pc/dist/pc/src/resource/default/780-439.png?_v=201906280941017d9']",10天前,随时入住,1~3年,随时可看,13/18层,有,暂无数据,民水,民电,有,暂无数据,"['近地铁', '精装', '随时看房']","['7号线 - 皇岗村', '712m', '4号线(龙华线),7号线 - 福民', '713m', '3号线(龙岗线),7号线 - 石厦', '1169m', '4号线(龙华线) - 福田口岸', '1187m']",22.525557756796,114.06774623111
https://sz.lianjia.com/zufang/SZ2263751175457210368.html,龙岗区,横岗,隆盛花园 2室2厅 东南/南,3800元/月 ,租赁方式未知,2室2厅1卫,89㎡,朝东南 南,"['https://image1.ljcdn.com/440300-inspection/prod-33c3565c-d891-4085-a8e7-b151877f24b6.jpg.780x439.jpg', 'https://s1.ljcdn.com/matrix_lianjia_pc/dist/pc/src/resource/default/780-439.png?_v=201906280941017d9', 'https://s1.ljcdn.com/matrix_lianjia_pc/dist/pc/src/resource/default/780-439.png?_v=201906280941017d9', 'https://s1.ljcdn.com/matrix_lianjia_pc/dist/pc/src/resource/default/780-439.png?_v=201906280941017d9', 'https://s1.ljcdn.com/matrix_lianjia_pc/dist/pc/src/resource/default/780-439.png?_v=201906280941017d9', 'https://s1.ljcdn.com/matrix_lianjia_pc/dist/pc/src/resource/default/780-439.png?_v=201906280941017d9']",1个月前,随时入住,暂无数据,需提前预约,低楼层/10层,有,暂无数据,民水,民电,有,暂无数据,['近地铁'],"['3号线(龙岗线) - 横岗', '893m']",22.654917,114.208862
https://sz.lianjia.com/zufang/SZ2269323742163509248.html,宝安区,松岗,松河瑞园二期 3室2厅 南,4200元/月 ,租赁方式未知,3室2厅1卫,76㎡,朝南,"['https://image1.ljcdn.com/440300-inspection/0db9ef38-42b4-4792-ad68-52bc1fbbb934.jpg.780x439.jpg', 'https://s1.ljcdn.com/matrix_lianjia_pc/dist/pc/src/resource/default/780-439.png?_v=201906280941017d9', 'https://s1.ljcdn.com/matrix_lianjia_pc/dist/pc/src/resource/default/780-439.png?_v=201906280941017d9', 'https://s1.ljcdn.com/matrix_lianjia_pc/dist/pc/src/resource/default/780-439.png?_v=201906280941017d9', 'https://s1.ljcdn.com/matrix_lianjia_pc/dist/pc/src/resource/default/780-439.png?_v=201906280941017d9', 'https://s1.ljcdn.com/matrix_lianjia_pc/dist/pc/src/resource/default/780-439.png?_v=201906280941017d9', 'https://s1.ljcdn.com/matrix_lianjia_pc/dist/pc/src/resource/default/780-439.png?_v=201906280941017d9']",28天前,随时入住,暂无数据,需提前预约,中楼层/32层,有,暂无数据,民水,民电,有,暂无数据,['近地铁'],"['11号线 - 松岗', '627m']",22.774687,113.838082
https://sz.lianjia.com/zufang/SZ2278237002740801536.html,龙岗区,龙岗中心城,整租·徽王府 3室1厅 南,3500元/月 ,整租,3室1厅1卫,78㎡,朝南,"['https://image1.ljcdn.com/440300-inspection/d6c7b62f-ae99-470c-9ff6-4bfb19ee064c.jpg.780x439.jpg', 'https://s1.ljcdn.com/matrix_lianjia_pc/dist/pc/src/resource/default/780-439.png?_v=201906280941017d9', 'https://s1.ljcdn.com/matrix_lianjia_pc/dist/pc/src/resource/default/780-439.png?_v=201906280941017d9', 'https://s1.ljcdn.com/matrix_lianjia_pc/dist/pc/src/resource/default/780-439.png?_v=201906280941017d9', 'https://s1.ljcdn.com/matrix_lianjia_pc/dist/pc/src/resource/default/780-439.png?_v=201906280941017d9', 'https://s1.ljcdn.com/matrix_lianjia_pc/dist/pc/src/resource/default/780-439.png?_v=201906280941017d9', 'https://s1.ljcdn.com/matrix_lianjia_pc/dist/pc/src/resource/default/780-439.png?_v=201906280941017d9']",16天前,随时入住,1年以内,需提前预约,高楼层/18层,有,租用车位,民水,民电,有,暂无数据,['精装'],[],22.734572,114.23395
https://sz.lianjia.com/apartment/17215.html,,,柚米国际社区 · 八卦岭店,"
柚米国际社区 · 八卦岭店

          4000元/月起

",,,,,"['https://image1.ljcdn.com/rent-user-avatar/a04e7c62-f101-42c7-b839-707b7745a2db.1150x.jpg', 'https://s1.ljcdn.com/matrix_lianjia_pc/dist/pc/src/resource/default/1150-450.png?_v=201906280941017d9', 'https://s1.ljcdn.com/matrix_lianjia_pc/dist/pc/src/resource/default/1150-450.png?_v=201906280941017d9', 'https://s1.ljcdn.com/matrix_lianjia_pc/dist/pc/src/resource/default/1150-450.png?_v=201906280941017d9', 'https://s1.ljcdn.com/matrix_lianjia_pc/dist/pc/src/resource/default/1150-450.png?_v=201906280941017d9', 'https://s1.ljcdn.com/matrix_lianjia_pc/dist/pc/src/resource/default/1150-450.png?_v=201906280941017d9', 'https://s1.ljcdn.com/matrix_lianjia_pc/dist/pc/src/resource/default/1150-450.png?_v=201906280941017d9', 'https://s1.ljcdn.com/matrix_lianjia_pc/dist/pc/src/resource/default/1150-450.png?_v=201906280941017d9', 'https://s1.ljcdn.com/matrix_lianjia_pc/dist/pc/src/resource/default/1150-450.png?_v=201906280941017d9', 'https://s1.ljcdn.com/matrix_lianjia_pc/dist/pc/src/resource/default/1150-450.png?_v=201906280941017d9']",,,,,,,,,,,,,[],22.564266,114.107711
https://sz.lianjia.com/zufang/SZ2167289472763297792.html,龙岗区,龙岗中心城,整租·名居广场 3室2厅 南,4450元/月 (月付价),整租,3室2厅1卫,76㎡,朝南,"['https://image1.ljcdn.com/rent-user-avatar/2b27d428-0940-463d-9cfd-9d3d468c35ba.780x439.jpg', 'https://s1.ljcdn.com/matrix_lianjia_pc/dist/pc/src/resource/default/780-439.png?_v=201906280941017d9', 'https://s1.ljcdn.com/matrix_lianjia_pc/dist/pc/src/resource/default/780-439.png?_v=201906280941017d9', 'https://s1.ljcdn.com/matrix_lianjia_pc/dist/pc/src/resource/default/780-439.png?_v=201906280941017d9', 'https://s1.ljcdn.com/matrix_lianjia_pc/dist/pc/src/resource/default/780-439.png?_v=201906280941017d9', 'https://s1.ljcdn.com/matrix_lianjia_pc/dist/pc/src/resource/default/780-439.png?_v=201906280941017d9', 'https://s1.ljcdn.com/matrix_lianjia_pc/dist/pc/src/resource/default/780-439.png?_v=201906280941017d9']",5个月前,随时入住,2个月以上,随时可看,25/31层,暂无数据,免费使用,暂无数据,暂无数据,暂无数据,集中供暖,"['公寓', '月租', '近地铁', '精装', '随时看房']",[],22.704719,114.240139
https://sz.lianjia.com/zufang/SZ2275921705744465920.html,龙岗区,龙岗中心城,愉园新村 3室2厅 南,3000元/月 ,租赁方式未知,3室2厅1卫,97㎡,朝南,"['https://image1.ljcdn.com/440300-inspection/0628b17b-2d35-4ceb-9b5b-846de861b01e.jpg.780x439.jpg', 'https://s1.ljcdn.com/matrix_lianjia_pc/dist/pc/src/resource/default/780-439.png?_v=201906280941017d9', 'https://s1.ljcdn.com/matrix_lianjia_pc/dist/pc/src/resource/default/780-439.png?_v=201906280941017d9', 'https://s1.ljcdn.com/matrix_lianjia_pc/dist/pc/src/resource/default/780-439.png?_v=201906280941017d9', 'https://s1.ljcdn.com/matrix_lianjia_pc/dist/pc/src/resource/default/780-439.png?_v=201906280941017d9', 'https://s1.ljcdn.com/matrix_lianjia_pc/dist/pc/src/resource/default/780-439.png?_v=201906280941017d9', 'https://s1.ljcdn.com/matrix_lianjia_pc/dist/pc/src/resource/default/780-439.png?_v=201906280941017d9', 'https://s1.ljcdn.com/matrix_lianjia_pc/dist/pc/src/resource/default/780-439.png?_v=201906280941017d9']",19天前,随时入住,暂无数据,需提前预约,高楼层/7层,无,暂无数据,民水,民电,有,暂无数据,[],[],22.727454217205,114.24375331862
https://sz.lianjia.com/zufang/SZ2217964086627401728.html,龙岗区,龙岗中心城,新亚洲花园 3室1厅 南,4200元/月 ,租赁方式未知,3室1厅1卫,97㎡,朝南,"['https://image1.ljcdn.com/440300-inspection/88322a72-5820-47fc-8795-aff587aedc36.jpg.780x439.jpg', 'https://s1.ljcdn.com/matrix_lianjia_pc/dist/pc/src/resource/default/780-439.png?_v=201906280941017d9', 'https://s1.ljcdn.com/matrix_lianjia_pc/dist/pc/src/resource/default/780-439.png?_v=201906280941017d9', 'https://s1.ljcdn.com/matrix_lianjia_pc/dist/pc/src/resource/default/780-439.png?_v=201906280941017d9', 'https://s1.ljcdn.com/matrix_lianjia_pc/dist/pc/src/resource/default/780-439.png?_v=201906280941017d9', 'https://s1.ljcdn.com/matrix_lianjia_pc/dist/pc/src/resource/default/780-439.png?_v=201906280941017d9', 'https://s1.ljcdn.com/matrix_lianjia_pc/dist/pc/src/resource/default/780-439.png?_v=201906280941017d9', 'https://s1.ljcdn.com/matrix_lianjia_pc/dist/pc/src/resource/default/780-439.png?_v=201906280941017d9']",2个月前,随时入住,暂无数据,需提前预约,低楼层/11层,有,暂无数据,民水,民电,有,暂无数据,['随时看房'],"['3号线(龙岗线) - 吉祥', '1030m']",22.721905,114.242911
https://sz.lianjia.com/zufang/SZ2251957063746068480.html,龙华区,龙华中心,银泉花园 4室2厅 南,5000元/月 ,租赁方式未知,4室2厅1卫,92㎡,朝南,"['https://image1.ljcdn.com/440300-inspection/a9db9f8e-4d95-471c-b373-39bd5ee2cdfd.jpg.780x439.jpg', 'https://s1.ljcdn.com/matrix_lianjia_pc/dist/pc/src/resource/default/780-439.png?_v=201906280941017d9', 'https://s1.ljcdn.com/matrix_lianjia_pc/dist/pc/src/resource/default/780-439.png?_v=201906280941017d9', 'https://s1.ljcdn.com/matrix_lianjia_pc/dist/pc/src/resource/default/780-439.png?_v=201906280941017d9', 'https://s1.ljcdn.com/matrix_lianjia_pc/dist/pc/src/resource/default/780-439.png?_v=201906280941017d9', 'https://s1.ljcdn.com/matrix_lianjia_pc/dist/pc/src/resource/default/780-439.png?_v=201906280941017d9', 'https://s1.ljcdn.com/matrix_lianjia_pc/dist/pc/src/resource/default/780-439.png?_v=201906280941017d9', 'https://s1.ljcdn.com/matrix_lianjia_pc/dist/pc/src/resource/default/780-439.png?_v=201906280941017d9', 'https://s1.ljcdn.com/matrix_lianjia_pc/dist/pc/src/resource/default/780-439.png?_v=201906280941017d9']",1个月前,随时入住,暂无数据,需提前预约,低楼层/11层,有,暂无数据,民水,民电,有,暂无数据,[],[],22.645676096316,114.03249920096
https://sz.lianjia.com/zufang/SZ2256413482469556224.html,福田区,梅林,整租·蓝宝石名庭 1室1厅 南,4160元/月 (季付价),整租,1室1厅1卫,25㎡,朝南,"['https://image1.ljcdn.com/rent-house-1/636f69b83827f24f7723a443c68fdbb3-1561183897444/d4f4d2a831d889147620eb12707195af.jpg.780x439.jpg', 'https://s1.ljcdn.com/matrix_lianjia_pc/dist/pc/src/resource/default/780-439.png?_v=201906280941017d9', 'https://s1.ljcdn.com/matrix_lianjia_pc/dist/pc/src/resource/default/780-439.png?_v=201906280941017d9', 'https://s1.ljcdn.com/matrix_lianjia_pc/dist/pc/src/resource/default/780-439.png?_v=201906280941017d9', 'https://s1.ljcdn.com/matrix_lianjia_pc/dist/pc/src/resource/default/780-439.png?_v=201906280941017d9', 'https://s1.ljcdn.com/matrix_lianjia_pc/dist/pc/src/resource/default/780-439.png?_v=201906280941017d9']",1个月前,随时入住,1年,随时可看,9/12层,暂无数据,暂无数据,暂无数据,暂无数据,暂无数据,暂无数据,"['公寓', '近地铁', '随时看房']","['4号线(龙华线),9号线 - 上梅林', '587m', '4号线(龙华线) - 莲花北', '720m', '9号线 - 梅村', '866m', '9号线 - 孖岭', '988m']",22.571469,114.066726
https://sz.lianjia.com/apartment/18564.html,,,冠寓 · 深圳固戍地铁站店,"
冠寓 · 深圳固戍地铁站店

          2169元/月起

",,,,,"['https://image1.ljcdn.com/rent-house-1/e067d74ca3cefe515bb47a92f8ce9933-1561659141066/ca6d79ff48466accc97b9bff03d5d55a.jpg.1150x.jpg', 'https://s1.ljcdn.com/matrix_lianjia_pc/dist/pc/src/resource/default/1150-450.png?_v=201906280941017d9', 'https://s1.ljcdn.com/matrix_lianjia_pc/dist/pc/src/resource/default/1150-450.png?_v=201906280941017d9', 'https://s1.ljcdn.com/matrix_lianjia_pc/dist/pc/src/resource/default/1150-450.png?_v=201906280941017d9', 'https://s1.ljcdn.com/matrix_lianjia_pc/dist/pc/src/resource/default/1150-450.png?_v=201906280941017d9', 'https://s1.ljcdn.com/matrix_lianjia_pc/dist/pc/src/resource/default/1150-450.png?_v=201906280941017d9', 'https://s1.ljcdn.com/matrix_lianjia_pc/dist/pc/src/resource/default/1150-450.png?_v=201906280941017d9', 'https://s1.ljcdn.com/matrix_lianjia_pc/dist/pc/src/resource/default/1150-450.png?_v=201906280941017d9', 'https://s1.ljcdn.com/matrix_lianjia_pc/dist/pc/src/resource/default/1150-450.png?_v=201906280941017d9', 'https://s1.ljcdn.com/matrix_lianjia_pc/dist/pc/src/resource/default/1150-450.png?_v=201906280941017d9', 'https://s1.ljcdn.com/matrix_lianjia_pc/dist/pc/src/resource/default/1150-450.png?_v=201906280941017d9', 'https://s1.ljcdn.com/matrix_lianjia_pc/dist/pc/src/resource/default/1150-450.png?_v=201906280941017d9', 'https://s1.ljcdn.com/matrix_lianjia_pc/dist/pc/src/resource/default/1150-450.png?_v=201906280941017d9', 'https://s1.ljcdn.com/matrix_lianjia_pc/dist/pc/src/resource/default/1150-450.png?_v=201906280941017d9', 'https://s1.ljcdn.com/matrix_lianjia_pc/dist/pc/src/resource/default/1150-450.png?_v=201906280941017d9', 'https://s1.ljcdn.com/matrix_lianjia_pc/dist/pc/src/resource/default/1150-450.png?_v=201906280941017d9', 'https://s1.ljcdn.com/matrix_lianjia_pc/dist/pc/src/resource/default/1150-450.png?_v=201906280941017d9', 'https://s1.ljcdn.com/matrix_lianjia_pc/dist/pc/src/resource/default/1150-450.png?_v=201906280941017d9']",,,,,,,,,,,,,[],22.605156704673036,113.85145717896181
https://sz.lianjia.com/zufang/SZ2192845200328491008.html,龙岗区,大运新城,整租·中森双子座公馆 3室2厅 南,3300元/月 (月付价),整租,3室2厅2卫,72㎡,朝南,"['https://image1.ljcdn.com/440300-inspection/5c13eb2f-d85e-4311-a5ce-6d90c3d78454.jpg.780x439.jpg', 'https://s1.ljcdn.com/matrix_lianjia_pc/dist/pc/src/resource/default/780-439.png?_v=201906280941017d9', 'https://s1.ljcdn.com/matrix_lianjia_pc/dist/pc/src/resource/default/780-439.png?_v=201906280941017d9', 'https://s1.ljcdn.com/matrix_lianjia_pc/dist/pc/src/resource/default/780-439.png?_v=201906280941017d9', 'https://s1.ljcdn.com/matrix_lianjia_pc/dist/pc/src/resource/default/780-439.png?_v=201906280941017d9', 'https://s1.ljcdn.com/matrix_lianjia_pc/dist/pc/src/resource/default/780-439.png?_v=201906280941017d9', 'https://s1.ljcdn.com/matrix_lianjia_pc/dist/pc/src/resource/default/780-439.png?_v=201906280941017d9', 'https://s1.ljcdn.com/matrix_lianjia_pc/dist/pc/src/resource/default/780-439.png?_v=201906280941017d9', 'https://s1.ljcdn.com/matrix_lianjia_pc/dist/pc/src/resource/default/780-439.png?_v=201906280941017d9', 'https://s1.ljcdn.com/matrix_lianjia_pc/dist/pc/src/resource/default/780-439.png?_v=201906280941017d9', 'https://s1.ljcdn.com/matrix_lianjia_pc/dist/pc/src/resource/default/780-439.png?_v=201906280941017d9']",4个月前,随时入住,1年以内,需提前预约,高楼层/24层,有,暂无数据,民水,民电,有,暂无数据,"['双卫生间', '随时看房']",[],22.706482801413,114.22864079809
https://sz.lianjia.com/zufang/SZ2262796419729457152.html,罗湖区,百仕达,旭飞华达园 1室1厅 南,4000元/月 ,租赁方式未知,1室1厅1卫,41㎡,朝南,"['http://vrlab-image.ljcdn.com/release/auto3dhd/a4e6efbf92e21053ac5e5804a3a373a7/screenshot/1546830808_2/pc0_PJAA5rg6c.jpg.q_70.jpg', 'https://s1.ljcdn.com/matrix_lianjia_pc/dist/pc/src/resource/default/780-439.png?_v=201906280941017d9', 'https://s1.ljcdn.com/matrix_lianjia_pc/dist/pc/src/resource/default/780-439.png?_v=201906280941017d9', 'https://s1.ljcdn.com/matrix_lianjia_pc/dist/pc/src/resource/default/780-439.png?_v=201906280941017d9', 'https://s1.ljcdn.com/matrix_lianjia_pc/dist/pc/src/resource/default/780-439.png?_v=201906280941017d9', 'https://s1.ljcdn.com/matrix_lianjia_pc/dist/pc/src/resource/default/780-439.png?_v=201906280941017d9']",1个月前,随时入住,暂无数据,需提前预约,中楼层/21层,有,暂无数据,民水,民电,有,暂无数据,"['近地铁', '随时看房']","['3号线(龙岗线),7号线 - 田贝', '376m', '3号线(龙岗线) - 水贝', '756m', '5号线(环中线),7号线 - 太安', '926m', '7号线 - 洪湖', '1024m']",22.577684,114.136063
https://sz.lianjia.com/zufang/SZ2275068534768287744.html,龙岗区,龙岗中心城,家和盛世花园二期 3室2厅 南,4800元/月 ,租赁方式未知,3室2厅2卫,89㎡,朝南,"['https://image1.ljcdn.com/440300-inspection/84e346db-a075-4a1a-98d0-f5fa4b9e9541.jpg.780x439.jpg', 'https://s1.ljcdn.com/matrix_lianjia_pc/dist/pc/src/resource/default/780-439.png?_v=201906280941017d9', 'https://s1.ljcdn.com/matrix_lianjia_pc/dist/pc/src/resource/default/780-439.png?_v=201906280941017d9', 'https://s1.ljcdn.com/matrix_lianjia_pc/dist/pc/src/resource/default/780-439.png?_v=201906280941017d9', 'https://s1.ljcdn.com/matrix_lianjia_pc/dist/pc/src/resource/default/780-439.png?_v=201906280941017d9', 'https://s1.ljcdn.com/matrix_lianjia_pc/dist/pc/src/resource/default/780-439.png?_v=201906280941017d9', 'https://s1.ljcdn.com/matrix_lianjia_pc/dist/pc/src/resource/default/780-439.png?_v=201906280941017d9', 'https://s1.ljcdn.com/matrix_lianjia_pc/dist/pc/src/resource/default/780-439.png?_v=201906280941017d9', 'https://s1.ljcdn.com/matrix_lianjia_pc/dist/pc/src/resource/default/780-439.png?_v=201906280941017d9', 'https://s1.ljcdn.com/matrix_lianjia_pc/dist/pc/src/resource/default/780-439.png?_v=201906280941017d9']",20天前,随时入住,暂无数据,需提前预约,高楼层/28层,有,暂无数据,民水,民电,有,暂无数据,[],[],22.728094015931,114.23832674527
https://sz.lianjia.com/zufang/SZ2063659902202544128.html,罗湖区,地王,整租·红桂皇冠 1室1厅 南,3960元/月 (季付价),整租,1室1厅1卫,31㎡,朝南,"['https://image1.ljcdn.com/rent-house-1/636f69b83827f24f7723a443c68fdbb3-1561389988230/d835a99b40642c8337467ec717bef918.jpg.780x439.jpg', 'https://s1.ljcdn.com/matrix_lianjia_pc/dist/pc/src/resource/default/780-439.png?_v=201906280941017d9', 'https://s1.ljcdn.com/matrix_lianjia_pc/dist/pc/src/resource/default/780-439.png?_v=201906280941017d9', 'https://s1.ljcdn.com/matrix_lianjia_pc/dist/pc/src/resource/default/780-439.png?_v=201906280941017d9', 'https://s1.ljcdn.com/matrix_lianjia_pc/dist/pc/src/resource/default/780-439.png?_v=201906280941017d9', 'https://s1.ljcdn.com/matrix_lianjia_pc/dist/pc/src/resource/default/780-439.png?_v=201906280941017d9']",10个月前,随时入住,1年,随时可看,10/26层,暂无数据,暂无数据,暂无数据,暂无数据,暂无数据,暂无数据,"['公寓', '近地铁', '随时看房']","['3号线(龙岗线),9号线 - 红岭', '613m', '9号线 - 园岭', '1069m', '1号线(罗宝线),2号线(蛇口线) - 大剧院', '1077m']",22.556367,114.115348
https://sz.lianjia.com/zufang/SZ2104355462291136512.html,龙岗区,龙岗中心城,整租·华策中心城 3室2厅 南,3400元/月 (月付价),整租,3室2厅2卫,89㎡,朝南,"['https://image1.ljcdn.com/rent-user-avatar/0241c219-51fb-4e1d-875d-2844b13dd60d.780x439.jpg', 'https://s1.ljcdn.com/matrix_lianjia_pc/dist/pc/src/resource/default/780-439.png?_v=201906280941017d9', 'https://s1.ljcdn.com/matrix_lianjia_pc/dist/pc/src/resource/default/780-439.png?_v=201906280941017d9', 'https://s1.ljcdn.com/matrix_lianjia_pc/dist/pc/src/resource/default/780-439.png?_v=201906280941017d9', 'https://s1.ljcdn.com/matrix_lianjia_pc/dist/pc/src/resource/default/780-439.png?_v=201906280941017d9', 'https://s1.ljcdn.com/matrix_lianjia_pc/dist/pc/src/resource/default/780-439.png?_v=201906280941017d9', 'https://s1.ljcdn.com/matrix_lianjia_pc/dist/pc/src/resource/default/780-439.png?_v=201906280941017d9', 'https://s1.ljcdn.com/matrix_lianjia_pc/dist/pc/src/resource/default/780-439.png?_v=201906280941017d9', 'https://s1.ljcdn.com/matrix_lianjia_pc/dist/pc/src/resource/default/780-439.png?_v=201906280941017d9', 'https://s1.ljcdn.com/matrix_lianjia_pc/dist/pc/src/resource/default/780-439.png?_v=201906280941017d9', 'https://s1.ljcdn.com/matrix_lianjia_pc/dist/pc/src/resource/default/780-439.png?_v=201906280941017d9', 'https://s1.ljcdn.com/matrix_lianjia_pc/dist/pc/src/resource/default/780-439.png?_v=201906280941017d9']",8个月前,随时入住,1年以内,随时可看,17/25层,暂无数据,租用车位,民水,民电,有,暂无数据,"['公寓', '近地铁', '精装', '双卫生间', '随时看房']","['3号线(龙岗线) - 吉祥', '1145m']",22.708211,114.251199
https://sz.lianjia.com/zufang/SZ2282354458358710272.html,龙华区,上塘,特发和平里 1室0厅 南,3700元/月 ,租赁方式未知,1室0厅1卫,39㎡,朝南,"['https://image1.ljcdn.com/hdic-frame/07ba2004-280a-4cc2-a582-67e1c77b3eba.png.780x439.jpg', 'https://s1.ljcdn.com/matrix_lianjia_pc/dist/pc/src/resource/default/780-439.png?_v=201906280941017d9', 'https://s1.ljcdn.com/matrix_lianjia_pc/dist/pc/src/resource/default/780-439.png?_v=201906280941017d9', 'https://s1.ljcdn.com/matrix_lianjia_pc/dist/pc/src/resource/default/780-439.png?_v=201906280941017d9', 'https://s1.ljcdn.com/matrix_lianjia_pc/dist/pc/src/resource/default/780-439.png?_v=201906280941017d9']",10天前,随时入住,暂无数据,需提前预约,中楼层/32层,有,暂无数据,民水,民电,有,暂无数据,"['近地铁', '随时看房']","['4号线(龙华线) - 龙胜', '92m', '4号线(龙华线) - 上塘', '796m']",22.649534,114.01931
https://sz.lianjia.com/zufang/SZ2287783255774068736.html,龙岗区,坂田,华创云轩 2室2厅 南/北,4800元/月 ,租赁方式未知,2室2厅2卫,41㎡,朝南 北,"['https://image1.ljcdn.com/440300-inspection/126e76ef-9b3f-452c-9ea5-464fe3fa2510.jpg.780x439.jpg', 'https://s1.ljcdn.com/matrix_lianjia_pc/dist/pc/src/resource/default/780-439.png?_v=201906280941017d9', 'https://s1.ljcdn.com/matrix_lianjia_pc/dist/pc/src/resource/default/780-439.png?_v=201906280941017d9', 'https://s1.ljcdn.com/matrix_lianjia_pc/dist/pc/src/resource/default/780-439.png?_v=201906280941017d9', 'https://s1.ljcdn.com/matrix_lianjia_pc/dist/pc/src/resource/default/780-439.png?_v=201906280941017d9', 'https://s1.ljcdn.com/matrix_lianjia_pc/dist/pc/src/resource/default/780-439.png?_v=201906280941017d9']",3天前,随时入住,暂无数据,只能周末看房,高楼层/21层,有,暂无数据,商水,商电,有,暂无数据,"['新上', '随时看房']",[],22.657205,114.072426
https://sz.lianjia.com/zufang/SZ2196914369425063936.html,福田区,八卦岭,意馨居 1室0厅 南,4200元/月 ,租赁方式未知,1室0厅1卫,35㎡,朝南,"['https://image1.ljcdn.com/440300-inspection/a5e9d3c3-e733-4a25-b479-cba8318f2866.jpg.780x439.jpg', 'https://s1.ljcdn.com/matrix_lianjia_pc/dist/pc/src/resource/default/780-439.png?_v=201906280941017d9', 'https://s1.ljcdn.com/matrix_lianjia_pc/dist/pc/src/resource/default/780-439.png?_v=201906280941017d9', 'https://s1.ljcdn.com/matrix_lianjia_pc/dist/pc/src/resource/default/780-439.png?_v=201906280941017d9', 'https://s1.ljcdn.com/matrix_lianjia_pc/dist/pc/src/resource/default/780-439.png?_v=201906280941017d9', 'https://s1.ljcdn.com/matrix_lianjia_pc/dist/pc/src/resource/default/780-439.png?_v=201906280941017d9']",4个月前,随时入住,暂无数据,需提前预约,中楼层/9层,有,暂无数据,民水,民电,有,暂无数据,['近地铁'],"['7号线,9号线 - 红岭北', '521m', '7号线 - 八卦岭', '990m', '9号线 - 泥岗', '1051m']",22.570935,114.107671
https://sz.lianjia.com/apartment/17215.html,,,柚米国际社区 · 八卦岭店,"
柚米国际社区 · 八卦岭店

          4000元/月起

",,,,,"['https://image1.ljcdn.com/rent-user-avatar/a04e7c62-f101-42c7-b839-707b7745a2db.1150x.jpg', 'https://s1.ljcdn.com/matrix_lianjia_pc/dist/pc/src/resource/default/1150-450.png?_v=201906280941017d9', 'https://s1.ljcdn.com/matrix_lianjia_pc/dist/pc/src/resource/default/1150-450.png?_v=201906280941017d9', 'https://s1.ljcdn.com/matrix_lianjia_pc/dist/pc/src/resource/default/1150-450.png?_v=201906280941017d9', 'https://s1.ljcdn.com/matrix_lianjia_pc/dist/pc/src/resource/default/1150-450.png?_v=201906280941017d9', 'https://s1.ljcdn.com/matrix_lianjia_pc/dist/pc/src/resource/default/1150-450.png?_v=201906280941017d9', 'https://s1.ljcdn.com/matrix_lianjia_pc/dist/pc/src/resource/default/1150-450.png?_v=201906280941017d9', 'https://s1.ljcdn.com/matrix_lianjia_pc/dist/pc/src/resource/default/1150-450.png?_v=201906280941017d9', 'https://s1.ljcdn.com/matrix_lianjia_pc/dist/pc/src/resource/default/1150-450.png?_v=201906280941017d9', 'https://s1.ljcdn.com/matrix_lianjia_pc/dist/pc/src/resource/default/1150-450.png?_v=201906280941017d9']",,,,,,,,,,,,,[],22.564266,114.107711
https://sz.lianjia.com/zufang/SZ2157153814187081728.html,南山区,蛇口,整租·花果山小区 1室1厅 南,4820元/月 (季付价),整租,1室1厅1卫,36㎡,朝南,"['https://image1.ljcdn.com/rent-house-1/636f69b83827f24f7723a443c68fdbb3-1560821519244/51e4dfbbd31585662e59753c4175a026.jpg.780x439.jpg', 'https://s1.ljcdn.com/matrix_lianjia_pc/dist/pc/src/resource/default/780-439.png?_v=201906280941017d9', 'https://s1.ljcdn.com/matrix_lianjia_pc/dist/pc/src/resource/default/780-439.png?_v=201906280941017d9', 'https://s1.ljcdn.com/matrix_lianjia_pc/dist/pc/src/resource/default/780-439.png?_v=201906280941017d9', 'https://s1.ljcdn.com/matrix_lianjia_pc/dist/pc/src/resource/default/780-439.png?_v=201906280941017d9', 'https://s1.ljcdn.com/matrix_lianjia_pc/dist/pc/src/resource/default/780-439.png?_v=201906280941017d9']",6个月前,随时入住,3~12个月,随时可看,6/6层,暂无数据,暂无数据,暂无数据,暂无数据,暂无数据,暂无数据,"['公寓', '月租', '近地铁', '随时看房']","['2号线(蛇口线) - 东角头', '671m', '2号线(蛇口线) - 水湾', '724m']",22.497595,113.932273
https://sz.lianjia.com/zufang/SZ2258456402739593216.html,福田区,石厦,时尚名居 1室1厅 南,5000元/月 ,租赁方式未知,1室1厅1卫,39㎡,朝南,"['https://image1.ljcdn.com/440300-inspection/ebc6bef1-8b98-4176-b8ee-099e7738ddf0.jpg.780x439.jpg', 'https://s1.ljcdn.com/matrix_lianjia_pc/dist/pc/src/resource/default/780-439.png?_v=201906280941017d9', 'https://s1.ljcdn.com/matrix_lianjia_pc/dist/pc/src/resource/default/780-439.png?_v=201906280941017d9', 'https://s1.ljcdn.com/matrix_lianjia_pc/dist/pc/src/resource/default/780-439.png?_v=201906280941017d9', 'https://s1.ljcdn.com/matrix_lianjia_pc/dist/pc/src/resource/default/780-439.png?_v=201906280941017d9']",23天前,随时入住,暂无数据,需提前预约,低楼层/16层,有,暂无数据,民水,民电,有,暂无数据,['近地铁'],"['3号线(龙岗线) - 益田', '317m', '3号线(龙岗线),7号线 - 石厦', '710m', '7号线 - 沙尾', '835m']",22.524500140548,114.05620953686
https://sz.lianjia.com/zufang/SZ2251367743540699136.html,宝安区,沙井,中熙香莎公馆 3室2厅 南,4200元/月 ,租赁方式未知,3室2厅2卫,89㎡,朝南,"['https://image1.ljcdn.com/440300-inspection/5267fdb4-0da9-49d4-a7ff-e5575bb11523.jpg.780x439.jpg', 'https://s1.ljcdn.com/matrix_lianjia_pc/dist/pc/src/resource/default/780-439.png?_v=201906280941017d9', 'https://s1.ljcdn.com/matrix_lianjia_pc/dist/pc/src/resource/default/780-439.png?_v=201906280941017d9', 'https://s1.ljcdn.com/matrix_lianjia_pc/dist/pc/src/resource/default/780-439.png?_v=201906280941017d9', 'https://s1.ljcdn.com/matrix_lianjia_pc/dist/pc/src/resource/default/780-439.png?_v=201906280941017d9', 'https://s1.ljcdn.com/matrix_lianjia_pc/dist/pc/src/resource/default/780-439.png?_v=201906280941017d9', 'https://s1.ljcdn.com/matrix_lianjia_pc/dist/pc/src/resource/default/780-439.png?_v=201906280941017d9', 'https://s1.ljcdn.com/matrix_lianjia_pc/dist/pc/src/resource/default/780-439.png?_v=201906280941017d9']",1个月前,随时入住,暂无数据,需提前预约,低楼层/32层,有,暂无数据,民水,民电,有,暂无数据,['随时看房'],[],22.729263,113.81512
https://sz.lianjia.com/zufang/SZ2284813847238025216.html,盐田区,沙头角,整租·太平洋小区 2室1厅 南,4300元/月 ,整租,2室1厅1卫,80㎡,朝南,"['https://image1.ljcdn.com/440300-inspection/1ca70e75-792b-4953-9198-8ac8f8ffabb9.jpg.780x439.jpg', 'https://s1.ljcdn.com/matrix_lianjia_pc/dist/pc/src/resource/default/780-439.png?_v=201906280941017d9', 'https://s1.ljcdn.com/matrix_lianjia_pc/dist/pc/src/resource/default/780-439.png?_v=201906280941017d9', 'https://s1.ljcdn.com/matrix_lianjia_pc/dist/pc/src/resource/default/780-439.png?_v=201906280941017d9', 'https://s1.ljcdn.com/matrix_lianjia_pc/dist/pc/src/resource/default/780-439.png?_v=201906280941017d9', 'https://s1.ljcdn.com/matrix_lianjia_pc/dist/pc/src/resource/default/780-439.png?_v=201906280941017d9', 'https://s1.ljcdn.com/matrix_lianjia_pc/dist/pc/src/resource/default/780-439.png?_v=201906280941017d9', 'https://s1.ljcdn.com/matrix_lianjia_pc/dist/pc/src/resource/default/780-439.png?_v=201906280941017d9', 'https://s1.ljcdn.com/matrix_lianjia_pc/dist/pc/src/resource/default/780-439.png?_v=201906280941017d9']",7天前,随时入住,暂无数据,需提前预约,高楼层/8层,无,暂无数据,民水,民电,有,暂无数据,['随时看房'],[],22.555122,114.241463
https://sz.lianjia.com/zufang/SZ2249148224525049856.html,南山区,南山中心,荔庭园 1室1厅 南,4800元/月 ,租赁方式未知,1室1厅1卫,51㎡,朝南,"['https://image1.ljcdn.com/440300-inspection/4f73d8dc-f5fb-4eab-96ec-070862bc2775.jpg.780x439.jpg', 'https://s1.ljcdn.com/matrix_lianjia_pc/dist/pc/src/resource/default/780-439.png?_v=201906280941017d9', 'https://s1.ljcdn.com/matrix_lianjia_pc/dist/pc/src/resource/default/780-439.png?_v=201906280941017d9', 'https://s1.ljcdn.com/matrix_lianjia_pc/dist/pc/src/resource/default/780-439.png?_v=201906280941017d9', 'https://s1.ljcdn.com/matrix_lianjia_pc/dist/pc/src/resource/default/780-439.png?_v=201906280941017d9']",1个月前,随时入住,暂无数据,需提前预约,高楼层/8层,无,暂无数据,民水,民电,有,暂无数据,[],[],22.517302,113.920783
