房源地址,行政区,位置,标题,租金,租赁方式,户型,面积,朝向,图片列表,发布时间,入住时间,租期,看房时间,楼层,电梯,车位,用水,用电,燃气,采暖,标签,station,latitude,longtitude
https://sz.lianjia.com/apartment/9219.html,,,锦荣居 · 上合店104号,"
锦荣居 · 上合店104号

          1750元/月起

",,,,,['https://image1.ljcdn.com/rent-user-avatar/0bdbaf92-0cac-40f9-a027-e662fa9c6fa3.1150x.jpg'],,,,,,,,,,,,,[],22.582529,113.907259
https://sz.lianjia.com/zufang/SZ2260623449871351808.html,坪山区,坪山,金地朗悦 4室2厅 南/北,4500元/月 ,租赁方式未知,4室2厅2卫,126㎡,朝南 北,['https://image1.ljcdn.com/rent-front-image/1efeae8459c48eeb3fef0bc54884fd1d.png.780x439.jpg'],1个月前,随时入住,暂无数据,需提前预约,低楼层/33层,有,暂无数据,民水,民电,有,暂无数据,[],[],22.684509,114.346256
https://sz.lianjia.com/zufang/SZ2273201962734862336.html,龙岗区,龙岗双龙,德沁苑 3室2厅 南,3500元/月 ,租赁方式未知,3室2厅2卫,68㎡,朝南,['https://image1.ljcdn.com/rent-front-image/1efeae8459c48eeb3fef0bc54884fd1d.png.780x439.jpg'],23天前,随时入住,暂无数据,需提前预约,中楼层/11层,有,暂无数据,民水,民电,有,暂无数据,['近地铁'],"['3号线(龙岗线) - 南联', '821m']",22.724094,114.278518
https://sz.lianjia.com/zufang/SZ2286262426905624576.html,龙岗区,龙岗双龙,鹏达摩尔城 3室2厅 南/北,4300元/月 ,租赁方式未知,3室2厅1卫,90㎡,朝南 北,['https://image1.ljcdn.com/rent-front-image/1efeae8459c48eeb3fef0bc54884fd1d.png.780x439.jpg'],5天前,2019-07-15,暂无数据,需提前预约,中楼层/31层,有,暂无数据,民水,民电,有,暂无数据,"['近地铁', '新上']","['3号线(龙岗线) - 南联', '28m']",22.728069,114.274295
https://sz.lianjia.com/apartment/14477.html,,,阳光城家 · 公寓C栋,"
阳光城家 · 公寓C栋

          4122元/月起

",,,,,"['https://image1.ljcdn.com/rent-user-avatar/76044997-1a1a-4aed-b018-84fc7b501cc4.1150x.jpg', 'https://s1.ljcdn.com/matrix_lianjia_pc/dist/pc/src/resource/default/1150-450.png?_v=201906280941017d9', 'https://s1.ljcdn.com/matrix_lianjia_pc/dist/pc/src/resource/default/1150-450.png?_v=201906280941017d9', 'https://s1.ljcdn.com/matrix_lianjia_pc/dist/pc/src/resource/default/1150-450.png?_v=201906280941017d9', 'https://s1.ljcdn.com/matrix_lianjia_pc/dist/pc/src/resource/default/1150-450.png?_v=201906280941017d9']",,,,,,,,,,,,,[],22.53207,113.929893
https://sz.lianjia.com/zufang/SZ2220192466010128384.html,龙华区,红山,整租·星河传奇·铂寓S 1室1厅 南,4300元/月 (月付价),整租,1室1厅1卫,51㎡,朝南,"['https://image1.ljcdn.com/rent-user-avatar/1a642114-0d94-4248-b9e4-56fc6d2f2a5f.780x439.jpg', 'https://s1.ljcdn.com/matrix_lianjia_pc/dist/pc/src/resource/default/780-439.png?_v=201906280941017d9', 'https://s1.ljcdn.com/matrix_lianjia_pc/dist/pc/src/resource/default/780-439.png?_v=201906280941017d9', 'https://s1.ljcdn.com/matrix_lianjia_pc/dist/pc/src/resource/default/780-439.png?_v=201906280941017d9', 'https://s1.ljcdn.com/matrix_lianjia_pc/dist/pc/src/resource/default/780-439.png?_v=201906280941017d9', 'https://s1.ljcdn.com/matrix_lianjia_pc/dist/pc/src/resource/default/780-439.png?_v=201906280941017d9', 'https://s1.ljcdn.com/matrix_lianjia_pc/dist/pc/src/resource/default/780-439.png?_v=201906280941017d9']",3个月前,随时入住,1年,随时可看,16/31层,暂无数据,暂无数据,民水,民电,有,暂无数据,"['近地铁', '精装', '随时看房']","['4号线(龙华线) - 上塘', '1143m']",22.638524,114.026365
https://sz.lianjia.com/zufang/SZ2270207759335301120.html,龙岗区,龙岗双龙,怡龙枫景园 3室1厅 南,4500元/月 ,租赁方式未知,3室1厅1卫,88㎡,朝南,['https://image1.ljcdn.com/rent-front-image/1efeae8459c48eeb3fef0bc54884fd1d.png.780x439.jpg'],27天前,随时入住,暂无数据,需提前预约,低楼层/26层,有,暂无数据,民水,民电,有,暂无数据,['近地铁'],"['3号线(龙岗线) - 双龙', '468m', '3号线(龙岗线) - 南联', '726m']",22.730784,114.28084
https://sz.lianjia.com/zufang/SZ2259410300899950592.html,龙岗区,龙岗双龙,东方瑞景苑 4室1厅 南,4000元/月 ,租赁方式未知,4室1厅1卫,118㎡,朝南,['https://image1.ljcdn.com/rent-front-image/1efeae8459c48eeb3fef0bc54884fd1d.png.780x439.jpg'],7天前,随时入住,暂无数据,需提前预约,低楼层/27层,有,暂无数据,民水,民电,有,暂无数据,['近地铁'],"['3号线(龙岗线) - 双龙', '1064m', '3号线(龙岗线) - 南联', '1116m']",22.735755,114.275003
https://sz.lianjia.com/zufang/SZ2208468640305512448.html,龙岗区,龙岗宝荷,仁恒峦山美地 5室1厅 南,4200元/月 ,租赁方式未知,5室1厅2卫,90㎡,朝南,['https://image1.ljcdn.com/rent-front-image/1efeae8459c48eeb3fef0bc54884fd1d.png.780x439.jpg'],3个月前,随时入住,暂无数据,需提前预约,低楼层/32层,有,暂无数据,民水,民电,有,暂无数据,[],[],22.695937,114.275613
https://sz.lianjia.com/zufang/SZ2276023265799979008.html,龙岗区,坂田,整租·华创云轩 2室1厅 复式 南,3400元/月 (月付价),整租,2室1厅1卫,25㎡,朝南,"['https://image1.ljcdn.com/rent-user-avatar/35260abf-8f28-4dc4-ae93-f5c505d9b690.780x439.jpg', 'https://s1.ljcdn.com/matrix_lianjia_pc/dist/pc/src/resource/default/780-439.png?_v=201906280941017d9', 'https://s1.ljcdn.com/matrix_lianjia_pc/dist/pc/src/resource/default/780-439.png?_v=201906280941017d9', 'https://s1.ljcdn.com/matrix_lianjia_pc/dist/pc/src/resource/default/780-439.png?_v=201906280941017d9', 'https://s1.ljcdn.com/matrix_lianjia_pc/dist/pc/src/resource/default/780-439.png?_v=201906280941017d9']",19天前,随时入住,1~2年,随时可看,17/21层,有,暂无数据,商水,商电,有,暂无数据,"['公寓', '精装', '随时看房']",[],22.657205,114.072426
https://sz.lianjia.com/apartment/2177.html,,,cool酷社区 · 民治万众城店,"
cool酷社区 · 民治万众城店

          2380元/月起

",,,,,"['https://image1.ljcdn.com/rent-user-avatar/32bcd56c-2196-46b5-8573-0c28c2c0a37c.1150x.jpg', 'https://s1.ljcdn.com/matrix_lianjia_pc/dist/pc/src/resource/default/1150-450.png?_v=201906280941017d9', 'https://s1.ljcdn.com/matrix_lianjia_pc/dist/pc/src/resource/default/1150-450.png?_v=201906280941017d9', 'https://s1.ljcdn.com/matrix_lianjia_pc/dist/pc/src/resource/default/1150-450.png?_v=201906280941017d9', 'https://s1.ljcdn.com/matrix_lianjia_pc/dist/pc/src/resource/default/1150-450.png?_v=201906280941017d9', 'https://s1.ljcdn.com/matrix_lianjia_pc/dist/pc/src/resource/default/1150-450.png?_v=201906280941017d9', 'https://s1.ljcdn.com/matrix_lianjia_pc/dist/pc/src/resource/default/1150-450.png?_v=201906280941017d9', 'https://s1.ljcdn.com/matrix_lianjia_pc/dist/pc/src/resource/default/1150-450.png?_v=201906280941017d9', 'https://s1.ljcdn.com/matrix_lianjia_pc/dist/pc/src/resource/default/1150-450.png?_v=201906280941017d9', 'https://s1.ljcdn.com/matrix_lianjia_pc/dist/pc/src/resource/default/1150-450.png?_v=201906280941017d9', 'https://s1.ljcdn.com/matrix_lianjia_pc/dist/pc/src/resource/default/1150-450.png?_v=201906280941017d9', 'https://s1.ljcdn.com/matrix_lianjia_pc/dist/pc/src/resource/default/1150-450.png?_v=201906280941017d9', 'https://s1.ljcdn.com/matrix_lianjia_pc/dist/pc/src/resource/default/1150-450.png?_v=201906280941017d9', 'https://s1.ljcdn.com/matrix_lianjia_pc/dist/pc/src/resource/default/1150-450.png?_v=201906280941017d9', 'https://s1.ljcdn.com/matrix_lianjia_pc/dist/pc/src/resource/default/1150-450.png?_v=201906280941017d9', 'https://s1.ljcdn.com/matrix_lianjia_pc/dist/pc/src/resource/default/1150-450.png?_v=201906280941017d9']",,,,,,,,,,,,,[],22.643039,114.045653
https://sz.lianjia.com/zufang/SZ2282342744213168128.html,龙华区,观澜,金洪观荟二期 4室2厅 南,4000元/月 ,租赁方式未知,4室2厅2卫,89㎡,朝南,['https://image1.ljcdn.com/rent-front-image/1efeae8459c48eeb3fef0bc54884fd1d.png.780x439.jpg'],10天前,随时入住,暂无数据,需提前预约,中楼层/32层,有,暂无数据,民水,民电,有,暂无数据,[],[],22.717476,114.048139
https://sz.lianjia.com/zufang/SZ2247567430127714304.html,龙岗区,龙岗中心城,万科时代广场 2室2厅 南,3800元/月 ,租赁方式未知,2室2厅1卫,67㎡,朝南,['https://image1.ljcdn.com/rent-front-image/1efeae8459c48eeb3fef0bc54884fd1d.png.780x439.jpg'],1个月前,随时入住,暂无数据,需提前预约,低楼层/46层,暂无数据,暂无数据,商水,商电,有,暂无数据,['近地铁'],"['3号线(龙岗线) - 龙城广场', '1085m', '3号线(龙岗线) - 吉祥', '1147m']",22.723471,114.252572
https://sz.lianjia.com/zufang/SZ2282555972327317504.html,龙岗区,大运新城,横岗花半里雅筑 2室1厅 南/北,3800元/月 ,租赁方式未知,2室1厅1卫,64㎡,朝南 北,['https://image1.ljcdn.com/rent-front-image/1efeae8459c48eeb3fef0bc54884fd1d.png.780x439.jpg'],10天前,随时入住,暂无数据,需提前预约,低楼层/25层,有,暂无数据,民水,民电,有,暂无数据,['近地铁'],"['3号线(龙岗线) - 荷坳', '843m']",22.683563,114.234821
https://sz.lianjia.com/apartment/10134.html,,,田园牧歌 · 双城世纪店,"
田园牧歌 · 双城世纪店

          3900元/月起

",,,,,"['https://image1.ljcdn.com/rent-user-avatar/1202f572-b465-4af9-bc05-18ad5a728567.1150x.jpg', 'https://s1.ljcdn.com/matrix_lianjia_pc/dist/pc/src/resource/default/1150-450.png?_v=201906280941017d9']",,,,,,,,,,,,,[],22.539506,114.127137
https://sz.lianjia.com/zufang/SZ2229434982186106880.html,龙岗区,坂田,整租·华创云轩 2室1厅 南,3780元/月 (月付价),整租,2室1厅1卫,60㎡,朝南,"['https://image1.ljcdn.com/rent-user-avatar/0ed18df1-e1ff-472f-b49e-6d692838f2aa.780x439.jpg', 'https://s1.ljcdn.com/matrix_lianjia_pc/dist/pc/src/resource/default/780-439.png?_v=201906280941017d9', 'https://s1.ljcdn.com/matrix_lianjia_pc/dist/pc/src/resource/default/780-439.png?_v=201906280941017d9', 'https://s1.ljcdn.com/matrix_lianjia_pc/dist/pc/src/resource/default/780-439.png?_v=201906280941017d9', 'https://s1.ljcdn.com/matrix_lianjia_pc/dist/pc/src/resource/default/780-439.png?_v=201906280941017d9', 'https://s1.ljcdn.com/matrix_lianjia_pc/dist/pc/src/resource/default/780-439.png?_v=201906280941017d9', 'https://s1.ljcdn.com/matrix_lianjia_pc/dist/pc/src/resource/default/780-439.png?_v=201906280941017d9', 'https://s1.ljcdn.com/matrix_lianjia_pc/dist/pc/src/resource/default/780-439.png?_v=201906280941017d9']",2个月前,随时入住,1年,随时可看,16/21层,暂无数据,暂无数据,暂无数据,暂无数据,暂无数据,暂无数据,"['公寓', '精装', '随时看房']",[],22.657205,114.072426
https://sz.lianjia.com/zufang/SZ2199944373850865664.html,龙岗区,龙岗中心城,国香尚居 4室2厅 南,3800元/月 ,租赁方式未知,4室2厅2卫,89㎡,朝南,['https://image1.ljcdn.com/rent-front-image/1efeae8459c48eeb3fef0bc54884fd1d.png.780x439.jpg'],4个月前,随时入住,暂无数据,需提前预约,中楼层/32层,有,暂无数据,民水,民电,有,暂无数据,[],[],22.755592,114.240876
https://sz.lianjia.com/zufang/SZ2279480709096161280.html,龙岗区,龙岗中心城,同创九著院 4室2厅 南,5000元/月 ,租赁方式未知,4室2厅2卫,89㎡,朝南,['https://image1.ljcdn.com/rent-front-image/1efeae8459c48eeb3fef0bc54884fd1d.png.780x439.jpg'],14天前,随时入住,暂无数据,需提前预约,低楼层/35层,有,暂无数据,民水,民电,有,暂无数据,[],[],22.737438,114.246751
https://sz.lianjia.com/zufang/SZ2290273621199306752.html,龙华区,龙华中心,青年城邦园 1室1厅 南,3800元/月 ,租赁方式未知,1室1厅1卫,41㎡,朝南,"['https://image1.ljcdn.com/440300-inspection/4b79e888-9352-48bc-8f3b-058a2bd13e15.jpg.780x439.jpg', 'https://s1.ljcdn.com/matrix_lianjia_pc/dist/pc/src/resource/default/780-439.png?_v=201906280941017d9', 'https://s1.ljcdn.com/matrix_lianjia_pc/dist/pc/src/resource/default/780-439.png?_v=201906280941017d9', 'https://s1.ljcdn.com/matrix_lianjia_pc/dist/pc/src/resource/default/780-439.png?_v=201906280941017d9', 'https://s1.ljcdn.com/matrix_lianjia_pc/dist/pc/src/resource/default/780-439.png?_v=201906280941017d9']",今天,随时入住,暂无数据,需提前预约,中楼层/13层,有,暂无数据,民水,民电,有,暂无数据,"['近地铁', '新上']","['4号线(龙华线) - 龙华', '58m']",22.658166,114.027959
https://sz.lianjia.com/zufang/SZ2265942746592182272.html,龙岗区,龙岗中心城,整租·万科天誉二期 3室2厅 南,4800元/月 (月付价),整租,3室2厅2卫,89㎡,朝南,"['https://image1.ljcdn.com/rent-user-avatar/10685eca-0341-458c-b979-64a7fb8bf8af.780x439.jpg', 'https://s1.ljcdn.com/matrix_lianjia_pc/dist/pc/src/resource/default/780-439.png?_v=201906280941017d9', 'https://s1.ljcdn.com/matrix_lianjia_pc/dist/pc/src/resource/default/780-439.png?_v=201906280941017d9', 'https://s1.ljcdn.com/matrix_lianjia_pc/dist/pc/src/resource/default/780-439.png?_v=201906280941017d9', 'https://s1.ljcdn.com/matrix_lianjia_pc/dist/pc/src/resource/default/780-439.png?_v=201906280941017d9', 'https://s1.ljcdn.com/matrix_lianjia_pc/dist/pc/src/resource/default/780-439.png?_v=201906280941017d9', 'https://s1.ljcdn.com/matrix_lianjia_pc/dist/pc/src/resource/default/780-439.png?_v=201906280941017d9', 'https://s1.ljcdn.com/matrix_lianjia_pc/dist/pc/src/resource/default/780-439.png?_v=201906280941017d9']",1个月前,随时入住,6~36个月,随时可看,38/42层,有,暂无数据,民水,民电,有,暂无数据,"['公寓', '月租', '近地铁', '精装', '双卫生间', '随时看房']","['3号线(龙岗线) - 吉祥', '537m', '3号线(龙岗线) - 龙城广场', '1124m']",22.717501,114.251789
https://sz.lianjia.com/apartment/8884.html,,,瑞鑫家园青年社区 · 宝安店,"
瑞鑫家园青年社区 · 宝安店

          1300元/月起

",,,,,"['https://image1.ljcdn.com/rent-user-avatar/4766dc44-fa45-4b84-88db-2d1c04654e0c.1150x.jpg', 'https://s1.ljcdn.com/matrix_lianjia_pc/dist/pc/src/resource/default/1150-450.png?_v=201906280941017d9', 'https://s1.ljcdn.com/matrix_lianjia_pc/dist/pc/src/resource/default/1150-450.png?_v=201906280941017d9', 'https://s1.ljcdn.com/matrix_lianjia_pc/dist/pc/src/resource/default/1150-450.png?_v=201906280941017d9', 'https://s1.ljcdn.com/matrix_lianjia_pc/dist/pc/src/resource/default/1150-450.png?_v=201906280941017d9', 'https://s1.ljcdn.com/matrix_lianjia_pc/dist/pc/src/resource/default/1150-450.png?_v=201906280941017d9', 'https://s1.ljcdn.com/matrix_lianjia_pc/dist/pc/src/resource/default/1150-450.png?_v=201906280941017d9', 'https://s1.ljcdn.com/matrix_lianjia_pc/dist/pc/src/resource/default/1150-450.png?_v=201906280941017d9', 'https://s1.ljcdn.com/matrix_lianjia_pc/dist/pc/src/resource/default/1150-450.png?_v=201906280941017d9', 'https://s1.ljcdn.com/matrix_lianjia_pc/dist/pc/src/resource/default/1150-450.png?_v=201906280941017d9', 'https://s1.ljcdn.com/matrix_lianjia_pc/dist/pc/src/resource/default/1150-450.png?_v=201906280941017d9', 'https://s1.ljcdn.com/matrix_lianjia_pc/dist/pc/src/resource/default/1150-450.png?_v=201906280941017d9']",,,,,,,,,,,,,[],22.586375,113.891323
https://sz.lianjia.com/zufang/SZ2290273620737392640.html,龙华区,龙华中心,康华苑 2室1厅 东南/南,3800元/月 ,租赁方式未知,2室1厅1卫,50㎡,朝东南 南,['https://image1.ljcdn.com/rent-front-image/1efeae8459c48eeb3fef0bc54884fd1d.png.780x439.jpg'],今天,2019-07-01,暂无数据,暂无数据,低楼层/8层,无,暂无数据,民水,民电,有,暂无数据,"['近地铁', '新上']","['4号线(龙华线) - 龙华', '473m']",22.657691981382,114.03267663735
https://sz.lianjia.com/zufang/SZ2290265950689435648.html,南山区,南头,南头海关宿舍楼 2室2厅 南/北,4300元/月 ,租赁方式未知,2室2厅1卫,77㎡,朝南 北,"['https://image1.ljcdn.com/440300-inspection/7dd7a866-ac31-4891-85b0-125cb59c6ff2.jpg.780x439.jpg', 'https://s1.ljcdn.com/matrix_lianjia_pc/dist/pc/src/resource/default/780-439.png?_v=201906280941017d9', 'https://s1.ljcdn.com/matrix_lianjia_pc/dist/pc/src/resource/default/780-439.png?_v=201906280941017d9', 'https://s1.ljcdn.com/matrix_lianjia_pc/dist/pc/src/resource/default/780-439.png?_v=201906280941017d9', 'https://s1.ljcdn.com/matrix_lianjia_pc/dist/pc/src/resource/default/780-439.png?_v=201906280941017d9', 'https://s1.ljcdn.com/matrix_lianjia_pc/dist/pc/src/resource/default/780-439.png?_v=201906280941017d9', 'https://s1.ljcdn.com/matrix_lianjia_pc/dist/pc/src/resource/default/780-439.png?_v=201906280941017d9', 'https://s1.ljcdn.com/matrix_lianjia_pc/dist/pc/src/resource/default/780-439.png?_v=201906280941017d9']",今天,随时入住,暂无数据,需提前预约,低楼层/6层,暂无数据,暂无数据,暂无数据,民电,有,暂无数据,['新上'],[],22.558937,113.919491
https://sz.lianjia.com/apartment/12136.html,,,佳丽心海公寓 · 心海玥雅居店,"
佳丽心海公寓 · 心海玥雅居店

          3000元/月起

",,,,,"['https://image1.ljcdn.com/rent-user-avatar/8c2929f1-5180-475c-8d12-d59ea0d41097.1150x.jpg', 'https://s1.ljcdn.com/matrix_lianjia_pc/dist/pc/src/resource/default/1150-450.png?_v=201906280941017d9']",,,,,,,,,,,,,[],22.605055,114.317168
https://sz.lianjia.com/apartment/17898.html,,,职业房东 · 福田梅林店,"
职业房东 · 福田梅林店

          2200元/月起

",,,,,"['https://image1.ljcdn.com/rent-user-avatar/18aec152-1a11-434d-9926-67aa3dcb519a.1150x.jpg', 'https://s1.ljcdn.com/matrix_lianjia_pc/dist/pc/src/resource/default/1150-450.png?_v=201906280941017d9', 'https://s1.ljcdn.com/matrix_lianjia_pc/dist/pc/src/resource/default/1150-450.png?_v=201906280941017d9', 'https://s1.ljcdn.com/matrix_lianjia_pc/dist/pc/src/resource/default/1150-450.png?_v=201906280941017d9']",,,,,,,,,,,,,[],22.569695,114.045768
https://sz.lianjia.com/zufang/SZ2207815424811474944.html,福田区,福田中心,合租·彩虹新都 5居室 南卧,3400元/月 (月付价),合租,5室1厅4卫,20㎡,朝南,"['https://image1.ljcdn.com/rent-user-avatar/7a777964-713d-49e5-ae05-8a9a564293df.780x439.jpg', 'https://s1.ljcdn.com/matrix_lianjia_pc/dist/pc/src/resource/default/780-439.png?_v=201906280941017d9', 'https://s1.ljcdn.com/matrix_lianjia_pc/dist/pc/src/resource/default/780-439.png?_v=201906280941017d9', 'https://s1.ljcdn.com/matrix_lianjia_pc/dist/pc/src/resource/default/780-439.png?_v=201906280941017d9', 'https://s1.ljcdn.com/matrix_lianjia_pc/dist/pc/src/resource/default/780-439.png?_v=201906280941017d9', 'https://s1.ljcdn.com/matrix_lianjia_pc/dist/pc/src/resource/default/780-439.png?_v=201906280941017d9', 'https://s1.ljcdn.com/matrix_lianjia_pc/dist/pc/src/resource/default/780-439.png?_v=201906280941017d9', 'https://s1.ljcdn.com/matrix_lianjia_pc/dist/pc/src/resource/default/780-439.png?_v=201906280941017d9', 'https://s1.ljcdn.com/matrix_lianjia_pc/dist/pc/src/resource/default/780-439.png?_v=201906280941017d9']",3个月前,随时入住,3~24个月,随时可看,17/33层,有,暂无数据,民水,民电,有,暂无数据,"['独立卫生间', '月租', '近地铁', '精装', '独立阳台', '随时看房']","['1号线(罗宝线) - 岗厦', '78m', '1号线(罗宝线),4号线(龙华线) - 会展中心', '616m', '2号线(蛇口线) - 岗厦北', '815m']",22.541688937966,114.07507421386
https://sz.lianjia.com/apartment/14477.html,,,阳光城家 · 公寓C栋,"
阳光城家 · 公寓C栋

          4122元/月起

",,,,,"['https://image1.ljcdn.com/rent-user-avatar/76044997-1a1a-4aed-b018-84fc7b501cc4.1150x.jpg', 'https://s1.ljcdn.com/matrix_lianjia_pc/dist/pc/src/resource/default/1150-450.png?_v=201906280941017d9', 'https://s1.ljcdn.com/matrix_lianjia_pc/dist/pc/src/resource/default/1150-450.png?_v=201906280941017d9', 'https://s1.ljcdn.com/matrix_lianjia_pc/dist/pc/src/resource/default/1150-450.png?_v=201906280941017d9', 'https://s1.ljcdn.com/matrix_lianjia_pc/dist/pc/src/resource/default/1150-450.png?_v=201906280941017d9']",,,,,,,,,,,,,[],22.53207,113.929893
https://sz.lianjia.com/zufang/SZ2262191611779743744.html,宝安区,曦城,整租·深业沙河U中心 1室1厅 南,3220元/月 (月付价),整租,1室1厅1卫,59㎡,朝南,"['https://image1.ljcdn.com/rent-user-avatar/9d3d4f91-7d21-4e2c-afbf-780e60b14537.780x439.jpg', 'https://s1.ljcdn.com/matrix_lianjia_pc/dist/pc/src/resource/default/780-439.png?_v=201906280941017d9', 'https://s1.ljcdn.com/matrix_lianjia_pc/dist/pc/src/resource/default/780-439.png?_v=201906280941017d9', 'https://s1.ljcdn.com/matrix_lianjia_pc/dist/pc/src/resource/default/780-439.png?_v=201906280941017d9']",1个月前,随时入住,1年以上,随时可看,16/23层,有,暂无数据,商水,商电,无,暂无数据,"['公寓', '精装', '随时看房']",[],22.631539,113.870717
https://sz.lianjia.com/zufang/SZ2278846603597193216.html,宝安区,西乡,整租·万菱new寓 2室1厅 南,3680元/月 (月付价),整租,2室1厅1卫,48㎡,朝南,"['https://image1.ljcdn.com/rent-user-avatar/682e07bf-00ea-4bb6-8734-cea3f4eeff39.780x439.jpg', 'https://s1.ljcdn.com/matrix_lianjia_pc/dist/pc/src/resource/default/780-439.png?_v=201906280941017d9', 'https://s1.ljcdn.com/matrix_lianjia_pc/dist/pc/src/resource/default/780-439.png?_v=201906280941017d9', 'https://s1.ljcdn.com/matrix_lianjia_pc/dist/pc/src/resource/default/780-439.png?_v=201906280941017d9', 'https://s1.ljcdn.com/matrix_lianjia_pc/dist/pc/src/resource/default/780-439.png?_v=201906280941017d9', 'https://s1.ljcdn.com/matrix_lianjia_pc/dist/pc/src/resource/default/780-439.png?_v=201906280941017d9']",15天前,随时入住,1年,需提前预约,3/13层,有,暂无数据,商水,商电,有,暂无数据,"['公寓', '精装']",[],22.603945,113.874243
https://sz.lianjia.com/apartment/16072.html,,,职业房东 · 逸秀居（白石龙店）,"
职业房东 · 逸秀居（白石龙店）

          2180元/月起

",,,,,['https://image1.ljcdn.com/rent-user-avatar/6c336b5b-e56c-454c-895f-14d548367f57.1150x.jpg'],,,,,,,,,,,,,[],22.606331,114.041463
