房源地址,行政区,位置,标题,租金,租赁方式,户型,面积,朝向,图片列表,发布时间,入住时间,租期,看房时间,楼层,电梯,车位,用水,用电,燃气,采暖,标签,station,latitude,longtitude
https://sz.lianjia.com/zufang/SZ2229412980352106496.html,龙岗区,坂田,整租·华创云轩 2室1厅 复式 南,4380元/月 (月付价),整租,2室1厅1卫,38㎡,朝南,"['https://image1.ljcdn.com/rent-user-avatar/37f75319-ed7b-418f-8f6f-fd0fcb152092.780x439.jpg', 'https://s1.ljcdn.com/matrix_lianjia_pc/dist/pc/src/resource/default/780-439.png?_v=201906280941017d9', 'https://s1.ljcdn.com/matrix_lianjia_pc/dist/pc/src/resource/default/780-439.png?_v=201906280941017d9', 'https://s1.ljcdn.com/matrix_lianjia_pc/dist/pc/src/resource/default/780-439.png?_v=201906280941017d9', 'https://s1.ljcdn.com/matrix_lianjia_pc/dist/pc/src/resource/default/780-439.png?_v=201906280941017d9', 'https://s1.ljcdn.com/matrix_lianjia_pc/dist/pc/src/resource/default/780-439.png?_v=201906280941017d9', 'https://s1.ljcdn.com/matrix_lianjia_pc/dist/pc/src/resource/default/780-439.png?_v=201906280941017d9', 'https://s1.ljcdn.com/matrix_lianjia_pc/dist/pc/src/resource/default/780-439.png?_v=201906280941017d9', 'https://s1.ljcdn.com/matrix_lianjia_pc/dist/pc/src/resource/default/780-439.png?_v=201906280941017d9', 'https://s1.ljcdn.com/matrix_lianjia_pc/dist/pc/src/resource/default/780-439.png?_v=201906280941017d9', 'https://s1.ljcdn.com/matrix_lianjia_pc/dist/pc/src/resource/default/780-439.png?_v=201906280941017d9']",2个月前,随时入住,1年,随时可看,13/21层,有,暂无数据,商水,商电,有,暂无数据,"['公寓', '精装', '随时看房']",[],22.657205,114.072426
https://sz.lianjia.com/zufang/SZ2266534912541081600.html,龙岗区,大运新城,中森双子座公馆 3室1厅 南,4700元/月 ,租赁方式未知,3室1厅1卫,74㎡,朝南,"['https://image1.ljcdn.com/440300-inspection/24953044-d11f-42c5-a14f-098d23d2ed5b.jpg.780x439.jpg', 'https://s1.ljcdn.com/matrix_lianjia_pc/dist/pc/src/resource/default/780-439.png?_v=201906280941017d9', 'https://s1.ljcdn.com/matrix_lianjia_pc/dist/pc/src/resource/default/780-439.png?_v=201906280941017d9', 'https://s1.ljcdn.com/matrix_lianjia_pc/dist/pc/src/resource/default/780-439.png?_v=201906280941017d9', 'https://s1.ljcdn.com/matrix_lianjia_pc/dist/pc/src/resource/default/780-439.png?_v=201906280941017d9', 'https://s1.ljcdn.com/matrix_lianjia_pc/dist/pc/src/resource/default/780-439.png?_v=201906280941017d9', 'https://s1.ljcdn.com/matrix_lianjia_pc/dist/pc/src/resource/default/780-439.png?_v=201906280941017d9', 'https://s1.ljcdn.com/matrix_lianjia_pc/dist/pc/src/resource/default/780-439.png?_v=201906280941017d9', 'https://s1.ljcdn.com/matrix_lianjia_pc/dist/pc/src/resource/default/780-439.png?_v=201906280941017d9', 'https://s1.ljcdn.com/matrix_lianjia_pc/dist/pc/src/resource/default/780-439.png?_v=201906280941017d9']",1个月前,随时入住,暂无数据,需提前预约,中楼层/20层,有,暂无数据,民水,民电,有,暂无数据,[],[],22.706482801413,114.22864079809
https://sz.lianjia.com/zufang/SZ2268120819240804352.html,龙岗区,龙岗双龙,佳兆业水岸新都 3室2厅 南/北,4200元/月 ,租赁方式未知,3室2厅2卫,80㎡,朝南 北,"['https://image1.ljcdn.com/440300-inspection/8072c29b-e394-4531-b916-db2380f5ab75.jpg.780x439.jpg', 'https://s1.ljcdn.com/matrix_lianjia_pc/dist/pc/src/resource/default/780-439.png?_v=201906280941017d9', 'https://s1.ljcdn.com/matrix_lianjia_pc/dist/pc/src/resource/default/780-439.png?_v=201906280941017d9', 'https://s1.ljcdn.com/matrix_lianjia_pc/dist/pc/src/resource/default/780-439.png?_v=201906280941017d9', 'https://s1.ljcdn.com/matrix_lianjia_pc/dist/pc/src/resource/default/780-439.png?_v=201906280941017d9', 'https://s1.ljcdn.com/matrix_lianjia_pc/dist/pc/src/resource/default/780-439.png?_v=201906280941017d9', 'https://s1.ljcdn.com/matrix_lianjia_pc/dist/pc/src/resource/default/780-439.png?_v=201906280941017d9', 'https://s1.ljcdn.com/matrix_lianjia_pc/dist/pc/src/resource/default/780-439.png?_v=201906280941017d9', 'https://s1.ljcdn.com/matrix_lianjia_pc/dist/pc/src/resource/default/780-439.png?_v=201906280941017d9']",28天前,随时入住,暂无数据,需提前预约,中楼层/26层,有,暂无数据,民水,民电,有,暂无数据,[],[],22.754512,114.284242
https://sz.lianjia.com/zufang/SZ2264237026041929728.html,龙岗区,龙岗双龙,锦城星苑 5室2厅 南,4000元/月 ,租赁方式未知,5室2厅2卫,141㎡,朝南,"['https://image1.ljcdn.com/440300-inspection/4a7657f1-3e07-4372-8248-c33196cf248d.jpg.780x439.jpg', 'https://s1.ljcdn.com/matrix_lianjia_pc/dist/pc/src/resource/default/780-439.png?_v=201906280941017d9', 'https://s1.ljcdn.com/matrix_lianjia_pc/dist/pc/src/resource/default/780-439.png?_v=201906280941017d9', 'https://s1.ljcdn.com/matrix_lianjia_pc/dist/pc/src/resource/default/780-439.png?_v=201906280941017d9', 'https://s1.ljcdn.com/matrix_lianjia_pc/dist/pc/src/resource/default/780-439.png?_v=201906280941017d9', 'https://s1.ljcdn.com/matrix_lianjia_pc/dist/pc/src/resource/default/780-439.png?_v=201906280941017d9', 'https://s1.ljcdn.com/matrix_lianjia_pc/dist/pc/src/resource/default/780-439.png?_v=201906280941017d9', 'https://s1.ljcdn.com/matrix_lianjia_pc/dist/pc/src/resource/default/780-439.png?_v=201906280941017d9', 'https://s1.ljcdn.com/matrix_lianjia_pc/dist/pc/src/resource/default/780-439.png?_v=201906280941017d9', 'https://s1.ljcdn.com/matrix_lianjia_pc/dist/pc/src/resource/default/780-439.png?_v=201906280941017d9', 'https://s1.ljcdn.com/matrix_lianjia_pc/dist/pc/src/resource/default/780-439.png?_v=201906280941017d9', 'https://s1.ljcdn.com/matrix_lianjia_pc/dist/pc/src/resource/default/780-439.png?_v=201906280941017d9', 'https://s1.ljcdn.com/matrix_lianjia_pc/dist/pc/src/resource/default/780-439.png?_v=201906280941017d9', 'https://s1.ljcdn.com/matrix_lianjia_pc/dist/pc/src/resource/default/780-439.png?_v=201906280941017d9']",1个月前,随时入住,暂无数据,需提前预约,高楼层/9层,有,暂无数据,民水,民电,有,暂无数据,['随时看房'],[],22.751925445789,114.2864754459
https://sz.lianjia.com/zufang/SZ2286193035777671168.html,坪山区,坪山,整租·龙光玖云著 2室2厅 复式 南,3300元/月 (月付价),整租,2室2厅2卫,56㎡,朝南,"['https://image1.ljcdn.com/rent-user-avatar/37399912-a995-489a-996f-942120ac0c33.780x439.jpg', 'https://s1.ljcdn.com/matrix_lianjia_pc/dist/pc/src/resource/default/780-439.png?_v=201906280941017d9', 'https://s1.ljcdn.com/matrix_lianjia_pc/dist/pc/src/resource/default/780-439.png?_v=201906280941017d9', 'https://s1.ljcdn.com/matrix_lianjia_pc/dist/pc/src/resource/default/780-439.png?_v=201906280941017d9']",5天前,随时入住,1个月以上,随时可看,2/22层,有,暂无数据,商水,商电,无,暂无数据,"['公寓', '月租', '精装', '双卫生间', '新上', '随时看房']",[],22.685564,114.337561
https://sz.lianjia.com/zufang/SZ2219336217194143744.html,龙岗区,龙岗中心城,整租·星河上寓 3室1厅 复式 南,4100元/月 (月付价),整租,3室1厅2卫,68㎡,朝南,"['https://image1.ljcdn.com/rent-user-avatar/202d78e6-9913-4bbc-a910-c900f04bf687.780x439.jpg', 'https://s1.ljcdn.com/matrix_lianjia_pc/dist/pc/src/resource/default/780-439.png?_v=201906280941017d9', 'https://s1.ljcdn.com/matrix_lianjia_pc/dist/pc/src/resource/default/780-439.png?_v=201906280941017d9', 'https://s1.ljcdn.com/matrix_lianjia_pc/dist/pc/src/resource/default/780-439.png?_v=201906280941017d9', 'https://s1.ljcdn.com/matrix_lianjia_pc/dist/pc/src/resource/default/780-439.png?_v=201906280941017d9', 'https://s1.ljcdn.com/matrix_lianjia_pc/dist/pc/src/resource/default/780-439.png?_v=201906280941017d9', 'https://s1.ljcdn.com/matrix_lianjia_pc/dist/pc/src/resource/default/780-439.png?_v=201906280941017d9', 'https://s1.ljcdn.com/matrix_lianjia_pc/dist/pc/src/resource/default/780-439.png?_v=201906280941017d9', 'https://s1.ljcdn.com/matrix_lianjia_pc/dist/pc/src/resource/default/780-439.png?_v=201906280941017d9']",3个月前,随时入住,6个月以上,随时可看,11/33层,暂无数据,暂无数据,商水,商电,有,暂无数据,"['公寓', '月租', '精装', '双卫生间', '随时看房']",[],22.725198,114.24391
https://sz.lianjia.com/zufang/SZ2263009126441558016.html,龙岗区,大运新城,启迪协信科技园 3室2厅 南/北,4000元/月 ,租赁方式未知,3室2厅2卫,95㎡,朝南 北,"['https://image1.ljcdn.com/440300-inspection/11a1b395-af1f-48b5-af66-693b6b57771b.jpg.780x439.jpg', 'https://s1.ljcdn.com/matrix_lianjia_pc/dist/pc/src/resource/default/780-439.png?_v=201906280941017d9', 'https://s1.ljcdn.com/matrix_lianjia_pc/dist/pc/src/resource/default/780-439.png?_v=201906280941017d9', 'https://s1.ljcdn.com/matrix_lianjia_pc/dist/pc/src/resource/default/780-439.png?_v=201906280941017d9', 'https://s1.ljcdn.com/matrix_lianjia_pc/dist/pc/src/resource/default/780-439.png?_v=201906280941017d9', 'https://s1.ljcdn.com/matrix_lianjia_pc/dist/pc/src/resource/default/780-439.png?_v=201906280941017d9', 'https://s1.ljcdn.com/matrix_lianjia_pc/dist/pc/src/resource/default/780-439.png?_v=201906280941017d9', 'https://s1.ljcdn.com/matrix_lianjia_pc/dist/pc/src/resource/default/780-439.png?_v=201906280941017d9']",1个月前,随时入住,暂无数据,需提前预约,中楼层/27层,有,暂无数据,商水,民电,有,暂无数据,['随时看房'],[],22.702981,114.215067
https://sz.lianjia.com/zufang/SZ2236903549722165248.html,龙岗区,大运新城,启迪协信科技园 3室2厅 南,4500元/月 ,租赁方式未知,3室2厅2卫,97㎡,朝南,"['https://image1.ljcdn.com/440300-inspection/2b3f7503-f93e-4565-bfb9-297d14c337e0.jpg.780x439.jpg', 'https://s1.ljcdn.com/matrix_lianjia_pc/dist/pc/src/resource/default/780-439.png?_v=201906280941017d9', 'https://s1.ljcdn.com/matrix_lianjia_pc/dist/pc/src/resource/default/780-439.png?_v=201906280941017d9', 'https://s1.ljcdn.com/matrix_lianjia_pc/dist/pc/src/resource/default/780-439.png?_v=201906280941017d9', 'https://s1.ljcdn.com/matrix_lianjia_pc/dist/pc/src/resource/default/780-439.png?_v=201906280941017d9', 'https://s1.ljcdn.com/matrix_lianjia_pc/dist/pc/src/resource/default/780-439.png?_v=201906280941017d9', 'https://s1.ljcdn.com/matrix_lianjia_pc/dist/pc/src/resource/default/780-439.png?_v=201906280941017d9']",2个月前,随时入住,暂无数据,需提前预约,中楼层/29层,有,暂无数据,商水,民电,有,暂无数据,[],[],22.702981,114.215067
https://sz.lianjia.com/zufang/SZ2262255892399931392.html,龙岗区,龙岗双龙,佳兆业水岸新都 3室1厅 南,3500元/月 ,租赁方式未知,3室1厅1卫,86㎡,朝南,"['https://image1.ljcdn.com/440300-inspection/69f3027c-1396-43d1-85c4-b36c48a80f33.jpg.780x439.jpg', 'https://s1.ljcdn.com/matrix_lianjia_pc/dist/pc/src/resource/default/780-439.png?_v=201906280941017d9', 'https://s1.ljcdn.com/matrix_lianjia_pc/dist/pc/src/resource/default/780-439.png?_v=201906280941017d9', 'https://s1.ljcdn.com/matrix_lianjia_pc/dist/pc/src/resource/default/780-439.png?_v=201906280941017d9', 'https://s1.ljcdn.com/matrix_lianjia_pc/dist/pc/src/resource/default/780-439.png?_v=201906280941017d9', 'https://s1.ljcdn.com/matrix_lianjia_pc/dist/pc/src/resource/default/780-439.png?_v=201906280941017d9', 'https://s1.ljcdn.com/matrix_lianjia_pc/dist/pc/src/resource/default/780-439.png?_v=201906280941017d9', 'https://s1.ljcdn.com/matrix_lianjia_pc/dist/pc/src/resource/default/780-439.png?_v=201906280941017d9', 'https://s1.ljcdn.com/matrix_lianjia_pc/dist/pc/src/resource/default/780-439.png?_v=201906280941017d9', 'https://s1.ljcdn.com/matrix_lianjia_pc/dist/pc/src/resource/default/780-439.png?_v=201906280941017d9']",1个月前,随时入住,暂无数据,需提前预约,中楼层/24层,有,暂无数据,民水,民电,有,暂无数据,[],[],22.754512,114.284242
https://sz.lianjia.com/zufang/SZ2246078431722733568.html,龙岗区,坂田,整租·华创云轩 2室1厅 复式 南,3700元/月 (月付价),整租,2室1厅1卫,60㎡,朝南,"['https://image1.ljcdn.com/rent-user-avatar/114e2b73-dd07-45bb-b850-336caf3d350c.780x439.jpg', 'https://s1.ljcdn.com/matrix_lianjia_pc/dist/pc/src/resource/default/780-439.png?_v=201906280941017d9', 'https://s1.ljcdn.com/matrix_lianjia_pc/dist/pc/src/resource/default/780-439.png?_v=201906280941017d9', 'https://s1.ljcdn.com/matrix_lianjia_pc/dist/pc/src/resource/default/780-439.png?_v=201906280941017d9', 'https://s1.ljcdn.com/matrix_lianjia_pc/dist/pc/src/resource/default/780-439.png?_v=201906280941017d9', 'https://s1.ljcdn.com/matrix_lianjia_pc/dist/pc/src/resource/default/780-439.png?_v=201906280941017d9', 'https://s1.ljcdn.com/matrix_lianjia_pc/dist/pc/src/resource/default/780-439.png?_v=201906280941017d9', 'https://s1.ljcdn.com/matrix_lianjia_pc/dist/pc/src/resource/default/780-439.png?_v=201906280941017d9', 'https://s1.ljcdn.com/matrix_lianjia_pc/dist/pc/src/resource/default/780-439.png?_v=201906280941017d9']",2个月前,随时入住,1~2年,随时可看,9/21层,有,暂无数据,暂无数据,暂无数据,有,暂无数据,"['公寓', '精装', '随时看房']",[],22.656786,114.07219
https://sz.lianjia.com/zufang/SZ2267113339073609728.html,龙岗区,横岗,整租·荣德SPACE 2室1厅 南,3800元/月 (月付价),整租,2室1厅1卫,67㎡,朝南,"['https://image1.ljcdn.com/rent-user-avatar/3d8209fc-f903-467b-9884-a38251f5c159.780x439.jpg', 'https://s1.ljcdn.com/matrix_lianjia_pc/dist/pc/src/resource/default/780-439.png?_v=201906280941017d9', 'https://s1.ljcdn.com/matrix_lianjia_pc/dist/pc/src/resource/default/780-439.png?_v=201906280941017d9', 'https://s1.ljcdn.com/matrix_lianjia_pc/dist/pc/src/resource/default/780-439.png?_v=201906280941017d9', 'https://s1.ljcdn.com/matrix_lianjia_pc/dist/pc/src/resource/default/780-439.png?_v=201906280941017d9', 'https://s1.ljcdn.com/matrix_lianjia_pc/dist/pc/src/resource/default/780-439.png?_v=201906280941017d9', 'https://s1.ljcdn.com/matrix_lianjia_pc/dist/pc/src/resource/default/780-439.png?_v=201906280941017d9', 'https://s1.ljcdn.com/matrix_lianjia_pc/dist/pc/src/resource/default/780-439.png?_v=201906280941017d9']",1个月前,随时入住,1年,随时可看,10/26层,有,暂无数据,民水,民电,有,暂无数据,"['公寓', '近地铁', '精装', '随时看房']","['3号线(龙岗线) - 横岗', '207m']",22.656684,114.215675
https://sz.lianjia.com/zufang/SZ2289912870562955264.html,宝安区,松岗,中海西岸华府北区 2室2厅 南,3500元/月 ,租赁方式未知,2室2厅1卫,78㎡,朝南,['https://image1.ljcdn.com/rent-front-image/1efeae8459c48eeb3fef0bc54884fd1d.png.780x439.jpg'],今天,随时入住,暂无数据,需提前预约,中楼层/17层,有,暂无数据,民水,民电,有,暂无数据,"['近地铁', '新上', '随时看房']","['11号线 - 松岗', '929m']",22.776744066957,113.82766216966
https://sz.lianjia.com/zufang/SZ2277418501226905600.html,坪山区,坪山,京基御景印象一期 3室2厅 南,3500元/月 ,租赁方式未知,3室2厅2卫,89㎡,朝南,['https://image1.ljcdn.com/rent-front-image/1efeae8459c48eeb3fef0bc54884fd1d.png.780x439.jpg'],今天,2019-07-01,暂无数据,需提前预约,高楼层/33层,有,暂无数据,民水,民电,有,暂无数据,"['新上', '随时看房']",[],22.683796,114.340893
https://sz.lianjia.com/zufang/SZ2289776135019700224.html,龙华区,龙华中心,玉华花园 3室2厅 南,5000元/月 ,租赁方式未知,3室2厅2卫,98㎡,朝南,['https://image1.ljcdn.com/rent-front-image/1efeae8459c48eeb3fef0bc54884fd1d.png.780x439.jpg'],今天,随时入住,暂无数据,需提前预约,中楼层/8层,有,暂无数据,民水,民电,无,暂无数据,"['新上', '随时看房']",[],22.64674761516,114.03338852258
https://sz.lianjia.com/zufang/SZ2192583919399084032.html,福田区,莲花,合租·海连大厦 4居室 南卧,3500元/月 (月付价),合租,4室1厅2卫,19㎡,朝南,"['https://image1.ljcdn.com/rent-user-avatar/1a00df62-9093-422a-b4c4-c1403f34f9c5.780x439.jpg', 'https://s1.ljcdn.com/matrix_lianjia_pc/dist/pc/src/resource/default/780-439.png?_v=201906280941017d9', 'https://s1.ljcdn.com/matrix_lianjia_pc/dist/pc/src/resource/default/780-439.png?_v=201906280941017d9', 'https://s1.ljcdn.com/matrix_lianjia_pc/dist/pc/src/resource/default/780-439.png?_v=201906280941017d9', 'https://s1.ljcdn.com/matrix_lianjia_pc/dist/pc/src/resource/default/780-439.png?_v=201906280941017d9', 'https://s1.ljcdn.com/matrix_lianjia_pc/dist/pc/src/resource/default/780-439.png?_v=201906280941017d9', 'https://s1.ljcdn.com/matrix_lianjia_pc/dist/pc/src/resource/default/780-439.png?_v=201906280941017d9', 'https://s1.ljcdn.com/matrix_lianjia_pc/dist/pc/src/resource/default/780-439.png?_v=201906280941017d9', 'https://s1.ljcdn.com/matrix_lianjia_pc/dist/pc/src/resource/default/780-439.png?_v=201906280941017d9', 'https://s1.ljcdn.com/matrix_lianjia_pc/dist/pc/src/resource/default/780-439.png?_v=201906280941017d9', 'https://s1.ljcdn.com/matrix_lianjia_pc/dist/pc/src/resource/default/780-439.png?_v=201906280941017d9']",4个月前,随时入住,1~12个月,需提前预约,15/32层,有,暂无数据,民水,民电,有,暂无数据,"['独立卫生间', '月租', '近地铁', '精装', '独立阳台', '押一付一']","['3号线(龙岗线) - 莲花村', '558m', '2号线(蛇口线) - 岗厦北', '666m', '3号线(龙岗线),4号线(龙华线) - 少年宫', '1102m', '2号线(蛇口线),4号线(龙华线) - 市民中心', '1107m']",22.55012824018,114.0769382685
https://sz.lianjia.com/zufang/SZ2250654188797706240.html,罗湖区,百仕达,整租·鸿园居 1室1厅 南,3900元/月 (月付价),整租,1室1厅1卫,45㎡,朝南,"['https://image1.ljcdn.com/rent-user-avatar/90902d84-e066-43a9-8af9-41d961618430.780x439.jpg', 'https://s1.ljcdn.com/matrix_lianjia_pc/dist/pc/src/resource/default/780-439.png?_v=201906280941017d9', 'https://s1.ljcdn.com/matrix_lianjia_pc/dist/pc/src/resource/default/780-439.png?_v=201906280941017d9', 'https://s1.ljcdn.com/matrix_lianjia_pc/dist/pc/src/resource/default/780-439.png?_v=201906280941017d9', 'https://s1.ljcdn.com/matrix_lianjia_pc/dist/pc/src/resource/default/780-439.png?_v=201906280941017d9', 'https://s1.ljcdn.com/matrix_lianjia_pc/dist/pc/src/resource/default/780-439.png?_v=201906280941017d9', 'https://s1.ljcdn.com/matrix_lianjia_pc/dist/pc/src/resource/default/780-439.png?_v=201906280941017d9', 'https://s1.ljcdn.com/matrix_lianjia_pc/dist/pc/src/resource/default/780-439.png?_v=201906280941017d9', 'https://s1.ljcdn.com/matrix_lianjia_pc/dist/pc/src/resource/default/780-439.png?_v=201906280941017d9']",1个月前,随时入住,1~2年,随时可看,13/18层,有,暂无数据,民水,民电,有,暂无数据,"['近地铁', '精装', '随时看房']","['5号线(环中线),7号线 - 太安', '364m', '3号线(龙岗线) - 水贝', '1078m', '5号线(环中线) - 布心', '1082m', '3号线(龙岗线),7号线 - 田贝', '1102m']",22.580649943898,114.14042350647
https://sz.lianjia.com/zufang/SZ2289943502647738368.html,龙岗区,布吉水径,丽湖花园三期 3室1厅 南,4500元/月 ,租赁方式未知,3室1厅1卫,78㎡,朝南,['https://image1.ljcdn.com/rent-front-image/1efeae8459c48eeb3fef0bc54884fd1d.png.780x439.jpg'],今天,随时入住,暂无数据,需提前预约,高楼层/20层,有,暂无数据,民水,民电,有,暂无数据,['新上'],[],22.636534,114.11326
https://sz.lianjia.com/zufang/SZ2288996822842621952.html,南山区,前海,港湾丽都 4室1厅 南,4500元/月 ,租赁方式未知,4室1厅2卫,135㎡,朝南,['https://image1.ljcdn.com/rent-front-image/1efeae8459c48eeb3fef0bc54884fd1d.png.780x439.jpg'],1天前,随时入住,暂无数据,需提前预约,高楼层/17层,有,暂无数据,民水,民电,有,暂无数据,"['近地铁', '新上']","['1号线(罗宝线) - 大新', '5m', '1号线(罗宝线) - 桃园', '1005m', '1号线(罗宝线) - 鲤鱼门', '1063m']",22.537003,113.920973
https://sz.lianjia.com/zufang/SZ2288889717263179776.html,南山区,科技园,凯丽花园 1室1厅 南,4500元/月 ,租赁方式未知,1室1厅1卫,42㎡,朝南,['https://image1.ljcdn.com/rent-front-image/1efeae8459c48eeb3fef0bc54884fd1d.png.780x439.jpg'],1天前,2019-07-11,暂无数据,暂无数据,中楼层/8层,无,暂无数据,民水,民电,有,暂无数据,"['近地铁', '新上']","['1号线(罗宝线) - 深大', '599m']",22.548424,113.946233
https://sz.lianjia.com/zufang/SZ2247713979168464896.html,龙岗区,龙岗中心城,整租·远洋新干线一期 3室2厅 南,3400元/月 (月付价),整租,3室2厅2卫,50㎡,朝南,"['https://image1.ljcdn.com/rent-user-avatar/1c8a9b2a-e5c9-4499-9fdb-9bd64c33ef17.780x439.jpg', 'https://s1.ljcdn.com/matrix_lianjia_pc/dist/pc/src/resource/default/780-439.png?_v=201906280941017d9', 'https://s1.ljcdn.com/matrix_lianjia_pc/dist/pc/src/resource/default/780-439.png?_v=201906280941017d9', 'https://s1.ljcdn.com/matrix_lianjia_pc/dist/pc/src/resource/default/780-439.png?_v=201906280941017d9', 'https://s1.ljcdn.com/matrix_lianjia_pc/dist/pc/src/resource/default/780-439.png?_v=201906280941017d9', 'https://s1.ljcdn.com/matrix_lianjia_pc/dist/pc/src/resource/default/780-439.png?_v=201906280941017d9']",1个月前,随时入住,6~36个月,随时可看,5/22层,有,暂无数据,民水,民电,无,暂无数据,"['公寓', '月租', '近地铁', '精装', '双卫生间', '随时看房']","['3号线(龙岗线) - 南联', '516m', '3号线(龙岗线) - 龙城广场', '691m']",22.724439,114.268117
https://sz.lianjia.com/apartment/17314.html,,,青年公寓 · 南山店,"
青年公寓 · 南山店

          2999元/月起

",,,,,"['https://image1.ljcdn.com/rent-user-avatar/40666be3-e0ca-4a22-9d26-da210a0fc410.1150x.jpg', 'https://s1.ljcdn.com/matrix_lianjia_pc/dist/pc/src/resource/default/1150-450.png?_v=201906280941017d9']",,,,,,,,,,,,,[],22.49411,113.941959
https://sz.lianjia.com/zufang/SZ2206292194494005248.html,南山区,南山中心,城市山林 1室1厅 南/北,4000元/月 ,租赁方式未知,1室1厅1卫,69㎡,朝南 北,['https://image1.ljcdn.com/rent-front-image/1efeae8459c48eeb3fef0bc54884fd1d.png.780x439.jpg'],2个月前,随时入住,暂无数据,需提前预约,高楼层/19层,有,暂无数据,民水,民电,有,暂无数据,[],[],22.515979136587,113.92131353383
https://sz.lianjia.com/zufang/SZ2288888721518362624.html,宝安区,西乡,双龙花园 3室2厅 南,4200元/月 ,租赁方式未知,3室2厅2卫,89㎡,朝南,['https://image1.ljcdn.com/rent-front-image/1efeae8459c48eeb3fef0bc54884fd1d.png.780x439.jpg'],1天前,2019-07-01,暂无数据,暂无数据,中楼层/7层,无,暂无数据,民水,民电,有,暂无数据,['新上'],[],22.587688795232,113.88195849052
https://sz.lianjia.com/zufang/SZ2267186824839430144.html,福田区,八卦岭,鹏盛村 1室1厅 南,3300元/月 ,租赁方式未知,1室1厅1卫,31㎡,朝南,"['http://vrlab-image.ljcdn.com/release/vradmin/1000000020208139/images/051bec00-ad8f-4d6d-9457-58e857daa7ff.png.q_70.jpg', 'https://s1.ljcdn.com/matrix_lianjia_pc/dist/pc/src/resource/default/780-439.png?_v=201906280941017d9']",1个月前,随时入住,暂无数据,暂无数据,高楼层/8层,无,暂无数据,民水,民电,有,暂无数据,"['近地铁', '随时看房']","['9号线 - 园岭', '215m', '7号线,9号线 - 红岭北', '574m', '7号线 - 八卦岭', '1000m', '3号线(龙岗线),9号线 - 红岭', '1022m']",22.562945,114.108507
https://sz.lianjia.com/apartment/18148.html,,,陆居公寓 · 杨美店,"
陆居公寓 · 杨美店

          1600元/月起

",,,,,"['https://image1.ljcdn.com/rent-user-avatar/5a6421cc-cf3e-45a0-99eb-60e60dd17084.1150x.jpg', 'https://s1.ljcdn.com/matrix_lianjia_pc/dist/pc/src/resource/default/1150-450.png?_v=201906280941017d9']",,,,,,,,,,,,,[],22.6323,114.087485
https://sz.lianjia.com/zufang/SZ2259318703273549824.html,宝安区,曦城,整租·润科华府 3室2厅 东/东南/南/西南/西,4500元/月 (月付价),整租,3室2厅2卫,89㎡,朝东 东南 南 西南 西,"['https://image1.ljcdn.com/rent-user-avatar/23157ca7-eef8-4b89-a6f3-f19ad7837130.780x439.jpg', 'https://s1.ljcdn.com/matrix_lianjia_pc/dist/pc/src/resource/default/780-439.png?_v=201906280941017d9', 'https://s1.ljcdn.com/matrix_lianjia_pc/dist/pc/src/resource/default/780-439.png?_v=201906280941017d9', 'https://s1.ljcdn.com/matrix_lianjia_pc/dist/pc/src/resource/default/780-439.png?_v=201906280941017d9', 'https://s1.ljcdn.com/matrix_lianjia_pc/dist/pc/src/resource/default/780-439.png?_v=201906280941017d9']",1个月前,随时入住,6个月以上,随时可看,19/30层,暂无数据,暂无数据,民水,民电,暂无数据,暂无数据,"['公寓', '月租', '精装', '双卫生间', '随时看房']",[],22.632085,113.869
https://sz.lianjia.com/zufang/SZ2264911364588322816.html,南山区,前海,丽湾国际公寓 2室1厅 南,4400元/月 ,租赁方式未知,2室1厅1卫,50㎡,朝南,['https://image1.ljcdn.com/rent-front-image/1efeae8459c48eeb3fef0bc54884fd1d.png.780x439.jpg'],1个月前,随时入住,暂无数据,需提前预约,低楼层/32层,有,暂无数据,商水,商电,有,暂无数据,[],[],22.502133,113.897903
https://sz.lianjia.com/zufang/SZ2255841611869061120.html,罗湖区,罗湖口岸,罗湖金岸大厦 2室1厅 南,4500元/月 ,租赁方式未知,2室1厅1卫,43㎡,朝南,['https://image1.ljcdn.com/rent-front-image/1efeae8459c48eeb3fef0bc54884fd1d.png.780x439.jpg'],1个月前,随时入住,暂无数据,暂无数据,低楼层/33层,有,暂无数据,民水,民电,有,暂无数据,['近地铁'],"['9号线 - 向西村', '733m', '1号线(罗宝线) - 罗湖', '827m', '9号线 - 人民南', '1051m', '1号线(罗宝线) - 国贸', '1189m']",22.540714072718,114.1301645884
https://sz.lianjia.com/zufang/SZ2288843945410560000.html,龙华区,龙华新区,新华城 2室1厅 南,4500元/月 ,租赁方式未知,2室1厅1卫,71㎡,朝南,['https://image1.ljcdn.com/rent-front-image/1efeae8459c48eeb3fef0bc54884fd1d.png.780x439.jpg'],2天前,2019-07-27,暂无数据,需提前预约,高楼层/30层,有,暂无数据,民水,民电,有,暂无数据,['新上'],[],22.647964923071,114.03778089849
https://sz.lianjia.com/zufang/SZ2288832196410621952.html,龙岗区,布吉关,百合星城一期 2室1厅 南,4500元/月 ,租赁方式未知,2室1厅1卫,74㎡,朝南,['https://image1.ljcdn.com/rent-front-image/1efeae8459c48eeb3fef0bc54884fd1d.png.780x439.jpg'],2天前,2019-07-25,暂无数据,需提前预约,中楼层/32层,有,暂无数据,民水,民电,有,暂无数据,"['近地铁', '新上']","['3号线(龙岗线),5号线(环中线) - 布吉', '412m']",22.60437,114.127677
