房源地址,行政区,位置,标题,租金,租赁方式,户型,面积,朝向,图片列表,发布时间,入住时间,租期,看房时间,楼层,电梯,车位,用水,用电,燃气,采暖,标签,station,latitude,longtitude
https://sz.lianjia.com/zufang/SZ2289735169907113984.html,南山区,蛇口,整租·花果山小区 1室1厅 东/南,4200元/月 (月付价),整租,1室1厅1卫,36㎡,朝东 南,"['https://image1.ljcdn.com/rent-user-avatar/07d7cff5-d638-4d90-9d1f-e3045a25ef97.780x439.jpg', 'https://s1.ljcdn.com/matrix_lianjia_pc/dist/pc/src/resource/default/780-439.png?_v=201906280941017d9', 'https://s1.ljcdn.com/matrix_lianjia_pc/dist/pc/src/resource/default/780-439.png?_v=201906280941017d9', 'https://s1.ljcdn.com/matrix_lianjia_pc/dist/pc/src/resource/default/780-439.png?_v=201906280941017d9', 'https://s1.ljcdn.com/matrix_lianjia_pc/dist/pc/src/resource/default/780-439.png?_v=201906280941017d9', 'https://s1.ljcdn.com/matrix_lianjia_pc/dist/pc/src/resource/default/780-439.png?_v=201906280941017d9', 'https://s1.ljcdn.com/matrix_lianjia_pc/dist/pc/src/resource/default/780-439.png?_v=201906280941017d9']",今天,随时入住,1年以上,随时可看,4/6层,无,暂无数据,民水,民电,有,暂无数据,"['公寓', '近地铁', '精装', '新上', '随时看房']","['2号线(蛇口线) - 水湾', '893m', '2号线(蛇口线) - 东角头', '1032m']",22.497427015829,113.93267604934
https://sz.lianjia.com/zufang/SZ2238447374115028992.html,南山区,科技园,科技园三十四区 1室0厅 南,3700元/月 ,租赁方式未知,1室0厅1卫,31㎡,朝南,"['https://image1.ljcdn.com/hdic-frame/1c10a8c7-cfbd-41d3-8356-167b94bcd495.png.780x439.jpg', 'https://s1.ljcdn.com/matrix_lianjia_pc/dist/pc/src/resource/default/780-439.png?_v=201906280941017d9', 'https://s1.ljcdn.com/matrix_lianjia_pc/dist/pc/src/resource/default/780-439.png?_v=201906280941017d9', 'https://s1.ljcdn.com/matrix_lianjia_pc/dist/pc/src/resource/default/780-439.png?_v=201906280941017d9']",2个月前,随时入住,暂无数据,需提前预约,中楼层/7层,无,暂无数据,民水,民电,有,暂无数据,"['近地铁', '随时看房']","['1号线(罗宝线) - 深大', '910m', '1号线(罗宝线) - 高新园', '1176m']",22.553137860311,113.95351763222
https://sz.lianjia.com/zufang/SZ2273085769516326912.html,龙华区,观澜,佳华领域广场 2室1厅 南,3600元/月 ,租赁方式未知,2室1厅1卫,54㎡,朝南,"['https://image1.ljcdn.com/440300-inspection/3af7b468-fe63-4963-8ae9-a6721142aa8b.jpg.780x439.jpg', 'https://s1.ljcdn.com/matrix_lianjia_pc/dist/pc/src/resource/default/780-439.png?_v=201906280941017d9', 'https://s1.ljcdn.com/matrix_lianjia_pc/dist/pc/src/resource/default/780-439.png?_v=201906280941017d9', 'https://s1.ljcdn.com/matrix_lianjia_pc/dist/pc/src/resource/default/780-439.png?_v=201906280941017d9', 'https://s1.ljcdn.com/matrix_lianjia_pc/dist/pc/src/resource/default/780-439.png?_v=201906280941017d9']",23天前,随时入住,暂无数据,需提前预约,中楼层/28层,暂无数据,暂无数据,民水,民电,有,暂无数据,[],[],22.720914,114.062327
https://sz.lianjia.com/zufang/SZ2281070303520505856.html,宝安区,西乡,合正汇一城 1室0厅 南,4700元/月 ,租赁方式未知,1室0厅1卫,52㎡,朝南,"['https://image1.ljcdn.com/440300-inspection/569c8b59-293a-463c-9a32-eaaaa1457549.jpg.780x439.jpg', 'https://s1.ljcdn.com/matrix_lianjia_pc/dist/pc/src/resource/default/780-439.png?_v=201906280941017d9', 'https://s1.ljcdn.com/matrix_lianjia_pc/dist/pc/src/resource/default/780-439.png?_v=201906280941017d9']",11天前,随时入住,暂无数据,需提前预约,高楼层/28层,有,暂无数据,商水,商电,有,暂无数据,['近地铁'],"['1号线(罗宝线) - 西乡', '38m', '1号线(罗宝线) - 坪洲', '917m', '11号线 - 碧海湾', '927m']",22.58227,113.870734
https://sz.lianjia.com/apartment/19265.html,,,泰易公寓 · 西丽A区店,"
泰易公寓 · 西丽A区店

          1900元/月起

",,,,,"['https://image1.ljcdn.com/rent-user-avatar/ec7c2151-a0e9-4e2b-a9e9-b0eb633def05.1150x.jpg', 'https://s1.ljcdn.com/matrix_lianjia_pc/dist/pc/src/resource/default/1150-450.png?_v=201906280941017d9', 'https://s1.ljcdn.com/matrix_lianjia_pc/dist/pc/src/resource/default/1150-450.png?_v=201906280941017d9', 'https://s1.ljcdn.com/matrix_lianjia_pc/dist/pc/src/resource/default/1150-450.png?_v=201906280941017d9', 'https://s1.ljcdn.com/matrix_lianjia_pc/dist/pc/src/resource/default/1150-450.png?_v=201906280941017d9', 'https://s1.ljcdn.com/matrix_lianjia_pc/dist/pc/src/resource/default/1150-450.png?_v=201906280941017d9', 'https://s1.ljcdn.com/matrix_lianjia_pc/dist/pc/src/resource/default/1150-450.png?_v=201906280941017d9', 'https://s1.ljcdn.com/matrix_lianjia_pc/dist/pc/src/resource/default/1150-450.png?_v=201906280941017d9', 'https://s1.ljcdn.com/matrix_lianjia_pc/dist/pc/src/resource/default/1150-450.png?_v=201906280941017d9', 'https://s1.ljcdn.com/matrix_lianjia_pc/dist/pc/src/resource/default/1150-450.png?_v=201906280941017d9', 'https://s1.ljcdn.com/matrix_lianjia_pc/dist/pc/src/resource/default/1150-450.png?_v=201906280941017d9', 'https://s1.ljcdn.com/matrix_lianjia_pc/dist/pc/src/resource/default/1150-450.png?_v=201906280941017d9']",,,,,,,,,,,,,[],22.59141,113.951087
https://sz.lianjia.com/apartment/17259.html,,,星窝青年创业公寓 · 杨美店,"
星窝青年创业公寓 · 杨美店

          1560元/月起

",,,,,"['https://image1.ljcdn.com/rent-user-avatar/aa6bbcd4-8028-4a72-8eea-9db99d73ae38.1150x.jpg', 'https://s1.ljcdn.com/matrix_lianjia_pc/dist/pc/src/resource/default/1150-450.png?_v=201906280941017d9', 'https://s1.ljcdn.com/matrix_lianjia_pc/dist/pc/src/resource/default/1150-450.png?_v=201906280941017d9', 'https://s1.ljcdn.com/matrix_lianjia_pc/dist/pc/src/resource/default/1150-450.png?_v=201906280941017d9', 'https://s1.ljcdn.com/matrix_lianjia_pc/dist/pc/src/resource/default/1150-450.png?_v=201906280941017d9', 'https://s1.ljcdn.com/matrix_lianjia_pc/dist/pc/src/resource/default/1150-450.png?_v=201906280941017d9', 'https://s1.ljcdn.com/matrix_lianjia_pc/dist/pc/src/resource/default/1150-450.png?_v=201906280941017d9']",,,,,,,,,,,,,[],22.635994,114.088097
https://sz.lianjia.com/zufang/SZ2283962373092425728.html,南山区,前海,丽湾国际公寓 2室1厅 南,4500元/月 ,租赁方式未知,2室1厅1卫,46㎡,朝南,"['https://image1.ljcdn.com/440300-inspection/a04cf673-92cf-43ba-8786-4e0841f57f16.jpg.780x439.jpg', 'https://s1.ljcdn.com/matrix_lianjia_pc/dist/pc/src/resource/default/780-439.png?_v=201906280941017d9', 'https://s1.ljcdn.com/matrix_lianjia_pc/dist/pc/src/resource/default/780-439.png?_v=201906280941017d9', 'https://s1.ljcdn.com/matrix_lianjia_pc/dist/pc/src/resource/default/780-439.png?_v=201906280941017d9', 'https://s1.ljcdn.com/matrix_lianjia_pc/dist/pc/src/resource/default/780-439.png?_v=201906280941017d9', 'https://s1.ljcdn.com/matrix_lianjia_pc/dist/pc/src/resource/default/780-439.png?_v=201906280941017d9', 'https://s1.ljcdn.com/matrix_lianjia_pc/dist/pc/src/resource/default/780-439.png?_v=201906280941017d9']",8天前,随时入住,暂无数据,需提前预约,低楼层/32层,有,暂无数据,商水,商电,有,暂无数据,['随时看房'],[],22.502133,113.897903
https://sz.lianjia.com/zufang/SZ2256526914217328640.html,罗湖区,春风路,整租·联城美园 1室1厅 南,5000元/月 (月付价),整租,1室1厅1卫,46㎡,朝南,"['https://image1.ljcdn.com/440300-inspection/a6349b21-1aef-4718-be55-e247935772f9.jpg.780x439.jpg', 'https://s1.ljcdn.com/matrix_lianjia_pc/dist/pc/src/resource/default/780-439.png?_v=201906280941017d9', 'https://s1.ljcdn.com/matrix_lianjia_pc/dist/pc/src/resource/default/780-439.png?_v=201906280941017d9', 'https://s1.ljcdn.com/matrix_lianjia_pc/dist/pc/src/resource/default/780-439.png?_v=201906280941017d9', 'https://s1.ljcdn.com/matrix_lianjia_pc/dist/pc/src/resource/default/780-439.png?_v=201906280941017d9', 'https://s1.ljcdn.com/matrix_lianjia_pc/dist/pc/src/resource/default/780-439.png?_v=201906280941017d9']",1个月前,随时入住,暂无数据,暂无数据,高楼层/35层,有,暂无数据,民水,民电,有,暂无数据,"['近地铁', '精装', '随时看房']","['2号线(蛇口线) - 湖贝', '263m', '9号线 - 文锦', '335m', '9号线 - 向西村', '524m', '2号线(蛇口线),5号线(环中线) - 黄贝岭', '926m', '1号线(罗宝线) - 国贸', '1136m', '3号线(龙岗线) - 晒布', '1146m']",22.550067,114.135047
https://sz.lianjia.com/zufang/SZ2272997606747807744.html,宝安区,曦城,深业沙河U中心 1室1厅 南,3200元/月 ,租赁方式未知,1室1厅1卫,60㎡,朝南,"['https://image1.ljcdn.com/440300-inspection/6c45f038-bc0d-4254-9421-93d058db6ba1.jpg.780x439.jpg', 'https://s1.ljcdn.com/matrix_lianjia_pc/dist/pc/src/resource/default/780-439.png?_v=201906280941017d9', 'https://s1.ljcdn.com/matrix_lianjia_pc/dist/pc/src/resource/default/780-439.png?_v=201906280941017d9', 'https://s1.ljcdn.com/matrix_lianjia_pc/dist/pc/src/resource/default/780-439.png?_v=201906280941017d9']",23天前,随时入住,暂无数据,需提前预约,中楼层/23层,有,暂无数据,商水,商电,无,暂无数据,[],[],22.631539,113.870717
https://sz.lianjia.com/apartment/10690.html,,,碧家国际社区 · 坂田二店,"
碧家国际社区 · 坂田二店

          2280元/月起

",,,,,"['https://image1.ljcdn.com/rent-user-avatar/45db72d3-1430-47dc-a668-0acbffee7f60.1150x.jpg', 'https://s1.ljcdn.com/matrix_lianjia_pc/dist/pc/src/resource/default/1150-450.png?_v=201906280941017d9', 'https://s1.ljcdn.com/matrix_lianjia_pc/dist/pc/src/resource/default/1150-450.png?_v=201906280941017d9', 'https://s1.ljcdn.com/matrix_lianjia_pc/dist/pc/src/resource/default/1150-450.png?_v=201906280941017d9', 'https://s1.ljcdn.com/matrix_lianjia_pc/dist/pc/src/resource/default/1150-450.png?_v=201906280941017d9', 'https://s1.ljcdn.com/matrix_lianjia_pc/dist/pc/src/resource/default/1150-450.png?_v=201906280941017d9']",,,,,,,,,,,,,[],22.664209,114.078581
https://sz.lianjia.com/apartment/595.html,,,金地草莓社区 · 金谷店,"
金地草莓社区 · 金谷店

          3182元/月起

",,,,,"['https://image1.ljcdn.com/rent-user-avatar/67b8cfac-3349-48b1-a448-cae1d105aaa4.1150x.jpg', 'https://s1.ljcdn.com/matrix_lianjia_pc/dist/pc/src/resource/default/1150-450.png?_v=201906280941017d9', 'https://s1.ljcdn.com/matrix_lianjia_pc/dist/pc/src/resource/default/1150-450.png?_v=201906280941017d9', 'https://s1.ljcdn.com/matrix_lianjia_pc/dist/pc/src/resource/default/1150-450.png?_v=201906280941017d9', 'https://s1.ljcdn.com/matrix_lianjia_pc/dist/pc/src/resource/default/1150-450.png?_v=201906280941017d9', 'https://s1.ljcdn.com/matrix_lianjia_pc/dist/pc/src/resource/default/1150-450.png?_v=201906280941017d9', 'https://s1.ljcdn.com/matrix_lianjia_pc/dist/pc/src/resource/default/1150-450.png?_v=201906280941017d9', 'https://s1.ljcdn.com/matrix_lianjia_pc/dist/pc/src/resource/default/1150-450.png?_v=201906280941017d9', 'https://s1.ljcdn.com/matrix_lianjia_pc/dist/pc/src/resource/default/1150-450.png?_v=201906280941017d9', 'https://s1.ljcdn.com/matrix_lianjia_pc/dist/pc/src/resource/default/1150-450.png?_v=201906280941017d9', 'https://s1.ljcdn.com/matrix_lianjia_pc/dist/pc/src/resource/default/1150-450.png?_v=201906280941017d9', 'https://s1.ljcdn.com/matrix_lianjia_pc/dist/pc/src/resource/default/1150-450.png?_v=201906280941017d9', 'https://s1.ljcdn.com/matrix_lianjia_pc/dist/pc/src/resource/default/1150-450.png?_v=201906280941017d9', 'https://s1.ljcdn.com/matrix_lianjia_pc/dist/pc/src/resource/default/1150-450.png?_v=201906280941017d9', 'https://s1.ljcdn.com/matrix_lianjia_pc/dist/pc/src/resource/default/1150-450.png?_v=201906280941017d9', 'https://s1.ljcdn.com/matrix_lianjia_pc/dist/pc/src/resource/default/1150-450.png?_v=201906280941017d9']",,,,,,,,,,,,,[],22.570046,113.981313
https://sz.lianjia.com/zufang/SZ2265184627008749568.html,龙华区,龙华中心,金侨花园 2室1厅 南,3000元/月 ,租赁方式未知,2室1厅1卫,59㎡,朝南,"['http://vrlab-image.ljcdn.com/release/auto3dhd/f786123794accaf3dcfe1ad66f493bff/screenshot/1551669146_0/pc0_Jt94kvwY7.jpg.q_70.jpg', 'https://s1.ljcdn.com/matrix_lianjia_pc/dist/pc/src/resource/default/780-439.png?_v=201906280941017d9', 'https://s1.ljcdn.com/matrix_lianjia_pc/dist/pc/src/resource/default/780-439.png?_v=201906280941017d9', 'https://s1.ljcdn.com/matrix_lianjia_pc/dist/pc/src/resource/default/780-439.png?_v=201906280941017d9', 'https://s1.ljcdn.com/matrix_lianjia_pc/dist/pc/src/resource/default/780-439.png?_v=201906280941017d9', 'https://s1.ljcdn.com/matrix_lianjia_pc/dist/pc/src/resource/default/780-439.png?_v=201906280941017d9', 'https://s1.ljcdn.com/matrix_lianjia_pc/dist/pc/src/resource/default/780-439.png?_v=201906280941017d9']",1个月前,随时入住,暂无数据,需提前预约,高楼层/7层,无,暂无数据,民水,民电,无,暂无数据,"['近地铁', '随时看房']","['4号线(龙华线) - 龙华', '629m']",22.658853113249,114.03521934851
https://sz.lianjia.com/zufang/SZ2283080686879375360.html,福田区,梅林,汇龙花园 1室1厅 南,4800元/月 ,租赁方式未知,1室1厅1卫,49㎡,朝南,"['https://image1.ljcdn.com/440300-inspection/789be262-97ca-40bf-ab1a-73ed0f3ef0c5.jpg.780x439.jpg', 'https://s1.ljcdn.com/matrix_lianjia_pc/dist/pc/src/resource/default/780-439.png?_v=201906280941017d9', 'https://s1.ljcdn.com/matrix_lianjia_pc/dist/pc/src/resource/default/780-439.png?_v=201906280941017d9', 'https://s1.ljcdn.com/matrix_lianjia_pc/dist/pc/src/resource/default/780-439.png?_v=201906280941017d9', 'https://s1.ljcdn.com/matrix_lianjia_pc/dist/pc/src/resource/default/780-439.png?_v=201906280941017d9']",9天前,随时入住,暂无数据,暂无数据,中楼层/7层,无,暂无数据,民水,民电,有,暂无数据,['近地铁'],"['4号线(龙华线),9号线 - 上梅林', '657m', '9号线 - 孖岭', '1012m']",22.579251931501,114.07039021958
https://sz.lianjia.com/zufang/SZ2283977345147092992.html,宝安区,新安,灵芝新村洪浪十九区 3室2厅 东南/南,5000元/月 ,租赁方式未知,3室2厅2卫,98㎡,朝东南 南,"['https://image1.ljcdn.com/440300-inspection/test-17134f0c-9818-4486-a62c-d38b22e809a5.png.780x439.jpg', 'https://s1.ljcdn.com/matrix_lianjia_pc/dist/pc/src/resource/default/780-439.png?_v=201906280941017d9', 'https://s1.ljcdn.com/matrix_lianjia_pc/dist/pc/src/resource/default/780-439.png?_v=201906280941017d9', 'https://s1.ljcdn.com/matrix_lianjia_pc/dist/pc/src/resource/default/780-439.png?_v=201906280941017d9', 'https://s1.ljcdn.com/matrix_lianjia_pc/dist/pc/src/resource/default/780-439.png?_v=201906280941017d9', 'https://s1.ljcdn.com/matrix_lianjia_pc/dist/pc/src/resource/default/780-439.png?_v=201906280941017d9', 'https://s1.ljcdn.com/matrix_lianjia_pc/dist/pc/src/resource/default/780-439.png?_v=201906280941017d9']",8天前,随时入住,暂无数据,需提前预约,中楼层/7层,无,暂无数据,民水,民电,无,暂无数据,['近地铁'],"['5号线(环中线) - 洪浪北', '950m', '5号线(环中线) - 灵芝', '1050m']",22.572562,113.919437
https://sz.lianjia.com/apartment/17468.html,,,9号楼公寓 · 魔方9号楼公寓-深圳东门店,"
9号楼公寓 · 魔方9号楼公寓-深圳东门店

          3500元/月起

",,,,,"['https://image1.ljcdn.com/rent-user-avatar/e15bcd29-fbde-4244-a8fe-61abfcae511c.1150x.jpg', 'https://s1.ljcdn.com/matrix_lianjia_pc/dist/pc/src/resource/default/1150-450.png?_v=201906280941017d9', 'https://s1.ljcdn.com/matrix_lianjia_pc/dist/pc/src/resource/default/1150-450.png?_v=201906280941017d9']",,,,,,,,,,,,,[],22.554095,114.126907
https://sz.lianjia.com/zufang/SZ2287643616665149440.html,福田区,福田中心,合租·彩天名苑 3居室 南卧,3060元/月 (月付价),合租,3室1厅1卫,20㎡,朝南,"['https://image1.ljcdn.com/rent-user-avatar/28b8baa0-fb52-475e-9c7a-7312c1449178.780x439.jpg', 'https://s1.ljcdn.com/matrix_lianjia_pc/dist/pc/src/resource/default/780-439.png?_v=201906280941017d9', 'https://s1.ljcdn.com/matrix_lianjia_pc/dist/pc/src/resource/default/780-439.png?_v=201906280941017d9']",3天前,随时入住,6~12个月,随时可看,7/32层,有,暂无数据,民水,民电,有,暂无数据,"['公寓', '月租', '近地铁', '精装', '独立阳台', '押一付一', '新上', '随时看房']","['1号线(罗宝线) - 岗厦', '273m', '2号线(蛇口线) - 岗厦北', '771m', '1号线(罗宝线),4号线(龙华线) - 会展中心', '816m']",22.542861,114.075012
https://sz.lianjia.com/zufang/SZ2288138117934759936.html,龙岗区,布吉街,阳光花园 3室1厅 南,5000元/月 ,租赁方式未知,3室1厅1卫,86㎡,朝南,"['https://image1.ljcdn.com/440300-inspection/34b1e896-1434-43bf-a077-3b943b8ecf13.jpg.780x439.jpg', 'https://s1.ljcdn.com/matrix_lianjia_pc/dist/pc/src/resource/default/780-439.png?_v=201906280941017d9', 'https://s1.ljcdn.com/matrix_lianjia_pc/dist/pc/src/resource/default/780-439.png?_v=201906280941017d9', 'https://s1.ljcdn.com/matrix_lianjia_pc/dist/pc/src/resource/default/780-439.png?_v=201906280941017d9', 'https://s1.ljcdn.com/matrix_lianjia_pc/dist/pc/src/resource/default/780-439.png?_v=201906280941017d9', 'https://s1.ljcdn.com/matrix_lianjia_pc/dist/pc/src/resource/default/780-439.png?_v=201906280941017d9', 'https://s1.ljcdn.com/matrix_lianjia_pc/dist/pc/src/resource/default/780-439.png?_v=201906280941017d9']",2天前,随时入住,暂无数据,需提前预约,低楼层/7层,无,暂无数据,民水,民电,有,暂无数据,"['近地铁', '新上']","['5号线(环中线) - 下水径', '692m', '5号线(环中线) - 长龙', '1137m']",22.621493613324,114.12303537323
https://sz.lianjia.com/zufang/SZ2232329615861620736.html,宝安区,碧海,前海铂寓 2室1厅 南,4500元/月 ,租赁方式未知,2室1厅1卫,74㎡,朝南,"['https://image1.ljcdn.com/440300-inspection/510528e6-ae11-4bfb-9661-edbba6911497.jpg.780x439.jpg', 'https://s1.ljcdn.com/matrix_lianjia_pc/dist/pc/src/resource/default/780-439.png?_v=201906280941017d9', 'https://s1.ljcdn.com/matrix_lianjia_pc/dist/pc/src/resource/default/780-439.png?_v=201906280941017d9', 'https://s1.ljcdn.com/matrix_lianjia_pc/dist/pc/src/resource/default/780-439.png?_v=201906280941017d9', 'https://s1.ljcdn.com/matrix_lianjia_pc/dist/pc/src/resource/default/780-439.png?_v=201906280941017d9', 'https://s1.ljcdn.com/matrix_lianjia_pc/dist/pc/src/resource/default/780-439.png?_v=201906280941017d9']",2个月前,随时入住,暂无数据,需提前预约,低楼层/12层,暂无数据,暂无数据,商水,商电,有,暂无数据,[],[],22.561203,113.868775
https://sz.lianjia.com/zufang/SZ2269466061692731392.html,龙华区,红山,莱蒙水榭春天二期 1室1厅 南/北,4500元/月 ,租赁方式未知,1室1厅1卫,57㎡,朝南 北,"['https://image1.ljcdn.com/440300-inspection/d9fb48ca-40da-46e6-acaa-030f9b1048ac.jpg.780x439.jpg', 'https://s1.ljcdn.com/matrix_lianjia_pc/dist/pc/src/resource/default/780-439.png?_v=201906280941017d9', 'https://s1.ljcdn.com/matrix_lianjia_pc/dist/pc/src/resource/default/780-439.png?_v=201906280941017d9', 'https://s1.ljcdn.com/matrix_lianjia_pc/dist/pc/src/resource/default/780-439.png?_v=201906280941017d9', 'https://s1.ljcdn.com/matrix_lianjia_pc/dist/pc/src/resource/default/780-439.png?_v=201906280941017d9']",28天前,随时入住,暂无数据,暂无数据,高楼层/33层,有,暂无数据,民水,民电,有,暂无数据,['近地铁'],"['4号线(龙华线) - 红山', '856m']",22.634241,114.030726
https://sz.lianjia.com/apartment/18641.html,,,职业房东 · 洋葱公寓坪洲3店,"
职业房东 · 洋葱公寓坪洲3店

          2160元/月起

",,,,,['https://image1.ljcdn.com/rent-user-avatar/f5498cf2-287e-4858-8128-a3c04a139f7a.1150x.jpg'],,,,,,,,,,,,,[],22.573461,113.882617
https://sz.lianjia.com/apartment/1606.html,,,碧家国际社区 · 坂田店,"
碧家国际社区 · 坂田店

          2280元/月起

",,,,,"['https://image1.ljcdn.com/rent-user-avatar/c96aebb7-8c5c-40da-be90-a0f9a9318e74.1150x.jpg', 'https://s1.ljcdn.com/matrix_lianjia_pc/dist/pc/src/resource/default/1150-450.png?_v=201906280941017d9', 'https://s1.ljcdn.com/matrix_lianjia_pc/dist/pc/src/resource/default/1150-450.png?_v=201906280941017d9', 'https://s1.ljcdn.com/matrix_lianjia_pc/dist/pc/src/resource/default/1150-450.png?_v=201906280941017d9', 'https://s1.ljcdn.com/matrix_lianjia_pc/dist/pc/src/resource/default/1150-450.png?_v=201906280941017d9', 'https://s1.ljcdn.com/matrix_lianjia_pc/dist/pc/src/resource/default/1150-450.png?_v=201906280941017d9', 'https://s1.ljcdn.com/matrix_lianjia_pc/dist/pc/src/resource/default/1150-450.png?_v=201906280941017d9', 'https://s1.ljcdn.com/matrix_lianjia_pc/dist/pc/src/resource/default/1150-450.png?_v=201906280941017d9']",,,,,,,,,,,,,[],22.664008,114.078645
https://sz.lianjia.com/zufang/SZ2272329613890035712.html,罗湖区,黄贝岭,蓝馨苑 1室1厅 南,4000元/月 ,租赁方式未知,1室1厅1卫,45㎡,朝南,"['https://image1.ljcdn.com/440300-inspection/a0c2d098-2114-45fe-a1aa-700b1a081d2e.jpg.780x439.jpg', 'https://s1.ljcdn.com/matrix_lianjia_pc/dist/pc/src/resource/default/780-439.png?_v=201906280941017d9', 'https://s1.ljcdn.com/matrix_lianjia_pc/dist/pc/src/resource/default/780-439.png?_v=201906280941017d9', 'https://s1.ljcdn.com/matrix_lianjia_pc/dist/pc/src/resource/default/780-439.png?_v=201906280941017d9', 'https://s1.ljcdn.com/matrix_lianjia_pc/dist/pc/src/resource/default/780-439.png?_v=201906280941017d9', 'https://s1.ljcdn.com/matrix_lianjia_pc/dist/pc/src/resource/default/780-439.png?_v=201906280941017d9', 'https://s1.ljcdn.com/matrix_lianjia_pc/dist/pc/src/resource/default/780-439.png?_v=201906280941017d9']",22天前,随时入住,暂无数据,需提前预约,低楼层/18层,有,暂无数据,民水,民电,有,暂无数据,['近地铁'],"['3号线(龙岗线) - 翠竹', '767m', '9号线 - 文锦', '969m', '3号线(龙岗线) - 晒布', '1018m', '2号线(蛇口线) - 湖贝', '1192m']",22.557833146489,114.13665067324
https://sz.lianjia.com/zufang/SZ2265830734634172416.html,罗湖区,清水河,龙园山庄 2室1厅 南,3600元/月 ,租赁方式未知,2室1厅1卫,69㎡,朝南,"['http://vrlab-image.ljcdn.com/release/auto3dhd/e5c38ce1acf975e8f4c4cac0ecb6d7ff/screenshot/1557884194_0/pc0_PwYvAkunY.jpg.q_70.jpg', 'https://s1.ljcdn.com/matrix_lianjia_pc/dist/pc/src/resource/default/780-439.png?_v=201906280941017d9', 'https://s1.ljcdn.com/matrix_lianjia_pc/dist/pc/src/resource/default/780-439.png?_v=201906280941017d9', 'https://s1.ljcdn.com/matrix_lianjia_pc/dist/pc/src/resource/default/780-439.png?_v=201906280941017d9', 'https://s1.ljcdn.com/matrix_lianjia_pc/dist/pc/src/resource/default/780-439.png?_v=201906280941017d9']",1个月前,2019-07-15,暂无数据,需提前预约,低楼层/8层,无,暂无数据,民水,民电,有,暂无数据,['随时看房'],"['3号线(龙岗线) - 草埔', '826m']",22.594104,114.116381
https://sz.lianjia.com/zufang/SZ2250518210350948352.html,福田区,石厦,时尚名居 1室1厅 南,4800元/月 ,租赁方式未知,1室1厅1卫,43㎡,朝南,"['https://image1.ljcdn.com/440300-inspection/5bfd0787-0e0b-42c1-877c-a0177b7e6cd0.jpg.780x439.jpg', 'https://s1.ljcdn.com/matrix_lianjia_pc/dist/pc/src/resource/default/780-439.png?_v=201906280941017d9', 'https://s1.ljcdn.com/matrix_lianjia_pc/dist/pc/src/resource/default/780-439.png?_v=201906280941017d9', 'https://s1.ljcdn.com/matrix_lianjia_pc/dist/pc/src/resource/default/780-439.png?_v=201906280941017d9', 'https://s1.ljcdn.com/matrix_lianjia_pc/dist/pc/src/resource/default/780-439.png?_v=201906280941017d9', 'https://s1.ljcdn.com/matrix_lianjia_pc/dist/pc/src/resource/default/780-439.png?_v=201906280941017d9']",1个月前,随时入住,暂无数据,需提前预约,高楼层/16层,有,暂无数据,民水,民电,有,暂无数据,['近地铁'],"['3号线(龙岗线) - 益田', '317m', '3号线(龙岗线),7号线 - 石厦', '710m', '7号线 - 沙尾', '835m']",22.524500140548,114.05620953686
https://sz.lianjia.com/apartment/16189.html,,,金地草莓社区 · 上梅林店,"
金地草莓社区 · 上梅林店

          2580元/月起

",,,,,"['https://image1.ljcdn.com/rent-user-avatar/2d7c28b6-98e8-4070-97a4-9559523e7c53.1150x.jpg', 'https://s1.ljcdn.com/matrix_lianjia_pc/dist/pc/src/resource/default/1150-450.png?_v=201906280941017d9', 'https://s1.ljcdn.com/matrix_lianjia_pc/dist/pc/src/resource/default/1150-450.png?_v=201906280941017d9', 'https://s1.ljcdn.com/matrix_lianjia_pc/dist/pc/src/resource/default/1150-450.png?_v=201906280941017d9', 'https://s1.ljcdn.com/matrix_lianjia_pc/dist/pc/src/resource/default/1150-450.png?_v=201906280941017d9', 'https://s1.ljcdn.com/matrix_lianjia_pc/dist/pc/src/resource/default/1150-450.png?_v=201906280941017d9']",,,,,,,,,,,,,[],22.571943,114.058116
https://sz.lianjia.com/apartment/17510.html,,,职业房东 · 新秀店61号,"
职业房东 · 新秀店61号

          2300元/月起

",,,,,['https://image1.ljcdn.com/rent-user-avatar/ee8c469c-8526-4305-9709-1418b336e20a.1150x.jpg'],,,,,,,,,,,,,[],22.550076,114.151074
https://sz.lianjia.com/zufang/SZ2263822122411630592.html,宝安区,桃源居,桃源居十二区 3室2厅 南,4300元/月 ,租赁方式未知,3室2厅1卫,96㎡,朝南,"['https://image1.ljcdn.com/440300-inspection/459d19fa-43d1-47cb-9eb0-9e5283b824eb.jpg.780x439.jpg', 'https://s1.ljcdn.com/matrix_lianjia_pc/dist/pc/src/resource/default/780-439.png?_v=201906280941017d9', 'https://s1.ljcdn.com/matrix_lianjia_pc/dist/pc/src/resource/default/780-439.png?_v=201906280941017d9', 'https://s1.ljcdn.com/matrix_lianjia_pc/dist/pc/src/resource/default/780-439.png?_v=201906280941017d9', 'https://s1.ljcdn.com/matrix_lianjia_pc/dist/pc/src/resource/default/780-439.png?_v=201906280941017d9', 'https://s1.ljcdn.com/matrix_lianjia_pc/dist/pc/src/resource/default/780-439.png?_v=201906280941017d9', 'https://s1.ljcdn.com/matrix_lianjia_pc/dist/pc/src/resource/default/780-439.png?_v=201906280941017d9', 'https://s1.ljcdn.com/matrix_lianjia_pc/dist/pc/src/resource/default/780-439.png?_v=201906280941017d9', 'https://s1.ljcdn.com/matrix_lianjia_pc/dist/pc/src/resource/default/780-439.png?_v=201906280941017d9', 'https://s1.ljcdn.com/matrix_lianjia_pc/dist/pc/src/resource/default/780-439.png?_v=201906280941017d9']",1个月前,随时入住,暂无数据,需提前预约,中楼层/8层,无,暂无数据,民水,民电,有,暂无数据,['随时看房'],[],22.622236,113.870823
https://sz.lianjia.com/zufang/SZ2263067649925709824.html,罗湖区,莲塘,聚福花园 3室1厅 南,4200元/月 ,租赁方式未知,3室1厅1卫,83㎡,朝南,"['https://image1.ljcdn.com/440300-inspection/74fdf3d5-fba6-4fb1-b576-d8fc33d40f88.png.780x439.jpg', 'https://s1.ljcdn.com/matrix_lianjia_pc/dist/pc/src/resource/default/780-439.png?_v=201906280941017d9', 'https://s1.ljcdn.com/matrix_lianjia_pc/dist/pc/src/resource/default/780-439.png?_v=201906280941017d9', 'https://s1.ljcdn.com/matrix_lianjia_pc/dist/pc/src/resource/default/780-439.png?_v=201906280941017d9', 'https://s1.ljcdn.com/matrix_lianjia_pc/dist/pc/src/resource/default/780-439.png?_v=201906280941017d9', 'https://s1.ljcdn.com/matrix_lianjia_pc/dist/pc/src/resource/default/780-439.png?_v=201906280941017d9']",1个月前,随时入住,暂无数据,需提前预约,高楼层/8层,无,暂无数据,民水,民电,有,暂无数据,[],[],22.566448,114.177927
https://sz.lianjia.com/zufang/SZ2170995798181937152.html,福田区,景田,华富大厦 1室1厅 南,4500元/月 ,租赁方式未知,1室1厅1卫,41㎡,朝南,"['http://vrlab-image.ljcdn.com/release/auto3dhd/5d2a27946359db6bc95aac588cb70238/screenshot/1545547792_2/pc0_bENZ9vNqq.jpg.q_70.jpg', 'https://s1.ljcdn.com/matrix_lianjia_pc/dist/pc/src/resource/default/780-439.png?_v=201906280941017d9', 'https://s1.ljcdn.com/matrix_lianjia_pc/dist/pc/src/resource/default/780-439.png?_v=201906280941017d9', 'https://s1.ljcdn.com/matrix_lianjia_pc/dist/pc/src/resource/default/780-439.png?_v=201906280941017d9']",5个月前,随时入住,暂无数据,需提前预约,中楼层/33层,有,暂无数据,民水,民电,有,暂无数据,"['近地铁', '随时看房']","['2号线(蛇口线) - 莲花西', '772m', '2号线(蛇口线),3号线(龙岗线),11号线 - 福田', '834m', '1号线(罗宝线) - 香蜜湖', '995m', '9号线 - 香梅', '1149m']",22.547293084233,114.05410711396
https://sz.lianjia.com/zufang/SZ2285354616277442560.html,罗湖区,百仕达,翠竹苑 2室1厅 南,4500元/月 ,租赁方式未知,2室1厅1卫,47㎡,朝南,"['https://image1.ljcdn.com/440300-inspection/cb8d1d7b-33d8-4621-9c48-06ae4cb5131f.jpg.780x439.jpg', 'https://s1.ljcdn.com/matrix_lianjia_pc/dist/pc/src/resource/default/780-439.png?_v=201906280941017d9', 'https://s1.ljcdn.com/matrix_lianjia_pc/dist/pc/src/resource/default/780-439.png?_v=201906280941017d9', 'https://s1.ljcdn.com/matrix_lianjia_pc/dist/pc/src/resource/default/780-439.png?_v=201906280941017d9', 'https://s1.ljcdn.com/matrix_lianjia_pc/dist/pc/src/resource/default/780-439.png?_v=201906280941017d9', 'https://s1.ljcdn.com/matrix_lianjia_pc/dist/pc/src/resource/default/780-439.png?_v=201906280941017d9']",6天前,随时入住,暂无数据,需提前预约,高楼层/22层,有,暂无数据,民水,民电,有,暂无数据,"['近地铁', '新上', '随时看房']","['3号线(龙岗线) - 翠竹', '192m', '3号线(龙岗线),7号线 - 田贝', '757m', '5号线(环中线) - 怡景', '886m', '3号线(龙岗线) - 晒布', '1194m']",22.565665867082,114.13827423508
