房源地址,行政区,位置,标题,租金,租赁方式,户型,面积,朝向,图片列表,发布时间,入住时间,租期,看房时间,楼层,电梯,车位,用水,用电,燃气,采暖,标签,station,latitude,longtitude
https://sz.lianjia.com/zufang/SZ2283042706441633792.html,宝安区,松岗,整租·松河瑞园二期 3室2厅 南,3600元/月 (月付价),整租,3室2厅2卫,90㎡,朝南,"['https://image1.ljcdn.com/rent-user-avatar/0e9db787-c8d3-4671-a053-f35a4a7557e3.780x439.jpg', 'https://s1.ljcdn.com/matrix_lianjia_pc/dist/pc/src/resource/default/780-439.png?_v=201906280941017d9', 'https://s1.ljcdn.com/matrix_lianjia_pc/dist/pc/src/resource/default/780-439.png?_v=201906280941017d9', 'https://s1.ljcdn.com/matrix_lianjia_pc/dist/pc/src/resource/default/780-439.png?_v=201906280941017d9']",9天前,随时入住,1~2年,随时可看,13/30层,暂无数据,暂无数据,民水,民电,有,暂无数据,"['公寓', '近地铁', '精装', '双卫生间', '随时看房']","['11号线 - 松岗', '627m']",22.774687,113.838082
https://sz.lianjia.com/zufang/SZ2287665931763597312.html,龙岗区,龙岗双龙,鹏达摩尔城 3室2厅 南,4500元/月 ,租赁方式未知,3室2厅1卫,89㎡,朝南,"['https://image1.ljcdn.com/440300-inspection/40417872-a239-4450-bc01-13ea89158925.jpg.780x439.jpg', 'https://s1.ljcdn.com/matrix_lianjia_pc/dist/pc/src/resource/default/780-439.png?_v=201906280941017d9', 'https://s1.ljcdn.com/matrix_lianjia_pc/dist/pc/src/resource/default/780-439.png?_v=201906280941017d9', 'https://s1.ljcdn.com/matrix_lianjia_pc/dist/pc/src/resource/default/780-439.png?_v=201906280941017d9', 'https://s1.ljcdn.com/matrix_lianjia_pc/dist/pc/src/resource/default/780-439.png?_v=201906280941017d9', 'https://s1.ljcdn.com/matrix_lianjia_pc/dist/pc/src/resource/default/780-439.png?_v=201906280941017d9', 'https://s1.ljcdn.com/matrix_lianjia_pc/dist/pc/src/resource/default/780-439.png?_v=201906280941017d9', 'https://s1.ljcdn.com/matrix_lianjia_pc/dist/pc/src/resource/default/780-439.png?_v=201906280941017d9', 'https://s1.ljcdn.com/matrix_lianjia_pc/dist/pc/src/resource/default/780-439.png?_v=201906280941017d9']",2天前,随时入住,暂无数据,需提前预约,中楼层/31层,有,暂无数据,民水,民电,有,暂无数据,"['近地铁', '新上']","['3号线(龙岗线) - 南联', '28m']",22.728069,114.274295
https://sz.lianjia.com/zufang/SZ2244949928528838656.html,盐田区,梅沙,倚天阁 1室1厅 南,3600元/月 ,租赁方式未知,1室1厅1卫,95㎡,朝南,"['https://image1.ljcdn.com/440300-inspection/2c3fae6e-7fe3-40db-94e8-879c969dd7da.jpg.780x439.jpg', 'https://s1.ljcdn.com/matrix_lianjia_pc/dist/pc/src/resource/default/780-439.png?_v=201906280941017d9', 'https://s1.ljcdn.com/matrix_lianjia_pc/dist/pc/src/resource/default/780-439.png?_v=201906280941017d9', 'https://s1.ljcdn.com/matrix_lianjia_pc/dist/pc/src/resource/default/780-439.png?_v=201906280941017d9', 'https://s1.ljcdn.com/matrix_lianjia_pc/dist/pc/src/resource/default/780-439.png?_v=201906280941017d9', 'https://s1.ljcdn.com/matrix_lianjia_pc/dist/pc/src/resource/default/780-439.png?_v=201906280941017d9']",2个月前,随时入住,暂无数据,需提前预约,中楼层/5层,暂无数据,暂无数据,民水,民电,有,暂无数据,[],[],22.597835,114.309198
https://sz.lianjia.com/zufang/SZ2276002507359010816.html,宝安区,沙井,整租·中熙香莎公馆 3室1厅 南/北,4500元/月 ,整租,3室1厅2卫,88㎡,朝南 北,"['https://image1.ljcdn.com/440300-inspection/ae218b88-7b62-45f0-a0ac-89348dfd6240.jpg.780x439.jpg', 'https://s1.ljcdn.com/matrix_lianjia_pc/dist/pc/src/resource/default/780-439.png?_v=201906280941017d9', 'https://s1.ljcdn.com/matrix_lianjia_pc/dist/pc/src/resource/default/780-439.png?_v=201906280941017d9', 'https://s1.ljcdn.com/matrix_lianjia_pc/dist/pc/src/resource/default/780-439.png?_v=201906280941017d9', 'https://s1.ljcdn.com/matrix_lianjia_pc/dist/pc/src/resource/default/780-439.png?_v=201906280941017d9', 'https://s1.ljcdn.com/matrix_lianjia_pc/dist/pc/src/resource/default/780-439.png?_v=201906280941017d9', 'https://s1.ljcdn.com/matrix_lianjia_pc/dist/pc/src/resource/default/780-439.png?_v=201906280941017d9']",1天前,随时入住,1年以内,需提前预约,中楼层/32层,暂无数据,租用车位,民水,民电,有,暂无数据,"['精装', '双卫生间', '新上', '随时看房']",[],22.729263,113.81512
https://sz.lianjia.com/zufang/SZ2283188118146523136.html,南山区,科技园,合租·华润城润府一期 4居室 南卧,3490元/月 (季付价),合租,4室1厅1卫,12㎡,朝南,"['https://image1.ljcdn.com/rent-house-1/636f69b83827f24f7723a443c68fdbb3-1560995261823/23ca1ca803103277f90910da264e8c15.jpg.780x439.jpg', 'https://s1.ljcdn.com/matrix_lianjia_pc/dist/pc/src/resource/default/780-439.png?_v=201906280941017d9', 'https://s1.ljcdn.com/matrix_lianjia_pc/dist/pc/src/resource/default/780-439.png?_v=201906280941017d9', 'https://s1.ljcdn.com/matrix_lianjia_pc/dist/pc/src/resource/default/780-439.png?_v=201906280941017d9', 'https://s1.ljcdn.com/matrix_lianjia_pc/dist/pc/src/resource/default/780-439.png?_v=201906280941017d9', 'https://s1.ljcdn.com/matrix_lianjia_pc/dist/pc/src/resource/default/780-439.png?_v=201906280941017d9', 'https://s1.ljcdn.com/matrix_lianjia_pc/dist/pc/src/resource/default/780-439.png?_v=201906280941017d9', 'https://s1.ljcdn.com/matrix_lianjia_pc/dist/pc/src/resource/default/780-439.png?_v=201906280941017d9', 'https://s1.ljcdn.com/matrix_lianjia_pc/dist/pc/src/resource/default/780-439.png?_v=201906280941017d9', 'https://s1.ljcdn.com/matrix_lianjia_pc/dist/pc/src/resource/default/780-439.png?_v=201906280941017d9', 'https://s1.ljcdn.com/matrix_lianjia_pc/dist/pc/src/resource/default/780-439.png?_v=201906280941017d9']",9天前,随时入住,3~12个月,随时可看,9/39层,暂无数据,暂无数据,暂无数据,暂无数据,暂无数据,暂无数据,"['公寓', '月租', '近地铁', '独立阳台', '随时看房']","['1号线(罗宝线) - 高新园', '373m']",22.553981,113.9611
https://sz.lianjia.com/apartment/1797.html,,,嗨贝壳公寓 · 坂田总店,"
嗨贝壳公寓 · 坂田总店

          3000元/月起

",,,,,"['https://image1.ljcdn.com/rent-user-avatar/cc22b237-9322-468a-ad4b-1cc7a9926948.1150x.jpg', 'https://s1.ljcdn.com/matrix_lianjia_pc/dist/pc/src/resource/default/1150-450.png?_v=201906280941017d9', 'https://s1.ljcdn.com/matrix_lianjia_pc/dist/pc/src/resource/default/1150-450.png?_v=201906280941017d9', 'https://s1.ljcdn.com/matrix_lianjia_pc/dist/pc/src/resource/default/1150-450.png?_v=201906280941017d9', 'https://s1.ljcdn.com/matrix_lianjia_pc/dist/pc/src/resource/default/1150-450.png?_v=201906280941017d9']",,,,,,,,,,,,,[],22.650002,114.072154
https://sz.lianjia.com/zufang/SZ2274410893914161152.html,龙华区,龙华中心,富驰大厦 1室0厅 南,4000元/月 ,租赁方式未知,1室0厅1卫,50㎡,朝南,"['http://vrlab-image.ljcdn.com/release/auto3dhd/d4985942be9925e09d443c40d32108bf/screenshot/1559374726_0/pc0_jlhfhWEiN.jpg.q_70.jpg', 'https://s1.ljcdn.com/matrix_lianjia_pc/dist/pc/src/resource/default/780-439.png?_v=201906280941017d9', 'https://s1.ljcdn.com/matrix_lianjia_pc/dist/pc/src/resource/default/780-439.png?_v=201906280941017d9']",1天前,随时入住,暂无数据,需提前预约,中楼层/24层,暂无数据,暂无数据,商水,商电,有,暂无数据,"['新上', '随时看房']",[],22.65374,114.05295
https://sz.lianjia.com/zufang/SZ2245645177484222464.html,罗湖区,螺岭,海珑华苑 1室1厅 东南/南,3800元/月 ,租赁方式未知,1室1厅1卫,52㎡,朝东南 南,"['https://image1.ljcdn.com/440300-inspection/d912721c-cdec-4fd1-b526-dff3df21a14d.jpg.780x439.jpg', 'https://s1.ljcdn.com/matrix_lianjia_pc/dist/pc/src/resource/default/780-439.png?_v=201906280941017d9', 'https://s1.ljcdn.com/matrix_lianjia_pc/dist/pc/src/resource/default/780-439.png?_v=201906280941017d9', 'https://s1.ljcdn.com/matrix_lianjia_pc/dist/pc/src/resource/default/780-439.png?_v=201906280941017d9', 'https://s1.ljcdn.com/matrix_lianjia_pc/dist/pc/src/resource/default/780-439.png?_v=201906280941017d9', 'https://s1.ljcdn.com/matrix_lianjia_pc/dist/pc/src/resource/default/780-439.png?_v=201906280941017d9']",2个月前,随时入住,暂无数据,一般下班后可看,低楼层/27层,有,暂无数据,民水,民电,无,暂无数据,"['近地铁', '随时看房']","['2号线(蛇口线),5号线(环中线) - 黄贝岭', '475m', '9号线 - 文锦', '609m', '2号线(蛇口线) - 湖贝', '811m']",22.553104772424,114.13913829598
https://sz.lianjia.com/zufang/SZ2280225842074763264.html,龙岗区,横岗,整租·志健时代广场 3室1厅 南,4200元/月 ,整租,3室1厅2卫,123㎡,朝南,"['http://vrlab-image.ljcdn.com/release/auto3dhd/95e0d191990acd5bf99213d1467647e8/screenshot/1561011803_6/pc0_WKdfTFIg6.jpg.q_70.jpg', 'https://s1.ljcdn.com/matrix_lianjia_pc/dist/pc/src/resource/default/780-439.png?_v=201906280941017d9', 'https://s1.ljcdn.com/matrix_lianjia_pc/dist/pc/src/resource/default/780-439.png?_v=201906280941017d9', 'https://s1.ljcdn.com/matrix_lianjia_pc/dist/pc/src/resource/default/780-439.png?_v=201906280941017d9', 'https://s1.ljcdn.com/matrix_lianjia_pc/dist/pc/src/resource/default/780-439.png?_v=201906280941017d9', 'https://s1.ljcdn.com/matrix_lianjia_pc/dist/pc/src/resource/default/780-439.png?_v=201906280941017d9']",13天前,随时入住,1年以内,需提前预约,低楼层/30层,有,租用车位,民水,民电,有,暂无数据,"['近地铁', '双卫生间', '随时看房']","['3号线(龙岗线) - 横岗', '410m']",22.653282546569,114.2115368097
https://sz.lianjia.com/apartment/18205.html,,,八号季 · 洪湖店,"
八号季 · 洪湖店

          3380元/月起

",,,,,"['https://image1.ljcdn.com/rent-user-avatar/6651a335-aa60-40ff-b944-87899899ed0d.1150x.jpg', 'https://s1.ljcdn.com/matrix_lianjia_pc/dist/pc/src/resource/default/1150-450.png?_v=201906280941017d9', 'https://s1.ljcdn.com/matrix_lianjia_pc/dist/pc/src/resource/default/1150-450.png?_v=201906280941017d9', 'https://s1.ljcdn.com/matrix_lianjia_pc/dist/pc/src/resource/default/1150-450.png?_v=201906280941017d9', 'https://s1.ljcdn.com/matrix_lianjia_pc/dist/pc/src/resource/default/1150-450.png?_v=201906280941017d9', 'https://s1.ljcdn.com/matrix_lianjia_pc/dist/pc/src/resource/default/1150-450.png?_v=201906280941017d9', 'https://s1.ljcdn.com/matrix_lianjia_pc/dist/pc/src/resource/default/1150-450.png?_v=201906280941017d9', 'https://s1.ljcdn.com/matrix_lianjia_pc/dist/pc/src/resource/default/1150-450.png?_v=201906280941017d9', 'https://s1.ljcdn.com/matrix_lianjia_pc/dist/pc/src/resource/default/1150-450.png?_v=201906280941017d9', 'https://s1.ljcdn.com/matrix_lianjia_pc/dist/pc/src/resource/default/1150-450.png?_v=201906280941017d9', 'https://s1.ljcdn.com/matrix_lianjia_pc/dist/pc/src/resource/default/1150-450.png?_v=201906280941017d9', 'https://s1.ljcdn.com/matrix_lianjia_pc/dist/pc/src/resource/default/1150-450.png?_v=201906280941017d9', 'https://s1.ljcdn.com/matrix_lianjia_pc/dist/pc/src/resource/default/1150-450.png?_v=201906280941017d9', 'https://s1.ljcdn.com/matrix_lianjia_pc/dist/pc/src/resource/default/1150-450.png?_v=201906280941017d9', 'https://s1.ljcdn.com/matrix_lianjia_pc/dist/pc/src/resource/default/1150-450.png?_v=201906280941017d9', 'https://s1.ljcdn.com/matrix_lianjia_pc/dist/pc/src/resource/default/1150-450.png?_v=201906280941017d9', 'https://s1.ljcdn.com/matrix_lianjia_pc/dist/pc/src/resource/default/1150-450.png?_v=201906280941017d9', 'https://s1.ljcdn.com/matrix_lianjia_pc/dist/pc/src/resource/default/1150-450.png?_v=201906280941017d9', 'https://s1.ljcdn.com/matrix_lianjia_pc/dist/pc/src/resource/default/1150-450.png?_v=201906280941017d9', 'https://s1.ljcdn.com/matrix_lianjia_pc/dist/pc/src/resource/default/1150-450.png?_v=201906280941017d9', 'https://s1.ljcdn.com/matrix_lianjia_pc/dist/pc/src/resource/default/1150-450.png?_v=201906280941017d9', 'https://s1.ljcdn.com/matrix_lianjia_pc/dist/pc/src/resource/default/1150-450.png?_v=201906280941017d9', 'https://s1.ljcdn.com/matrix_lianjia_pc/dist/pc/src/resource/default/1150-450.png?_v=201906280941017d9']",,,,,,,,,,,,,[],22.566753,114.128272
https://sz.lianjia.com/zufang/SZ2286952434171650048.html,龙岗区,龙岗中心城,整租·招商依山郡 2室1厅 南,3770元/月 (季付价),整租,2室1厅1卫,87㎡,朝南,"['https://image1.ljcdn.com/rent-house-1/636f69b83827f24f7723a443c68fdbb3-1561194791106/94aba63056a0bd2f8d4e78c585c8fd4f.jpg.780x439.jpg', 'https://s1.ljcdn.com/matrix_lianjia_pc/dist/pc/src/resource/default/780-439.png?_v=201906280941017d9', 'https://s1.ljcdn.com/matrix_lianjia_pc/dist/pc/src/resource/default/780-439.png?_v=201906280941017d9', 'https://s1.ljcdn.com/matrix_lianjia_pc/dist/pc/src/resource/default/780-439.png?_v=201906280941017d9', 'https://s1.ljcdn.com/matrix_lianjia_pc/dist/pc/src/resource/default/780-439.png?_v=201906280941017d9', 'https://s1.ljcdn.com/matrix_lianjia_pc/dist/pc/src/resource/default/780-439.png?_v=201906280941017d9', 'https://s1.ljcdn.com/matrix_lianjia_pc/dist/pc/src/resource/default/780-439.png?_v=201906280941017d9', 'https://s1.ljcdn.com/matrix_lianjia_pc/dist/pc/src/resource/default/780-439.png?_v=201906280941017d9', 'https://s1.ljcdn.com/matrix_lianjia_pc/dist/pc/src/resource/default/780-439.png?_v=201906280941017d9', 'https://s1.ljcdn.com/matrix_lianjia_pc/dist/pc/src/resource/default/780-439.png?_v=201906280941017d9']",4天前,随时入住,1年,随时可看,3/18层,暂无数据,暂无数据,暂无数据,暂无数据,暂无数据,暂无数据,"['公寓', '新上', '随时看房']",[],22.734888,114.225089
https://sz.lianjia.com/zufang/SZ2269927492402028544.html,龙岗区,布吉水径,中海怡翠山庄四期 2室2厅 南,4200元/月 ,租赁方式未知,2室2厅1卫,71㎡,朝南,"['https://image1.ljcdn.com/440300-inspection/19971612-426f-4343-a375-d77320fc1bf3.jpg.780x439.jpg', 'https://s1.ljcdn.com/matrix_lianjia_pc/dist/pc/src/resource/default/780-439.png?_v=201906280941017d9', 'https://s1.ljcdn.com/matrix_lianjia_pc/dist/pc/src/resource/default/780-439.png?_v=201906280941017d9', 'https://s1.ljcdn.com/matrix_lianjia_pc/dist/pc/src/resource/default/780-439.png?_v=201906280941017d9', 'https://s1.ljcdn.com/matrix_lianjia_pc/dist/pc/src/resource/default/780-439.png?_v=201906280941017d9', 'https://s1.ljcdn.com/matrix_lianjia_pc/dist/pc/src/resource/default/780-439.png?_v=201906280941017d9', 'https://s1.ljcdn.com/matrix_lianjia_pc/dist/pc/src/resource/default/780-439.png?_v=201906280941017d9']",28天前,2019-07-15,暂无数据,需提前预约,中楼层/6层,无,暂无数据,民水,民电,无,暂无数据,['近地铁'],"['5号线(环中线) - 上水径', '948m']",22.630163,114.118756
https://sz.lianjia.com/zufang/SZ2277318291066191872.html,龙岗区,大运新城,整租·颐安都会中央二期 3室1厅 南,4600元/月 ,整租,3室1厅1卫,77㎡,朝南,"['https://image1.ljcdn.com/440300-inspection/ce01359d-d86d-41b3-9497-bfcc35fb2ccc.jpg.780x439.jpg', 'https://s1.ljcdn.com/matrix_lianjia_pc/dist/pc/src/resource/default/780-439.png?_v=201906280941017d9', 'https://s1.ljcdn.com/matrix_lianjia_pc/dist/pc/src/resource/default/780-439.png?_v=201906280941017d9', 'https://s1.ljcdn.com/matrix_lianjia_pc/dist/pc/src/resource/default/780-439.png?_v=201906280941017d9', 'https://s1.ljcdn.com/matrix_lianjia_pc/dist/pc/src/resource/default/780-439.png?_v=201906280941017d9', 'https://s1.ljcdn.com/matrix_lianjia_pc/dist/pc/src/resource/default/780-439.png?_v=201906280941017d9']",17天前,2019-07-15,1~2年,暂无数据,高楼层/31层,有,暂无数据,民水,民电,有,暂无数据,"['近地铁', '精装']","['3号线(龙岗线) - 大运', '558m']",22.695314,114.2293
https://sz.lianjia.com/zufang/SZ2257278424073125888.html,龙岗区,龙岗中心城,城南雅筑 3室2厅 南,3500元/月 ,租赁方式未知,3室2厅2卫,79㎡,朝南,"['https://image1.ljcdn.com/440300-inspection/46a84581-9fa7-4bf1-be29-90688e7e3c76.jpg.780x439.jpg', 'https://s1.ljcdn.com/matrix_lianjia_pc/dist/pc/src/resource/default/780-439.png?_v=201906280941017d9', 'https://s1.ljcdn.com/matrix_lianjia_pc/dist/pc/src/resource/default/780-439.png?_v=201906280941017d9', 'https://s1.ljcdn.com/matrix_lianjia_pc/dist/pc/src/resource/default/780-439.png?_v=201906280941017d9', 'https://s1.ljcdn.com/matrix_lianjia_pc/dist/pc/src/resource/default/780-439.png?_v=201906280941017d9', 'https://s1.ljcdn.com/matrix_lianjia_pc/dist/pc/src/resource/default/780-439.png?_v=201906280941017d9', 'https://s1.ljcdn.com/matrix_lianjia_pc/dist/pc/src/resource/default/780-439.png?_v=201906280941017d9', 'https://s1.ljcdn.com/matrix_lianjia_pc/dist/pc/src/resource/default/780-439.png?_v=201906280941017d9', 'https://s1.ljcdn.com/matrix_lianjia_pc/dist/pc/src/resource/default/780-439.png?_v=201906280941017d9', 'https://s1.ljcdn.com/matrix_lianjia_pc/dist/pc/src/resource/default/780-439.png?_v=201906280941017d9']",1个月前,随时入住,暂无数据,需提前预约,中楼层/17层,有,暂无数据,民水,民电,有,暂无数据,['近地铁'],"['3号线(龙岗线) - 龙城广场', '1016m']",22.71596,114.262044
https://sz.lianjia.com/zufang/SZ2097209066710368256.html,南山区,科技园,合租·华润城润府一期 4居室 南卧,4460元/月 (季付价),合租,4室1厅2卫,11㎡,朝南,"['https://image1.ljcdn.com/rent-house-1/636f69b83827f24f7723a443c68fdbb3-1561195476334/8d23789e98b10c715c45ce515481114f.jpg.780x439.jpg', 'https://s1.ljcdn.com/matrix_lianjia_pc/dist/pc/src/resource/default/780-439.png?_v=201906280941017d9', 'https://s1.ljcdn.com/matrix_lianjia_pc/dist/pc/src/resource/default/780-439.png?_v=201906280941017d9', 'https://s1.ljcdn.com/matrix_lianjia_pc/dist/pc/src/resource/default/780-439.png?_v=201906280941017d9', 'https://s1.ljcdn.com/matrix_lianjia_pc/dist/pc/src/resource/default/780-439.png?_v=201906280941017d9', 'https://s1.ljcdn.com/matrix_lianjia_pc/dist/pc/src/resource/default/780-439.png?_v=201906280941017d9', 'https://s1.ljcdn.com/matrix_lianjia_pc/dist/pc/src/resource/default/780-439.png?_v=201906280941017d9', 'https://s1.ljcdn.com/matrix_lianjia_pc/dist/pc/src/resource/default/780-439.png?_v=201906280941017d9', 'https://s1.ljcdn.com/matrix_lianjia_pc/dist/pc/src/resource/default/780-439.png?_v=201906280941017d9']",8个月前,随时入住,3~12个月,随时可看,25/59层,暂无数据,暂无数据,暂无数据,暂无数据,暂无数据,暂无数据,"['公寓', '独立卫生间', '月租', '近地铁', '随时看房']","['1号线(罗宝线) - 高新园', '373m']",22.553981,113.9611
https://sz.lianjia.com/apartment/2575.html,,,玖寓 · 流塘店,"
玖寓 · 流塘店

          1480元/月起

",,,,,"['https://image1.ljcdn.com/rent-user-avatar/7598512b-3fe7-4d64-9998-4811625fbf1e.1150x.jpg', 'https://s1.ljcdn.com/matrix_lianjia_pc/dist/pc/src/resource/default/1150-450.png?_v=201906280941017d9', 'https://s1.ljcdn.com/matrix_lianjia_pc/dist/pc/src/resource/default/1150-450.png?_v=201906280941017d9', 'https://s1.ljcdn.com/matrix_lianjia_pc/dist/pc/src/resource/default/1150-450.png?_v=201906280941017d9', 'https://s1.ljcdn.com/matrix_lianjia_pc/dist/pc/src/resource/default/1150-450.png?_v=201906280941017d9', 'https://s1.ljcdn.com/matrix_lianjia_pc/dist/pc/src/resource/default/1150-450.png?_v=201906280941017d9', 'https://s1.ljcdn.com/matrix_lianjia_pc/dist/pc/src/resource/default/1150-450.png?_v=201906280941017d9', 'https://s1.ljcdn.com/matrix_lianjia_pc/dist/pc/src/resource/default/1150-450.png?_v=201906280941017d9', 'https://s1.ljcdn.com/matrix_lianjia_pc/dist/pc/src/resource/default/1150-450.png?_v=201906280941017d9']",,,,,,,,,,,,,[],22.591072,113.895184
https://sz.lianjia.com/zufang/SZ2283330462414290944.html,宝安区,福永,万福人家 2室1厅 南,3500元/月 ,租赁方式未知,2室1厅1卫,74㎡,朝南,"['https://image1.ljcdn.com/440300-inspection/48195bb7-23fb-43f1-947b-5c6f679018b8.jpg.780x439.jpg', 'https://s1.ljcdn.com/matrix_lianjia_pc/dist/pc/src/resource/default/780-439.png?_v=201906280941017d9', 'https://s1.ljcdn.com/matrix_lianjia_pc/dist/pc/src/resource/default/780-439.png?_v=201906280941017d9', 'https://s1.ljcdn.com/matrix_lianjia_pc/dist/pc/src/resource/default/780-439.png?_v=201906280941017d9', 'https://s1.ljcdn.com/matrix_lianjia_pc/dist/pc/src/resource/default/780-439.png?_v=201906280941017d9', 'https://s1.ljcdn.com/matrix_lianjia_pc/dist/pc/src/resource/default/780-439.png?_v=201906280941017d9', 'https://s1.ljcdn.com/matrix_lianjia_pc/dist/pc/src/resource/default/780-439.png?_v=201906280941017d9']",9天前,随时入住,暂无数据,需提前预约,中楼层/9层,暂无数据,暂无数据,民水,民电,有,暂无数据,[],[],22.674172311697,113.83218845238
https://sz.lianjia.com/zufang/SZ2248401290084761600.html,福田区,梅林,蓝宝石名庭 1室0厅 南,4200元/月 ,租赁方式未知,1室0厅1卫,25㎡,朝南,"['https://image1.ljcdn.com/440300-inspection/f8eeae88-9a0f-4c73-bb06-83cdfe8ab781.jpg.780x439.jpg', 'https://s1.ljcdn.com/matrix_lianjia_pc/dist/pc/src/resource/default/780-439.png?_v=201906280941017d9', 'https://s1.ljcdn.com/matrix_lianjia_pc/dist/pc/src/resource/default/780-439.png?_v=201906280941017d9', 'https://s1.ljcdn.com/matrix_lianjia_pc/dist/pc/src/resource/default/780-439.png?_v=201906280941017d9', 'https://s1.ljcdn.com/matrix_lianjia_pc/dist/pc/src/resource/default/780-439.png?_v=201906280941017d9', 'https://s1.ljcdn.com/matrix_lianjia_pc/dist/pc/src/resource/default/780-439.png?_v=201906280941017d9']",1个月前,随时入住,暂无数据,需提前预约,低楼层/12层,有,暂无数据,民水,民电,有,暂无数据,"['近地铁', '随时看房']","['4号线(龙华线),9号线 - 上梅林', '587m', '4号线(龙华线) - 莲花北', '720m', '9号线 - 梅村', '866m', '9号线 - 孖岭', '988m']",22.571469,114.066726
https://sz.lianjia.com/zufang/SZ2271770596700864512.html,龙华区,龙华新区,世纪春城一期 2室2厅 南,5000元/月 ,租赁方式未知,2室2厅1卫,76㎡,朝南,"['http://vrlab-image.ljcdn.com/release/auto3dhd/3937b7cdee19124dbd7ab23c834a5a49/screenshot/1556336567_0/pc0_A4rh3sl09.jpg.q_70.jpg', 'https://s1.ljcdn.com/matrix_lianjia_pc/dist/pc/src/resource/default/780-439.png?_v=201906280941017d9', 'https://s1.ljcdn.com/matrix_lianjia_pc/dist/pc/src/resource/default/780-439.png?_v=201906280941017d9', 'https://s1.ljcdn.com/matrix_lianjia_pc/dist/pc/src/resource/default/780-439.png?_v=201906280941017d9', 'https://s1.ljcdn.com/matrix_lianjia_pc/dist/pc/src/resource/default/780-439.png?_v=201906280941017d9']",9天前,随时入住,暂无数据,需提前预约,中楼层/6层,无,暂无数据,民水,民电,有,暂无数据,['随时看房'],[],22.633694461109,114.04105576818
https://sz.lianjia.com/zufang/SZ2272393735964721152.html,南山区,南山中心,整租·金晖大厦 1室1厅 南,4990元/月 (季付价),整租,1室1厅1卫,38㎡,朝南,"['https://image1.ljcdn.com/rent-house-1/636f69b83827f24f7723a443c68fdbb3-1561182927490/ed191c5be7a9c36e30446dcb15b9487e.jpg.780x439.jpg', 'https://s1.ljcdn.com/matrix_lianjia_pc/dist/pc/src/resource/default/780-439.png?_v=201906280941017d9', 'https://s1.ljcdn.com/matrix_lianjia_pc/dist/pc/src/resource/default/780-439.png?_v=201906280941017d9', 'https://s1.ljcdn.com/matrix_lianjia_pc/dist/pc/src/resource/default/780-439.png?_v=201906280941017d9', 'https://s1.ljcdn.com/matrix_lianjia_pc/dist/pc/src/resource/default/780-439.png?_v=201906280941017d9', 'https://s1.ljcdn.com/matrix_lianjia_pc/dist/pc/src/resource/default/780-439.png?_v=201906280941017d9']",24天前,随时入住,1年,随时可看,10/31层,暂无数据,暂无数据,暂无数据,暂无数据,暂无数据,暂无数据,"['公寓', '随时看房']",[],22.51474572038,113.93137622755
https://sz.lianjia.com/zufang/SZ2274408000305774592.html,福田区,梅林,整租·海康大厦 1室1厅 南,4860元/月 (季付价),整租,1室1厅1卫,33㎡,朝南,"['https://image1.ljcdn.com/rent-house-1/636f69b83827f24f7723a443c68fdbb3-1561400883437/b436f324bbb45a491004b6f00ca1a70a.jpg.780x439.jpg', 'https://s1.ljcdn.com/matrix_lianjia_pc/dist/pc/src/resource/default/780-439.png?_v=201906280941017d9', 'https://s1.ljcdn.com/matrix_lianjia_pc/dist/pc/src/resource/default/780-439.png?_v=201906280941017d9', 'https://s1.ljcdn.com/matrix_lianjia_pc/dist/pc/src/resource/default/780-439.png?_v=201906280941017d9', 'https://s1.ljcdn.com/matrix_lianjia_pc/dist/pc/src/resource/default/780-439.png?_v=201906280941017d9', 'https://s1.ljcdn.com/matrix_lianjia_pc/dist/pc/src/resource/default/780-439.png?_v=201906280941017d9', 'https://s1.ljcdn.com/matrix_lianjia_pc/dist/pc/src/resource/default/780-439.png?_v=201906280941017d9', 'https://s1.ljcdn.com/matrix_lianjia_pc/dist/pc/src/resource/default/780-439.png?_v=201906280941017d9']",21天前,随时入住,1年,随时可看,11/31层,暂无数据,暂无数据,暂无数据,暂无数据,暂无数据,暂无数据,"['公寓', '近地铁', '随时看房']","['4号线(龙华线),9号线 - 上梅林', '417m', '9号线 - 孖岭', '740m', '9号线 - 梅村', '763m', '4号线(龙华线) - 莲花北', '965m']",22.573689352747,114.06802245668
https://sz.lianjia.com/zufang/SZ2232381129699639296.html,龙岗区,龙岗宝荷,振业天峦 3室1厅 南,3500元/月 ,租赁方式未知,3室1厅1卫,89㎡,朝南,"['http://vrlab-image.ljcdn.com/release/auto3dhd/986d2db7942c89547bd4de740d380e43/screenshot/1556955692_0/pc0_CnPPiE9vw.jpg.q_70.jpg', 'https://s1.ljcdn.com/matrix_lianjia_pc/dist/pc/src/resource/default/780-439.png?_v=201906280941017d9', 'https://s1.ljcdn.com/matrix_lianjia_pc/dist/pc/src/resource/default/780-439.png?_v=201906280941017d9', 'https://s1.ljcdn.com/matrix_lianjia_pc/dist/pc/src/resource/default/780-439.png?_v=201906280941017d9', 'https://s1.ljcdn.com/matrix_lianjia_pc/dist/pc/src/resource/default/780-439.png?_v=201906280941017d9', 'https://s1.ljcdn.com/matrix_lianjia_pc/dist/pc/src/resource/default/780-439.png?_v=201906280941017d9']",2个月前,随时入住,暂无数据,需提前预约,中楼层/33层,有,暂无数据,民水,民电,有,暂无数据,['随时看房'],[],22.688454,114.271162
https://sz.lianjia.com/zufang/SZ2282600808028061696.html,罗湖区,百仕达,翠竹苑 2室1厅 南,4900元/月 ,租赁方式未知,2室1厅1卫,57㎡,朝南,"['https://image1.ljcdn.com/440300-inspection/137287c5-ccc0-4f57-a37e-97f97e3c0e87.jpg.780x439.jpg', 'https://s1.ljcdn.com/matrix_lianjia_pc/dist/pc/src/resource/default/780-439.png?_v=201906280941017d9', 'https://s1.ljcdn.com/matrix_lianjia_pc/dist/pc/src/resource/default/780-439.png?_v=201906280941017d9', 'https://s1.ljcdn.com/matrix_lianjia_pc/dist/pc/src/resource/default/780-439.png?_v=201906280941017d9', 'https://s1.ljcdn.com/matrix_lianjia_pc/dist/pc/src/resource/default/780-439.png?_v=201906280941017d9', 'https://s1.ljcdn.com/matrix_lianjia_pc/dist/pc/src/resource/default/780-439.png?_v=201906280941017d9', 'https://s1.ljcdn.com/matrix_lianjia_pc/dist/pc/src/resource/default/780-439.png?_v=201906280941017d9', 'https://s1.ljcdn.com/matrix_lianjia_pc/dist/pc/src/resource/default/780-439.png?_v=201906280941017d9']",9天前,随时入住,暂无数据,需提前预约,高楼层/6层,无,暂无数据,民水,民电,有,暂无数据,"['近地铁', '随时看房']","['3号线(龙岗线) - 翠竹', '192m', '3号线(龙岗线),7号线 - 田贝', '757m', '5号线(环中线) - 怡景', '886m', '3号线(龙岗线) - 晒布', '1194m']",22.565665867082,114.13827423508
https://sz.lianjia.com/zufang/SZ2283035689849733120.html,龙岗区,坪地,中信龙盛广场 3室1厅 南,3000元/月 ,租赁方式未知,3室1厅1卫,82㎡,朝南,"['https://image1.ljcdn.com/440300-inspection/prod-81181bf2-481f-4424-8f62-3a18f7dbe449.jpg.780x439.jpg', 'https://s1.ljcdn.com/matrix_lianjia_pc/dist/pc/src/resource/default/780-439.png?_v=201906280941017d9', 'https://s1.ljcdn.com/matrix_lianjia_pc/dist/pc/src/resource/default/780-439.png?_v=201906280941017d9', 'https://s1.ljcdn.com/matrix_lianjia_pc/dist/pc/src/resource/default/780-439.png?_v=201906280941017d9', 'https://s1.ljcdn.com/matrix_lianjia_pc/dist/pc/src/resource/default/780-439.png?_v=201906280941017d9', 'https://s1.ljcdn.com/matrix_lianjia_pc/dist/pc/src/resource/default/780-439.png?_v=201906280941017d9']",10天前,随时入住,暂无数据,需提前预约,高楼层/31层,有,暂无数据,民水,民电,有,暂无数据,[],[],22.72768,114.303965
https://sz.lianjia.com/zufang/SZ2109385211157684224.html,南山区,科技园,合租·大冲城市花园 4居室 南卧,4530元/月 (季付价),合租,4室1厅2卫,12㎡,朝南,"['https://image1.ljcdn.com/rent-house-1/636f69b83827f24f7723a443c68fdbb3-1561303063283/56eea6f9a8c8bae4f23a10adaa45f09c.jpg.780x439.jpg', 'https://s1.ljcdn.com/matrix_lianjia_pc/dist/pc/src/resource/default/780-439.png?_v=201906280941017d9', 'https://s1.ljcdn.com/matrix_lianjia_pc/dist/pc/src/resource/default/780-439.png?_v=201906280941017d9', 'https://s1.ljcdn.com/matrix_lianjia_pc/dist/pc/src/resource/default/780-439.png?_v=201906280941017d9', 'https://s1.ljcdn.com/matrix_lianjia_pc/dist/pc/src/resource/default/780-439.png?_v=201906280941017d9', 'https://s1.ljcdn.com/matrix_lianjia_pc/dist/pc/src/resource/default/780-439.png?_v=201906280941017d9', 'https://s1.ljcdn.com/matrix_lianjia_pc/dist/pc/src/resource/default/780-439.png?_v=201906280941017d9', 'https://s1.ljcdn.com/matrix_lianjia_pc/dist/pc/src/resource/default/780-439.png?_v=201906280941017d9', 'https://s1.ljcdn.com/matrix_lianjia_pc/dist/pc/src/resource/default/780-439.png?_v=201906280941017d9']",8个月前,随时入住,1年,随时可看,26/0层,暂无数据,暂无数据,暂无数据,暂无数据,暂无数据,暂无数据,"['公寓', '独立卫生间', '近地铁', '随时看房']","['1号线(罗宝线) - 高新园', '448m']",22.549812,113.963331
https://sz.lianjia.com/zufang/SZ2286686213207769088.html,龙岗区,龙岗双龙,整租·朗泓龙园大观 2室2厅 东/南,3200元/月 (月付价),整租,2室2厅1卫,68㎡,朝东 南,"['https://image1.ljcdn.com/rent-user-avatar/12fee0b0-1eba-4020-aa4d-2614d2c0601d.780x439.jpg', 'https://s1.ljcdn.com/matrix_lianjia_pc/dist/pc/src/resource/default/780-439.png?_v=201906280941017d9', 'https://s1.ljcdn.com/matrix_lianjia_pc/dist/pc/src/resource/default/780-439.png?_v=201906280941017d9', 'https://s1.ljcdn.com/matrix_lianjia_pc/dist/pc/src/resource/default/780-439.png?_v=201906280941017d9', 'https://s1.ljcdn.com/matrix_lianjia_pc/dist/pc/src/resource/default/780-439.png?_v=201906280941017d9', 'https://s1.ljcdn.com/matrix_lianjia_pc/dist/pc/src/resource/default/780-439.png?_v=201906280941017d9', 'https://s1.ljcdn.com/matrix_lianjia_pc/dist/pc/src/resource/default/780-439.png?_v=201906280941017d9']",4天前,随时入住,1~2年,随时可看,14/30层,暂无数据,暂无数据,民水,民电,有,暂无数据,"['公寓', '精装', '新上', '随时看房']",[],22.746668,114.273632
https://sz.lianjia.com/zufang/SZ2225764391021199360.html,福田区,石厦,时尚名居 1室1厅 南/北,5000元/月 ,租赁方式未知,1室1厅1卫,39㎡,朝南 北,"['https://image1.ljcdn.com/440300-inspection/f387ac03-a00d-4fe7-87a7-7c1e090190e9.jpg.780x439.jpg', 'https://s1.ljcdn.com/matrix_lianjia_pc/dist/pc/src/resource/default/780-439.png?_v=201906280941017d9', 'https://s1.ljcdn.com/matrix_lianjia_pc/dist/pc/src/resource/default/780-439.png?_v=201906280941017d9', 'https://s1.ljcdn.com/matrix_lianjia_pc/dist/pc/src/resource/default/780-439.png?_v=201906280941017d9', 'https://s1.ljcdn.com/matrix_lianjia_pc/dist/pc/src/resource/default/780-439.png?_v=201906280941017d9', 'https://s1.ljcdn.com/matrix_lianjia_pc/dist/pc/src/resource/default/780-439.png?_v=201906280941017d9', 'https://s1.ljcdn.com/matrix_lianjia_pc/dist/pc/src/resource/default/780-439.png?_v=201906280941017d9', 'https://s1.ljcdn.com/matrix_lianjia_pc/dist/pc/src/resource/default/780-439.png?_v=201906280941017d9']",2个月前,随时入住,暂无数据,需提前预约,低楼层/16层,有,暂无数据,民水,民电,有,暂无数据,['近地铁'],"['3号线(龙岗线) - 益田', '317m', '3号线(龙岗线),7号线 - 石厦', '710m', '7号线 - 沙尾', '835m']",22.524500140548,114.05620953686
https://sz.lianjia.com/zufang/SZ2228790306973949952.html,龙华区,龙华新区,锦绣江南一期 2室1厅 南,4600元/月 ,租赁方式未知,2室1厅1卫,75㎡,朝南,"['http://vrlab-image.ljcdn.com/release/auto3dhd/26ee774cc43fdd1e955199fcafb49a08/screenshot/1558675884_0/pc0_NSlaDazkr.jpg.q_70.jpg', 'https://s1.ljcdn.com/matrix_lianjia_pc/dist/pc/src/resource/default/780-439.png?_v=201906280941017d9', 'https://s1.ljcdn.com/matrix_lianjia_pc/dist/pc/src/resource/default/780-439.png?_v=201906280941017d9', 'https://s1.ljcdn.com/matrix_lianjia_pc/dist/pc/src/resource/default/780-439.png?_v=201906280941017d9', 'https://s1.ljcdn.com/matrix_lianjia_pc/dist/pc/src/resource/default/780-439.png?_v=201906280941017d9']",2个月前,随时入住,暂无数据,暂无数据,高楼层/6层,无,暂无数据,民水,民电,有,暂无数据,['随时看房'],[],22.642034,114.033983
https://sz.lianjia.com/zufang/SZ2280973413696937984.html,南山区,南山中心,友邻公寓 1室0厅 南,4200元/月 ,租赁方式未知,1室0厅1卫,30㎡,朝南,"['https://image1.ljcdn.com/hdic-frame/554b1aff-491e-4232-9a3f-df5522204fc8.png.780x439.jpg', 'https://s1.ljcdn.com/matrix_lianjia_pc/dist/pc/src/resource/default/780-439.png?_v=201906280941017d9', 'https://s1.ljcdn.com/matrix_lianjia_pc/dist/pc/src/resource/default/780-439.png?_v=201906280941017d9', 'https://s1.ljcdn.com/matrix_lianjia_pc/dist/pc/src/resource/default/780-439.png?_v=201906280941017d9', 'https://s1.ljcdn.com/matrix_lianjia_pc/dist/pc/src/resource/default/780-439.png?_v=201906280941017d9']",3天前,随时入住,暂无数据,需提前预约,低楼层/30层,有,暂无数据,民水,民电,有,暂无数据,"['近地铁', '新上', '随时看房']","['1号线(罗宝线) - 桃园', '491m']",22.537291,113.93632
https://sz.lianjia.com/zufang/SZ2287035744121782272.html,光明区,公明,整租·光明1号 3室2厅 东南/南,4000元/月 (月付价),整租,3室2厅1卫,81㎡,朝东南 南,"['https://image1.ljcdn.com/440300-inspection/0f89d3bf-bfd6-485b-99b2-e905d48c24ba.jpg.780x439.jpg', 'https://s1.ljcdn.com/matrix_lianjia_pc/dist/pc/src/resource/default/780-439.png?_v=201906280941017d9', 'https://s1.ljcdn.com/matrix_lianjia_pc/dist/pc/src/resource/default/780-439.png?_v=201906280941017d9', 'https://s1.ljcdn.com/matrix_lianjia_pc/dist/pc/src/resource/default/780-439.png?_v=201906280941017d9', 'https://s1.ljcdn.com/matrix_lianjia_pc/dist/pc/src/resource/default/780-439.png?_v=201906280941017d9', 'https://s1.ljcdn.com/matrix_lianjia_pc/dist/pc/src/resource/default/780-439.png?_v=201906280941017d9', 'https://s1.ljcdn.com/matrix_lianjia_pc/dist/pc/src/resource/default/780-439.png?_v=201906280941017d9']",4天前,随时入住,1~2年,需提前预约,中楼层/32层,有,暂无数据,民水,民电,有,暂无数据,"['精装', '新上', '随时看房']",[],22.740888,113.935798
