房源地址,行政区,位置,标题,租金,租赁方式,户型,面积,朝向,图片列表,发布时间,入住时间,租期,看房时间,楼层,电梯,车位,用水,用电,燃气,采暖,标签,station,latitude,longtitude
https://sz.lianjia.com/apartment/14422.html,,,启迪协信常春藤国际公寓 · 启迪协信科技园1.1期公寓,"
启迪协信常春藤国际公寓 · 启迪协信科技园1.1期公寓

          2431元/月起

",,,,,"['https://image1.ljcdn.com/rent-user-avatar/39ea75a1-e4a7-4f6a-9e74-f31601591e37.1150x.jpg', 'https://s1.ljcdn.com/matrix_lianjia_pc/dist/pc/src/resource/default/1150-450.png?_v=201906280941017d9', 'https://s1.ljcdn.com/matrix_lianjia_pc/dist/pc/src/resource/default/1150-450.png?_v=201906280941017d9', 'https://s1.ljcdn.com/matrix_lianjia_pc/dist/pc/src/resource/default/1150-450.png?_v=201906280941017d9', 'https://s1.ljcdn.com/matrix_lianjia_pc/dist/pc/src/resource/default/1150-450.png?_v=201906280941017d9', 'https://s1.ljcdn.com/matrix_lianjia_pc/dist/pc/src/resource/default/1150-450.png?_v=201906280941017d9', 'https://s1.ljcdn.com/matrix_lianjia_pc/dist/pc/src/resource/default/1150-450.png?_v=201906280941017d9', 'https://s1.ljcdn.com/matrix_lianjia_pc/dist/pc/src/resource/default/1150-450.png?_v=201906280941017d9', 'https://s1.ljcdn.com/matrix_lianjia_pc/dist/pc/src/resource/default/1150-450.png?_v=201906280941017d9', 'https://s1.ljcdn.com/matrix_lianjia_pc/dist/pc/src/resource/default/1150-450.png?_v=201906280941017d9', 'https://s1.ljcdn.com/matrix_lianjia_pc/dist/pc/src/resource/default/1150-450.png?_v=201906280941017d9', 'https://s1.ljcdn.com/matrix_lianjia_pc/dist/pc/src/resource/default/1150-450.png?_v=201906280941017d9', 'https://s1.ljcdn.com/matrix_lianjia_pc/dist/pc/src/resource/default/1150-450.png?_v=201906280941017d9', 'https://s1.ljcdn.com/matrix_lianjia_pc/dist/pc/src/resource/default/1150-450.png?_v=201906280941017d9']",,,,,,,,,,,,,[],22.70251,114.215412
https://sz.lianjia.com/zufang/SZ2286953372655828992.html,盐田区,盐田港,东港印象二期 3室1厅 南/北,4500元/月 ,租赁方式未知,3室1厅1卫,91㎡,朝南 北,"['http://vrlab-image.ljcdn.com/release/auto3dhd/fa6f15418c8eabdb6c0fa727c7027f4a/screenshot/1560660176_2/pc0_oNUeAOoQB.jpg.q_70.jpg', 'https://s1.ljcdn.com/matrix_lianjia_pc/dist/pc/src/resource/default/780-439.png?_v=201906280941017d9', 'https://s1.ljcdn.com/matrix_lianjia_pc/dist/pc/src/resource/default/780-439.png?_v=201906280941017d9', 'https://s1.ljcdn.com/matrix_lianjia_pc/dist/pc/src/resource/default/780-439.png?_v=201906280941017d9', 'https://s1.ljcdn.com/matrix_lianjia_pc/dist/pc/src/resource/default/780-439.png?_v=201906280941017d9', 'https://s1.ljcdn.com/matrix_lianjia_pc/dist/pc/src/resource/default/780-439.png?_v=201906280941017d9']",4天前,随时入住,暂无数据,需提前预约,低楼层/31层,有,暂无数据,民水,民电,有,暂无数据,"['新上', '随时看房']",[],22.597969,114.255446
https://sz.lianjia.com/zufang/SZ2212005852250898432.html,龙华区,龙华新区,丰润花园 3室1厅 南,4000元/月 ,租赁方式未知,3室1厅1卫,88㎡,朝南,"['http://vrlab-image.ljcdn.com/release/vradmin/1000000020274426/images/408897B8.png.q_70.jpg', 'https://s1.ljcdn.com/matrix_lianjia_pc/dist/pc/src/resource/default/780-439.png?_v=201906280941017d9', 'https://s1.ljcdn.com/matrix_lianjia_pc/dist/pc/src/resource/default/780-439.png?_v=201906280941017d9', 'https://s1.ljcdn.com/matrix_lianjia_pc/dist/pc/src/resource/default/780-439.png?_v=201906280941017d9', 'https://s1.ljcdn.com/matrix_lianjia_pc/dist/pc/src/resource/default/780-439.png?_v=201906280941017d9', 'https://s1.ljcdn.com/matrix_lianjia_pc/dist/pc/src/resource/default/780-439.png?_v=201906280941017d9']",3个月前,随时入住,暂无数据,需提前预约,高楼层/8层,无,暂无数据,民水,民电,有,暂无数据,['随时看房'],[],22.646400182414,114.03494907144
https://sz.lianjia.com/zufang/SZ2283947713563467776.html,龙岗区,横岗,水晶之城 3室1厅 南/北,3600元/月 ,租赁方式未知,3室1厅1卫,84㎡,朝南 北,"['http://vrlab-image.ljcdn.com/release/auto3dhd/959f19cc8f1a54970e84c28269af44c6/screenshot/0_5/pc0_J19MKtuSd.jpg.q_70.jpg', 'https://s1.ljcdn.com/matrix_lianjia_pc/dist/pc/src/resource/default/780-439.png?_v=201906280941017d9', 'https://s1.ljcdn.com/matrix_lianjia_pc/dist/pc/src/resource/default/780-439.png?_v=201906280941017d9', 'https://s1.ljcdn.com/matrix_lianjia_pc/dist/pc/src/resource/default/780-439.png?_v=201906280941017d9', 'https://s1.ljcdn.com/matrix_lianjia_pc/dist/pc/src/resource/default/780-439.png?_v=201906280941017d9', 'https://s1.ljcdn.com/matrix_lianjia_pc/dist/pc/src/resource/default/780-439.png?_v=201906280941017d9']",5天前,随时入住,暂无数据,需提前预约,低楼层/6层,无,暂无数据,民水,民电,有,暂无数据,"['近地铁', '新上', '随时看房']","['3号线(龙岗线) - 荷坳', '223m']",22.675532983638,114.23156513665
https://sz.lianjia.com/zufang/SZ2278121812204462080.html,龙岗区,布吉水径,整租·赛格ECO中心 1室1厅 南,3500元/月 (月付价),整租,1室1厅1卫,46㎡,朝南,"['https://image1.ljcdn.com/rent-user-avatar/3b56595b-c121-42db-b58c-bc06efd08c84.780x439.jpg', 'https://s1.ljcdn.com/matrix_lianjia_pc/dist/pc/src/resource/default/780-439.png?_v=201906280941017d9', 'https://s1.ljcdn.com/matrix_lianjia_pc/dist/pc/src/resource/default/780-439.png?_v=201906280941017d9', 'https://s1.ljcdn.com/matrix_lianjia_pc/dist/pc/src/resource/default/780-439.png?_v=201906280941017d9', 'https://s1.ljcdn.com/matrix_lianjia_pc/dist/pc/src/resource/default/780-439.png?_v=201906280941017d9', 'https://s1.ljcdn.com/matrix_lianjia_pc/dist/pc/src/resource/default/780-439.png?_v=201906280941017d9']",16天前,随时入住,1~2年,随时可看,12/33层,暂无数据,暂无数据,暂无数据,暂无数据,暂无数据,暂无数据,"['公寓', '精装', '随时看房']",[],22.62681,114.121356
https://sz.lianjia.com/apartment/7491.html,,,湾流国际青年社区 · 宝安公园店,"
湾流国际青年社区 · 宝安公园店

          1700元/月起

",,,,,"['https://image1.ljcdn.com/rent-user-avatar/940e591c-9d6e-43f8-8f1f-85f51e1303d9.1150x.jpg', 'https://s1.ljcdn.com/matrix_lianjia_pc/dist/pc/src/resource/default/1150-450.png?_v=201906280941017d9', 'https://s1.ljcdn.com/matrix_lianjia_pc/dist/pc/src/resource/default/1150-450.png?_v=201906280941017d9', 'https://s1.ljcdn.com/matrix_lianjia_pc/dist/pc/src/resource/default/1150-450.png?_v=201906280941017d9', 'https://s1.ljcdn.com/matrix_lianjia_pc/dist/pc/src/resource/default/1150-450.png?_v=201906280941017d9', 'https://s1.ljcdn.com/matrix_lianjia_pc/dist/pc/src/resource/default/1150-450.png?_v=201906280941017d9', 'https://s1.ljcdn.com/matrix_lianjia_pc/dist/pc/src/resource/default/1150-450.png?_v=201906280941017d9', 'https://s1.ljcdn.com/matrix_lianjia_pc/dist/pc/src/resource/default/1150-450.png?_v=201906280941017d9']",,,,,,,,,,,,,[],22.592114,113.900547
https://sz.lianjia.com/zufang/SZ2273870538919657472.html,龙岗区,布吉街,泽润华庭 3室1厅 南,4000元/月 ,租赁方式未知,3室1厅1卫,74㎡,朝南,"['https://image1.ljcdn.com/440300-inspection/test-56bab59f-ae04-4ae7-a529-b3018fe99aea.png.780x439.jpg', 'https://s1.ljcdn.com/matrix_lianjia_pc/dist/pc/src/resource/default/780-439.png?_v=201906280941017d9', 'https://s1.ljcdn.com/matrix_lianjia_pc/dist/pc/src/resource/default/780-439.png?_v=201906280941017d9', 'https://s1.ljcdn.com/matrix_lianjia_pc/dist/pc/src/resource/default/780-439.png?_v=201906280941017d9', 'https://s1.ljcdn.com/matrix_lianjia_pc/dist/pc/src/resource/default/780-439.png?_v=201906280941017d9', 'https://s1.ljcdn.com/matrix_lianjia_pc/dist/pc/src/resource/default/780-439.png?_v=201906280941017d9']",22天前,随时入住,暂无数据,需提前预约,低楼层/11层,有,暂无数据,民水,民电,有,暂无数据,[],[],22.6006,114.116521
https://sz.lianjia.com/zufang/SZ2247570632982675456.html,龙岗区,龙岗双龙,整租·风临四季 3室1厅 南,3100元/月 (月付价),整租,3室1厅2卫,95㎡,朝南,"['https://image1.ljcdn.com/440300-inspection/6bfecf2a-c483-466c-832f-52244c30a1ac.jpg.780x439.jpg', 'https://s1.ljcdn.com/matrix_lianjia_pc/dist/pc/src/resource/default/780-439.png?_v=201906280941017d9', 'https://s1.ljcdn.com/matrix_lianjia_pc/dist/pc/src/resource/default/780-439.png?_v=201906280941017d9', 'https://s1.ljcdn.com/matrix_lianjia_pc/dist/pc/src/resource/default/780-439.png?_v=201906280941017d9', 'https://s1.ljcdn.com/matrix_lianjia_pc/dist/pc/src/resource/default/780-439.png?_v=201906280941017d9', 'https://s1.ljcdn.com/matrix_lianjia_pc/dist/pc/src/resource/default/780-439.png?_v=201906280941017d9', 'https://s1.ljcdn.com/matrix_lianjia_pc/dist/pc/src/resource/default/780-439.png?_v=201906280941017d9', 'https://s1.ljcdn.com/matrix_lianjia_pc/dist/pc/src/resource/default/780-439.png?_v=201906280941017d9', 'https://s1.ljcdn.com/matrix_lianjia_pc/dist/pc/src/resource/default/780-439.png?_v=201906280941017d9', 'https://s1.ljcdn.com/matrix_lianjia_pc/dist/pc/src/resource/default/780-439.png?_v=201906280941017d9']",1个月前,随时入住,1年以内,需提前预约,低楼层/6层,无,暂无数据,民水,民电,有,暂无数据,['双卫生间'],[],22.733138,114.297893
https://sz.lianjia.com/zufang/SZ2220328887299080192.html,宝安区,沙井,整租·中熙香莎公馆 3室2厅 南,4500元/月 (月付价),整租,3室2厅2卫,92㎡,朝南,"['https://image1.ljcdn.com/440300-inspection/5f4aac0b-177a-4716-9d90-28fe52b95174.jpg.780x439.jpg', 'https://s1.ljcdn.com/matrix_lianjia_pc/dist/pc/src/resource/default/780-439.png?_v=201906280941017d9', 'https://s1.ljcdn.com/matrix_lianjia_pc/dist/pc/src/resource/default/780-439.png?_v=201906280941017d9', 'https://s1.ljcdn.com/matrix_lianjia_pc/dist/pc/src/resource/default/780-439.png?_v=201906280941017d9', 'https://s1.ljcdn.com/matrix_lianjia_pc/dist/pc/src/resource/default/780-439.png?_v=201906280941017d9', 'https://s1.ljcdn.com/matrix_lianjia_pc/dist/pc/src/resource/default/780-439.png?_v=201906280941017d9', 'https://s1.ljcdn.com/matrix_lianjia_pc/dist/pc/src/resource/default/780-439.png?_v=201906280941017d9', 'https://s1.ljcdn.com/matrix_lianjia_pc/dist/pc/src/resource/default/780-439.png?_v=201906280941017d9', 'https://s1.ljcdn.com/matrix_lianjia_pc/dist/pc/src/resource/default/780-439.png?_v=201906280941017d9']",3个月前,随时入住,2~3年,需提前预约,低楼层/32层,有,暂无数据,民水,民电,有,暂无数据,"['精装', '双卫生间']",[],22.729263,113.81512
https://sz.lianjia.com/apartment/15451.html,,,庭苑公寓 · 海草,"
庭苑公寓 · 海草

          1800元/月起

",,,,,"['https://image1.ljcdn.com/rent-user-avatar/0e238866-f4af-4443-b2f7-172a4a1f1327.1150x.jpg', 'https://s1.ljcdn.com/matrix_lianjia_pc/dist/pc/src/resource/default/1150-450.png?_v=201906280941017d9', 'https://s1.ljcdn.com/matrix_lianjia_pc/dist/pc/src/resource/default/1150-450.png?_v=201906280941017d9', 'https://s1.ljcdn.com/matrix_lianjia_pc/dist/pc/src/resource/default/1150-450.png?_v=201906280941017d9', 'https://s1.ljcdn.com/matrix_lianjia_pc/dist/pc/src/resource/default/1150-450.png?_v=201906280941017d9', 'https://s1.ljcdn.com/matrix_lianjia_pc/dist/pc/src/resource/default/1150-450.png?_v=201906280941017d9', 'https://s1.ljcdn.com/matrix_lianjia_pc/dist/pc/src/resource/default/1150-450.png?_v=201906280941017d9']",,,,,,,,,,,,,[],22.581864,113.908397
https://sz.lianjia.com/zufang/SZ2283832161586905088.html,龙岗区,龙岗中心城,整租·龙岗天健花园 3室2厅 南/北,3300元/月 (月付价),整租,3室2厅2卫,100㎡,朝南 北,"['https://image1.ljcdn.com/rent-user-avatar/1b319fdd-65b8-496e-abf4-a09921f66aa2.780x439.jpg', 'https://s1.ljcdn.com/matrix_lianjia_pc/dist/pc/src/resource/default/780-439.png?_v=201906280941017d9', 'https://s1.ljcdn.com/matrix_lianjia_pc/dist/pc/src/resource/default/780-439.png?_v=201906280941017d9', 'https://s1.ljcdn.com/matrix_lianjia_pc/dist/pc/src/resource/default/780-439.png?_v=201906280941017d9', 'https://s1.ljcdn.com/matrix_lianjia_pc/dist/pc/src/resource/default/780-439.png?_v=201906280941017d9', 'https://s1.ljcdn.com/matrix_lianjia_pc/dist/pc/src/resource/default/780-439.png?_v=201906280941017d9', 'https://s1.ljcdn.com/matrix_lianjia_pc/dist/pc/src/resource/default/780-439.png?_v=201906280941017d9', 'https://s1.ljcdn.com/matrix_lianjia_pc/dist/pc/src/resource/default/780-439.png?_v=201906280941017d9', 'https://s1.ljcdn.com/matrix_lianjia_pc/dist/pc/src/resource/default/780-439.png?_v=201906280941017d9', 'https://s1.ljcdn.com/matrix_lianjia_pc/dist/pc/src/resource/default/780-439.png?_v=201906280941017d9', 'https://s1.ljcdn.com/matrix_lianjia_pc/dist/pc/src/resource/default/780-439.png?_v=201906280941017d9']",8天前,随时入住,1~24个月,随时可看,7/7层,无,暂无数据,民水,民电,有,暂无数据,"['公寓', '月租', '精装', '押一付一', '双卫生间', '随时看房']",[],22.734053,114.251616
https://sz.lianjia.com/zufang/SZ2270989850322935808.html,龙岗区,龙岗中心城,整租·满园 3室1厅 南/北,4300元/月 (月付价),整租,3室1厅2卫,116㎡,朝南 北,"['https://image1.ljcdn.com/440300-inspection/prod-2468e058-7d84-4798-b266-a0ead3e1bec5.jpg.780x439.jpg', 'https://s1.ljcdn.com/matrix_lianjia_pc/dist/pc/src/resource/default/780-439.png?_v=201906280941017d9', 'https://s1.ljcdn.com/matrix_lianjia_pc/dist/pc/src/resource/default/780-439.png?_v=201906280941017d9', 'https://s1.ljcdn.com/matrix_lianjia_pc/dist/pc/src/resource/default/780-439.png?_v=201906280941017d9', 'https://s1.ljcdn.com/matrix_lianjia_pc/dist/pc/src/resource/default/780-439.png?_v=201906280941017d9', 'https://s1.ljcdn.com/matrix_lianjia_pc/dist/pc/src/resource/default/780-439.png?_v=201906280941017d9']",25天前,随时入住,1年以内,需提前预约,高楼层/18层,有,暂无数据,民水,民电,有,暂无数据,"['精装', '双卫生间']",[],22.728116367838,114.23723983476
https://sz.lianjia.com/zufang/SZ2289147751448969216.html,龙岗区,龙岗中心城,东方明珠城 4室1厅 南,4500元/月 ,租赁方式未知,4室1厅2卫,107㎡,朝南,"['https://image1.ljcdn.com/440300-inspection/4c0e2891-0742-4161-92b8-48889e47d89f.jpg.780x439.jpg', 'https://s1.ljcdn.com/matrix_lianjia_pc/dist/pc/src/resource/default/780-439.png?_v=201906280941017d9', 'https://s1.ljcdn.com/matrix_lianjia_pc/dist/pc/src/resource/default/780-439.png?_v=201906280941017d9', 'https://s1.ljcdn.com/matrix_lianjia_pc/dist/pc/src/resource/default/780-439.png?_v=201906280941017d9', 'https://s1.ljcdn.com/matrix_lianjia_pc/dist/pc/src/resource/default/780-439.png?_v=201906280941017d9', 'https://s1.ljcdn.com/matrix_lianjia_pc/dist/pc/src/resource/default/780-439.png?_v=201906280941017d9', 'https://s1.ljcdn.com/matrix_lianjia_pc/dist/pc/src/resource/default/780-439.png?_v=201906280941017d9', 'https://s1.ljcdn.com/matrix_lianjia_pc/dist/pc/src/resource/default/780-439.png?_v=201906280941017d9', 'https://s1.ljcdn.com/matrix_lianjia_pc/dist/pc/src/resource/default/780-439.png?_v=201906280941017d9', 'https://s1.ljcdn.com/matrix_lianjia_pc/dist/pc/src/resource/default/780-439.png?_v=201906280941017d9', 'https://s1.ljcdn.com/matrix_lianjia_pc/dist/pc/src/resource/default/780-439.png?_v=201906280941017d9', 'https://s1.ljcdn.com/matrix_lianjia_pc/dist/pc/src/resource/default/780-439.png?_v=201906280941017d9']",1天前,随时入住,暂无数据,需提前预约,低楼层/32层,有,暂无数据,民水,民电,无,暂无数据,"['近地铁', '新上']","['3号线(龙岗线) - 龙城广场', '179m']",22.72516903961,114.26058199785
https://sz.lianjia.com/zufang/SZ2267186010415185920.html,龙岗区,横岗,中海怡美山庄 2室1厅 南,3600元/月 ,租赁方式未知,2室1厅1卫,68㎡,朝南,"['https://image1.ljcdn.com/440300-inspection/21d24eb1-998e-4c44-8d92-17c08e1081df.jpg.780x439.jpg', 'https://s1.ljcdn.com/matrix_lianjia_pc/dist/pc/src/resource/default/780-439.png?_v=201906280941017d9', 'https://s1.ljcdn.com/matrix_lianjia_pc/dist/pc/src/resource/default/780-439.png?_v=201906280941017d9', 'https://s1.ljcdn.com/matrix_lianjia_pc/dist/pc/src/resource/default/780-439.png?_v=201906280941017d9', 'https://s1.ljcdn.com/matrix_lianjia_pc/dist/pc/src/resource/default/780-439.png?_v=201906280941017d9', 'https://s1.ljcdn.com/matrix_lianjia_pc/dist/pc/src/resource/default/780-439.png?_v=201906280941017d9', 'https://s1.ljcdn.com/matrix_lianjia_pc/dist/pc/src/resource/default/780-439.png?_v=201906280941017d9', 'https://s1.ljcdn.com/matrix_lianjia_pc/dist/pc/src/resource/default/780-439.png?_v=201906280941017d9']",1个月前,随时入住,暂无数据,需提前预约,高楼层/6层,无,暂无数据,民水,民电,有,暂无数据,[],"['3号线(龙岗线) - 塘坑', '1181m']",22.653297162943,114.19226973048
https://sz.lianjia.com/zufang/SZ2167129434581647360.html,罗湖区,布心,整租·彩世界家园 1室1厅 南,4430元/月 (季付价),整租,1室1厅1卫,50㎡,朝南,"['https://image1.ljcdn.com/rent-house-1/636f69b83827f24f7723a443c68fdbb3-1561375420811/b2b07f937838c90b851f066d1bc351a1.jpg.780x439.jpg', 'https://s1.ljcdn.com/matrix_lianjia_pc/dist/pc/src/resource/default/780-439.png?_v=201906280941017d9', 'https://s1.ljcdn.com/matrix_lianjia_pc/dist/pc/src/resource/default/780-439.png?_v=201906280941017d9', 'https://s1.ljcdn.com/matrix_lianjia_pc/dist/pc/src/resource/default/780-439.png?_v=201906280941017d9', 'https://s1.ljcdn.com/matrix_lianjia_pc/dist/pc/src/resource/default/780-439.png?_v=201906280941017d9', 'https://s1.ljcdn.com/matrix_lianjia_pc/dist/pc/src/resource/default/780-439.png?_v=201906280941017d9', 'https://s1.ljcdn.com/matrix_lianjia_pc/dist/pc/src/resource/default/780-439.png?_v=201906280941017d9', 'https://s1.ljcdn.com/matrix_lianjia_pc/dist/pc/src/resource/default/780-439.png?_v=201906280941017d9']",5个月前,随时入住,1年,随时可看,8/23层,暂无数据,暂无数据,暂无数据,暂无数据,暂无数据,暂无数据,"['公寓', '近地铁', '随时看房']","['5号线(环中线) - 布心', '661m', '5号线(环中线),7号线 - 太安', '861m']",22.584622134739,114.14959798424
https://sz.lianjia.com/apartment/4707.html,,,湾流国际青年社区 · 彩田店,"
湾流国际青年社区 · 彩田店

          4700元/月起

",,,,,"['https://image1.ljcdn.com/rent-house-1/df5a8b6f4f08075dcfb2f7d535a0f7d5-1539134772467/ee9d1bcfa5e03598b26e0e0aec8a2f6a.jpg.1150x.jpg', 'https://s1.ljcdn.com/matrix_lianjia_pc/dist/pc/src/resource/default/1150-450.png?_v=201906280941017d9', 'https://s1.ljcdn.com/matrix_lianjia_pc/dist/pc/src/resource/default/1150-450.png?_v=201906280941017d9', 'https://s1.ljcdn.com/matrix_lianjia_pc/dist/pc/src/resource/default/1150-450.png?_v=201906280941017d9', 'https://s1.ljcdn.com/matrix_lianjia_pc/dist/pc/src/resource/default/1150-450.png?_v=201906280941017d9', 'https://s1.ljcdn.com/matrix_lianjia_pc/dist/pc/src/resource/default/1150-450.png?_v=201906280941017d9', 'https://s1.ljcdn.com/matrix_lianjia_pc/dist/pc/src/resource/default/1150-450.png?_v=201906280941017d9', 'https://s1.ljcdn.com/matrix_lianjia_pc/dist/pc/src/resource/default/1150-450.png?_v=201906280941017d9', 'https://s1.ljcdn.com/matrix_lianjia_pc/dist/pc/src/resource/default/1150-450.png?_v=201906280941017d9']",,,,,,,,,,,,,[],22.56991,114.076375
https://sz.lianjia.com/zufang/SZ2282491141901524992.html,光明区,公明,奥园峯荟 1室1厅 南,3000元/月 ,租赁方式未知,1室1厅1卫,55㎡,朝南,"['https://image1.ljcdn.com/440300-inspection/088e595b-2dac-483b-b22d-fa8627559973.jpg.780x439.jpg', 'https://s1.ljcdn.com/matrix_lianjia_pc/dist/pc/src/resource/default/780-439.png?_v=201906280941017d9', 'https://s1.ljcdn.com/matrix_lianjia_pc/dist/pc/src/resource/default/780-439.png?_v=201906280941017d9', 'https://s1.ljcdn.com/matrix_lianjia_pc/dist/pc/src/resource/default/780-439.png?_v=201906280941017d9', 'https://s1.ljcdn.com/matrix_lianjia_pc/dist/pc/src/resource/default/780-439.png?_v=201906280941017d9', 'https://s1.ljcdn.com/matrix_lianjia_pc/dist/pc/src/resource/default/780-439.png?_v=201906280941017d9']",10天前,随时入住,暂无数据,需提前预约,低楼层/24层,有,暂无数据,商水,商电,有,暂无数据,['随时看房'],[],22.771239,113.904964
https://sz.lianjia.com/zufang/SZ2285446590418395136.html,龙岗区,龙岗双龙,整租·公园花半里 3室2厅 南,3500元/月 ,整租,3室2厅2卫,89㎡,朝南,"['https://image1.ljcdn.com/440300-inspection/5a5225e0-e04a-43dc-93b1-5547fd713dd4.jpg.780x439.jpg', 'https://s1.ljcdn.com/matrix_lianjia_pc/dist/pc/src/resource/default/780-439.png?_v=201906280941017d9', 'https://s1.ljcdn.com/matrix_lianjia_pc/dist/pc/src/resource/default/780-439.png?_v=201906280941017d9', 'https://s1.ljcdn.com/matrix_lianjia_pc/dist/pc/src/resource/default/780-439.png?_v=201906280941017d9', 'https://s1.ljcdn.com/matrix_lianjia_pc/dist/pc/src/resource/default/780-439.png?_v=201906280941017d9', 'https://s1.ljcdn.com/matrix_lianjia_pc/dist/pc/src/resource/default/780-439.png?_v=201906280941017d9', 'https://s1.ljcdn.com/matrix_lianjia_pc/dist/pc/src/resource/default/780-439.png?_v=201906280941017d9', 'https://s1.ljcdn.com/matrix_lianjia_pc/dist/pc/src/resource/default/780-439.png?_v=201906280941017d9']",6天前,随时入住,1年以内,需提前预约,高楼层/33层,暂无数据,暂无数据,民水,民电,暂无数据,暂无数据,"['精装', '双卫生间', '新上', '随时看房']",[],22.718374,114.279336
https://sz.lianjia.com/zufang/SZ2280908837084987392.html,罗湖区,莲塘,东方凤雅台 2室1厅 南,4500元/月 ,租赁方式未知,2室1厅1卫,64㎡,朝南,"['https://image1.ljcdn.com/440300-inspection/prod-33cfe310-1d4f-41cf-90d6-3bf2f0d8f4b2.jpg.780x439.jpg', 'https://s1.ljcdn.com/matrix_lianjia_pc/dist/pc/src/resource/default/780-439.png?_v=201906280941017d9', 'https://s1.ljcdn.com/matrix_lianjia_pc/dist/pc/src/resource/default/780-439.png?_v=201906280941017d9', 'https://s1.ljcdn.com/matrix_lianjia_pc/dist/pc/src/resource/default/780-439.png?_v=201906280941017d9', 'https://s1.ljcdn.com/matrix_lianjia_pc/dist/pc/src/resource/default/780-439.png?_v=201906280941017d9']",12天前,随时入住,暂无数据,需提前预约,中楼层/9层,有,暂无数据,民水,民电,有,暂无数据,[],[],22.565618,114.187088
https://sz.lianjia.com/zufang/SZ2279028742858735616.html,罗湖区,螺岭,整租·都心名苑 1室1厅 南,4530元/月 (季付价),整租,1室1厅1卫,40㎡,朝南,"['https://image1.ljcdn.com/rent-house-1/636f69b83827f24f7723a443c68fdbb3-1561399320288/e4b30f5e0719f83c061d42d31780195c.jpg.780x439.jpg', 'https://s1.ljcdn.com/matrix_lianjia_pc/dist/pc/src/resource/default/780-439.png?_v=201906280941017d9', 'https://s1.ljcdn.com/matrix_lianjia_pc/dist/pc/src/resource/default/780-439.png?_v=201906280941017d9', 'https://s1.ljcdn.com/matrix_lianjia_pc/dist/pc/src/resource/default/780-439.png?_v=201906280941017d9', 'https://s1.ljcdn.com/matrix_lianjia_pc/dist/pc/src/resource/default/780-439.png?_v=201906280941017d9', 'https://s1.ljcdn.com/matrix_lianjia_pc/dist/pc/src/resource/default/780-439.png?_v=201906280941017d9', 'https://s1.ljcdn.com/matrix_lianjia_pc/dist/pc/src/resource/default/780-439.png?_v=201906280941017d9']",15天前,随时入住,1年,随时可看,22/23层,暂无数据,暂无数据,暂无数据,暂无数据,暂无数据,暂无数据,"['公寓', '近地铁', '随时看房']","['3号线(龙岗线) - 晒布', '346m', '2号线(蛇口线) - 湖贝', '852m', '3号线(龙岗线) - 翠竹', '1015m', '9号线 - 文锦', '1179m']",22.555520186704,114.1326417515
https://sz.lianjia.com/zufang/SZ2225942226079858688.html,宝安区,沙井,整租·华侨城四海云亭 3室2厅 南,4200元/月 (月付价),整租,3室2厅2卫,89㎡,朝南,"['https://image1.ljcdn.com/rent-user-avatar/02c0b73b-2aac-4fec-bd77-d68a023f6b94.780x439.jpg', 'https://s1.ljcdn.com/matrix_lianjia_pc/dist/pc/src/resource/default/780-439.png?_v=201906280941017d9', 'https://s1.ljcdn.com/matrix_lianjia_pc/dist/pc/src/resource/default/780-439.png?_v=201906280941017d9', 'https://s1.ljcdn.com/matrix_lianjia_pc/dist/pc/src/resource/default/780-439.png?_v=201906280941017d9', 'https://s1.ljcdn.com/matrix_lianjia_pc/dist/pc/src/resource/default/780-439.png?_v=201906280941017d9', 'https://s1.ljcdn.com/matrix_lianjia_pc/dist/pc/src/resource/default/780-439.png?_v=201906280941017d9', 'https://s1.ljcdn.com/matrix_lianjia_pc/dist/pc/src/resource/default/780-439.png?_v=201906280941017d9', 'https://s1.ljcdn.com/matrix_lianjia_pc/dist/pc/src/resource/default/780-439.png?_v=201906280941017d9']",2个月前,随时入住,1~2年,随时可看,16/33层,有,暂无数据,民水,民电,有,自采暖,"['公寓', '精装', '双卫生间', '随时看房']",[],22.76318,113.827094
https://sz.lianjia.com/zufang/SZ2261439776102563840.html,龙岗区,布吉街,坤祥花语馨 3室2厅 南/北,4800元/月 ,租赁方式未知,3室2厅2卫,88㎡,朝南 北,"['https://image1.ljcdn.com/440300-inspection/783b91ff-5f76-425b-87f5-64834911d472.jpg.780x439.jpg', 'https://s1.ljcdn.com/matrix_lianjia_pc/dist/pc/src/resource/default/780-439.png?_v=201906280941017d9', 'https://s1.ljcdn.com/matrix_lianjia_pc/dist/pc/src/resource/default/780-439.png?_v=201906280941017d9', 'https://s1.ljcdn.com/matrix_lianjia_pc/dist/pc/src/resource/default/780-439.png?_v=201906280941017d9', 'https://s1.ljcdn.com/matrix_lianjia_pc/dist/pc/src/resource/default/780-439.png?_v=201906280941017d9', 'https://s1.ljcdn.com/matrix_lianjia_pc/dist/pc/src/resource/default/780-439.png?_v=201906280941017d9', 'https://s1.ljcdn.com/matrix_lianjia_pc/dist/pc/src/resource/default/780-439.png?_v=201906280941017d9', 'https://s1.ljcdn.com/matrix_lianjia_pc/dist/pc/src/resource/default/780-439.png?_v=201906280941017d9']",1个月前,随时入住,暂无数据,需提前预约,中楼层/31层,暂无数据,暂无数据,民水,民电,有,暂无数据,[],"['5号线(环中线) - 下水径', '974m']",22.619897,114.122394
https://sz.lianjia.com/zufang/SZ2282401703217070080.html,龙华区,上塘,特发和平里 1室1厅 南,4300元/月 ,租赁方式未知,1室1厅1卫,47㎡,朝南,"['https://image1.ljcdn.com/440300-inspection/a925ab23-1a2d-45b8-b2b9-4c29053d535c.jpg.780x439.jpg', 'https://s1.ljcdn.com/matrix_lianjia_pc/dist/pc/src/resource/default/780-439.png?_v=201906280941017d9', 'https://s1.ljcdn.com/matrix_lianjia_pc/dist/pc/src/resource/default/780-439.png?_v=201906280941017d9', 'https://s1.ljcdn.com/matrix_lianjia_pc/dist/pc/src/resource/default/780-439.png?_v=201906280941017d9', 'https://s1.ljcdn.com/matrix_lianjia_pc/dist/pc/src/resource/default/780-439.png?_v=201906280941017d9', 'https://s1.ljcdn.com/matrix_lianjia_pc/dist/pc/src/resource/default/780-439.png?_v=201906280941017d9']",10天前,随时入住,暂无数据,需提前预约,中楼层/32层,有,暂无数据,民水,民电,有,暂无数据,"['近地铁', '随时看房']","['4号线(龙华线) - 龙胜', '92m', '4号线(龙华线) - 上塘', '796m']",22.649534,114.01931
https://sz.lianjia.com/zufang/SZ2287759606367395840.html,龙岗区,龙岗中心城,非凡空间 1室1厅 南,3000元/月 ,租赁方式未知,1室1厅1卫,56㎡,朝南,"['https://image1.ljcdn.com/440300-inspection/37fe63fa-24b7-48bf-8ce7-d5815a36a0a7.jpg.780x439.jpg', 'https://s1.ljcdn.com/matrix_lianjia_pc/dist/pc/src/resource/default/780-439.png?_v=201906280941017d9', 'https://s1.ljcdn.com/matrix_lianjia_pc/dist/pc/src/resource/default/780-439.png?_v=201906280941017d9', 'https://s1.ljcdn.com/matrix_lianjia_pc/dist/pc/src/resource/default/780-439.png?_v=201906280941017d9', 'https://s1.ljcdn.com/matrix_lianjia_pc/dist/pc/src/resource/default/780-439.png?_v=201906280941017d9', 'https://s1.ljcdn.com/matrix_lianjia_pc/dist/pc/src/resource/default/780-439.png?_v=201906280941017d9']",3天前,随时入住,暂无数据,需提前预约,中楼层/24层,有,暂无数据,民水,民电,有,暂无数据,"['新上', '随时看房']",[],22.737071715258,114.25771571966
https://sz.lianjia.com/zufang/SZ2205176181291229184.html,福田区,上步,整租·佳兆业中心 1室0厅 南,4380元/月 (月付价),整租,1室0厅1卫,32㎡,朝南,"['https://image1.ljcdn.com/rent-user-avatar/0f1c271e-4b1a-469c-bd2a-b0ad33a8f0c2.780x439.jpg', 'https://s1.ljcdn.com/matrix_lianjia_pc/dist/pc/src/resource/default/780-439.png?_v=201906280941017d9', 'https://s1.ljcdn.com/matrix_lianjia_pc/dist/pc/src/resource/default/780-439.png?_v=201906280941017d9', 'https://s1.ljcdn.com/matrix_lianjia_pc/dist/pc/src/resource/default/780-439.png?_v=201906280941017d9', 'https://s1.ljcdn.com/matrix_lianjia_pc/dist/pc/src/resource/default/780-439.png?_v=201906280941017d9']",3个月前,随时入住,1~12个月,随时可看,10/29层,有,暂无数据,民水,民电,有,暂无数据,"['公寓', '月租', '近地铁', '精装', '押一付一', '随时看房']","['1号线(罗宝线) - 科学馆', '352m', '2号线(蛇口线) - 燕南', '909m', '9号线 - 红岭南', '939m', '7号线 - 华强南', '1085m', '3号线(龙岗线) - 通新岭', '1161m']",22.545851,114.103355
https://sz.lianjia.com/zufang/SZ2276710459803975680.html,宝安区,沙井,整租·华侨城四海云亭 4室2厅 南,4600元/月 (月付价),整租,4室2厅2卫,125㎡,朝 南,"['https://image1.ljcdn.com/rent-user-avatar/16f7f16d-b0ba-4697-b571-1e853f54c682.780x439.jpg', 'https://s1.ljcdn.com/matrix_lianjia_pc/dist/pc/src/resource/default/780-439.png?_v=201906280941017d9', 'https://s1.ljcdn.com/matrix_lianjia_pc/dist/pc/src/resource/default/780-439.png?_v=201906280941017d9', 'https://s1.ljcdn.com/matrix_lianjia_pc/dist/pc/src/resource/default/780-439.png?_v=201906280941017d9', 'https://s1.ljcdn.com/matrix_lianjia_pc/dist/pc/src/resource/default/780-439.png?_v=201906280941017d9', 'https://s1.ljcdn.com/matrix_lianjia_pc/dist/pc/src/resource/default/780-439.png?_v=201906280941017d9', 'https://s1.ljcdn.com/matrix_lianjia_pc/dist/pc/src/resource/default/780-439.png?_v=201906280941017d9', 'https://s1.ljcdn.com/matrix_lianjia_pc/dist/pc/src/resource/default/780-439.png?_v=201906280941017d9', 'https://s1.ljcdn.com/matrix_lianjia_pc/dist/pc/src/resource/default/780-439.png?_v=201906280941017d9']",18天前,随时入住,1年,随时可看,23/33层,有,暂无数据,民水,民电,有,暂无数据,"['公寓', '精装', '双卫生间', '随时看房']",[],22.76263,113.827051
https://sz.lianjia.com/zufang/SZ2282688992195649536.html,福田区,梅林,翰岭院 1室0厅 南,3700元/月 ,租赁方式未知,1室0厅1卫,25㎡,朝南,"['https://image1.ljcdn.com/hdic-frame/63c1651c-5621-43f8-b5e5-1bc509fde355.png.780x439.jpg', 'https://s1.ljcdn.com/matrix_lianjia_pc/dist/pc/src/resource/default/780-439.png?_v=201906280941017d9', 'https://s1.ljcdn.com/matrix_lianjia_pc/dist/pc/src/resource/default/780-439.png?_v=201906280941017d9', 'https://s1.ljcdn.com/matrix_lianjia_pc/dist/pc/src/resource/default/780-439.png?_v=201906280941017d9', 'https://s1.ljcdn.com/matrix_lianjia_pc/dist/pc/src/resource/default/780-439.png?_v=201906280941017d9', 'https://s1.ljcdn.com/matrix_lianjia_pc/dist/pc/src/resource/default/780-439.png?_v=201906280941017d9', 'https://s1.ljcdn.com/matrix_lianjia_pc/dist/pc/src/resource/default/780-439.png?_v=201906280941017d9']",10天前,随时入住,暂无数据,暂无数据,低楼层/16层,有,暂无数据,民水,民电,有,暂无数据,['近地铁'],"['9号线 - 孖岭', '344m', '4号线(龙华线),9号线 - 上梅林', '898m']",22.577886930098,114.07535194494
https://sz.lianjia.com/zufang/SZ2246414330034143232.html,龙岗区,龙岗中心城,万象天成 2室1厅 东南/南,3000元/月 ,租赁方式未知,2室1厅1卫,77㎡,朝东南 南,"['https://image1.ljcdn.com/440300-inspection/7be3578c-5c05-42af-87c4-dd059a8d58e7.jpg.780x439.jpg', 'https://s1.ljcdn.com/matrix_lianjia_pc/dist/pc/src/resource/default/780-439.png?_v=201906280941017d9', 'https://s1.ljcdn.com/matrix_lianjia_pc/dist/pc/src/resource/default/780-439.png?_v=201906280941017d9', 'https://s1.ljcdn.com/matrix_lianjia_pc/dist/pc/src/resource/default/780-439.png?_v=201906280941017d9', 'https://s1.ljcdn.com/matrix_lianjia_pc/dist/pc/src/resource/default/780-439.png?_v=201906280941017d9', 'https://s1.ljcdn.com/matrix_lianjia_pc/dist/pc/src/resource/default/780-439.png?_v=201906280941017d9', 'https://s1.ljcdn.com/matrix_lianjia_pc/dist/pc/src/resource/default/780-439.png?_v=201906280941017d9', 'https://s1.ljcdn.com/matrix_lianjia_pc/dist/pc/src/resource/default/780-439.png?_v=201906280941017d9']",2个月前,随时入住,暂无数据,需提前预约,中楼层/24层,有,暂无数据,民水,民电,有,暂无数据,"['近地铁', '随时看房']","['3号线(龙岗线) - 龙城广场', '884m']",22.729958773193,114.26067170109
https://sz.lianjia.com/zufang/SZ2252876143999336448.html,罗湖区,布心,一致春晓苑 2室1厅 南,5000元/月 ,租赁方式未知,2室1厅1卫,63㎡,朝南,"['https://image1.ljcdn.com/440300-inspection/1c920b04-45e4-4204-b166-9723260aa07a.jpg.780x439.jpg', 'https://s1.ljcdn.com/matrix_lianjia_pc/dist/pc/src/resource/default/780-439.png?_v=201906280941017d9', 'https://s1.ljcdn.com/matrix_lianjia_pc/dist/pc/src/resource/default/780-439.png?_v=201906280941017d9', 'https://s1.ljcdn.com/matrix_lianjia_pc/dist/pc/src/resource/default/780-439.png?_v=201906280941017d9', 'https://s1.ljcdn.com/matrix_lianjia_pc/dist/pc/src/resource/default/780-439.png?_v=201906280941017d9']",1个月前,随时入住,暂无数据,暂无数据,低楼层/7层,无,暂无数据,民水,民电,有,暂无数据,"['近地铁', '随时看房']","['5号线(环中线) - 布心', '13m', '5号线(环中线),7号线 - 太安', '888m']",22.588350903222,114.14390329099
https://sz.lianjia.com/zufang/SZ2239181382976798720.html,龙岗区,龙岗中心城,整租·宝能悦澜山花园 5室2厅 东南/南,5000元/月 ,整租,5室2厅3卫,89㎡,朝东南 南,"['https://image1.ljcdn.com/440300-inspection/0e861dee-473a-4736-8c4e-c6360fe78c87.jpg.780x439.jpg', 'https://s1.ljcdn.com/matrix_lianjia_pc/dist/pc/src/resource/default/780-439.png?_v=201906280941017d9', 'https://s1.ljcdn.com/matrix_lianjia_pc/dist/pc/src/resource/default/780-439.png?_v=201906280941017d9', 'https://s1.ljcdn.com/matrix_lianjia_pc/dist/pc/src/resource/default/780-439.png?_v=201906280941017d9', 'https://s1.ljcdn.com/matrix_lianjia_pc/dist/pc/src/resource/default/780-439.png?_v=201906280941017d9', 'https://s1.ljcdn.com/matrix_lianjia_pc/dist/pc/src/resource/default/780-439.png?_v=201906280941017d9', 'https://s1.ljcdn.com/matrix_lianjia_pc/dist/pc/src/resource/default/780-439.png?_v=201906280941017d9', 'https://s1.ljcdn.com/matrix_lianjia_pc/dist/pc/src/resource/default/780-439.png?_v=201906280941017d9', 'https://s1.ljcdn.com/matrix_lianjia_pc/dist/pc/src/resource/default/780-439.png?_v=201906280941017d9', 'https://s1.ljcdn.com/matrix_lianjia_pc/dist/pc/src/resource/default/780-439.png?_v=201906280941017d9', 'https://s1.ljcdn.com/matrix_lianjia_pc/dist/pc/src/resource/default/780-439.png?_v=201906280941017d9', 'https://s1.ljcdn.com/matrix_lianjia_pc/dist/pc/src/resource/default/780-439.png?_v=201906280941017d9', 'https://s1.ljcdn.com/matrix_lianjia_pc/dist/pc/src/resource/default/780-439.png?_v=201906280941017d9', 'https://s1.ljcdn.com/matrix_lianjia_pc/dist/pc/src/resource/default/780-439.png?_v=201906280941017d9']",2个月前,随时入住,1年以内,需提前预约,低楼层/30层,有,租用车位,民水,民电,有,暂无数据,"['精装', '随时看房']",[],22.74149,114.257375
