房源地址,行政区,位置,标题,租金,租赁方式,户型,面积,朝向,图片列表,发布时间,入住时间,租期,看房时间,楼层,电梯,车位,用水,用电,燃气,采暖,标签,station,latitude,longtitude
https://sz.lianjia.com/apartment/17160.html,,,青果寓 · 轻铁西店,"
青果寓 · 轻铁西店

          1980元/月起

",,,,,['https://image1.ljcdn.com/rent-user-avatar/a643f453-b4f7-4fc0-b597-eb2e5a4daf3f.1150x.jpg'],,,,,,,,,,,,,[],22.576016,113.874966
https://sz.lianjia.com/zufang/SZ2256367218382077952.html,福田区,梅林,合租·鸿达苑 4居室 南卧,2390元/月 (月付价),合租,4室1厅1卫,22㎡,朝南,"['https://image1.ljcdn.com/rent-user-avatar/06c4a219-6b9a-4f0e-8c5c-dc4abb10332a.780x439.jpg', 'https://s1.ljcdn.com/matrix_lianjia_pc/dist/pc/src/resource/default/780-439.png?_v=201906280941017d9', 'https://s1.ljcdn.com/matrix_lianjia_pc/dist/pc/src/resource/default/780-439.png?_v=201906280941017d9', 'https://s1.ljcdn.com/matrix_lianjia_pc/dist/pc/src/resource/default/780-439.png?_v=201906280941017d9', 'https://s1.ljcdn.com/matrix_lianjia_pc/dist/pc/src/resource/default/780-439.png?_v=201906280941017d9', 'https://s1.ljcdn.com/matrix_lianjia_pc/dist/pc/src/resource/default/780-439.png?_v=201906280941017d9', 'https://s1.ljcdn.com/matrix_lianjia_pc/dist/pc/src/resource/default/780-439.png?_v=201906280941017d9', 'https://s1.ljcdn.com/matrix_lianjia_pc/dist/pc/src/resource/default/780-439.png?_v=201906280941017d9', 'https://s1.ljcdn.com/matrix_lianjia_pc/dist/pc/src/resource/default/780-439.png?_v=201906280941017d9', 'https://s1.ljcdn.com/matrix_lianjia_pc/dist/pc/src/resource/default/780-439.png?_v=201906280941017d9', 'https://s1.ljcdn.com/matrix_lianjia_pc/dist/pc/src/resource/default/780-439.png?_v=201906280941017d9', 'https://s1.ljcdn.com/matrix_lianjia_pc/dist/pc/src/resource/default/780-439.png?_v=201906280941017d9', 'https://s1.ljcdn.com/matrix_lianjia_pc/dist/pc/src/resource/default/780-439.png?_v=201906280941017d9']",1个月前,随时入住,1~2年,随时可看,3/8层,暂无数据,暂无数据,暂无数据,暂无数据,暂无数据,暂无数据,"['近地铁', '精装', '独立阳台', '押一付一', '随时看房']","['9号线 - 梅景', '481m', '9号线 - 下梅林', '1079m']",22.565815583964,114.04018114589
https://sz.lianjia.com/apartment/19070.html,,,职业房东 · 坂田店,"
职业房东 · 坂田店

          2000元/月起

",,,,,"['https://image1.ljcdn.com/rent-user-avatar/b7655538-1109-4f31-9938-0fd0450263b6.1150x.jpg', 'https://s1.ljcdn.com/matrix_lianjia_pc/dist/pc/src/resource/default/1150-450.png?_v=201906280941017d9', 'https://s1.ljcdn.com/matrix_lianjia_pc/dist/pc/src/resource/default/1150-450.png?_v=201906280941017d9']",,,,,,,,,,,,,[],22.650907,114.076475
https://sz.lianjia.com/apartment/8780.html,,,玖壹公馆 · 清湖店,"
玖壹公馆 · 清湖店

          1880元/月起

",,,,,"['https://image1.ljcdn.com/rent-user-avatar/5f67084c-f882-4cd5-8f0c-f14b1efad5a3.1150x.jpg', 'https://s1.ljcdn.com/matrix_lianjia_pc/dist/pc/src/resource/default/1150-450.png?_v=201906280941017d9', 'https://s1.ljcdn.com/matrix_lianjia_pc/dist/pc/src/resource/default/1150-450.png?_v=201906280941017d9', 'https://s1.ljcdn.com/matrix_lianjia_pc/dist/pc/src/resource/default/1150-450.png?_v=201906280941017d9', 'https://s1.ljcdn.com/matrix_lianjia_pc/dist/pc/src/resource/default/1150-450.png?_v=201906280941017d9', 'https://s1.ljcdn.com/matrix_lianjia_pc/dist/pc/src/resource/default/1150-450.png?_v=201906280941017d9', 'https://s1.ljcdn.com/matrix_lianjia_pc/dist/pc/src/resource/default/1150-450.png?_v=201906280941017d9']",,,,,,,,,,,,,[],22.669882,114.042783
https://sz.lianjia.com/apartment/14029.html,,,云+新青年 · 宝田店,"
云+新青年 · 宝田店

          1250元/月起

",,,,,"['https://image1.ljcdn.com/rent-user-avatar/26a485b5-212e-4cdf-86f0-7c2c84b88ede.1150x.jpg', 'https://s1.ljcdn.com/matrix_lianjia_pc/dist/pc/src/resource/default/1150-450.png?_v=201906280941017d9', 'https://s1.ljcdn.com/matrix_lianjia_pc/dist/pc/src/resource/default/1150-450.png?_v=201906280941017d9', 'https://s1.ljcdn.com/matrix_lianjia_pc/dist/pc/src/resource/default/1150-450.png?_v=201906280941017d9', 'https://s1.ljcdn.com/matrix_lianjia_pc/dist/pc/src/resource/default/1150-450.png?_v=201906280941017d9', 'https://s1.ljcdn.com/matrix_lianjia_pc/dist/pc/src/resource/default/1150-450.png?_v=201906280941017d9', 'https://s1.ljcdn.com/matrix_lianjia_pc/dist/pc/src/resource/default/1150-450.png?_v=201906280941017d9', 'https://s1.ljcdn.com/matrix_lianjia_pc/dist/pc/src/resource/default/1150-450.png?_v=201906280941017d9', 'https://s1.ljcdn.com/matrix_lianjia_pc/dist/pc/src/resource/default/1150-450.png?_v=201906280941017d9', 'https://s1.ljcdn.com/matrix_lianjia_pc/dist/pc/src/resource/default/1150-450.png?_v=201906280941017d9', 'https://s1.ljcdn.com/matrix_lianjia_pc/dist/pc/src/resource/default/1150-450.png?_v=201906280941017d9']",,,,,,,,,,,,,[],22.607278,113.875462
https://sz.lianjia.com/apartment/16106.html,,,职业房东 · 坪洲店,"
职业房东 · 坪洲店

          2000元/月起

",,,,,['https://image1.ljcdn.com/rent-user-avatar/80c0b768-8b20-46c5-b7d3-fe3c81cb83a2.1150x.jpg'],,,,,,,,,,,,,[],22.575986,113.881144
https://sz.lianjia.com/zufang/SZ2201925611755143168.html,福田区,福田中心,合租·高科利花园 3居室 南卧,2800元/月 (月付价),合租,3室1厅1卫,17㎡,朝南,"['https://image1.ljcdn.com/rent-user-avatar/5592fb44-a7b8-4947-9f2d-b9e80f132f88.780x439.jpg', 'https://s1.ljcdn.com/matrix_lianjia_pc/dist/pc/src/resource/default/780-439.png?_v=201906280941017d9', 'https://s1.ljcdn.com/matrix_lianjia_pc/dist/pc/src/resource/default/780-439.png?_v=201906280941017d9', 'https://s1.ljcdn.com/matrix_lianjia_pc/dist/pc/src/resource/default/780-439.png?_v=201906280941017d9', 'https://s1.ljcdn.com/matrix_lianjia_pc/dist/pc/src/resource/default/780-439.png?_v=201906280941017d9']",4个月前,随时入住,1~12个月,随时可看,25/33层,有,暂无数据,民水,民电,有,暂无数据,"['月租', '近地铁', '精装', '独立阳台', '押一付一', '随时看房']","['1号线(罗宝线) - 岗厦', '359m', '2号线(蛇口线) - 岗厦北', '976m', '1号线(罗宝线),4号线(龙华线) - 会展中心', '1011m']",22.542220482922,114.07887327142
https://sz.lianjia.com/apartment/18591.html,,,职业房东 · 逸居人,"
职业房东 · 逸居人

          1580元/月起

",,,,,"['https://image1.ljcdn.com/rent-user-avatar/fe60f3f9-5581-4f53-b3d2-0dfed8798a37.1150x.jpg', 'https://s1.ljcdn.com/matrix_lianjia_pc/dist/pc/src/resource/default/1150-450.png?_v=201906280941017d9']",,,,,,,,,,,,,[],22.58318,113.873634
https://sz.lianjia.com/apartment/15492.html,,,职业房东 · 牛地埔,"
职业房东 · 牛地埔

          2200元/月起

",,,,,"['https://image1.ljcdn.com/rent-user-avatar/9df73e20-89a5-4126-9cd3-1611283547ae.1150x.jpg', 'https://s1.ljcdn.com/matrix_lianjia_pc/dist/pc/src/resource/default/1150-450.png?_v=201906280941017d9', 'https://s1.ljcdn.com/matrix_lianjia_pc/dist/pc/src/resource/default/1150-450.png?_v=201906280941017d9', 'https://s1.ljcdn.com/matrix_lianjia_pc/dist/pc/src/resource/default/1150-450.png?_v=201906280941017d9', 'https://s1.ljcdn.com/matrix_lianjia_pc/dist/pc/src/resource/default/1150-450.png?_v=201906280941017d9', 'https://s1.ljcdn.com/matrix_lianjia_pc/dist/pc/src/resource/default/1150-450.png?_v=201906280941017d9', 'https://s1.ljcdn.com/matrix_lianjia_pc/dist/pc/src/resource/default/1150-450.png?_v=201906280941017d9', 'https://s1.ljcdn.com/matrix_lianjia_pc/dist/pc/src/resource/default/1150-450.png?_v=201906280941017d9', 'https://s1.ljcdn.com/matrix_lianjia_pc/dist/pc/src/resource/default/1150-450.png?_v=201906280941017d9']",,,,,,,,,,,,,[],22.667032,114.022252
https://sz.lianjia.com/apartment/16881.html,,,暖家公寓 · 暖家公寓G栋,"
暖家公寓 · 暖家公寓G栋

          1880元/月起

",,,,,"['https://image1.ljcdn.com/rent-user-avatar/e18078aa-a5aa-4466-91f0-f17b2b2c9691.1150x.jpg', 'https://s1.ljcdn.com/matrix_lianjia_pc/dist/pc/src/resource/default/1150-450.png?_v=201906280941017d9', 'https://s1.ljcdn.com/matrix_lianjia_pc/dist/pc/src/resource/default/1150-450.png?_v=201906280941017d9', 'https://s1.ljcdn.com/matrix_lianjia_pc/dist/pc/src/resource/default/1150-450.png?_v=201906280941017d9', 'https://s1.ljcdn.com/matrix_lianjia_pc/dist/pc/src/resource/default/1150-450.png?_v=201906280941017d9', 'https://s1.ljcdn.com/matrix_lianjia_pc/dist/pc/src/resource/default/1150-450.png?_v=201906280941017d9', 'https://s1.ljcdn.com/matrix_lianjia_pc/dist/pc/src/resource/default/1150-450.png?_v=201906280941017d9', 'https://s1.ljcdn.com/matrix_lianjia_pc/dist/pc/src/resource/default/1150-450.png?_v=201906280941017d9', 'https://s1.ljcdn.com/matrix_lianjia_pc/dist/pc/src/resource/default/1150-450.png?_v=201906280941017d9', 'https://s1.ljcdn.com/matrix_lianjia_pc/dist/pc/src/resource/default/1150-450.png?_v=201906280941017d9', 'https://s1.ljcdn.com/matrix_lianjia_pc/dist/pc/src/resource/default/1150-450.png?_v=201906280941017d9', 'https://s1.ljcdn.com/matrix_lianjia_pc/dist/pc/src/resource/default/1150-450.png?_v=201906280941017d9', 'https://s1.ljcdn.com/matrix_lianjia_pc/dist/pc/src/resource/default/1150-450.png?_v=201906280941017d9', 'https://s1.ljcdn.com/matrix_lianjia_pc/dist/pc/src/resource/default/1150-450.png?_v=201906280941017d9']",,,,,,,,,,,,,[],22.588103,113.90599
https://sz.lianjia.com/apartment/18844.html,,,职业房东 · 城市创享社区盐田街店,"
职业房东 · 城市创享社区盐田街店

          1780元/月起

",,,,,['https://image1.ljcdn.com/rent-user-avatar/d1a8cab0-66ad-4163-836d-bf26ffed80e8.1150x.jpg'],,,,,,,,,,,,,[],22.584411,113.871253
https://sz.lianjia.com/zufang/SZ2251398642986655744.html,南山区,南山中心,合租·缤纷假日豪园 4居室 南卧,2050元/月 (月付价),合租,4室1厅2卫,8㎡,朝南,"['https://image1.ljcdn.com/rent-user-avatar/39925315-9343-405f-955f-9cce3ec8df4c.780x439.jpg', 'https://s1.ljcdn.com/matrix_lianjia_pc/dist/pc/src/resource/default/780-439.png?_v=201906280941017d9', 'https://s1.ljcdn.com/matrix_lianjia_pc/dist/pc/src/resource/default/780-439.png?_v=201906280941017d9', 'https://s1.ljcdn.com/matrix_lianjia_pc/dist/pc/src/resource/default/780-439.png?_v=201906280941017d9', 'https://s1.ljcdn.com/matrix_lianjia_pc/dist/pc/src/resource/default/780-439.png?_v=201906280941017d9', 'https://s1.ljcdn.com/matrix_lianjia_pc/dist/pc/src/resource/default/780-439.png?_v=201906280941017d9']",1个月前,随时入住,1年,随时可看,6/21层,有,暂无数据,民水,民电,有,暂无数据,"['公寓', '近地铁', '精装', '押一付一', '随时看房']","['11号线 - 南山', '540m']",22.526459,113.934207
https://sz.lianjia.com/apartment/14491.html,,,悦隆宾馆 · 悦隆公寓,"
悦隆宾馆 · 悦隆公寓

          1330元/月起

",,,,,"['https://image1.ljcdn.com/rent-user-avatar/1afa455a-2cf6-4e10-998a-b846654458e9.1150x.jpg', 'https://s1.ljcdn.com/matrix_lianjia_pc/dist/pc/src/resource/default/1150-450.png?_v=201906280941017d9', 'https://s1.ljcdn.com/matrix_lianjia_pc/dist/pc/src/resource/default/1150-450.png?_v=201906280941017d9']",,,,,,,,,,,,,[],22.694237,113.810924
https://sz.lianjia.com/zufang/SZ2281868476609986560.html,宝安区,曦城,整租·恒丰工业城 1室1厅 南,2700元/月 (月付价),整租,1室1厅1卫,40㎡,朝南,"['https://image1.ljcdn.com/rent-user-avatar/3a8e4a48-3d4c-4fcb-8ea7-a78426490af4.780x439.jpg', 'https://s1.ljcdn.com/matrix_lianjia_pc/dist/pc/src/resource/default/780-439.png?_v=201906280941017d9', 'https://s1.ljcdn.com/matrix_lianjia_pc/dist/pc/src/resource/default/780-439.png?_v=201906280941017d9', 'https://s1.ljcdn.com/matrix_lianjia_pc/dist/pc/src/resource/default/780-439.png?_v=201906280941017d9', 'https://s1.ljcdn.com/matrix_lianjia_pc/dist/pc/src/resource/default/780-439.png?_v=201906280941017d9', 'https://s1.ljcdn.com/matrix_lianjia_pc/dist/pc/src/resource/default/780-439.png?_v=201906280941017d9', 'https://s1.ljcdn.com/matrix_lianjia_pc/dist/pc/src/resource/default/780-439.png?_v=201906280941017d9', 'https://s1.ljcdn.com/matrix_lianjia_pc/dist/pc/src/resource/default/780-439.png?_v=201906280941017d9', 'https://s1.ljcdn.com/matrix_lianjia_pc/dist/pc/src/resource/default/780-439.png?_v=201906280941017d9']",11天前,随时入住,1年,随时可看,4/8层,有,暂无数据,暂无数据,暂无数据,暂无数据,暂无数据,"['公寓', '精装', '随时看房']",[],22.635538,113.873354
https://sz.lianjia.com/apartment/1937.html,,,职业房东 · 阳光公寓,"
职业房东 · 阳光公寓

          1280元/月起

",,,,,"['https://image1.ljcdn.com/rent-user-avatar/1ff82032-892c-413e-8680-0a29fe6ffe3c.1150x.jpg', 'https://s1.ljcdn.com/matrix_lianjia_pc/dist/pc/src/resource/default/1150-450.png?_v=201906280941017d9', 'https://s1.ljcdn.com/matrix_lianjia_pc/dist/pc/src/resource/default/1150-450.png?_v=201906280941017d9', 'https://s1.ljcdn.com/matrix_lianjia_pc/dist/pc/src/resource/default/1150-450.png?_v=201906280941017d9', 'https://s1.ljcdn.com/matrix_lianjia_pc/dist/pc/src/resource/default/1150-450.png?_v=201906280941017d9']",,,,,,,,,,,,,[],22.604692,113.848389
https://sz.lianjia.com/apartment/6616.html,,,职业房东 · 栖息地城市青年菁英公寓流塘店,"
职业房东 · 栖息地城市青年菁英公寓流塘店

          2580元/月起

",,,,,"['https://image1.ljcdn.com/rent-user-avatar/d91087e4-329e-40c2-a7ce-2a9bb045f126.1150x.jpg', 'https://s1.ljcdn.com/matrix_lianjia_pc/dist/pc/src/resource/default/1150-450.png?_v=201906280941017d9', 'https://s1.ljcdn.com/matrix_lianjia_pc/dist/pc/src/resource/default/1150-450.png?_v=201906280941017d9']",,,,,,,,,,,,,[],22.586165,113.892744
https://sz.lianjia.com/zufang/SZ2259317879772561408.html,龙岗区,龙岗中心城,整租·金地龙城中央一期 2室1厅 南,2900元/月 (月付价),整租,2室1厅1卫,45㎡,朝南,"['https://image1.ljcdn.com/rent-user-avatar/4c0b08fe-9ed2-40dc-a173-e5eaab3159bb.780x439.jpg', 'https://s1.ljcdn.com/matrix_lianjia_pc/dist/pc/src/resource/default/780-439.png?_v=201906280941017d9', 'https://s1.ljcdn.com/matrix_lianjia_pc/dist/pc/src/resource/default/780-439.png?_v=201906280941017d9', 'https://s1.ljcdn.com/matrix_lianjia_pc/dist/pc/src/resource/default/780-439.png?_v=201906280941017d9', 'https://s1.ljcdn.com/matrix_lianjia_pc/dist/pc/src/resource/default/780-439.png?_v=201906280941017d9']",1个月前,随时入住,6~36个月,随时可看,29/34层,有,暂无数据,民水,民电,有,暂无数据,"['公寓', '月租', '近地铁', '精装', '随时看房']","['3号线(龙岗线) - 龙城广场', '562m', '3号线(龙岗线) - 吉祥', '935m']",22.717829,114.257212
https://sz.lianjia.com/zufang/SZ2260897760439959552.html,福田区,福田中心,合租·岗厦变电综合楼 4居室 南卧,2100元/月 (月付价),合租,4室1厅1卫,12㎡,朝南,"['https://image1.ljcdn.com/rent-user-avatar/2b96c4ab-b2a0-4661-bce7-9c95850c81fc.780x439.jpg', 'https://s1.ljcdn.com/matrix_lianjia_pc/dist/pc/src/resource/default/780-439.png?_v=201906280941017d9', 'https://s1.ljcdn.com/matrix_lianjia_pc/dist/pc/src/resource/default/780-439.png?_v=201906280941017d9', 'https://s1.ljcdn.com/matrix_lianjia_pc/dist/pc/src/resource/default/780-439.png?_v=201906280941017d9', 'https://s1.ljcdn.com/matrix_lianjia_pc/dist/pc/src/resource/default/780-439.png?_v=201906280941017d9', 'https://s1.ljcdn.com/matrix_lianjia_pc/dist/pc/src/resource/default/780-439.png?_v=201906280941017d9']",1个月前,随时入住,1~12个月,随时可看,12/23层,有,暂无数据,民水,民电,有,暂无数据,"['月租', '近地铁', '精装', '押一付一', '随时看房']","['1号线(罗宝线) - 岗厦', '889m']",22.535589361675,114.07779849009
https://sz.lianjia.com/apartment/6568.html,,,寓联公寓 · 下围园新村店,"
寓联公寓 · 下围园新村店

          1580元/月起

",,,,,"['https://image1.ljcdn.com/rent-user-avatar/c0e2c9d8-e720-4fbd-a11f-00fb7611cfad.1150x.jpg', 'https://s1.ljcdn.com/matrix_lianjia_pc/dist/pc/src/resource/default/1150-450.png?_v=201906280941017d9', 'https://s1.ljcdn.com/matrix_lianjia_pc/dist/pc/src/resource/default/1150-450.png?_v=201906280941017d9', 'https://s1.ljcdn.com/matrix_lianjia_pc/dist/pc/src/resource/default/1150-450.png?_v=201906280941017d9']",,,,,,,,,,,,,[],22.603022,113.85186
https://sz.lianjia.com/apartment/17916.html,,,西柚小镇 · 东边二店,"
西柚小镇 · 东边二店

          1600元/月起

",,,,,['https://image1.ljcdn.com/rent-user-avatar/c325751f-8830-4ea6-b07c-6ad4599911ed.1150x.jpg'],,,,,,,,,,,,,[],22.62519,114.045438
https://sz.lianjia.com/apartment/13100.html,,,慕巢公寓 · 西乡旗舰店,"
慕巢公寓 · 西乡旗舰店

          1980元/月起

",,,,,"['https://image1.ljcdn.com/rent-user-avatar/96b56a81-12ff-4728-8542-d60e2dcec859.1150x.jpg', 'https://s1.ljcdn.com/matrix_lianjia_pc/dist/pc/src/resource/default/1150-450.png?_v=201906280941017d9', 'https://s1.ljcdn.com/matrix_lianjia_pc/dist/pc/src/resource/default/1150-450.png?_v=201906280941017d9']",,,,,,,,,,,,,[],22.591634,113.869129
https://sz.lianjia.com/apartment/15579.html,,,德米公寓 · 公明店,"
德米公寓 · 公明店

          2000元/月起

",,,,,"['https://image1.ljcdn.com/rent-user-avatar/75d3833a-100b-4bce-9355-1dac4763e458.1150x.jpg', 'https://s1.ljcdn.com/matrix_lianjia_pc/dist/pc/src/resource/default/1150-450.png?_v=201906280941017d9', 'https://s1.ljcdn.com/matrix_lianjia_pc/dist/pc/src/resource/default/1150-450.png?_v=201906280941017d9', 'https://s1.ljcdn.com/matrix_lianjia_pc/dist/pc/src/resource/default/1150-450.png?_v=201906280941017d9', 'https://s1.ljcdn.com/matrix_lianjia_pc/dist/pc/src/resource/default/1150-450.png?_v=201906280941017d9']",,,,,,,,,,,,,[],22.763107,113.913433
https://sz.lianjia.com/zufang/SZ2255040897676738560.html,福田区,景田,合租·香蜜三村 5居室 南卧,2590元/月 (月付价),合租,5室1厅2卫,13㎡,朝南,"['https://image1.ljcdn.com/rent-user-avatar/5116e709-47f6-475a-a631-cf4ef0ab8856.780x439.jpg', 'https://s1.ljcdn.com/matrix_lianjia_pc/dist/pc/src/resource/default/780-439.png?_v=201906280941017d9', 'https://s1.ljcdn.com/matrix_lianjia_pc/dist/pc/src/resource/default/780-439.png?_v=201906280941017d9', 'https://s1.ljcdn.com/matrix_lianjia_pc/dist/pc/src/resource/default/780-439.png?_v=201906280941017d9', 'https://s1.ljcdn.com/matrix_lianjia_pc/dist/pc/src/resource/default/780-439.png?_v=201906280941017d9', 'https://s1.ljcdn.com/matrix_lianjia_pc/dist/pc/src/resource/default/780-439.png?_v=201906280941017d9', 'https://s1.ljcdn.com/matrix_lianjia_pc/dist/pc/src/resource/default/780-439.png?_v=201906280941017d9', 'https://s1.ljcdn.com/matrix_lianjia_pc/dist/pc/src/resource/default/780-439.png?_v=201906280941017d9']",1个月前,随时入住,1年,随时可看,26/31层,有,暂无数据,民水,民电,有,暂无数据,"['公寓', '近地铁', '精装', '押一付一', '随时看房']","['2号线(蛇口线) - 莲花西', '504m', '9号线 - 香梅', '862m', '2号线(蛇口线),9号线 - 景田', '1063m', '2号线(蛇口线),3号线(龙岗线),11号线 - 福田', '1100m']",22.551644396212,114.05414676388
https://sz.lianjia.com/zufang/SZ2252863404354314240.html,福田区,景田,合租·香蜜三村 5居室 南卧,2350元/月 (月付价),合租,5室1厅1卫,10㎡,朝南,"['https://image1.ljcdn.com/rent-user-avatar/51ddc594-f0f7-402c-bddd-1d42df1fb1f1.780x439.jpg', 'https://s1.ljcdn.com/matrix_lianjia_pc/dist/pc/src/resource/default/780-439.png?_v=201906280941017d9', 'https://s1.ljcdn.com/matrix_lianjia_pc/dist/pc/src/resource/default/780-439.png?_v=201906280941017d9', 'https://s1.ljcdn.com/matrix_lianjia_pc/dist/pc/src/resource/default/780-439.png?_v=201906280941017d9', 'https://s1.ljcdn.com/matrix_lianjia_pc/dist/pc/src/resource/default/780-439.png?_v=201906280941017d9', 'https://s1.ljcdn.com/matrix_lianjia_pc/dist/pc/src/resource/default/780-439.png?_v=201906280941017d9', 'https://s1.ljcdn.com/matrix_lianjia_pc/dist/pc/src/resource/default/780-439.png?_v=201906280941017d9']",1个月前,随时入住,1年,随时可看,14/18层,有,暂无数据,民水,民电,有,暂无数据,"['公寓', '近地铁', '精装', '押一付一', '随时看房']","['2号线(蛇口线) - 莲花西', '504m', '9号线 - 香梅', '862m', '2号线(蛇口线),9号线 - 景田', '1063m', '2号线(蛇口线),3号线(龙岗线),11号线 - 福田', '1100m']",22.551644396212,114.05414676388
https://sz.lianjia.com/zufang/SZ2283182552825479168.html,龙岗区,布吉关,整租·佳兆业大都汇 1室1厅 南,2800元/月 (季付价),整租,1室1厅1卫,40㎡,朝南,"['https://image1.ljcdn.com/rent-user-avatar/01c5e6e9-26a3-4185-b4a7-e1c221fb86e7.780x439.jpg', 'https://s1.ljcdn.com/matrix_lianjia_pc/dist/pc/src/resource/default/780-439.png?_v=201906280941017d9', 'https://s1.ljcdn.com/matrix_lianjia_pc/dist/pc/src/resource/default/780-439.png?_v=201906280941017d9', 'https://s1.ljcdn.com/matrix_lianjia_pc/dist/pc/src/resource/default/780-439.png?_v=201906280941017d9', 'https://s1.ljcdn.com/matrix_lianjia_pc/dist/pc/src/resource/default/780-439.png?_v=201906280941017d9', 'https://s1.ljcdn.com/matrix_lianjia_pc/dist/pc/src/resource/default/780-439.png?_v=201906280941017d9', 'https://s1.ljcdn.com/matrix_lianjia_pc/dist/pc/src/resource/default/780-439.png?_v=201906280941017d9', 'https://s1.ljcdn.com/matrix_lianjia_pc/dist/pc/src/resource/default/780-439.png?_v=201906280941017d9']",9天前,随时入住,1年,需提前预约,9/33层,有,暂无数据,民水,民电,无,暂无数据,"['近地铁', '精装']","['3号线(龙岗线),5号线(环中线) - 布吉', '16m', '3号线(龙岗线) - 木棉湾', '1029m']",22.607946,114.128902
https://sz.lianjia.com/apartment/3427.html,,,小时代偶寓 · 西乡店,"
小时代偶寓 · 西乡店

          2180元/月起

",,,,,['https://image1.ljcdn.com/rent-user-avatar/bbc7b5c8-071a-4194-8335-ed994105af8a.1150x.jpg'],,,,,,,,,,,,,[],22.591256,113.8673
https://sz.lianjia.com/apartment/16596.html,,,职业房东 · 喜客公寓民治店,"
职业房东 · 喜客公寓民治店

          1500元/月起

",,,,,"['https://image1.ljcdn.com/rent-user-avatar/71c2c54c-8624-4636-af37-ab4b4e9522fc.1150x.jpg', 'https://s1.ljcdn.com/matrix_lianjia_pc/dist/pc/src/resource/default/1150-450.png?_v=201906280941017d9', 'https://s1.ljcdn.com/matrix_lianjia_pc/dist/pc/src/resource/default/1150-450.png?_v=201906280941017d9', 'https://s1.ljcdn.com/matrix_lianjia_pc/dist/pc/src/resource/default/1150-450.png?_v=201906280941017d9']",,,,,,,,,,,,,[],22.629073,114.04415
https://sz.lianjia.com/zufang/SZ2263731193290178560.html,福田区,梅林,合租·颐林雅院 5居室 南卧,2250元/月 (月付价),合租,5室1厅1卫,11㎡,朝南,"['https://image1.ljcdn.com/rent-user-avatar/a58dc4e3-750d-45d3-bc0d-4a6a62748004.780x439.jpg', 'https://s1.ljcdn.com/matrix_lianjia_pc/dist/pc/src/resource/default/780-439.png?_v=201906280941017d9', 'https://s1.ljcdn.com/matrix_lianjia_pc/dist/pc/src/resource/default/780-439.png?_v=201906280941017d9', 'https://s1.ljcdn.com/matrix_lianjia_pc/dist/pc/src/resource/default/780-439.png?_v=201906280941017d9', 'https://s1.ljcdn.com/matrix_lianjia_pc/dist/pc/src/resource/default/780-439.png?_v=201906280941017d9', 'https://s1.ljcdn.com/matrix_lianjia_pc/dist/pc/src/resource/default/780-439.png?_v=201906280941017d9', 'https://s1.ljcdn.com/matrix_lianjia_pc/dist/pc/src/resource/default/780-439.png?_v=201906280941017d9', 'https://s1.ljcdn.com/matrix_lianjia_pc/dist/pc/src/resource/default/780-439.png?_v=201906280941017d9', 'https://s1.ljcdn.com/matrix_lianjia_pc/dist/pc/src/resource/default/780-439.png?_v=201906280941017d9', 'https://s1.ljcdn.com/matrix_lianjia_pc/dist/pc/src/resource/default/780-439.png?_v=201906280941017d9']",1个月前,随时入住,1年,随时可看,2/8层,无,暂无数据,民水,民电,有,暂无数据,"['公寓', '近地铁', '精装', '押一付一', '随时看房']","['4号线(龙华线),9号线 - 上梅林', '170m', '9号线 - 梅村', '958m']",22.577678277552,114.06556435553
https://sz.lianjia.com/zufang/SZ2263650295525949440.html,龙岗区,龙岗中心城,整租·远洋新干线一期 1室1厅 复式 南,2300元/月 (月付价),整租,1室1厅1卫,32㎡,朝南,"['https://image1.ljcdn.com/rent-user-avatar/13047fcc-0af0-4dfe-a0b7-6328420f047e.780x439.jpg', 'https://s1.ljcdn.com/matrix_lianjia_pc/dist/pc/src/resource/default/780-439.png?_v=201906280941017d9', 'https://s1.ljcdn.com/matrix_lianjia_pc/dist/pc/src/resource/default/780-439.png?_v=201906280941017d9']",1个月前,随时入住,1年,随时可看,19/32层,有,暂无数据,民水,民电,无,暂无数据,"['公寓', '近地铁', '精装', '随时看房']","['3号线(龙岗线) - 南联', '516m', '3号线(龙岗线) - 龙城广场', '691m']",22.724439,114.268117
https://sz.lianjia.com/apartment/2340.html,,,扬美德公寓 · 光雅园路店,"
扬美德公寓 · 光雅园路店

          2400元/月起

",,,,,"['https://image1.ljcdn.com/rent-user-avatar/9ebb489e-a018-4c5d-b128-7b376374e9f0.1150x.jpg', 'https://s1.ljcdn.com/matrix_lianjia_pc/dist/pc/src/resource/default/1150-450.png?_v=201906280941017d9', 'https://s1.ljcdn.com/matrix_lianjia_pc/dist/pc/src/resource/default/1150-450.png?_v=201906280941017d9', 'https://s1.ljcdn.com/matrix_lianjia_pc/dist/pc/src/resource/default/1150-450.png?_v=201906280941017d9']",,,,,,,,,,,,,[],22.624516,114.070327
