房源地址,行政区,位置,标题,租金,租赁方式,户型,面积,朝向,图片列表,发布时间,入住时间,租期,看房时间,楼层,电梯,车位,用水,用电,燃气,采暖,标签,station,latitude,longtitude
https://sz.lianjia.com/zufang/SZ2263728310595371008.html,南山区,蛇口,合租·龙电花园A区 5居室 南卧,2150元/月 (月付价),合租,5室1厅2卫,12㎡,朝南,"['https://image1.ljcdn.com/rent-user-avatar/37eb61f8-5849-4408-a459-85d348eb5640.780x439.jpg', 'https://s1.ljcdn.com/matrix_lianjia_pc/dist/pc/src/resource/default/780-439.png?_v=201906280941017d9', 'https://s1.ljcdn.com/matrix_lianjia_pc/dist/pc/src/resource/default/780-439.png?_v=201906280941017d9', 'https://s1.ljcdn.com/matrix_lianjia_pc/dist/pc/src/resource/default/780-439.png?_v=201906280941017d9', 'https://s1.ljcdn.com/matrix_lianjia_pc/dist/pc/src/resource/default/780-439.png?_v=201906280941017d9', 'https://s1.ljcdn.com/matrix_lianjia_pc/dist/pc/src/resource/default/780-439.png?_v=201906280941017d9', 'https://s1.ljcdn.com/matrix_lianjia_pc/dist/pc/src/resource/default/780-439.png?_v=201906280941017d9', 'https://s1.ljcdn.com/matrix_lianjia_pc/dist/pc/src/resource/default/780-439.png?_v=201906280941017d9', 'https://s1.ljcdn.com/matrix_lianjia_pc/dist/pc/src/resource/default/780-439.png?_v=201906280941017d9', 'https://s1.ljcdn.com/matrix_lianjia_pc/dist/pc/src/resource/default/780-439.png?_v=201906280941017d9', 'https://s1.ljcdn.com/matrix_lianjia_pc/dist/pc/src/resource/default/780-439.png?_v=201906280941017d9']",1个月前,随时入住,1年,随时可看,6/7层,暂无数据,暂无数据,民水,民电,有,暂无数据,"['公寓', '精装', '押一付一', '随时看房']",[],22.509853,113.925842
https://sz.lianjia.com/apartment/2863.html,,,星辉青年公寓 · 洪浪北店,"
星辉青年公寓 · 洪浪北店

          1500元/月起

",,,,,['https://image1.ljcdn.com/rent-user-avatar/e3f984da-28a2-4dbc-93ea-5ef8560651a8.1150x.jpg'],,,,,,,,,,,,,[],22.585004,113.914632
https://sz.lianjia.com/zufang/SZ2268025425877794816.html,龙岗区,大运新城,整租·中粮祥云 1室1厅 南,2700元/月 (月付价),整租,1室1厅1卫,49㎡,朝南,"['https://image1.ljcdn.com/rent-user-avatar/3cb143a8-b8f1-45e4-9aa1-2009df63251f.780x439.jpg', 'https://s1.ljcdn.com/matrix_lianjia_pc/dist/pc/src/resource/default/780-439.png?_v=201906280941017d9', 'https://s1.ljcdn.com/matrix_lianjia_pc/dist/pc/src/resource/default/780-439.png?_v=201906280941017d9', 'https://s1.ljcdn.com/matrix_lianjia_pc/dist/pc/src/resource/default/780-439.png?_v=201906280941017d9', 'https://s1.ljcdn.com/matrix_lianjia_pc/dist/pc/src/resource/default/780-439.png?_v=201906280941017d9', 'https://s1.ljcdn.com/matrix_lianjia_pc/dist/pc/src/resource/default/780-439.png?_v=201906280941017d9']",1个月前,随时入住,1~3年,随时可看,27/43层,有,暂无数据,商水,商电,暂无数据,暂无数据,"['公寓', '近地铁', '精装', '随时看房']","['3号线(龙岗线) - 爱联', '148m']",22.70236,114.238641
https://sz.lianjia.com/zufang/SZ2283244381932617728.html,宝安区,翻身,合租·金汇名园 4居室 南卧,2560元/月 (月付价),合租,4室1厅1卫,25㎡,朝南,"['https://image1.ljcdn.com/rent-user-avatar/6e639da5-65d9-4e90-a877-afb145ef9be4.780x439.jpg', 'https://s1.ljcdn.com/matrix_lianjia_pc/dist/pc/src/resource/default/780-439.png?_v=201906280941017d9', 'https://s1.ljcdn.com/matrix_lianjia_pc/dist/pc/src/resource/default/780-439.png?_v=201906280941017d9']",9天前,随时入住,1年,随时可看,10/27层,有,暂无数据,民水,民电,有,暂无数据,"['公寓', '独立卫生间', '近地铁', '精装', '随时看房']","['5号线(环中线) - 翻身', '959m']",22.562726337624,113.90686917743
https://sz.lianjia.com/zufang/SZ2256401779337986048.html,福田区,梅林,合租·半山御景 5居室 南卧,2090元/月 (月付价),合租,5室1厅2卫,12㎡,朝南,"['https://image1.ljcdn.com/rent-user-avatar/1427dec5-2e2a-4a16-b03d-960ec71ede7f.780x439.jpg', 'https://s1.ljcdn.com/matrix_lianjia_pc/dist/pc/src/resource/default/780-439.png?_v=201906280941017d9', 'https://s1.ljcdn.com/matrix_lianjia_pc/dist/pc/src/resource/default/780-439.png?_v=201906280941017d9', 'https://s1.ljcdn.com/matrix_lianjia_pc/dist/pc/src/resource/default/780-439.png?_v=201906280941017d9', 'https://s1.ljcdn.com/matrix_lianjia_pc/dist/pc/src/resource/default/780-439.png?_v=201906280941017d9', 'https://s1.ljcdn.com/matrix_lianjia_pc/dist/pc/src/resource/default/780-439.png?_v=201906280941017d9', 'https://s1.ljcdn.com/matrix_lianjia_pc/dist/pc/src/resource/default/780-439.png?_v=201906280941017d9', 'https://s1.ljcdn.com/matrix_lianjia_pc/dist/pc/src/resource/default/780-439.png?_v=201906280941017d9', 'https://s1.ljcdn.com/matrix_lianjia_pc/dist/pc/src/resource/default/780-439.png?_v=201906280941017d9', 'https://s1.ljcdn.com/matrix_lianjia_pc/dist/pc/src/resource/default/780-439.png?_v=201906280941017d9', 'https://s1.ljcdn.com/matrix_lianjia_pc/dist/pc/src/resource/default/780-439.png?_v=201906280941017d9', 'https://s1.ljcdn.com/matrix_lianjia_pc/dist/pc/src/resource/default/780-439.png?_v=201906280941017d9', 'https://s1.ljcdn.com/matrix_lianjia_pc/dist/pc/src/resource/default/780-439.png?_v=201906280941017d9', 'https://s1.ljcdn.com/matrix_lianjia_pc/dist/pc/src/resource/default/780-439.png?_v=201906280941017d9', 'https://s1.ljcdn.com/matrix_lianjia_pc/dist/pc/src/resource/default/780-439.png?_v=201906280941017d9']",1个月前,随时入住,1年,随时可看,15/15层,有,暂无数据,民水,民电,有,暂无数据,"['公寓', '近地铁', '精装', '押一付一', '随时看房']","['9号线 - 孖岭', '779m']",22.578735,114.07745
https://sz.lianjia.com/zufang/SZ2268612818993954816.html,龙岗区,龙岗中心城,整租·金地龙城中央一期 1室1厅 南,2800元/月 (月付价),整租,1室1厅1卫,45㎡,朝南,"['https://image1.ljcdn.com/rent-user-avatar/073566a0-1dcb-40c2-bb99-50ea986be147.780x439.jpg', 'https://s1.ljcdn.com/matrix_lianjia_pc/dist/pc/src/resource/default/780-439.png?_v=201906280941017d9', 'https://s1.ljcdn.com/matrix_lianjia_pc/dist/pc/src/resource/default/780-439.png?_v=201906280941017d9', 'https://s1.ljcdn.com/matrix_lianjia_pc/dist/pc/src/resource/default/780-439.png?_v=201906280941017d9', 'https://s1.ljcdn.com/matrix_lianjia_pc/dist/pc/src/resource/default/780-439.png?_v=201906280941017d9']",29天前,随时入住,6~36个月,随时可看,21/34层,有,暂无数据,民水,民电,有,暂无数据,"['公寓', '月租', '近地铁', '精装', '随时看房']","['3号线(龙岗线) - 龙城广场', '562m', '3号线(龙岗线) - 吉祥', '935m']",22.717829,114.257212
https://sz.lianjia.com/apartment/17238.html,,,朗诗寓 · 观澜汽车城店,"
朗诗寓 · 观澜汽车城店

          1350元/月起

",,,,,"['https://image1.ljcdn.com/rent-user-avatar/d80e5340-9df4-44fe-9d0c-446f30986a29.1150x.jpg', 'https://s1.ljcdn.com/matrix_lianjia_pc/dist/pc/src/resource/default/1150-450.png?_v=201906280941017d9', 'https://s1.ljcdn.com/matrix_lianjia_pc/dist/pc/src/resource/default/1150-450.png?_v=201906280941017d9', 'https://s1.ljcdn.com/matrix_lianjia_pc/dist/pc/src/resource/default/1150-450.png?_v=201906280941017d9', 'https://s1.ljcdn.com/matrix_lianjia_pc/dist/pc/src/resource/default/1150-450.png?_v=201906280941017d9', 'https://s1.ljcdn.com/matrix_lianjia_pc/dist/pc/src/resource/default/1150-450.png?_v=201906280941017d9', 'https://s1.ljcdn.com/matrix_lianjia_pc/dist/pc/src/resource/default/1150-450.png?_v=201906280941017d9', 'https://s1.ljcdn.com/matrix_lianjia_pc/dist/pc/src/resource/default/1150-450.png?_v=201906280941017d9', 'https://s1.ljcdn.com/matrix_lianjia_pc/dist/pc/src/resource/default/1150-450.png?_v=201906280941017d9', 'https://s1.ljcdn.com/matrix_lianjia_pc/dist/pc/src/resource/default/1150-450.png?_v=201906280941017d9', 'https://s1.ljcdn.com/matrix_lianjia_pc/dist/pc/src/resource/default/1150-450.png?_v=201906280941017d9']",,,,,,,,,,,,,[],22.727844,114.041716
https://sz.lianjia.com/zufang/SZ2246331793748008960.html,福田区,福田中心,合租·彩虹新都 4居室 南卧,2650元/月 (月付价),合租,4室1厅1卫,14㎡,朝南,"['https://image1.ljcdn.com/rent-user-avatar/5994d9c1-5093-4090-9f25-5dc7fff4d3d5.780x439.jpg', 'https://s1.ljcdn.com/matrix_lianjia_pc/dist/pc/src/resource/default/780-439.png?_v=201906280941017d9', 'https://s1.ljcdn.com/matrix_lianjia_pc/dist/pc/src/resource/default/780-439.png?_v=201906280941017d9', 'https://s1.ljcdn.com/matrix_lianjia_pc/dist/pc/src/resource/default/780-439.png?_v=201906280941017d9', 'https://s1.ljcdn.com/matrix_lianjia_pc/dist/pc/src/resource/default/780-439.png?_v=201906280941017d9']",2个月前,随时入住,1年,随时可看,17/33层,有,暂无数据,民水,民电,有,暂无数据,"['公寓', '近地铁', '精装', '押一付一', '随时看房']","['1号线(罗宝线) - 岗厦', '78m', '1号线(罗宝线),4号线(龙华线) - 会展中心', '616m', '2号线(蛇口线) - 岗厦北', '815m']",22.541688937966,114.07507421386
https://sz.lianjia.com/zufang/SZ2284501284792827904.html,福田区,竹子林,合租·越众小区 4居室 南卧,2100元/月 (月付价),合租,4室0厅4卫,23㎡,朝南,"['https://image1.ljcdn.com/rent-user-avatar/055cd45c-f6c8-4d10-a2b4-8d675825f7db.780x439.jpg', 'https://s1.ljcdn.com/matrix_lianjia_pc/dist/pc/src/resource/default/780-439.png?_v=201906280941017d9', 'https://s1.ljcdn.com/matrix_lianjia_pc/dist/pc/src/resource/default/780-439.png?_v=201906280941017d9', 'https://s1.ljcdn.com/matrix_lianjia_pc/dist/pc/src/resource/default/780-439.png?_v=201906280941017d9', 'https://s1.ljcdn.com/matrix_lianjia_pc/dist/pc/src/resource/default/780-439.png?_v=201906280941017d9', 'https://s1.ljcdn.com/matrix_lianjia_pc/dist/pc/src/resource/default/780-439.png?_v=201906280941017d9', 'https://s1.ljcdn.com/matrix_lianjia_pc/dist/pc/src/resource/default/780-439.png?_v=201906280941017d9']",7天前,随时入住,1~2年,随时可看,2/7层,无,暂无数据,民水,民电,有,暂无数据,"['独立卫生间', '近地铁', '精装', '随时看房']","['1号线(罗宝线) - 竹子林', '250m', '7号线 - 农林', '754m']",22.543058134509,114.01899810596
https://sz.lianjia.com/zufang/SZ2275348675461128192.html,福田区,福田中心,合租·福华新村 4居室 南卧,2850元/月 (月付价),合租,4室1厅1卫,18㎡,朝南,"['https://image1.ljcdn.com/rent-user-avatar/068ee8a8-4ddb-4a54-a60b-4dadf65e3551.780x439.jpg', 'https://s1.ljcdn.com/matrix_lianjia_pc/dist/pc/src/resource/default/780-439.png?_v=201906280941017d9', 'https://s1.ljcdn.com/matrix_lianjia_pc/dist/pc/src/resource/default/780-439.png?_v=201906280941017d9', 'https://s1.ljcdn.com/matrix_lianjia_pc/dist/pc/src/resource/default/780-439.png?_v=201906280941017d9', 'https://s1.ljcdn.com/matrix_lianjia_pc/dist/pc/src/resource/default/780-439.png?_v=201906280941017d9', 'https://s1.ljcdn.com/matrix_lianjia_pc/dist/pc/src/resource/default/780-439.png?_v=201906280941017d9', 'https://s1.ljcdn.com/matrix_lianjia_pc/dist/pc/src/resource/default/780-439.png?_v=201906280941017d9', 'https://s1.ljcdn.com/matrix_lianjia_pc/dist/pc/src/resource/default/780-439.png?_v=201906280941017d9', 'https://s1.ljcdn.com/matrix_lianjia_pc/dist/pc/src/resource/default/780-439.png?_v=201906280941017d9', 'https://s1.ljcdn.com/matrix_lianjia_pc/dist/pc/src/resource/default/780-439.png?_v=201906280941017d9', 'https://s1.ljcdn.com/matrix_lianjia_pc/dist/pc/src/resource/default/780-439.png?_v=201906280941017d9', 'https://s1.ljcdn.com/matrix_lianjia_pc/dist/pc/src/resource/default/780-439.png?_v=201906280941017d9', 'https://s1.ljcdn.com/matrix_lianjia_pc/dist/pc/src/resource/default/780-439.png?_v=201906280941017d9']",20天前,随时入住,1~3年,随时可看,6/7层,无,暂无数据,民水,民电,有,暂无数据,"['近地铁', '精装', '随时看房']","['1号线(罗宝线) - 岗厦', '120m', '1号线(罗宝线),4号线(龙华线) - 会展中心', '727m', '2号线(蛇口线) - 岗厦北', '1070m']",22.539250989129,114.07790658568
https://sz.lianjia.com/zufang/SZ2260897773535117312.html,福田区,福田中心,合租·岗厦变电综合楼 4居室 南卧,2330元/月 (月付价),合租,4室1厅1卫,14㎡,朝南,"['https://image1.ljcdn.com/rent-user-avatar/268b2a4f-becb-4ad1-b6cf-ea83bb796675.780x439.jpg', 'https://s1.ljcdn.com/matrix_lianjia_pc/dist/pc/src/resource/default/780-439.png?_v=201906280941017d9', 'https://s1.ljcdn.com/matrix_lianjia_pc/dist/pc/src/resource/default/780-439.png?_v=201906280941017d9', 'https://s1.ljcdn.com/matrix_lianjia_pc/dist/pc/src/resource/default/780-439.png?_v=201906280941017d9', 'https://s1.ljcdn.com/matrix_lianjia_pc/dist/pc/src/resource/default/780-439.png?_v=201906280941017d9', 'https://s1.ljcdn.com/matrix_lianjia_pc/dist/pc/src/resource/default/780-439.png?_v=201906280941017d9', 'https://s1.ljcdn.com/matrix_lianjia_pc/dist/pc/src/resource/default/780-439.png?_v=201906280941017d9', 'https://s1.ljcdn.com/matrix_lianjia_pc/dist/pc/src/resource/default/780-439.png?_v=201906280941017d9', 'https://s1.ljcdn.com/matrix_lianjia_pc/dist/pc/src/resource/default/780-439.png?_v=201906280941017d9']",1个月前,随时入住,1~12个月,随时可看,16/23层,有,暂无数据,民水,民电,有,暂无数据,"['月租', '近地铁', '精装', '押一付一', '随时看房']","['1号线(罗宝线) - 岗厦', '889m']",22.535589361675,114.07779849009
https://sz.lianjia.com/apartment/18591.html,,,职业房东 · 逸居人,"
职业房东 · 逸居人

          1580元/月起

",,,,,"['https://image1.ljcdn.com/rent-user-avatar/fe60f3f9-5581-4f53-b3d2-0dfed8798a37.1150x.jpg', 'https://s1.ljcdn.com/matrix_lianjia_pc/dist/pc/src/resource/default/1150-450.png?_v=201906280941017d9']",,,,,,,,,,,,,[],22.58318,113.873634
https://sz.lianjia.com/apartment/19164.html,,,职业房东 · 酷蜗公寓-永丰店,"
职业房东 · 酷蜗公寓-永丰店

          2000元/月起

",,,,,['https://image1.ljcdn.com/rent-user-avatar/d9539bd2-0d6c-49af-bad3-33fea5dc42a1.1150x.jpg'],,,,,,,,,,,,,[],22.578229,113.87527
https://sz.lianjia.com/apartment/16475.html,,,职业房东 · 下水径店,"
职业房东 · 下水径店

          1700元/月起

",,,,,['https://s1.ljcdn.com/matrix_lianjia_pc/dist/pc/src/resource/default/1150-450_1.png?_v=201906280941017d9'],,,,,,,,,,,,,[],22.618539,114.115594
https://sz.lianjia.com/zufang/SZ2256358627474677760.html,福田区,银湖,合租·特皓苑 4居室 南卧,2150元/月 (月付价),合租,4室1厅1卫,14㎡,朝南,"['https://image1.ljcdn.com/rent-user-avatar/739b232e-9728-467a-bf19-a189c541d672.780x439.jpg', 'https://s1.ljcdn.com/matrix_lianjia_pc/dist/pc/src/resource/default/780-439.png?_v=201906280941017d9', 'https://s1.ljcdn.com/matrix_lianjia_pc/dist/pc/src/resource/default/780-439.png?_v=201906280941017d9', 'https://s1.ljcdn.com/matrix_lianjia_pc/dist/pc/src/resource/default/780-439.png?_v=201906280941017d9', 'https://s1.ljcdn.com/matrix_lianjia_pc/dist/pc/src/resource/default/780-439.png?_v=201906280941017d9', 'https://s1.ljcdn.com/matrix_lianjia_pc/dist/pc/src/resource/default/780-439.png?_v=201906280941017d9', 'https://s1.ljcdn.com/matrix_lianjia_pc/dist/pc/src/resource/default/780-439.png?_v=201906280941017d9']",1个月前,随时入住,1年,随时可看,2/8层,无,暂无数据,民水,民电,有,暂无数据,"['公寓', '近地铁', '精装', '押一付一', '随时看房']","['9号线 - 孖岭', '737m']",22.575734,114.081119
https://sz.lianjia.com/apartment/5246.html,,,佳美楼 · 五和店,"
佳美楼 · 五和店

          2500元/月起

",,,,,"['https://image1.ljcdn.com/rent-user-avatar/d7289b5d-aaac-4c4d-9ab7-c34654b2f0fe.1150x.jpg', 'https://s1.ljcdn.com/matrix_lianjia_pc/dist/pc/src/resource/default/1150-450.png?_v=201906280941017d9']",,,,,,,,,,,,,[],22.63154,114.06971
https://sz.lianjia.com/zufang/SZ2268615061712928768.html,龙岗区,龙岗中心城,整租·金地龙城中央一期 1室1厅 南,2700元/月 (月付价),整租,1室1厅1卫,48㎡,朝南,"['https://image1.ljcdn.com/rent-user-avatar/15fa93d7-d585-4fea-bed2-74570a3983a4.780x439.jpg', 'https://s1.ljcdn.com/matrix_lianjia_pc/dist/pc/src/resource/default/780-439.png?_v=201906280941017d9', 'https://s1.ljcdn.com/matrix_lianjia_pc/dist/pc/src/resource/default/780-439.png?_v=201906280941017d9', 'https://s1.ljcdn.com/matrix_lianjia_pc/dist/pc/src/resource/default/780-439.png?_v=201906280941017d9', 'https://s1.ljcdn.com/matrix_lianjia_pc/dist/pc/src/resource/default/780-439.png?_v=201906280941017d9']",29天前,随时入住,6~36个月,随时可看,18/34层,有,暂无数据,民水,民电,有,暂无数据,"['公寓', '月租', '近地铁', '精装', '随时看房']","['3号线(龙岗线) - 龙城广场', '562m', '3号线(龙岗线) - 吉祥', '935m']",22.717829,114.257212
https://sz.lianjia.com/apartment/15814.html,,,职业房东 · 永丰1号公寓福永店,"
职业房东 · 永丰1号公寓福永店

          1510元/月起

",,,,,"['https://image1.ljcdn.com/rent-user-avatar/c66c0950-67ce-46e7-ac3c-4f2852138376.1150x.jpg', 'https://s1.ljcdn.com/matrix_lianjia_pc/dist/pc/src/resource/default/1150-450.png?_v=201906280941017d9', 'https://s1.ljcdn.com/matrix_lianjia_pc/dist/pc/src/resource/default/1150-450.png?_v=201906280941017d9']",,,,,,,,,,,,,[],22.68032,113.809653
https://sz.lianjia.com/zufang/SZ2278847216477282304.html,福田区,皇岗,合租·福民新村 4居室 南卧,2450元/月 (月付价),合租,4室1厅1卫,17㎡,朝南,"['https://image1.ljcdn.com/rent-user-avatar/2f6494b2-d532-40c6-bac1-c288fffd6994.780x439.jpg', 'https://s1.ljcdn.com/matrix_lianjia_pc/dist/pc/src/resource/default/780-439.png?_v=201906280941017d9', 'https://s1.ljcdn.com/matrix_lianjia_pc/dist/pc/src/resource/default/780-439.png?_v=201906280941017d9', 'https://s1.ljcdn.com/matrix_lianjia_pc/dist/pc/src/resource/default/780-439.png?_v=201906280941017d9', 'https://s1.ljcdn.com/matrix_lianjia_pc/dist/pc/src/resource/default/780-439.png?_v=201906280941017d9', 'https://s1.ljcdn.com/matrix_lianjia_pc/dist/pc/src/resource/default/780-439.png?_v=201906280941017d9', 'https://s1.ljcdn.com/matrix_lianjia_pc/dist/pc/src/resource/default/780-439.png?_v=201906280941017d9', 'https://s1.ljcdn.com/matrix_lianjia_pc/dist/pc/src/resource/default/780-439.png?_v=201906280941017d9']",15天前,随时入住,1年,随时可看,1/7层,无,暂无数据,民水,民电,有,暂无数据,"['公寓', '近地铁', '精装', '押一付一', '随时看房']","['4号线(龙华线) - 福田口岸', '690m', '4号线(龙华线),7号线 - 福民', '712m']",22.529073836961,114.07618153086
https://sz.lianjia.com/apartment/17470.html,,,合景昕舍 · 坂田雪象店,"
合景昕舍 · 坂田雪象店

          1950元/月起

",,,,,"['https://image1.ljcdn.com/rent-user-avatar/429b8aee-fc0d-449d-a1d9-eefcc84482c4.1150x.jpg', 'https://s1.ljcdn.com/matrix_lianjia_pc/dist/pc/src/resource/default/1150-450.png?_v=201906280941017d9', 'https://s1.ljcdn.com/matrix_lianjia_pc/dist/pc/src/resource/default/1150-450.png?_v=201906280941017d9', 'https://s1.ljcdn.com/matrix_lianjia_pc/dist/pc/src/resource/default/1150-450.png?_v=201906280941017d9', 'https://s1.ljcdn.com/matrix_lianjia_pc/dist/pc/src/resource/default/1150-450.png?_v=201906280941017d9']",,,,,,,,,,,,,[],22.662022,114.086476
https://sz.lianjia.com/apartment/3803.html,,,杜鹃斋 · 灵芝店,"
杜鹃斋 · 灵芝店

          1650元/月起

",,,,,"['https://image1.ljcdn.com/rent-user-avatar/58c4c4d7-cdb6-471a-a751-f38bdec7b9fe.1150x.jpg', 'https://s1.ljcdn.com/matrix_lianjia_pc/dist/pc/src/resource/default/1150-450.png?_v=201906280941017d9', 'https://s1.ljcdn.com/matrix_lianjia_pc/dist/pc/src/resource/default/1150-450.png?_v=201906280941017d9', 'https://s1.ljcdn.com/matrix_lianjia_pc/dist/pc/src/resource/default/1150-450.png?_v=201906280941017d9', 'https://s1.ljcdn.com/matrix_lianjia_pc/dist/pc/src/resource/default/1150-450.png?_v=201906280941017d9', 'https://s1.ljcdn.com/matrix_lianjia_pc/dist/pc/src/resource/default/1150-450.png?_v=201906280941017d9', 'https://s1.ljcdn.com/matrix_lianjia_pc/dist/pc/src/resource/default/1150-450.png?_v=201906280941017d9', 'https://s1.ljcdn.com/matrix_lianjia_pc/dist/pc/src/resource/default/1150-450.png?_v=201906280941017d9', 'https://s1.ljcdn.com/matrix_lianjia_pc/dist/pc/src/resource/default/1150-450.png?_v=201906280941017d9', 'https://s1.ljcdn.com/matrix_lianjia_pc/dist/pc/src/resource/default/1150-450.png?_v=201906280941017d9', 'https://s1.ljcdn.com/matrix_lianjia_pc/dist/pc/src/resource/default/1150-450.png?_v=201906280941017d9']",,,,,,,,,,,,,[],22.580839,113.905717
https://sz.lianjia.com/apartment/13334.html,,,壹家公寓 · 沙井六分店,"
壹家公寓 · 沙井六分店

          1680元/月起

",,,,,"['https://image1.ljcdn.com/rent-user-avatar/1843401a-3e34-4ba1-81d5-61cadfc1d0a3.1150x.jpg', 'https://s1.ljcdn.com/matrix_lianjia_pc/dist/pc/src/resource/default/1150-450.png?_v=201906280941017d9', 'https://s1.ljcdn.com/matrix_lianjia_pc/dist/pc/src/resource/default/1150-450.png?_v=201906280941017d9', 'https://s1.ljcdn.com/matrix_lianjia_pc/dist/pc/src/resource/default/1150-450.png?_v=201906280941017d9', 'https://s1.ljcdn.com/matrix_lianjia_pc/dist/pc/src/resource/default/1150-450.png?_v=201906280941017d9']",,,,,,,,,,,,,[],22.736809,113.825742
https://sz.lianjia.com/zufang/SZ2283312866939371520.html,龙华区,龙华中心,合租·幸福城一期 4居室 南卧,2260元/月 (月付价),合租,4室2厅3卫,23㎡,朝南,"['https://image1.ljcdn.com/rent-user-avatar/1aeda5f3-381f-4832-968f-b024336ef3ab.780x439.jpg', 'https://s1.ljcdn.com/matrix_lianjia_pc/dist/pc/src/resource/default/780-439.png?_v=201906280941017d9', 'https://s1.ljcdn.com/matrix_lianjia_pc/dist/pc/src/resource/default/780-439.png?_v=201906280941017d9', 'https://s1.ljcdn.com/matrix_lianjia_pc/dist/pc/src/resource/default/780-439.png?_v=201906280941017d9', 'https://s1.ljcdn.com/matrix_lianjia_pc/dist/pc/src/resource/default/780-439.png?_v=201906280941017d9', 'https://s1.ljcdn.com/matrix_lianjia_pc/dist/pc/src/resource/default/780-439.png?_v=201906280941017d9', 'https://s1.ljcdn.com/matrix_lianjia_pc/dist/pc/src/resource/default/780-439.png?_v=201906280941017d9', 'https://s1.ljcdn.com/matrix_lianjia_pc/dist/pc/src/resource/default/780-439.png?_v=201906280941017d9', 'https://s1.ljcdn.com/matrix_lianjia_pc/dist/pc/src/resource/default/780-439.png?_v=201906280941017d9', 'https://s1.ljcdn.com/matrix_lianjia_pc/dist/pc/src/resource/default/780-439.png?_v=201906280941017d9']",9天前,随时入住,1~2年,随时可看,15/33层,有,暂无数据,民水,民电,有,暂无数据,"['近地铁', '精装', '押一付一', '随时看房']","['4号线(龙华线) - 清湖', '600m']",22.664932,114.043269
https://sz.lianjia.com/apartment/19162.html,,,职业房东 · 酷蜗公寓-径贝新村店,"
职业房东 · 酷蜗公寓-径贝新村店

          2280元/月起

",,,,,['https://image1.ljcdn.com/rent-user-avatar/99e03483-dfaf-4e1a-a3f3-c7b8bbcef1da.1150x.jpg'],,,,,,,,,,,,,[],22.575118,113.882284
https://sz.lianjia.com/zufang/SZ2254308930031460352.html,龙华区,梅林关,整租·鑫海公寓 1室0厅 南,2750元/月 (月付价),整租,1室0厅1卫,30㎡,朝南,"['https://image1.ljcdn.com/rent-user-avatar/a728b64b-1164-45f7-979a-8904911f6448.780x439.jpg', 'https://s1.ljcdn.com/matrix_lianjia_pc/dist/pc/src/resource/default/780-439.png?_v=201906280941017d9', 'https://s1.ljcdn.com/matrix_lianjia_pc/dist/pc/src/resource/default/780-439.png?_v=201906280941017d9', 'https://s1.ljcdn.com/matrix_lianjia_pc/dist/pc/src/resource/default/780-439.png?_v=201906280941017d9', 'https://s1.ljcdn.com/matrix_lianjia_pc/dist/pc/src/resource/default/780-439.png?_v=201906280941017d9', 'https://s1.ljcdn.com/matrix_lianjia_pc/dist/pc/src/resource/default/780-439.png?_v=201906280941017d9', 'https://s1.ljcdn.com/matrix_lianjia_pc/dist/pc/src/resource/default/780-439.png?_v=201906280941017d9', 'https://s1.ljcdn.com/matrix_lianjia_pc/dist/pc/src/resource/default/780-439.png?_v=201906280941017d9', 'https://s1.ljcdn.com/matrix_lianjia_pc/dist/pc/src/resource/default/780-439.png?_v=201906280941017d9']",1个月前,随时入住,1年,随时可看,8/13层,暂无数据,暂无数据,暂无数据,暂无数据,暂无数据,暂无数据,"['近地铁', '精装', '随时看房']","['4号线(龙华线) - 白石龙', '345m']",22.60886454403,114.0504853305
https://sz.lianjia.com/zufang/SZ2251921107471048704.html,龙岗区,龙岗中心城,整租·万科天誉二期 1室0厅 南,2800元/月 (月付价),整租,1室0厅1卫,40㎡,朝南,"['https://image1.ljcdn.com/rent-user-avatar/5330fc2f-482d-4177-96a3-33904313fd9a.780x439.jpg', 'https://s1.ljcdn.com/matrix_lianjia_pc/dist/pc/src/resource/default/780-439.png?_v=201906280941017d9', 'https://s1.ljcdn.com/matrix_lianjia_pc/dist/pc/src/resource/default/780-439.png?_v=201906280941017d9', 'https://s1.ljcdn.com/matrix_lianjia_pc/dist/pc/src/resource/default/780-439.png?_v=201906280941017d9', 'https://s1.ljcdn.com/matrix_lianjia_pc/dist/pc/src/resource/default/780-439.png?_v=201906280941017d9', 'https://s1.ljcdn.com/matrix_lianjia_pc/dist/pc/src/resource/default/780-439.png?_v=201906280941017d9']",1个月前,随时入住,6~36个月,随时可看,34/42层,有,暂无数据,民水,民电,有,暂无数据,"['公寓', '月租', '近地铁', '精装', '随时看房']","['3号线(龙岗线) - 吉祥', '537m', '3号线(龙岗线) - 龙城广场', '1124m']",22.717501,114.251789
https://sz.lianjia.com/zufang/SZ2278857599669772288.html,福田区,景田,合租·香荔新村 4居室 南卧,2350元/月 (月付价),合租,4室1厅1卫,11㎡,朝南,"['https://image1.ljcdn.com/rent-user-avatar/0038c9c3-c5ca-4edb-910a-203f7d0286c5.780x439.jpg', 'https://s1.ljcdn.com/matrix_lianjia_pc/dist/pc/src/resource/default/780-439.png?_v=201906280941017d9', 'https://s1.ljcdn.com/matrix_lianjia_pc/dist/pc/src/resource/default/780-439.png?_v=201906280941017d9', 'https://s1.ljcdn.com/matrix_lianjia_pc/dist/pc/src/resource/default/780-439.png?_v=201906280941017d9', 'https://s1.ljcdn.com/matrix_lianjia_pc/dist/pc/src/resource/default/780-439.png?_v=201906280941017d9', 'https://s1.ljcdn.com/matrix_lianjia_pc/dist/pc/src/resource/default/780-439.png?_v=201906280941017d9', 'https://s1.ljcdn.com/matrix_lianjia_pc/dist/pc/src/resource/default/780-439.png?_v=201906280941017d9', 'https://s1.ljcdn.com/matrix_lianjia_pc/dist/pc/src/resource/default/780-439.png?_v=201906280941017d9']",15天前,随时入住,1年,随时可看,2/7层,无,暂无数据,民水,民电,有,暂无数据,"['公寓', '近地铁', '精装', '押一付一', '随时看房']","['2号线(蛇口线) - 莲花西', '437m', '9号线 - 香梅', '592m', '2号线(蛇口线),9号线 - 景田', '599m']",22.553346,114.052317
https://sz.lianjia.com/zufang/SZ2281684015952445440.html,福田区,皇岗,合租·赛格绿茵阁 5居室 南卧,2420元/月 (月付价),合租,5室1厅2卫,9㎡,朝南,"['https://image1.ljcdn.com/rent-user-avatar/26f71a68-f408-48da-9f2a-3cf3a4fa1d98.780x439.jpg', 'https://s1.ljcdn.com/matrix_lianjia_pc/dist/pc/src/resource/default/780-439.png?_v=201906280941017d9', 'https://s1.ljcdn.com/matrix_lianjia_pc/dist/pc/src/resource/default/780-439.png?_v=201906280941017d9', 'https://s1.ljcdn.com/matrix_lianjia_pc/dist/pc/src/resource/default/780-439.png?_v=201906280941017d9', 'https://s1.ljcdn.com/matrix_lianjia_pc/dist/pc/src/resource/default/780-439.png?_v=201906280941017d9', 'https://s1.ljcdn.com/matrix_lianjia_pc/dist/pc/src/resource/default/780-439.png?_v=201906280941017d9', 'https://s1.ljcdn.com/matrix_lianjia_pc/dist/pc/src/resource/default/780-439.png?_v=201906280941017d9', 'https://s1.ljcdn.com/matrix_lianjia_pc/dist/pc/src/resource/default/780-439.png?_v=201906280941017d9']",11天前,随时入住,1年,随时可看,8/18层,有,暂无数据,民水,民电,有,暂无数据,"['近地铁', '精装', '押一付一', '随时看房']","['4号线(龙华线),7号线 - 福民', '153m', '4号线(龙华线) - 福田口岸', '817m', '7号线 - 皇岗村', '931m']",22.527488742715,114.07349408128
https://sz.lianjia.com/zufang/SZ2274545258131881984.html,南山区,南头,合租·常兴苑 4居室 南卧,2290元/月 (月付价),合租,4室1厅1卫,13㎡,朝南,"['https://image1.ljcdn.com/rent-user-avatar/2a92ecdd-21c7-4798-8134-cda022babb82.780x439.jpg', 'https://s1.ljcdn.com/matrix_lianjia_pc/dist/pc/src/resource/default/780-439.png?_v=201906280941017d9', 'https://s1.ljcdn.com/matrix_lianjia_pc/dist/pc/src/resource/default/780-439.png?_v=201906280941017d9', 'https://s1.ljcdn.com/matrix_lianjia_pc/dist/pc/src/resource/default/780-439.png?_v=201906280941017d9', 'https://s1.ljcdn.com/matrix_lianjia_pc/dist/pc/src/resource/default/780-439.png?_v=201906280941017d9', 'https://s1.ljcdn.com/matrix_lianjia_pc/dist/pc/src/resource/default/780-439.png?_v=201906280941017d9', 'https://s1.ljcdn.com/matrix_lianjia_pc/dist/pc/src/resource/default/780-439.png?_v=201906280941017d9']",21天前,随时入住,1年,随时可看,3/8层,暂无数据,暂无数据,暂无数据,暂无数据,暂无数据,暂无数据,"['公寓', '近地铁', '精装', '押一付一', '随时看房']","['1号线(罗宝线) - 桃园', '133m', '1号线(罗宝线) - 大新', '735m', '11号线 - 南山', '1151m']",22.538521,113.929196
https://sz.lianjia.com/apartment/2177.html,,,cool酷社区 · 民治万众城店,"
cool酷社区 · 民治万众城店

          2380元/月起

",,,,,"['https://image1.ljcdn.com/rent-user-avatar/32bcd56c-2196-46b5-8573-0c28c2c0a37c.1150x.jpg', 'https://s1.ljcdn.com/matrix_lianjia_pc/dist/pc/src/resource/default/1150-450.png?_v=201906280941017d9', 'https://s1.ljcdn.com/matrix_lianjia_pc/dist/pc/src/resource/default/1150-450.png?_v=201906280941017d9', 'https://s1.ljcdn.com/matrix_lianjia_pc/dist/pc/src/resource/default/1150-450.png?_v=201906280941017d9', 'https://s1.ljcdn.com/matrix_lianjia_pc/dist/pc/src/resource/default/1150-450.png?_v=201906280941017d9', 'https://s1.ljcdn.com/matrix_lianjia_pc/dist/pc/src/resource/default/1150-450.png?_v=201906280941017d9', 'https://s1.ljcdn.com/matrix_lianjia_pc/dist/pc/src/resource/default/1150-450.png?_v=201906280941017d9', 'https://s1.ljcdn.com/matrix_lianjia_pc/dist/pc/src/resource/default/1150-450.png?_v=201906280941017d9', 'https://s1.ljcdn.com/matrix_lianjia_pc/dist/pc/src/resource/default/1150-450.png?_v=201906280941017d9', 'https://s1.ljcdn.com/matrix_lianjia_pc/dist/pc/src/resource/default/1150-450.png?_v=201906280941017d9', 'https://s1.ljcdn.com/matrix_lianjia_pc/dist/pc/src/resource/default/1150-450.png?_v=201906280941017d9', 'https://s1.ljcdn.com/matrix_lianjia_pc/dist/pc/src/resource/default/1150-450.png?_v=201906280941017d9', 'https://s1.ljcdn.com/matrix_lianjia_pc/dist/pc/src/resource/default/1150-450.png?_v=201906280941017d9', 'https://s1.ljcdn.com/matrix_lianjia_pc/dist/pc/src/resource/default/1150-450.png?_v=201906280941017d9', 'https://s1.ljcdn.com/matrix_lianjia_pc/dist/pc/src/resource/default/1150-450.png?_v=201906280941017d9', 'https://s1.ljcdn.com/matrix_lianjia_pc/dist/pc/src/resource/default/1150-450.png?_v=201906280941017d9']",,,,,,,,,,,,,[],22.643039,114.045653
