房源地址,行政区,位置,标题,租金,租赁方式,户型,面积,朝向,图片列表,发布时间,入住时间,租期,看房时间,楼层,电梯,车位,用水,用电,燃气,采暖,标签,station,latitude,longtitude
https://sz.lianjia.com/zufang/SZ2284019640692637696.html,福田区,车公庙,合租·新光活力小区 5居室 南卧,2200元/月 (月付价),合租,5室1厅2卫,14㎡,朝南,"['https://image1.ljcdn.com/rent-user-avatar/2270b358-ee86-4b71-be6e-d736b8ee739e.780x439.jpg', 'https://s1.ljcdn.com/matrix_lianjia_pc/dist/pc/src/resource/default/780-439.png?_v=201906280941017d9', 'https://s1.ljcdn.com/matrix_lianjia_pc/dist/pc/src/resource/default/780-439.png?_v=201906280941017d9', 'https://s1.ljcdn.com/matrix_lianjia_pc/dist/pc/src/resource/default/780-439.png?_v=201906280941017d9', 'https://s1.ljcdn.com/matrix_lianjia_pc/dist/pc/src/resource/default/780-439.png?_v=201906280941017d9', 'https://s1.ljcdn.com/matrix_lianjia_pc/dist/pc/src/resource/default/780-439.png?_v=201906280941017d9', 'https://s1.ljcdn.com/matrix_lianjia_pc/dist/pc/src/resource/default/780-439.png?_v=201906280941017d9', 'https://s1.ljcdn.com/matrix_lianjia_pc/dist/pc/src/resource/default/780-439.png?_v=201906280941017d9', 'https://s1.ljcdn.com/matrix_lianjia_pc/dist/pc/src/resource/default/780-439.png?_v=201906280941017d9', 'https://s1.ljcdn.com/matrix_lianjia_pc/dist/pc/src/resource/default/780-439.png?_v=201906280941017d9', 'https://s1.ljcdn.com/matrix_lianjia_pc/dist/pc/src/resource/default/780-439.png?_v=201906280941017d9']",7天前,随时入住,1年,随时可看,2/8层,暂无数据,暂无数据,暂无数据,暂无数据,暂无数据,暂无数据,"['公寓', '精装', '独立阳台', '押一付一', '随时看房']",[],22.536480396234,114.05174302263
https://sz.lianjia.com/zufang/SZ2288125393548345344.html,福田区,百花,长城花园 4室1厅 南,2500元/月 ,租赁方式未知,4室1厅1卫,105㎡,朝南,"['https://image1.ljcdn.com/hdic-frame/83f248b2-18ac-4e31-8538-1b0c806fa1ee.png.780x439.jpg', 'https://s1.ljcdn.com/matrix_lianjia_pc/dist/pc/src/resource/default/780-439.png?_v=201906280941017d9', 'https://s1.ljcdn.com/matrix_lianjia_pc/dist/pc/src/resource/default/780-439.png?_v=201906280941017d9']",2天前,随时入住,暂无数据,需提前预约,低楼层/17层,有,暂无数据,民水,民电,有,暂无数据,"['近地铁', '新上']","['3号线(龙岗线),7号线 - 华新', '782m', '7号线 - 黄木岗', '880m', '3号线(龙岗线) - 通新岭', '1062m']",22.5604922312,114.09639224701
https://sz.lianjia.com/zufang/SZ2281059790169833472.html,龙岗区,龙岗中心城,整租·育龙庭 1室1厅 南,2500元/月 ,整租,1室1厅1卫,51㎡,朝南,"['http://vrlab-image.ljcdn.com/release/auto3dhd/6bea1d6fca7bbf0338650037de5dcbd5/screenshot/1560572105_0/pc0_btxSgNt1b.jpg.q_70.jpg', 'https://s1.ljcdn.com/matrix_lianjia_pc/dist/pc/src/resource/default/780-439.png?_v=201906280941017d9', 'https://s1.ljcdn.com/matrix_lianjia_pc/dist/pc/src/resource/default/780-439.png?_v=201906280941017d9', 'https://s1.ljcdn.com/matrix_lianjia_pc/dist/pc/src/resource/default/780-439.png?_v=201906280941017d9']",12天前,随时入住,1年以内,需提前预约,低楼层/11层,有,租用车位,民水,民电,有,暂无数据,['随时看房'],[],22.735174416005,114.2597508052
https://sz.lianjia.com/zufang/SZ2250089682186805248.html,龙华区,观澜,华盛观荟 1室1厅 南,2600元/月 ,租赁方式未知,1室1厅1卫,49㎡,朝南,"['https://image1.ljcdn.com/440300-inspection/9aca8e66-b65b-4cb4-93ff-2e3a7cd1a706.jpg.780x439.jpg', 'https://s1.ljcdn.com/matrix_lianjia_pc/dist/pc/src/resource/default/780-439.png?_v=201906280941017d9', 'https://s1.ljcdn.com/matrix_lianjia_pc/dist/pc/src/resource/default/780-439.png?_v=201906280941017d9', 'https://s1.ljcdn.com/matrix_lianjia_pc/dist/pc/src/resource/default/780-439.png?_v=201906280941017d9', 'https://s1.ljcdn.com/matrix_lianjia_pc/dist/pc/src/resource/default/780-439.png?_v=201906280941017d9', 'https://s1.ljcdn.com/matrix_lianjia_pc/dist/pc/src/resource/default/780-439.png?_v=201906280941017d9']",1个月前,随时入住,暂无数据,暂无数据,中楼层/36层,有,暂无数据,民水,民电,有,暂无数据,[],[],22.717521,114.047962
https://sz.lianjia.com/apartment/17013.html,,,职业房东 · 柚家UJ-103,"
职业房东 · 柚家UJ-103

          2380元/月起

",,,,,"['https://image1.ljcdn.com/rent-user-avatar/0f751a1a-d2ee-47aa-a607-d4f1cc3e30cd.1150x.jpg', 'https://s1.ljcdn.com/matrix_lianjia_pc/dist/pc/src/resource/default/1150-450.png?_v=201906280941017d9', 'https://s1.ljcdn.com/matrix_lianjia_pc/dist/pc/src/resource/default/1150-450.png?_v=201906280941017d9', 'https://s1.ljcdn.com/matrix_lianjia_pc/dist/pc/src/resource/default/1150-450.png?_v=201906280941017d9', 'https://s1.ljcdn.com/matrix_lianjia_pc/dist/pc/src/resource/default/1150-450.png?_v=201906280941017d9', 'https://s1.ljcdn.com/matrix_lianjia_pc/dist/pc/src/resource/default/1150-450.png?_v=201906280941017d9', 'https://s1.ljcdn.com/matrix_lianjia_pc/dist/pc/src/resource/default/1150-450.png?_v=201906280941017d9', 'https://s1.ljcdn.com/matrix_lianjia_pc/dist/pc/src/resource/default/1150-450.png?_v=201906280941017d9']",,,,,,,,,,,,,[],22.524604,114.044367
https://sz.lianjia.com/apartment/14299.html,,,职业房东 · 固戍7巷1号公寓,"
职业房东 · 固戍7巷1号公寓

          1380元/月起

",,,,,"['https://image1.ljcdn.com/rent-user-avatar/d4bbe871-696d-44d9-aa0a-755bad164ec2.1150x.jpg', 'https://s1.ljcdn.com/matrix_lianjia_pc/dist/pc/src/resource/default/1150-450.png?_v=201906280941017d9', 'https://s1.ljcdn.com/matrix_lianjia_pc/dist/pc/src/resource/default/1150-450.png?_v=201906280941017d9', 'https://s1.ljcdn.com/matrix_lianjia_pc/dist/pc/src/resource/default/1150-450.png?_v=201906280941017d9']",,,,,,,,,,,,,[],22.6062,113.846171
https://sz.lianjia.com/zufang/SZ2287747117122863104.html,龙岗区,布吉街,大世纪花园 1室1厅 南,2800元/月 ,租赁方式未知,1室1厅1卫,35㎡,朝南,"['http://vrlab-image.ljcdn.com/release/auto3dhd/9a9d58505544e7afbfdb2c6b6ae068af/screenshot/1547963018_0/pc0_NDATQOkjL.jpg.q_70.jpg', 'https://s1.ljcdn.com/matrix_lianjia_pc/dist/pc/src/resource/default/780-439.png?_v=201906280941017d9', 'https://s1.ljcdn.com/matrix_lianjia_pc/dist/pc/src/resource/default/780-439.png?_v=201906280941017d9', 'https://s1.ljcdn.com/matrix_lianjia_pc/dist/pc/src/resource/default/780-439.png?_v=201906280941017d9']",2天前,随时入住,暂无数据,需提前预约,中楼层/8层,无,暂无数据,民水,民电,有,暂无数据,"['近地铁', '新上', '随时看房']","['3号线(龙岗线) - 木棉湾', '753m']",22.616928,114.132491
https://sz.lianjia.com/zufang/SZ2281653558401040384.html,罗湖区,莲塘,鹏基公寓 1室0厅 南,2200元/月 ,租赁方式未知,1室0厅1卫,33㎡,朝南,"['https://image1.ljcdn.com/hdic-frame/test-de62ef55-7b27-4399-9c68-c8d8d3e19472.png.780x439.jpg', 'https://s1.ljcdn.com/matrix_lianjia_pc/dist/pc/src/resource/default/780-439.png?_v=201906280941017d9', 'https://s1.ljcdn.com/matrix_lianjia_pc/dist/pc/src/resource/default/780-439.png?_v=201906280941017d9', 'https://s1.ljcdn.com/matrix_lianjia_pc/dist/pc/src/resource/default/780-439.png?_v=201906280941017d9', 'https://s1.ljcdn.com/matrix_lianjia_pc/dist/pc/src/resource/default/780-439.png?_v=201906280941017d9']",2天前,随时入住,暂无数据,需提前预约,中楼层/7层,无,暂无数据,民水,民电,无,暂无数据,"['新上', '随时看房']",[],22.57187,114.173242
https://sz.lianjia.com/zufang/SZ2285918653394460672.html,龙岗区,龙岗双龙,建新村 3室2厅 南,3000元/月 ,租赁方式未知,3室2厅1卫,90㎡,朝南,"['https://image1.ljcdn.com/440300-inspection/prod-6e2fde8f-0027-497e-b348-069e4d960f2a.jpg.780x439.jpg', 'https://s1.ljcdn.com/matrix_lianjia_pc/dist/pc/src/resource/default/780-439.png?_v=201906280941017d9', 'https://s1.ljcdn.com/matrix_lianjia_pc/dist/pc/src/resource/default/780-439.png?_v=201906280941017d9', 'https://s1.ljcdn.com/matrix_lianjia_pc/dist/pc/src/resource/default/780-439.png?_v=201906280941017d9', 'https://s1.ljcdn.com/matrix_lianjia_pc/dist/pc/src/resource/default/780-439.png?_v=201906280941017d9', 'https://s1.ljcdn.com/matrix_lianjia_pc/dist/pc/src/resource/default/780-439.png?_v=201906280941017d9']",5天前,随时入住,暂无数据,需提前预约,中楼层/7层,无,暂无数据,民水,民电,有,暂无数据,"['近地铁', '新上']","['3号线(龙岗线) - 南联', '476m', '3号线(龙岗线) - 双龙', '912m']",22.728419,114.278847
https://sz.lianjia.com/apartment/17985.html,,,安寓 · 宝湖新村30栋,"
安寓 · 宝湖新村30栋

          1280元/月起

",,,,,"['https://image1.ljcdn.com/rent-user-avatar/1205510a-6475-4cdc-9995-57366888152b.1150x.jpg', 'https://s1.ljcdn.com/matrix_lianjia_pc/dist/pc/src/resource/default/1150-450.png?_v=201906280941017d9', 'https://s1.ljcdn.com/matrix_lianjia_pc/dist/pc/src/resource/default/1150-450.png?_v=201906280941017d9', 'https://s1.ljcdn.com/matrix_lianjia_pc/dist/pc/src/resource/default/1150-450.png?_v=201906280941017d9', 'https://s1.ljcdn.com/matrix_lianjia_pc/dist/pc/src/resource/default/1150-450.png?_v=201906280941017d9', 'https://s1.ljcdn.com/matrix_lianjia_pc/dist/pc/src/resource/default/1150-450.png?_v=201906280941017d9', 'https://s1.ljcdn.com/matrix_lianjia_pc/dist/pc/src/resource/default/1150-450.png?_v=201906280941017d9', 'https://s1.ljcdn.com/matrix_lianjia_pc/dist/pc/src/resource/default/1150-450.png?_v=201906280941017d9', 'https://s1.ljcdn.com/matrix_lianjia_pc/dist/pc/src/resource/default/1150-450.png?_v=201906280941017d9', 'https://s1.ljcdn.com/matrix_lianjia_pc/dist/pc/src/resource/default/1150-450.png?_v=201906280941017d9']",,,,,,,,,,,,,[],22.67821,114.042541
https://sz.lianjia.com/apartment/1638.html,,,本地共和社区 · 布吉岛,"
本地共和社区 · 布吉岛

          1500元/月起

",,,,,"['https://image1.ljcdn.com/rent-user-avatar/14c3d06d-8992-4a05-9594-8a1ed075f7f6.1150x.jpg', 'https://s1.ljcdn.com/matrix_lianjia_pc/dist/pc/src/resource/default/1150-450.png?_v=201906280941017d9', 'https://s1.ljcdn.com/matrix_lianjia_pc/dist/pc/src/resource/default/1150-450.png?_v=201906280941017d9', 'https://s1.ljcdn.com/matrix_lianjia_pc/dist/pc/src/resource/default/1150-450.png?_v=201906280941017d9', 'https://s1.ljcdn.com/matrix_lianjia_pc/dist/pc/src/resource/default/1150-450.png?_v=201906280941017d9']",,,,,,,,,,,,,[],22.623975,114.115959
https://sz.lianjia.com/zufang/SZ2282461580429885440.html,罗湖区,翠竹,城建综合楼 1室0厅 南,2500元/月 ,租赁方式未知,1室0厅1卫,26㎡,朝南,"['https://image1.ljcdn.com/hdic-frame/prod-dc13b9e0-37a8-416a-a0b5-c6ef7a9490fc.png.780x439.jpg', 'https://s1.ljcdn.com/matrix_lianjia_pc/dist/pc/src/resource/default/780-439.png?_v=201906280941017d9', 'https://s1.ljcdn.com/matrix_lianjia_pc/dist/pc/src/resource/default/780-439.png?_v=201906280941017d9', 'https://s1.ljcdn.com/matrix_lianjia_pc/dist/pc/src/resource/default/780-439.png?_v=201906280941017d9', 'https://s1.ljcdn.com/matrix_lianjia_pc/dist/pc/src/resource/default/780-439.png?_v=201906280941017d9']",2天前,随时入住,暂无数据,需提前预约,高楼层/7层,暂无数据,暂无数据,暂无数据,暂无数据,暂无数据,暂无数据,"['近地铁', '新上']","['3号线(龙岗线),7号线 - 田贝', '399m', '7号线 - 洪湖', '614m', '3号线(龙岗线) - 翠竹', '1187m']",22.570843,114.132828
https://sz.lianjia.com/zufang/SZ2274371736244338688.html,盐田区,盐田港,东海丽景花园 1室0厅 南,2500元/月 ,租赁方式未知,1室0厅1卫,30㎡,朝南,"['https://image1.ljcdn.com/hdic-frame/prod-113df292-a210-4e5b-b255-248412860f5e.png.780x439.jpg', 'https://s1.ljcdn.com/matrix_lianjia_pc/dist/pc/src/resource/default/780-439.png?_v=201906280941017d9', 'https://s1.ljcdn.com/matrix_lianjia_pc/dist/pc/src/resource/default/780-439.png?_v=201906280941017d9']",20天前,随时入住,暂无数据,暂无数据,高楼层/25层,有,暂无数据,民水,民电,有,暂无数据,[],[],22.596519,114.264999
https://sz.lianjia.com/zufang/SZ2270075033261457408.html,罗湖区,清水河,旭飞华天苑 1室1厅 南,2500元/月 ,租赁方式未知,1室1厅1卫,28㎡,朝南,"['https://image1.ljcdn.com/440300-inspection/17db932d-cffd-44e3-8f46-2af2e3f81da6.jpg.780x439.jpg', 'https://s1.ljcdn.com/matrix_lianjia_pc/dist/pc/src/resource/default/780-439.png?_v=201906280941017d9', 'https://s1.ljcdn.com/matrix_lianjia_pc/dist/pc/src/resource/default/780-439.png?_v=201906280941017d9', 'https://s1.ljcdn.com/matrix_lianjia_pc/dist/pc/src/resource/default/780-439.png?_v=201906280941017d9', 'https://s1.ljcdn.com/matrix_lianjia_pc/dist/pc/src/resource/default/780-439.png?_v=201906280941017d9', 'https://s1.ljcdn.com/matrix_lianjia_pc/dist/pc/src/resource/default/780-439.png?_v=201906280941017d9']",27天前,随时入住,暂无数据,一般下班后可看,高楼层/33层,有,暂无数据,民水,民电,有,暂无数据,[],"['7号线 - 笋岗', '1173m']",22.576183309191,114.11328881991
https://sz.lianjia.com/apartment/10406.html,,,捷成公寓 · 宝安店,"
捷成公寓 · 宝安店

          2180元/月起

",,,,,"['https://image1.ljcdn.com/rent-user-avatar/7b2770b2-c683-4785-9b20-4eb395885322.1150x.jpg', 'https://s1.ljcdn.com/matrix_lianjia_pc/dist/pc/src/resource/default/1150-450.png?_v=201906280941017d9', 'https://s1.ljcdn.com/matrix_lianjia_pc/dist/pc/src/resource/default/1150-450.png?_v=201906280941017d9']",,,,,,,,,,,,,[],22.581675,113.919753
https://sz.lianjia.com/apartment/14946.html,,,乐乎城市青年社区 · 坪洲1期,"
乐乎城市青年社区 · 坪洲1期

          2232元/月起

",,,,,"['https://image1.ljcdn.com/rent-user-avatar/f101b02a-d365-4831-8d51-7da57f9ce2e7.1150x.jpg', 'https://s1.ljcdn.com/matrix_lianjia_pc/dist/pc/src/resource/default/1150-450.png?_v=201906280941017d9', 'https://s1.ljcdn.com/matrix_lianjia_pc/dist/pc/src/resource/default/1150-450.png?_v=201906280941017d9', 'https://s1.ljcdn.com/matrix_lianjia_pc/dist/pc/src/resource/default/1150-450.png?_v=201906280941017d9', 'https://s1.ljcdn.com/matrix_lianjia_pc/dist/pc/src/resource/default/1150-450.png?_v=201906280941017d9']",,,,,,,,,,,,,[],22.57374,113.87892
https://sz.lianjia.com/zufang/SZ2287759606367395840.html,龙岗区,龙岗中心城,非凡空间 1室1厅 南,3000元/月 ,租赁方式未知,1室1厅1卫,56㎡,朝南,"['https://image1.ljcdn.com/440300-inspection/37fe63fa-24b7-48bf-8ce7-d5815a36a0a7.jpg.780x439.jpg', 'https://s1.ljcdn.com/matrix_lianjia_pc/dist/pc/src/resource/default/780-439.png?_v=201906280941017d9', 'https://s1.ljcdn.com/matrix_lianjia_pc/dist/pc/src/resource/default/780-439.png?_v=201906280941017d9', 'https://s1.ljcdn.com/matrix_lianjia_pc/dist/pc/src/resource/default/780-439.png?_v=201906280941017d9', 'https://s1.ljcdn.com/matrix_lianjia_pc/dist/pc/src/resource/default/780-439.png?_v=201906280941017d9', 'https://s1.ljcdn.com/matrix_lianjia_pc/dist/pc/src/resource/default/780-439.png?_v=201906280941017d9']",2天前,随时入住,暂无数据,需提前预约,中楼层/24层,有,暂无数据,民水,民电,有,暂无数据,['新上'],[],22.737071715258,114.25771571966
https://sz.lianjia.com/zufang/SZ2283173914236690432.html,龙岗区,龙岗中心城,招商依山郡 1室1厅 南/北,2500元/月 ,租赁方式未知,1室1厅1卫,63㎡,朝南 北,"['http://vrlab-image.ljcdn.com/release/auto3dhd/3aa16f772c12afb6d620f093a63faff5/screenshot/1555320518_3/pc0_wK1sVeOB7.jpg.q_70.jpg', 'https://s1.ljcdn.com/matrix_lianjia_pc/dist/pc/src/resource/default/780-439.png?_v=201906280941017d9', 'https://s1.ljcdn.com/matrix_lianjia_pc/dist/pc/src/resource/default/780-439.png?_v=201906280941017d9', 'https://s1.ljcdn.com/matrix_lianjia_pc/dist/pc/src/resource/default/780-439.png?_v=201906280941017d9']",9天前,随时入住,暂无数据,需提前预约,中楼层/9层,有,暂无数据,民水,民电,有,暂无数据,['随时看房'],[],22.734888,114.225089
https://sz.lianjia.com/zufang/SZ2277412486066216960.html,罗湖区,清水河,雅仕居 1室0厅 南,2000元/月 ,租赁方式未知,1室0厅1卫,19㎡,朝南,"['https://image1.ljcdn.com/hdic-frame/56cea24c-9ac6-4584-af4c-0ed046ea9abd.png.780x439.jpg', 'https://s1.ljcdn.com/matrix_lianjia_pc/dist/pc/src/resource/default/780-439.png?_v=201906280941017d9', 'https://s1.ljcdn.com/matrix_lianjia_pc/dist/pc/src/resource/default/780-439.png?_v=201906280941017d9', 'https://s1.ljcdn.com/matrix_lianjia_pc/dist/pc/src/resource/default/780-439.png?_v=201906280941017d9', 'https://s1.ljcdn.com/matrix_lianjia_pc/dist/pc/src/resource/default/780-439.png?_v=201906280941017d9', 'https://s1.ljcdn.com/matrix_lianjia_pc/dist/pc/src/resource/default/780-439.png?_v=201906280941017d9']",16天前,随时入住,暂无数据,需提前预约,低楼层/10层,有,暂无数据,民水,民电,有,暂无数据,['随时看房'],[],22.580005380077,114.11992292602
https://sz.lianjia.com/apartment/15229.html,,,Here house · 荷坳店,"
Here house · 荷坳店

          1300元/月起

",,,,,"['https://image1.ljcdn.com/rent-user-avatar/d8e80e83-6aa5-45f0-ac7d-32e8aad48214.1150x.jpg', 'https://s1.ljcdn.com/matrix_lianjia_pc/dist/pc/src/resource/default/1150-450.png?_v=201906280941017d9']",,,,,,,,,,,,,[],22.678598,114.234121
https://sz.lianjia.com/apartment/1664.html,,,荔枝公寓 · 深职院店,"
荔枝公寓 · 深职院店

          2300元/月起

",,,,,"['https://image1.ljcdn.com/rent-user-avatar/7870702a-894a-46bb-b98e-c94706293f25.1150x.jpg', 'https://s1.ljcdn.com/matrix_lianjia_pc/dist/pc/src/resource/default/1150-450.png?_v=201906280941017d9', 'https://s1.ljcdn.com/matrix_lianjia_pc/dist/pc/src/resource/default/1150-450.png?_v=201906280941017d9', 'https://s1.ljcdn.com/matrix_lianjia_pc/dist/pc/src/resource/default/1150-450.png?_v=201906280941017d9', 'https://s1.ljcdn.com/matrix_lianjia_pc/dist/pc/src/resource/default/1150-450.png?_v=201906280941017d9', 'https://s1.ljcdn.com/matrix_lianjia_pc/dist/pc/src/resource/default/1150-450.png?_v=201906280941017d9', 'https://s1.ljcdn.com/matrix_lianjia_pc/dist/pc/src/resource/default/1150-450.png?_v=201906280941017d9', 'https://s1.ljcdn.com/matrix_lianjia_pc/dist/pc/src/resource/default/1150-450.png?_v=201906280941017d9', 'https://s1.ljcdn.com/matrix_lianjia_pc/dist/pc/src/resource/default/1150-450.png?_v=201906280941017d9', 'https://s1.ljcdn.com/matrix_lianjia_pc/dist/pc/src/resource/default/1150-450.png?_v=201906280941017d9', 'https://s1.ljcdn.com/matrix_lianjia_pc/dist/pc/src/resource/default/1150-450.png?_v=201906280941017d9']",,,,,,,,,,,,,[],22.591842,113.95294
https://sz.lianjia.com/zufang/SZ2281813474260549632.html,宝安区,西乡,锦绣花园 1室1厅 南,2600元/月 ,租赁方式未知,1室1厅1卫,42㎡,朝南,"['https://image1.ljcdn.com/440300-inspection/3cbd900a-86c5-4714-b2e1-6647e2608926.jpg.780x439.jpg', 'https://s1.ljcdn.com/matrix_lianjia_pc/dist/pc/src/resource/default/780-439.png?_v=201906280941017d9', 'https://s1.ljcdn.com/matrix_lianjia_pc/dist/pc/src/resource/default/780-439.png?_v=201906280941017d9', 'https://s1.ljcdn.com/matrix_lianjia_pc/dist/pc/src/resource/default/780-439.png?_v=201906280941017d9', 'https://s1.ljcdn.com/matrix_lianjia_pc/dist/pc/src/resource/default/780-439.png?_v=201906280941017d9']",3天前,2019-06-30,暂无数据,需提前预约,中楼层/7层,无,暂无数据,民水,民电,有,暂无数据,['新上'],[],22.643910852897,113.847238991
https://sz.lianjia.com/zufang/SZ2249957871259222016.html,南山区,后海,南油B区 1室0厅 南/北,3000元/月 ,租赁方式未知,1室0厅1卫,30㎡,朝南 北,"['https://image1.ljcdn.com/hdic-frame/5fa0342e-a1db-4892-ac5d-2d26e6be148a.png.780x439.jpg', 'https://s1.ljcdn.com/matrix_lianjia_pc/dist/pc/src/resource/default/780-439.png?_v=201906280941017d9', 'https://s1.ljcdn.com/matrix_lianjia_pc/dist/pc/src/resource/default/780-439.png?_v=201906280941017d9', 'https://s1.ljcdn.com/matrix_lianjia_pc/dist/pc/src/resource/default/780-439.png?_v=201906280941017d9', 'https://s1.ljcdn.com/matrix_lianjia_pc/dist/pc/src/resource/default/780-439.png?_v=201906280941017d9']",1个月前,随时入住,暂无数据,需提前预约,中楼层/7层,无,暂无数据,民水,民电,有,暂无数据,"['近地铁', '随时看房']","['2号线(蛇口线) - 登良', '704m']",22.51694,113.936734
https://sz.lianjia.com/zufang/SZ2236844887490707456.html,龙岗区,龙岗中心城,缤纷世纪 2室1厅 南/北,2700元/月 ,租赁方式未知,2室1厅1卫,60㎡,朝南 北,"['https://image1.ljcdn.com/440300-inspection/ffbec8ce-a224-4607-922c-6bd0e2ae7753.jpg.780x439.jpg', 'https://s1.ljcdn.com/matrix_lianjia_pc/dist/pc/src/resource/default/780-439.png?_v=201906280941017d9', 'https://s1.ljcdn.com/matrix_lianjia_pc/dist/pc/src/resource/default/780-439.png?_v=201906280941017d9', 'https://s1.ljcdn.com/matrix_lianjia_pc/dist/pc/src/resource/default/780-439.png?_v=201906280941017d9', 'https://s1.ljcdn.com/matrix_lianjia_pc/dist/pc/src/resource/default/780-439.png?_v=201906280941017d9', 'https://s1.ljcdn.com/matrix_lianjia_pc/dist/pc/src/resource/default/780-439.png?_v=201906280941017d9']",2个月前,随时入住,暂无数据,需提前预约,中楼层/31层,有,暂无数据,商水,商电,有,暂无数据,['近地铁'],"['3号线(龙岗线) - 爱联', '757m']",22.708636,114.236682
https://sz.lianjia.com/apartment/17893.html,,,乐乎城市青年社区 · 坪洲二期店,"
乐乎城市青年社区 · 坪洲二期店

          1700元/月起

",,,,,"['https://image1.ljcdn.com/rent-user-avatar/18c2501c-ef8d-4308-96b4-9f9abbe782a5.1150x.jpg', 'https://s1.ljcdn.com/matrix_lianjia_pc/dist/pc/src/resource/default/1150-450.png?_v=201906280941017d9', 'https://s1.ljcdn.com/matrix_lianjia_pc/dist/pc/src/resource/default/1150-450.png?_v=201906280941017d9', 'https://s1.ljcdn.com/matrix_lianjia_pc/dist/pc/src/resource/default/1150-450.png?_v=201906280941017d9', 'https://s1.ljcdn.com/matrix_lianjia_pc/dist/pc/src/resource/default/1150-450.png?_v=201906280941017d9', 'https://s1.ljcdn.com/matrix_lianjia_pc/dist/pc/src/resource/default/1150-450.png?_v=201906280941017d9', 'https://s1.ljcdn.com/matrix_lianjia_pc/dist/pc/src/resource/default/1150-450.png?_v=201906280941017d9']",,,,,,,,,,,,,[],22.573502,113.878998
https://sz.lianjia.com/apartment/18501.html,,,职业房东 · 天鸿公寓·东泉店,"
职业房东 · 天鸿公寓·东泉店

          1880元/月起

",,,,,"['https://image1.ljcdn.com/rent-user-avatar/3c26193c-b2d5-4044-87e8-2bd184c0feac.1150x.jpg', 'https://s1.ljcdn.com/matrix_lianjia_pc/dist/pc/src/resource/default/1150-450.png?_v=201906280941017d9', 'https://s1.ljcdn.com/matrix_lianjia_pc/dist/pc/src/resource/default/1150-450.png?_v=201906280941017d9', 'https://s1.ljcdn.com/matrix_lianjia_pc/dist/pc/src/resource/default/1150-450.png?_v=201906280941017d9']",,,,,,,,,,,,,[],22.629135,114.037128
https://sz.lianjia.com/zufang/SZ2277333418998243328.html,龙岗区,布吉南岭,泰阳金桔苑 2室1厅 南,3000元/月 ,租赁方式未知,2室1厅1卫,76㎡,朝南,"['https://image1.ljcdn.com/440300-inspection/418994f7-dd1f-4b07-962d-81ed7be394a4.jpg.780x439.jpg', 'https://s1.ljcdn.com/matrix_lianjia_pc/dist/pc/src/resource/default/780-439.png?_v=201906280941017d9', 'https://s1.ljcdn.com/matrix_lianjia_pc/dist/pc/src/resource/default/780-439.png?_v=201906280941017d9', 'https://s1.ljcdn.com/matrix_lianjia_pc/dist/pc/src/resource/default/780-439.png?_v=201906280941017d9', 'https://s1.ljcdn.com/matrix_lianjia_pc/dist/pc/src/resource/default/780-439.png?_v=201906280941017d9', 'https://s1.ljcdn.com/matrix_lianjia_pc/dist/pc/src/resource/default/780-439.png?_v=201906280941017d9', 'https://s1.ljcdn.com/matrix_lianjia_pc/dist/pc/src/resource/default/780-439.png?_v=201906280941017d9']",14天前,随时入住,暂无数据,需提前预约,高楼层/6层,无,暂无数据,民水,民电,有,暂无数据,['随时看房'],[],22.609984,114.158214
https://sz.lianjia.com/zufang/SZ2268856232096047104.html,龙岗区,龙岗中心城,万象天成 1室0厅 南,2100元/月 ,租赁方式未知,1室0厅1卫,40㎡,朝南,"['https://image1.ljcdn.com/hdic-frame/a52deb7c-12ef-4bd6-b5f0-e82dd35c0673.png.780x439.jpg', 'https://s1.ljcdn.com/matrix_lianjia_pc/dist/pc/src/resource/default/780-439.png?_v=201906280941017d9', 'https://s1.ljcdn.com/matrix_lianjia_pc/dist/pc/src/resource/default/780-439.png?_v=201906280941017d9', 'https://s1.ljcdn.com/matrix_lianjia_pc/dist/pc/src/resource/default/780-439.png?_v=201906280941017d9']",28天前,随时入住,暂无数据,需提前预约,中楼层/21层,有,暂无数据,民水,民电,无,暂无数据,"['近地铁', '随时看房']","['3号线(龙岗线) - 龙城广场', '884m']",22.729958773193,114.26067170109
https://sz.lianjia.com/zufang/SZ2284717256770322432.html,龙岗区,坂田,华创云轩 2室1厅 南,3000元/月 ,租赁方式未知,2室1厅1卫,29㎡,朝南,"['https://image1.ljcdn.com/440300-inspection/58c8c5b0-bd13-49d5-b261-ccf406828865.jpg.780x439.jpg', 'https://s1.ljcdn.com/matrix_lianjia_pc/dist/pc/src/resource/default/780-439.png?_v=201906280941017d9', 'https://s1.ljcdn.com/matrix_lianjia_pc/dist/pc/src/resource/default/780-439.png?_v=201906280941017d9', 'https://s1.ljcdn.com/matrix_lianjia_pc/dist/pc/src/resource/default/780-439.png?_v=201906280941017d9', 'https://s1.ljcdn.com/matrix_lianjia_pc/dist/pc/src/resource/default/780-439.png?_v=201906280941017d9']",6天前,随时入住,暂无数据,需提前预约,低楼层/21层,有,暂无数据,暂无数据,暂无数据,有,暂无数据,"['新上', '随时看房']",[],22.657205,114.072426
https://sz.lianjia.com/zufang/SZ2283803198399717376.html,龙华区,观澜,深业泰然观澜玫瑰苑 1室0厅 南,2200元/月 ,租赁方式未知,1室0厅1卫,39㎡,朝南,"['https://image1.ljcdn.com/440300-inspection/b0aff04c-02ae-40d6-96b0-9fc5baec380d.jpg.780x439.jpg', 'https://s1.ljcdn.com/matrix_lianjia_pc/dist/pc/src/resource/default/780-439.png?_v=201906280941017d9', 'https://s1.ljcdn.com/matrix_lianjia_pc/dist/pc/src/resource/default/780-439.png?_v=201906280941017d9']",8天前,随时入住,暂无数据,需提前预约,高楼层/24层,有,暂无数据,商水,暂无数据,有,暂无数据,[],[],22.721847,114.063865
