房源地址,行政区,位置,标题,租金,租赁方式,户型,面积,朝向,图片列表,发布时间,入住时间,租期,看房时间,楼层,电梯,车位,用水,用电,燃气,采暖,标签,station,latitude,longtitude
https://sz.lianjia.com/zufang/SZ2259360601879363584.html,南山区,蛇口,合租·兰园商住楼 5居室 南卧,2150元/月 (月付价),合租,5室1厅2卫,12㎡,朝南,"['https://image1.ljcdn.com/rent-user-avatar/2901b5cd-650b-4b11-a7bd-75b06be5a377.780x439.jpg', 'https://s1.ljcdn.com/matrix_lianjia_pc/dist/pc/src/resource/default/780-439.png?_v=201906280941017d9', 'https://s1.ljcdn.com/matrix_lianjia_pc/dist/pc/src/resource/default/780-439.png?_v=201906280941017d9', 'https://s1.ljcdn.com/matrix_lianjia_pc/dist/pc/src/resource/default/780-439.png?_v=201906280941017d9', 'https://s1.ljcdn.com/matrix_lianjia_pc/dist/pc/src/resource/default/780-439.png?_v=201906280941017d9']",1个月前,随时入住,1年,随时可看,5/9层,有,暂无数据,民水,民电,有,暂无数据,"['公寓', '精装', '押一付一', '随时看房']",[],22.507645988666,113.93376043353
https://sz.lianjia.com/apartment/18976.html,,,悦隆宾馆 · 悦盛公寓,"
悦隆宾馆 · 悦盛公寓

          1450元/月起

",,,,,['https://image1.ljcdn.com/rent-user-avatar/e81b712f-1080-49d0-a79d-7819aeae6ce2.1150x.jpg'],,,,,,,,,,,,,[],22.678329,113.816213
https://sz.lianjia.com/apartment/12136.html,,,佳丽心海公寓 · 心海玥雅居店,"
佳丽心海公寓 · 心海玥雅居店

          3000元/月起

",,,,,"['https://image1.ljcdn.com/rent-user-avatar/8c2929f1-5180-475c-8d12-d59ea0d41097.1150x.jpg', 'https://s1.ljcdn.com/matrix_lianjia_pc/dist/pc/src/resource/default/1150-450.png?_v=201906280941017d9']",,,,,,,,,,,,,[],22.605055,114.317168
https://sz.lianjia.com/apartment/11541.html,,,云枫公寓 · 宝安店,"
云枫公寓 · 宝安店

          2000元/月起

",,,,,"['https://image1.ljcdn.com/rent-user-avatar/9d325cde-1e3e-4582-a5ce-38cec421813e.1150x.jpg', 'https://s1.ljcdn.com/matrix_lianjia_pc/dist/pc/src/resource/default/1150-450.png?_v=201906280941017d9', 'https://s1.ljcdn.com/matrix_lianjia_pc/dist/pc/src/resource/default/1150-450.png?_v=201906280941017d9', 'https://s1.ljcdn.com/matrix_lianjia_pc/dist/pc/src/resource/default/1150-450.png?_v=201906280941017d9', 'https://s1.ljcdn.com/matrix_lianjia_pc/dist/pc/src/resource/default/1150-450.png?_v=201906280941017d9', 'https://s1.ljcdn.com/matrix_lianjia_pc/dist/pc/src/resource/default/1150-450.png?_v=201906280941017d9', 'https://s1.ljcdn.com/matrix_lianjia_pc/dist/pc/src/resource/default/1150-450.png?_v=201906280941017d9', 'https://s1.ljcdn.com/matrix_lianjia_pc/dist/pc/src/resource/default/1150-450.png?_v=201906280941017d9', 'https://s1.ljcdn.com/matrix_lianjia_pc/dist/pc/src/resource/default/1150-450.png?_v=201906280941017d9', 'https://s1.ljcdn.com/matrix_lianjia_pc/dist/pc/src/resource/default/1150-450.png?_v=201906280941017d9']",,,,,,,,,,,,,[],22.573071,113.891978
https://sz.lianjia.com/apartment/6644.html,,,金海公寓 · 丹平东三号店,"
金海公寓 · 丹平东三号店

          2800元/月起

",,,,,"['https://image1.ljcdn.com/rent-user-avatar/bd3a5017-f7d9-498a-9d38-d1ceedc0e076.1150x.jpg', 'https://s1.ljcdn.com/matrix_lianjia_pc/dist/pc/src/resource/default/1150-450.png?_v=201906280941017d9', 'https://s1.ljcdn.com/matrix_lianjia_pc/dist/pc/src/resource/default/1150-450.png?_v=201906280941017d9', 'https://s1.ljcdn.com/matrix_lianjia_pc/dist/pc/src/resource/default/1150-450.png?_v=201906280941017d9', 'https://s1.ljcdn.com/matrix_lianjia_pc/dist/pc/src/resource/default/1150-450.png?_v=201906280941017d9', 'https://s1.ljcdn.com/matrix_lianjia_pc/dist/pc/src/resource/default/1150-450.png?_v=201906280941017d9', 'https://s1.ljcdn.com/matrix_lianjia_pc/dist/pc/src/resource/default/1150-450.png?_v=201906280941017d9', 'https://s1.ljcdn.com/matrix_lianjia_pc/dist/pc/src/resource/default/1150-450.png?_v=201906280941017d9', 'https://s1.ljcdn.com/matrix_lianjia_pc/dist/pc/src/resource/default/1150-450.png?_v=201906280941017d9', 'https://s1.ljcdn.com/matrix_lianjia_pc/dist/pc/src/resource/default/1150-450.png?_v=201906280941017d9', 'https://s1.ljcdn.com/matrix_lianjia_pc/dist/pc/src/resource/default/1150-450.png?_v=201906280941017d9']",,,,,,,,,,,,,[],22.634718,114.164077
https://sz.lianjia.com/zufang/SZ2267176959526043648.html,龙岗区,大运新城,整租·中粮祥云 1室1厅 南,2600元/月 (月付价),整租,1室1厅1卫,50㎡,朝南,"['https://image1.ljcdn.com/rent-user-avatar/e507c8aa-fa10-4abf-8f76-67bc88a1c3c9.780x439.jpg', 'https://s1.ljcdn.com/matrix_lianjia_pc/dist/pc/src/resource/default/780-439.png?_v=201906280941017d9', 'https://s1.ljcdn.com/matrix_lianjia_pc/dist/pc/src/resource/default/780-439.png?_v=201906280941017d9', 'https://s1.ljcdn.com/matrix_lianjia_pc/dist/pc/src/resource/default/780-439.png?_v=201906280941017d9']",1个月前,随时入住,1年,随时可看,8/42层,有,暂无数据,商水,商电,有,暂无数据,"['近地铁', '精装', '随时看房']","['3号线(龙岗线) - 爱联', '148m']",22.70236,114.238641
https://sz.lianjia.com/apartment/651.html,,,礼寓公寓 · 东街店,"
礼寓公寓 · 东街店

          1880元/月起

",,,,,"['https://image1.ljcdn.com/rent-user-avatar/6f816e6c-9b10-4529-a02f-990cf82287ab.1150x.jpg', 'https://s1.ljcdn.com/matrix_lianjia_pc/dist/pc/src/resource/default/1150-450.png?_v=201906280941017d9', 'https://s1.ljcdn.com/matrix_lianjia_pc/dist/pc/src/resource/default/1150-450.png?_v=201906280941017d9', 'https://s1.ljcdn.com/matrix_lianjia_pc/dist/pc/src/resource/default/1150-450.png?_v=201906280941017d9', 'https://s1.ljcdn.com/matrix_lianjia_pc/dist/pc/src/resource/default/1150-450.png?_v=201906280941017d9']",,,,,,,,,,,,,[],22.654382,113.832924
https://sz.lianjia.com/zufang/SZ2233268985237864448.html,福田区,梅林,合租·裕林花园 4居室 南卧,2290元/月 (月付价),合租,4室1厅1卫,20㎡,朝南,"['https://image1.ljcdn.com/rent-user-avatar/a775706f-2142-4461-b4d5-4bdba4dca619.780x439.jpg', 'https://s1.ljcdn.com/matrix_lianjia_pc/dist/pc/src/resource/default/780-439.png?_v=201906280941017d9', 'https://s1.ljcdn.com/matrix_lianjia_pc/dist/pc/src/resource/default/780-439.png?_v=201906280941017d9', 'https://s1.ljcdn.com/matrix_lianjia_pc/dist/pc/src/resource/default/780-439.png?_v=201906280941017d9']",2个月前,随时入住,1年,随时可看,4/8层,暂无数据,暂无数据,暂无数据,暂无数据,暂无数据,暂无数据,"['公寓', '近地铁', '精装', '押一付一', '随时看房']","['9号线 - 梅景', '383m', '9号线 - 下梅林', '448m']",22.56735507973,114.04806642486
https://sz.lianjia.com/zufang/SZ2256399196938838016.html,福田区,景田,合租·景田南小区 4居室 南卧,2490元/月 (月付价),合租,4室1厅1卫,22㎡,朝南,"['https://image1.ljcdn.com/rent-user-avatar/596d9ea8-91ee-4e64-a43f-2b8650b73af5.780x439.jpg', 'https://s1.ljcdn.com/matrix_lianjia_pc/dist/pc/src/resource/default/780-439.png?_v=201906280941017d9', 'https://s1.ljcdn.com/matrix_lianjia_pc/dist/pc/src/resource/default/780-439.png?_v=201906280941017d9', 'https://s1.ljcdn.com/matrix_lianjia_pc/dist/pc/src/resource/default/780-439.png?_v=201906280941017d9', 'https://s1.ljcdn.com/matrix_lianjia_pc/dist/pc/src/resource/default/780-439.png?_v=201906280941017d9', 'https://s1.ljcdn.com/matrix_lianjia_pc/dist/pc/src/resource/default/780-439.png?_v=201906280941017d9', 'https://s1.ljcdn.com/matrix_lianjia_pc/dist/pc/src/resource/default/780-439.png?_v=201906280941017d9', 'https://s1.ljcdn.com/matrix_lianjia_pc/dist/pc/src/resource/default/780-439.png?_v=201906280941017d9', 'https://s1.ljcdn.com/matrix_lianjia_pc/dist/pc/src/resource/default/780-439.png?_v=201906280941017d9', 'https://s1.ljcdn.com/matrix_lianjia_pc/dist/pc/src/resource/default/780-439.png?_v=201906280941017d9', 'https://s1.ljcdn.com/matrix_lianjia_pc/dist/pc/src/resource/default/780-439.png?_v=201906280941017d9']",1个月前,随时入住,1~2年,随时可看,4/8层,无,暂无数据,民水,民电,有,暂无数据,"['近地铁', '精装', '独立阳台', '押一付一', '随时看房']","['2号线(蛇口线),9号线 - 景田', '246m', '9号线 - 梅景', '978m', '2号线(蛇口线) - 莲花西', '1106m']",22.561407,114.052664
https://sz.lianjia.com/apartment/16072.html,,,职业房东 · 逸秀居（白石龙店）,"
职业房东 · 逸秀居（白石龙店）

          2180元/月起

",,,,,['https://image1.ljcdn.com/rent-user-avatar/6c336b5b-e56c-454c-895f-14d548367f57.1150x.jpg'],,,,,,,,,,,,,[],22.606331,114.041463
https://sz.lianjia.com/zufang/SZ2270076528337895424.html,龙岗区,坂田,整租·魔方公寓（杨美） 1室1厅 南,2300元/月 (月付价),整租,1室1厅1卫,40㎡,朝南,"['https://image1.ljcdn.com/rent-user-avatar/7112f9cc-6010-415c-9e5e-01ba0481d12f.780x439.jpg', 'https://s1.ljcdn.com/matrix_lianjia_pc/dist/pc/src/resource/default/780-439.png?_v=201906280941017d9', 'https://s1.ljcdn.com/matrix_lianjia_pc/dist/pc/src/resource/default/780-439.png?_v=201906280941017d9', 'https://s1.ljcdn.com/matrix_lianjia_pc/dist/pc/src/resource/default/780-439.png?_v=201906280941017d9', 'https://s1.ljcdn.com/matrix_lianjia_pc/dist/pc/src/resource/default/780-439.png?_v=201906280941017d9', 'https://s1.ljcdn.com/matrix_lianjia_pc/dist/pc/src/resource/default/780-439.png?_v=201906280941017d9']",27天前,随时入住,1年,随时可看,13/20层,暂无数据,暂无数据,暂无数据,暂无数据,暂无数据,暂无数据,"['精装', '押一付一', '随时看房']",[],22.625724,114.082845
https://sz.lianjia.com/apartment/18591.html,,,职业房东 · 逸居人,"
职业房东 · 逸居人

          1580元/月起

",,,,,"['https://image1.ljcdn.com/rent-user-avatar/fe60f3f9-5581-4f53-b3d2-0dfed8798a37.1150x.jpg', 'https://s1.ljcdn.com/matrix_lianjia_pc/dist/pc/src/resource/default/1150-450.png?_v=201906280941017d9']",,,,,,,,,,,,,[],22.58318,113.873634
https://sz.lianjia.com/apartment/4940.html,,,职业房东 · 福永新和店,"
职业房东 · 福永新和店

          1500元/月起

",,,,,['https://image1.ljcdn.com/rent-user-avatar/2d8479c8-2246-449b-bd67-5edae46c10bb.1150x.jpg'],,,,,,,,,,,,,[],22.675064,113.810939
https://sz.lianjia.com/apartment/1937.html,,,职业房东 · 阳光公寓,"
职业房东 · 阳光公寓

          1280元/月起

",,,,,"['https://image1.ljcdn.com/rent-user-avatar/1ff82032-892c-413e-8680-0a29fe6ffe3c.1150x.jpg', 'https://s1.ljcdn.com/matrix_lianjia_pc/dist/pc/src/resource/default/1150-450.png?_v=201906280941017d9', 'https://s1.ljcdn.com/matrix_lianjia_pc/dist/pc/src/resource/default/1150-450.png?_v=201906280941017d9', 'https://s1.ljcdn.com/matrix_lianjia_pc/dist/pc/src/resource/default/1150-450.png?_v=201906280941017d9', 'https://s1.ljcdn.com/matrix_lianjia_pc/dist/pc/src/resource/default/1150-450.png?_v=201906280941017d9']",,,,,,,,,,,,,[],22.604692,113.848389
https://sz.lianjia.com/zufang/SZ2195552690233417728.html,罗湖区,罗湖口岸,合租·裕安花园 5居室 南卧,2900元/月 (月付价),合租,5室0厅3卫,10㎡,朝南,"['https://image1.ljcdn.com/rent-user-avatar/321ed07f-fe9e-4440-8540-77eb631e3409.780x439.jpg', 'https://s1.ljcdn.com/matrix_lianjia_pc/dist/pc/src/resource/default/780-439.png?_v=201906280941017d9', 'https://s1.ljcdn.com/matrix_lianjia_pc/dist/pc/src/resource/default/780-439.png?_v=201906280941017d9', 'https://s1.ljcdn.com/matrix_lianjia_pc/dist/pc/src/resource/default/780-439.png?_v=201906280941017d9', 'https://s1.ljcdn.com/matrix_lianjia_pc/dist/pc/src/resource/default/780-439.png?_v=201906280941017d9', 'https://s1.ljcdn.com/matrix_lianjia_pc/dist/pc/src/resource/default/780-439.png?_v=201906280941017d9', 'https://s1.ljcdn.com/matrix_lianjia_pc/dist/pc/src/resource/default/780-439.png?_v=201906280941017d9']",4个月前,随时入住,1~3个月,随时可看,3/7层,暂无数据,租用车位,暂无数据,暂无数据,暂无数据,暂无数据,"['独立卫生间', '月租', '近地铁', '独立阳台', '随时看房']","['9号线 - 鹿丹村', '464m', '1号线(罗宝线) - 罗湖', '969m', '9号线 - 人民南', '1093m', '1号线(罗宝线) - 国贸', '1155m']",22.540070863943,114.11852957384
https://sz.lianjia.com/zufang/SZ2247560668675055616.html,龙岗区,龙岗中心城,整租·远洋新干线一期 1室1厅 南,2500元/月 (月付价),整租,1室1厅1卫,45㎡,朝南,"['https://image1.ljcdn.com/rent-user-avatar/4bf96da1-a701-4ae8-916f-019161bf7a57.780x439.jpg', 'https://s1.ljcdn.com/matrix_lianjia_pc/dist/pc/src/resource/default/780-439.png?_v=201906280941017d9', 'https://s1.ljcdn.com/matrix_lianjia_pc/dist/pc/src/resource/default/780-439.png?_v=201906280941017d9', 'https://s1.ljcdn.com/matrix_lianjia_pc/dist/pc/src/resource/default/780-439.png?_v=201906280941017d9']",1个月前,随时入住,6~36个月,随时可看,11/32层,有,暂无数据,民水,民电,无,暂无数据,"['公寓', '月租', '近地铁', '精装', '随时看房']","['3号线(龙岗线) - 南联', '516m', '3号线(龙岗线) - 龙城广场', '691m']",22.724439,114.268117
https://sz.lianjia.com/apartment/949.html,,,源寓 · 主题公寓店,"
源寓 · 主题公寓店

          2480元/月起

",,,,,"['https://image1.ljcdn.com/rent-user-avatar/7e9387a9-5004-4526-812b-ab70f6926d4a.1150x.jpg', 'https://s1.ljcdn.com/matrix_lianjia_pc/dist/pc/src/resource/default/1150-450.png?_v=201906280941017d9', 'https://s1.ljcdn.com/matrix_lianjia_pc/dist/pc/src/resource/default/1150-450.png?_v=201906280941017d9', 'https://s1.ljcdn.com/matrix_lianjia_pc/dist/pc/src/resource/default/1150-450.png?_v=201906280941017d9', 'https://s1.ljcdn.com/matrix_lianjia_pc/dist/pc/src/resource/default/1150-450.png?_v=201906280941017d9']",,,,,,,,,,,,,[],22.65128,114.034719
https://sz.lianjia.com/zufang/SZ2251405961417719808.html,南山区,南山中心,合租·现代城华庭 4居室 南卧,2550元/月 (月付价),合租,4室1厅2卫,15㎡,朝南,"['https://image1.ljcdn.com/rent-user-avatar/34551766-db18-4bfe-a87c-0d4a33d83f53.780x439.jpg', 'https://s1.ljcdn.com/matrix_lianjia_pc/dist/pc/src/resource/default/780-439.png?_v=201906280941017d9', 'https://s1.ljcdn.com/matrix_lianjia_pc/dist/pc/src/resource/default/780-439.png?_v=201906280941017d9', 'https://s1.ljcdn.com/matrix_lianjia_pc/dist/pc/src/resource/default/780-439.png?_v=201906280941017d9', 'https://s1.ljcdn.com/matrix_lianjia_pc/dist/pc/src/resource/default/780-439.png?_v=201906280941017d9', 'https://s1.ljcdn.com/matrix_lianjia_pc/dist/pc/src/resource/default/780-439.png?_v=201906280941017d9', 'https://s1.ljcdn.com/matrix_lianjia_pc/dist/pc/src/resource/default/780-439.png?_v=201906280941017d9', 'https://s1.ljcdn.com/matrix_lianjia_pc/dist/pc/src/resource/default/780-439.png?_v=201906280941017d9']",1个月前,随时入住,1年,随时可看,5/33层,有,暂无数据,民水,民电,有,暂无数据,"['公寓', '近地铁', '精装', '押一付一', '随时看房']","['11号线 - 南山', '809m']",22.522790982921,113.93112212086
https://sz.lianjia.com/apartment/3803.html,,,杜鹃斋 · 灵芝店,"
杜鹃斋 · 灵芝店

          1650元/月起

",,,,,"['https://image1.ljcdn.com/rent-user-avatar/58c4c4d7-cdb6-471a-a751-f38bdec7b9fe.1150x.jpg', 'https://s1.ljcdn.com/matrix_lianjia_pc/dist/pc/src/resource/default/1150-450.png?_v=201906280941017d9', 'https://s1.ljcdn.com/matrix_lianjia_pc/dist/pc/src/resource/default/1150-450.png?_v=201906280941017d9', 'https://s1.ljcdn.com/matrix_lianjia_pc/dist/pc/src/resource/default/1150-450.png?_v=201906280941017d9', 'https://s1.ljcdn.com/matrix_lianjia_pc/dist/pc/src/resource/default/1150-450.png?_v=201906280941017d9', 'https://s1.ljcdn.com/matrix_lianjia_pc/dist/pc/src/resource/default/1150-450.png?_v=201906280941017d9', 'https://s1.ljcdn.com/matrix_lianjia_pc/dist/pc/src/resource/default/1150-450.png?_v=201906280941017d9', 'https://s1.ljcdn.com/matrix_lianjia_pc/dist/pc/src/resource/default/1150-450.png?_v=201906280941017d9', 'https://s1.ljcdn.com/matrix_lianjia_pc/dist/pc/src/resource/default/1150-450.png?_v=201906280941017d9', 'https://s1.ljcdn.com/matrix_lianjia_pc/dist/pc/src/resource/default/1150-450.png?_v=201906280941017d9', 'https://s1.ljcdn.com/matrix_lianjia_pc/dist/pc/src/resource/default/1150-450.png?_v=201906280941017d9']",,,,,,,,,,,,,[],22.580839,113.905717
https://sz.lianjia.com/apartment/7533.html,,,幸福湾公寓 · 流塘店,"
幸福湾公寓 · 流塘店

          2380元/月起

",,,,,['https://image1.ljcdn.com/rent-user-avatar/08daeca0-cddf-434d-a568-5e4f3b7df4af.1150x.jpg'],,,,,,,,,,,,,[],22.587009,113.895983
https://sz.lianjia.com/apartment/6486.html,,,万科泊寓 · 宝安福永店,"
万科泊寓 · 宝安福永店

          1199元/月起

",,,,,"['https://image1.ljcdn.com/rent-user-avatar/61460576-fff5-4498-b9fd-a3b189645af0.1150x.jpg', 'https://s1.ljcdn.com/matrix_lianjia_pc/dist/pc/src/resource/default/1150-450.png?_v=201906280941017d9', 'https://s1.ljcdn.com/matrix_lianjia_pc/dist/pc/src/resource/default/1150-450.png?_v=201906280941017d9', 'https://s1.ljcdn.com/matrix_lianjia_pc/dist/pc/src/resource/default/1150-450.png?_v=201906280941017d9', 'https://s1.ljcdn.com/matrix_lianjia_pc/dist/pc/src/resource/default/1150-450.png?_v=201906280941017d9', 'https://s1.ljcdn.com/matrix_lianjia_pc/dist/pc/src/resource/default/1150-450.png?_v=201906280941017d9', 'https://s1.ljcdn.com/matrix_lianjia_pc/dist/pc/src/resource/default/1150-450.png?_v=201906280941017d9', 'https://s1.ljcdn.com/matrix_lianjia_pc/dist/pc/src/resource/default/1150-450.png?_v=201906280941017d9']",,,,,,,,,,,,,[],22.68227,113.813502
https://sz.lianjia.com/apartment/13926.html,,,望佑 · 西乡A店,"
望佑 · 西乡A店

          1580元/月起

",,,,,"['https://image1.ljcdn.com/rent-user-avatar/88611754-bd67-4ca9-84d8-cf19bb4685e4.1150x.jpg', 'https://s1.ljcdn.com/matrix_lianjia_pc/dist/pc/src/resource/default/1150-450.png?_v=201906280941017d9', 'https://s1.ljcdn.com/matrix_lianjia_pc/dist/pc/src/resource/default/1150-450.png?_v=201906280941017d9', 'https://s1.ljcdn.com/matrix_lianjia_pc/dist/pc/src/resource/default/1150-450.png?_v=201906280941017d9', 'https://s1.ljcdn.com/matrix_lianjia_pc/dist/pc/src/resource/default/1150-450.png?_v=201906280941017d9', 'https://s1.ljcdn.com/matrix_lianjia_pc/dist/pc/src/resource/default/1150-450.png?_v=201906280941017d9']",,,,,,,,,,,,,[],22.587053,113.869745
https://sz.lianjia.com/apartment/936.html,,,源寓 · 金地大科技园店,"
源寓 · 金地大科技园店

          1560元/月起

",,,,,"['https://image1.ljcdn.com/rent-user-avatar/2b45709b-cb04-47aa-800d-45ae373b2836.1150x.jpg', 'https://s1.ljcdn.com/matrix_lianjia_pc/dist/pc/src/resource/default/1150-450.png?_v=201906280941017d9', 'https://s1.ljcdn.com/matrix_lianjia_pc/dist/pc/src/resource/default/1150-450.png?_v=201906280941017d9', 'https://s1.ljcdn.com/matrix_lianjia_pc/dist/pc/src/resource/default/1150-450.png?_v=201906280941017d9', 'https://s1.ljcdn.com/matrix_lianjia_pc/dist/pc/src/resource/default/1150-450.png?_v=201906280941017d9']",,,,,,,,,,,,,[],22.687418,114.023258
https://sz.lianjia.com/apartment/18105.html,,,职业房东 · 杨美店,"
职业房东 · 杨美店

          1480元/月起

",,,,,"['https://image1.ljcdn.com/rent-user-avatar/c6e48d83-b62a-4ea1-bc77-9dd48e456b7c.1150x.jpg', 'https://s1.ljcdn.com/matrix_lianjia_pc/dist/pc/src/resource/default/1150-450.png?_v=201906280941017d9']",,,,,,,,,,,,,[],22.633778,114.085981
https://sz.lianjia.com/zufang/SZ2282522022372720640.html,宝安区,翻身,整租·宝海花园 1室0厅 东/东南/南,2180元/月 (月付价),整租,1室0厅1卫,25㎡,朝东 东南 南,"['https://image1.ljcdn.com/rent-user-avatar/03fc2fae-5c19-47fd-bf96-7463b28e927d.780x439.jpg', 'https://s1.ljcdn.com/matrix_lianjia_pc/dist/pc/src/resource/default/780-439.png?_v=201906280941017d9', 'https://s1.ljcdn.com/matrix_lianjia_pc/dist/pc/src/resource/default/780-439.png?_v=201906280941017d9', 'https://s1.ljcdn.com/matrix_lianjia_pc/dist/pc/src/resource/default/780-439.png?_v=201906280941017d9', 'https://s1.ljcdn.com/matrix_lianjia_pc/dist/pc/src/resource/default/780-439.png?_v=201906280941017d9', 'https://s1.ljcdn.com/matrix_lianjia_pc/dist/pc/src/resource/default/780-439.png?_v=201906280941017d9', 'https://s1.ljcdn.com/matrix_lianjia_pc/dist/pc/src/resource/default/780-439.png?_v=201906280941017d9', 'https://s1.ljcdn.com/matrix_lianjia_pc/dist/pc/src/resource/default/780-439.png?_v=201906280941017d9', 'https://s1.ljcdn.com/matrix_lianjia_pc/dist/pc/src/resource/default/780-439.png?_v=201906280941017d9']",10天前,随时入住,6~12个月,随时可看,2/7层,无,暂无数据,民水,民电,有,暂无数据,"['公寓', '月租', '精装', '押一付一', '随时看房']",[],22.563868,113.909281
https://sz.lianjia.com/apartment/9417.html,,,扬美德公寓 · 坂田市场大同店,"
扬美德公寓 · 坂田市场大同店

          2200元/月起

",,,,,"['https://image1.ljcdn.com/rent-user-avatar/3421b878-9aec-47f1-8ade-284f39d03c2d.1150x.jpg', 'https://s1.ljcdn.com/matrix_lianjia_pc/dist/pc/src/resource/default/1150-450.png?_v=201906280941017d9', 'https://s1.ljcdn.com/matrix_lianjia_pc/dist/pc/src/resource/default/1150-450.png?_v=201906280941017d9']",,,,,,,,,,,,,[],22.640859,114.06918
https://sz.lianjia.com/apartment/18229.html,,,职业房东 · 民治店,"
职业房东 · 民治店

          1680元/月起

",,,,,"['https://image1.ljcdn.com/rent-user-avatar/d742223c-d7f3-4622-9ecd-1c649f9f64bd.1150x.jpg', 'https://s1.ljcdn.com/matrix_lianjia_pc/dist/pc/src/resource/default/1150-450.png?_v=201906280941017d9']",,,,,,,,,,,,,[],22.625281,114.047643
https://sz.lianjia.com/apartment/4332.html,,,鼎城时尚公寓 · 共和花园店,"
鼎城时尚公寓 · 共和花园店

          1680元/月起

",,,,,"['https://image1.ljcdn.com/rent-user-avatar/2096aca3-3c3a-4137-b487-05081e660044.1150x.jpg', 'https://s1.ljcdn.com/matrix_lianjia_pc/dist/pc/src/resource/default/1150-450.png?_v=201906280941017d9', 'https://s1.ljcdn.com/matrix_lianjia_pc/dist/pc/src/resource/default/1150-450.png?_v=201906280941017d9']",,,,,,,,,,,,,[],22.654158,114.042766
https://sz.lianjia.com/apartment/7290.html,,,朗诗寓 · 松岗店,"
朗诗寓 · 松岗店

          1568元/月起

",,,,,"['https://image1.ljcdn.com/rent-user-avatar/a130ab87-568c-4618-9610-693fb9280bab.1150x.jpg', 'https://s1.ljcdn.com/matrix_lianjia_pc/dist/pc/src/resource/default/1150-450.png?_v=201906280941017d9', 'https://s1.ljcdn.com/matrix_lianjia_pc/dist/pc/src/resource/default/1150-450.png?_v=201906280941017d9', 'https://s1.ljcdn.com/matrix_lianjia_pc/dist/pc/src/resource/default/1150-450.png?_v=201906280941017d9', 'https://s1.ljcdn.com/matrix_lianjia_pc/dist/pc/src/resource/default/1150-450.png?_v=201906280941017d9', 'https://s1.ljcdn.com/matrix_lianjia_pc/dist/pc/src/resource/default/1150-450.png?_v=201906280941017d9', 'https://s1.ljcdn.com/matrix_lianjia_pc/dist/pc/src/resource/default/1150-450.png?_v=201906280941017d9', 'https://s1.ljcdn.com/matrix_lianjia_pc/dist/pc/src/resource/default/1150-450.png?_v=201906280941017d9']",,,,,,,,,,,,,[],22.747352,113.868387
https://sz.lianjia.com/zufang/SZ2252078677573771264.html,南山区,后海,合租·钜建大厦 4居室 南卧,2490元/月 (月付价),合租,4室1厅1卫,18㎡,朝南,"['https://image1.ljcdn.com/rent-user-avatar/794460bf-585c-4680-96b8-5e0ba9a164de.780x439.jpg', 'https://s1.ljcdn.com/matrix_lianjia_pc/dist/pc/src/resource/default/780-439.png?_v=201906280941017d9', 'https://s1.ljcdn.com/matrix_lianjia_pc/dist/pc/src/resource/default/780-439.png?_v=201906280941017d9', 'https://s1.ljcdn.com/matrix_lianjia_pc/dist/pc/src/resource/default/780-439.png?_v=201906280941017d9', 'https://s1.ljcdn.com/matrix_lianjia_pc/dist/pc/src/resource/default/780-439.png?_v=201906280941017d9', 'https://s1.ljcdn.com/matrix_lianjia_pc/dist/pc/src/resource/default/780-439.png?_v=201906280941017d9']",1个月前,随时入住,1年,随时可看,13/24层,有,暂无数据,民水,民电,有,暂无数据,"['公寓', '近地铁', '精装', '独立阳台', '押一付一', '随时看房']","['2号线(蛇口线) - 登良', '1010m']",22.517818,113.935806
