房源地址,行政区,位置,标题,租金,租赁方式,户型,面积,朝向,图片列表,发布时间,入住时间,租期,看房时间,楼层,电梯,车位,用水,用电,燃气,采暖,标签,station,latitude,longtitude
https://sz.lianjia.com/zufang/SZ2288818250156883968.html,南山区,南山中心,合租·时代骄子大厦 5居室 南卧,2300元/月 (月付价),合租,5室1厅2卫,15㎡,朝南,"['https://image1.ljcdn.com/rent-user-avatar/07573ca7-ef93-46c4-9c16-7d7993a5d056.780x439.jpg', 'https://s1.ljcdn.com/matrix_lianjia_pc/dist/pc/src/resource/default/780-439.png?_v=201906280941017d9', 'https://s1.ljcdn.com/matrix_lianjia_pc/dist/pc/src/resource/default/780-439.png?_v=201906280941017d9', 'https://s1.ljcdn.com/matrix_lianjia_pc/dist/pc/src/resource/default/780-439.png?_v=201906280941017d9', 'https://s1.ljcdn.com/matrix_lianjia_pc/dist/pc/src/resource/default/780-439.png?_v=201906280941017d9', 'https://s1.ljcdn.com/matrix_lianjia_pc/dist/pc/src/resource/default/780-439.png?_v=201906280941017d9']",1天前,随时入住,1~2年,随时可看,30/31层,有,暂无数据,民水,民电,有,暂无数据,"['公寓', '近地铁', '精装', '押一付一', '新上', '随时看房']","['1号线(罗宝线) - 桃园', '373m', '11号线 - 南山', '660m']",22.53457815499,113.9317947101
https://sz.lianjia.com/zufang/SZ2288888451329957888.html,龙华区,民治,整租·潜龙鑫茂花园C区 1室0厅 南,2200元/月 (月付价),整租,1室0厅1卫,30㎡,朝 南,"['https://image1.ljcdn.com/rent-user-avatar/05e74f26-b25b-423c-9215-e2b9ebd78456.780x439.jpg', 'https://s1.ljcdn.com/matrix_lianjia_pc/dist/pc/src/resource/default/780-439.png?_v=201906280941017d9', 'https://s1.ljcdn.com/matrix_lianjia_pc/dist/pc/src/resource/default/780-439.png?_v=201906280941017d9', 'https://s1.ljcdn.com/matrix_lianjia_pc/dist/pc/src/resource/default/780-439.png?_v=201906280941017d9']",1天前,随时入住,1年,随时可看,4/13层,有,暂无数据,民水,民电,有,暂无数据,"['公寓', '近地铁', '精装', '新上', '随时看房']","['5号线(环中线) - 民治', '1016m', '4号线(龙华线) - 白石龙', '1020m']",22.615069,114.048254
https://sz.lianjia.com/zufang/SZ2288895916855533568.html,龙岗区,布吉街,整租·德福花园 2室1厅 南,2600元/月 (月付价),整租,2室1厅1卫,50㎡,朝南,"['https://image1.ljcdn.com/rent-user-avatar/27229b72-c072-454a-97e5-a56f3a04deb1.780x439.jpg', 'https://s1.ljcdn.com/matrix_lianjia_pc/dist/pc/src/resource/default/780-439.png?_v=201906280941017d9', 'https://s1.ljcdn.com/matrix_lianjia_pc/dist/pc/src/resource/default/780-439.png?_v=201906280941017d9']",1天前,随时入住,6~24个月,随时可看,3/8层,无,暂无数据,民水,民电,有,暂无数据,"['公寓', '月租', '精装', '新上', '随时看房']",[],22.60101,114.113972
https://sz.lianjia.com/apartment/17916.html,,,西柚小镇 · 东边二店,"
西柚小镇 · 东边二店

          1600元/月起

",,,,,['https://image1.ljcdn.com/rent-user-avatar/c325751f-8830-4ea6-b07c-6ad4599911ed.1150x.jpg'],,,,,,,,,,,,,[],22.62519,114.045438
https://sz.lianjia.com/apartment/19372.html,,,安宏基·礼寓 · 民治叁店,"
安宏基·礼寓 · 民治叁店

          1780元/月起

",,,,,"['https://image1.ljcdn.com/rent-user-avatar/2d6056ce-dec7-4405-af7a-62f70e0c2f53.1150x.jpg', 'https://s1.ljcdn.com/matrix_lianjia_pc/dist/pc/src/resource/default/1150-450.png?_v=201906280941017d9', 'https://s1.ljcdn.com/matrix_lianjia_pc/dist/pc/src/resource/default/1150-450.png?_v=201906280941017d9', 'https://s1.ljcdn.com/matrix_lianjia_pc/dist/pc/src/resource/default/1150-450.png?_v=201906280941017d9', 'https://s1.ljcdn.com/matrix_lianjia_pc/dist/pc/src/resource/default/1150-450.png?_v=201906280941017d9', 'https://s1.ljcdn.com/matrix_lianjia_pc/dist/pc/src/resource/default/1150-450.png?_v=201906280941017d9', 'https://s1.ljcdn.com/matrix_lianjia_pc/dist/pc/src/resource/default/1150-450.png?_v=201906280941017d9', 'https://s1.ljcdn.com/matrix_lianjia_pc/dist/pc/src/resource/default/1150-450.png?_v=201906280941017d9']",,,,,,,,,,,,,[],22.639201,114.031535
https://sz.lianjia.com/zufang/SZ2289810709137334272.html,南山区,前海,合租·阳光棕榈园三期 5居室 南卧,2250元/月 (月付价),合租,5室1厅1卫,13㎡,朝南,"['https://image1.ljcdn.com/rent-user-avatar/151c5bb6-c231-4dce-8930-a68cae120069.780x439.jpg', 'https://s1.ljcdn.com/matrix_lianjia_pc/dist/pc/src/resource/default/780-439.png?_v=201906280941017d9', 'https://s1.ljcdn.com/matrix_lianjia_pc/dist/pc/src/resource/default/780-439.png?_v=201906280941017d9', 'https://s1.ljcdn.com/matrix_lianjia_pc/dist/pc/src/resource/default/780-439.png?_v=201906280941017d9', 'https://s1.ljcdn.com/matrix_lianjia_pc/dist/pc/src/resource/default/780-439.png?_v=201906280941017d9', 'https://s1.ljcdn.com/matrix_lianjia_pc/dist/pc/src/resource/default/780-439.png?_v=201906280941017d9', 'https://s1.ljcdn.com/matrix_lianjia_pc/dist/pc/src/resource/default/780-439.png?_v=201906280941017d9', 'https://s1.ljcdn.com/matrix_lianjia_pc/dist/pc/src/resource/default/780-439.png?_v=201906280941017d9', 'https://s1.ljcdn.com/matrix_lianjia_pc/dist/pc/src/resource/default/780-439.png?_v=201906280941017d9', 'https://s1.ljcdn.com/matrix_lianjia_pc/dist/pc/src/resource/default/780-439.png?_v=201906280941017d9', 'https://s1.ljcdn.com/matrix_lianjia_pc/dist/pc/src/resource/default/780-439.png?_v=201906280941017d9', 'https://s1.ljcdn.com/matrix_lianjia_pc/dist/pc/src/resource/default/780-439.png?_v=201906280941017d9']",今天,随时入住,1年,随时可看,4/11层,有,暂无数据,民水,民电,有,暂无数据,"['公寓', '近地铁', '精装', '押一付一', '新上', '随时看房']","['1号线(罗宝线) - 大新', '947m']",22.532260019145,113.91788217052
https://sz.lianjia.com/zufang/SZ2289825800066695168.html,南山区,南山中心,合租·现代城华庭 5居室 南卧,2250元/月 (月付价),合租,5室1厅1卫,12㎡,朝南,"['https://image1.ljcdn.com/rent-user-avatar/4c41e8e4-afb9-4e20-b1fd-8c1df19df4d0.780x439.jpg', 'https://s1.ljcdn.com/matrix_lianjia_pc/dist/pc/src/resource/default/780-439.png?_v=201906280941017d9', 'https://s1.ljcdn.com/matrix_lianjia_pc/dist/pc/src/resource/default/780-439.png?_v=201906280941017d9', 'https://s1.ljcdn.com/matrix_lianjia_pc/dist/pc/src/resource/default/780-439.png?_v=201906280941017d9', 'https://s1.ljcdn.com/matrix_lianjia_pc/dist/pc/src/resource/default/780-439.png?_v=201906280941017d9', 'https://s1.ljcdn.com/matrix_lianjia_pc/dist/pc/src/resource/default/780-439.png?_v=201906280941017d9', 'https://s1.ljcdn.com/matrix_lianjia_pc/dist/pc/src/resource/default/780-439.png?_v=201906280941017d9', 'https://s1.ljcdn.com/matrix_lianjia_pc/dist/pc/src/resource/default/780-439.png?_v=201906280941017d9']",今天,随时入住,1年,随时可看,31/33层,有,暂无数据,民水,民电,有,暂无数据,"['公寓', '近地铁', '精装', '押一付一', '新上', '随时看房']","['11号线 - 南山', '1076m']",22.522907302929,113.9312305568
https://sz.lianjia.com/apartment/13926.html,,,望佑 · 西乡A店,"
望佑 · 西乡A店

          1580元/月起

",,,,,"['https://image1.ljcdn.com/rent-user-avatar/88611754-bd67-4ca9-84d8-cf19bb4685e4.1150x.jpg', 'https://s1.ljcdn.com/matrix_lianjia_pc/dist/pc/src/resource/default/1150-450.png?_v=201906280941017d9', 'https://s1.ljcdn.com/matrix_lianjia_pc/dist/pc/src/resource/default/1150-450.png?_v=201906280941017d9', 'https://s1.ljcdn.com/matrix_lianjia_pc/dist/pc/src/resource/default/1150-450.png?_v=201906280941017d9', 'https://s1.ljcdn.com/matrix_lianjia_pc/dist/pc/src/resource/default/1150-450.png?_v=201906280941017d9', 'https://s1.ljcdn.com/matrix_lianjia_pc/dist/pc/src/resource/default/1150-450.png?_v=201906280941017d9']",,,,,,,,,,,,,[],22.587053,113.869745
https://sz.lianjia.com/zufang/SZ2289622544522674176.html,南山区,前海,合租·前海花园 4居室 南卧,2060元/月 (月付价),合租,4室1厅1卫,9㎡,朝南,"['https://image1.ljcdn.com/rent-user-avatar/0129b220-f325-4db6-b8ad-364c0b4341b5.780x439.jpg', 'https://s1.ljcdn.com/matrix_lianjia_pc/dist/pc/src/resource/default/780-439.png?_v=201906280941017d9', 'https://s1.ljcdn.com/matrix_lianjia_pc/dist/pc/src/resource/default/780-439.png?_v=201906280941017d9', 'https://s1.ljcdn.com/matrix_lianjia_pc/dist/pc/src/resource/default/780-439.png?_v=201906280941017d9', 'https://s1.ljcdn.com/matrix_lianjia_pc/dist/pc/src/resource/default/780-439.png?_v=201906280941017d9', 'https://s1.ljcdn.com/matrix_lianjia_pc/dist/pc/src/resource/default/780-439.png?_v=201906280941017d9', 'https://s1.ljcdn.com/matrix_lianjia_pc/dist/pc/src/resource/default/780-439.png?_v=201906280941017d9', 'https://s1.ljcdn.com/matrix_lianjia_pc/dist/pc/src/resource/default/780-439.png?_v=201906280941017d9', 'https://s1.ljcdn.com/matrix_lianjia_pc/dist/pc/src/resource/default/780-439.png?_v=201906280941017d9']",今天,随时入住,1~2年,随时可看,2/7层,无,暂无数据,民水,民电,有,暂无数据,"['公寓', '近地铁', '精装', '押一付一', '新上', '随时看房']","['1号线(罗宝线) - 大新', '426m']",22.540014,113.920167
https://sz.lianjia.com/apartment/18148.html,,,陆居公寓 · 杨美店,"
陆居公寓 · 杨美店

          1600元/月起

",,,,,"['https://image1.ljcdn.com/rent-user-avatar/5a6421cc-cf3e-45a0-99eb-60e60dd17084.1150x.jpg', 'https://s1.ljcdn.com/matrix_lianjia_pc/dist/pc/src/resource/default/1150-450.png?_v=201906280941017d9']",,,,,,,,,,,,,[],22.6323,114.087485
https://sz.lianjia.com/apartment/19372.html,,,安宏基·礼寓 · 民治叁店,"
安宏基·礼寓 · 民治叁店

          1780元/月起

",,,,,"['https://image1.ljcdn.com/rent-user-avatar/2d6056ce-dec7-4405-af7a-62f70e0c2f53.1150x.jpg', 'https://s1.ljcdn.com/matrix_lianjia_pc/dist/pc/src/resource/default/1150-450.png?_v=201906280941017d9', 'https://s1.ljcdn.com/matrix_lianjia_pc/dist/pc/src/resource/default/1150-450.png?_v=201906280941017d9', 'https://s1.ljcdn.com/matrix_lianjia_pc/dist/pc/src/resource/default/1150-450.png?_v=201906280941017d9', 'https://s1.ljcdn.com/matrix_lianjia_pc/dist/pc/src/resource/default/1150-450.png?_v=201906280941017d9', 'https://s1.ljcdn.com/matrix_lianjia_pc/dist/pc/src/resource/default/1150-450.png?_v=201906280941017d9', 'https://s1.ljcdn.com/matrix_lianjia_pc/dist/pc/src/resource/default/1150-450.png?_v=201906280941017d9', 'https://s1.ljcdn.com/matrix_lianjia_pc/dist/pc/src/resource/default/1150-450.png?_v=201906280941017d9']",,,,,,,,,,,,,[],22.639201,114.031535
https://sz.lianjia.com/apartment/18145.html,,,陆居公寓 · 五和店,"
陆居公寓 · 五和店

          1580元/月起

",,,,,"['https://image1.ljcdn.com/rent-user-avatar/61b3824d-09f7-4e14-95da-c7e0ac972f4c.1150x.jpg', 'https://s1.ljcdn.com/matrix_lianjia_pc/dist/pc/src/resource/default/1150-450.png?_v=201906280941017d9']",,,,,,,,,,,,,[],22.633734,114.065868
https://sz.lianjia.com/zufang/SZ2290000196694196224.html,宝安区,翻身,整租·富怡花园 1室0厅 东南/南,2080元/月 (月付价),整租,1室0厅1卫,25㎡,朝东南 南,"['https://image1.ljcdn.com/rent-user-avatar/24bc1a3c-0fd1-4907-8670-e29c42d838e6.780x439.jpg', 'https://s1.ljcdn.com/matrix_lianjia_pc/dist/pc/src/resource/default/780-439.png?_v=201906280941017d9', 'https://s1.ljcdn.com/matrix_lianjia_pc/dist/pc/src/resource/default/780-439.png?_v=201906280941017d9', 'https://s1.ljcdn.com/matrix_lianjia_pc/dist/pc/src/resource/default/780-439.png?_v=201906280941017d9', 'https://s1.ljcdn.com/matrix_lianjia_pc/dist/pc/src/resource/default/780-439.png?_v=201906280941017d9', 'https://s1.ljcdn.com/matrix_lianjia_pc/dist/pc/src/resource/default/780-439.png?_v=201906280941017d9', 'https://s1.ljcdn.com/matrix_lianjia_pc/dist/pc/src/resource/default/780-439.png?_v=201906280941017d9', 'https://s1.ljcdn.com/matrix_lianjia_pc/dist/pc/src/resource/default/780-439.png?_v=201906280941017d9', 'https://s1.ljcdn.com/matrix_lianjia_pc/dist/pc/src/resource/default/780-439.png?_v=201906280941017d9']",今天,随时入住,6~12个月,随时可看,4/10层,无,暂无数据,民水,民电,有,暂无数据,"['公寓', '月租', '近地铁', '精装', '新上', '随时看房']","['5号线(环中线) - 翻身', '796m']",22.56614256638,113.90590343433
https://sz.lianjia.com/zufang/SZ2284813844008681472.html,宝安区,翻身,整租·宝海花园 1室1厅 东/南,2680元/月 (月付价),整租,1室1厅1卫,40㎡,朝东 南,"['https://image1.ljcdn.com/rent-user-avatar/0b9937b9-0728-4e0b-9b14-a53d9ecb159f.780x439.jpg', 'https://s1.ljcdn.com/matrix_lianjia_pc/dist/pc/src/resource/default/780-439.png?_v=201906280941017d9', 'https://s1.ljcdn.com/matrix_lianjia_pc/dist/pc/src/resource/default/780-439.png?_v=201906280941017d9', 'https://s1.ljcdn.com/matrix_lianjia_pc/dist/pc/src/resource/default/780-439.png?_v=201906280941017d9', 'https://s1.ljcdn.com/matrix_lianjia_pc/dist/pc/src/resource/default/780-439.png?_v=201906280941017d9', 'https://s1.ljcdn.com/matrix_lianjia_pc/dist/pc/src/resource/default/780-439.png?_v=201906280941017d9', 'https://s1.ljcdn.com/matrix_lianjia_pc/dist/pc/src/resource/default/780-439.png?_v=201906280941017d9', 'https://s1.ljcdn.com/matrix_lianjia_pc/dist/pc/src/resource/default/780-439.png?_v=201906280941017d9', 'https://s1.ljcdn.com/matrix_lianjia_pc/dist/pc/src/resource/default/780-439.png?_v=201906280941017d9', 'https://s1.ljcdn.com/matrix_lianjia_pc/dist/pc/src/resource/default/780-439.png?_v=201906280941017d9']",7天前,随时入住,6~12个月,随时可看,2/8层,无,暂无数据,民水,民电,有,暂无数据,"['公寓', '月租', '随时看房']",[],22.563434815212,113.90882846009
https://sz.lianjia.com/zufang/SZ2289999416251392000.html,宝安区,翻身,整租·富怡花园 1室1厅 东/南,2780元/月 (月付价),整租,1室1厅1卫,50㎡,朝东 南,"['https://image1.ljcdn.com/rent-user-avatar/b824f93b-a6d9-431a-9d32-3325f21cec6d.780x439.jpg', 'https://s1.ljcdn.com/matrix_lianjia_pc/dist/pc/src/resource/default/780-439.png?_v=201906280941017d9', 'https://s1.ljcdn.com/matrix_lianjia_pc/dist/pc/src/resource/default/780-439.png?_v=201906280941017d9', 'https://s1.ljcdn.com/matrix_lianjia_pc/dist/pc/src/resource/default/780-439.png?_v=201906280941017d9', 'https://s1.ljcdn.com/matrix_lianjia_pc/dist/pc/src/resource/default/780-439.png?_v=201906280941017d9', 'https://s1.ljcdn.com/matrix_lianjia_pc/dist/pc/src/resource/default/780-439.png?_v=201906280941017d9', 'https://s1.ljcdn.com/matrix_lianjia_pc/dist/pc/src/resource/default/780-439.png?_v=201906280941017d9', 'https://s1.ljcdn.com/matrix_lianjia_pc/dist/pc/src/resource/default/780-439.png?_v=201906280941017d9', 'https://s1.ljcdn.com/matrix_lianjia_pc/dist/pc/src/resource/default/780-439.png?_v=201906280941017d9']",今天,随时入住,6~12个月,随时可看,7/10层,无,暂无数据,民水,民电,有,暂无数据,"['公寓', '月租', '近地铁', '精装', '新上', '随时看房']","['5号线(环中线) - 翻身', '784m']",22.565993518603,113.90567608918
https://sz.lianjia.com/zufang/SZ2289841613969047552.html,南山区,蛇口,合租·文卫楼 5居室 南卧,2250元/月 (月付价),合租,5室1厅1卫,16㎡,朝南,"['https://image1.ljcdn.com/rent-user-avatar/15a85aeb-f89d-426f-8b69-7b112a94b45c.780x439.jpg', 'https://s1.ljcdn.com/matrix_lianjia_pc/dist/pc/src/resource/default/780-439.png?_v=201906280941017d9', 'https://s1.ljcdn.com/matrix_lianjia_pc/dist/pc/src/resource/default/780-439.png?_v=201906280941017d9', 'https://s1.ljcdn.com/matrix_lianjia_pc/dist/pc/src/resource/default/780-439.png?_v=201906280941017d9', 'https://s1.ljcdn.com/matrix_lianjia_pc/dist/pc/src/resource/default/780-439.png?_v=201906280941017d9', 'https://s1.ljcdn.com/matrix_lianjia_pc/dist/pc/src/resource/default/780-439.png?_v=201906280941017d9', 'https://s1.ljcdn.com/matrix_lianjia_pc/dist/pc/src/resource/default/780-439.png?_v=201906280941017d9', 'https://s1.ljcdn.com/matrix_lianjia_pc/dist/pc/src/resource/default/780-439.png?_v=201906280941017d9']",今天,随时入住,1年,随时可看,7/7层,暂无数据,暂无数据,民水,民电,无,暂无数据,"['公寓', '近地铁', '精装', '押一付一', '新上', '随时看房']","['2号线(蛇口线) - 东角头', '282m']",22.493964,113.936886
