房源地址,行政区,位置,标题,租金,租赁方式,户型,面积,朝向,图片列表,发布时间,入住时间,租期,看房时间,楼层,电梯,车位,用水,用电,燃气,采暖,标签,station,latitude,longtitude
https://sz.lianjia.com/apartment/4349.html,,,深圳居无忧公寓 · 面前岭8号店,"
深圳居无忧公寓 · 面前岭8号店

          800元/月起

",,,,,['https://image1.ljcdn.com/rent-user-avatar/722164b6-1907-4983-a91e-9006ec2f75ed.1150x.jpg'],,,,,,,,,,,,,[],22.657928,114.204167
https://sz.lianjia.com/apartment/17345.html,,,壹家公寓 · 沙井八分店,"
壹家公寓 · 沙井八分店

          900元/月起

",,,,,['https://image1.ljcdn.com/rent-user-avatar/0d7a0fc8-5cf0-4540-93d3-ca9e47247515.1150x.jpg'],,,,,,,,,,,,,[],22.729494,113.829022
https://sz.lianjia.com/apartment/8089.html,,,爱尚居公寓 · 合水口分店,"
爱尚居公寓 · 合水口分店

          980元/月起

",,,,,"['https://image1.ljcdn.com/rent-user-avatar/26b7b800-2725-460f-abb9-c510b6ab97cd.1150x.jpg', 'https://s1.ljcdn.com/matrix_lianjia_pc/dist/pc/src/resource/default/1150-450.png?_v=201906280941017d9', 'https://s1.ljcdn.com/matrix_lianjia_pc/dist/pc/src/resource/default/1150-450.png?_v=201906280941017d9', 'https://s1.ljcdn.com/matrix_lianjia_pc/dist/pc/src/resource/default/1150-450.png?_v=201906280941017d9']",,,,,,,,,,,,,[],22.790826,113.888963
https://sz.lianjia.com/apartment/5111.html,,,职业房东 · 梦之湾公寓,"
职业房东 · 梦之湾公寓

          980元/月起

",,,,,"['https://image1.ljcdn.com/rent-user-avatar/9906de88-a241-4188-bf61-cbba18c65d50.1150x.jpg', 'https://s1.ljcdn.com/matrix_lianjia_pc/dist/pc/src/resource/default/1150-450.png?_v=201906280941017d9', 'https://s1.ljcdn.com/matrix_lianjia_pc/dist/pc/src/resource/default/1150-450.png?_v=201906280941017d9']",,,,,,,,,,,,,[],22.708168,113.838938
https://sz.lianjia.com/apartment/7746.html,,,职业房东 · 燕寓空间  松岗店,"
职业房东 · 燕寓空间  松岗店

          900元/月起

",,,,,"['https://image1.ljcdn.com/rent-user-avatar/34189ff9-c3c8-4682-a866-b7cc2cdc240f.1150x.jpg', 'https://s1.ljcdn.com/matrix_lianjia_pc/dist/pc/src/resource/default/1150-450.png?_v=201906280941017d9', 'https://s1.ljcdn.com/matrix_lianjia_pc/dist/pc/src/resource/default/1150-450.png?_v=201906280941017d9']",,,,,,,,,,,,,[],22.815579,113.876509
https://sz.lianjia.com/apartment/7047.html,,,职业房东 · 瑞合公寓 罗瑞合二店,"
职业房东 · 瑞合公寓 罗瑞合二店

          880元/月起

",,,,,['https://image1.ljcdn.com/rent-user-avatar/97cbaa39-86c9-4cfd-bf5c-f65f9f5f48e7.1150x.jpg'],,,,,,,,,,,,,[],22.728764,114.26959
https://sz.lianjia.com/apartment/12716.html,,,壹家公寓 · 福永九分店,"
壹家公寓 · 福永九分店

          800元/月起

",,,,,['https://image1.ljcdn.com/rent-user-avatar/d56e3dcb-aa92-4fe1-80c1-4207f2e6cc52.1150x.jpg'],,,,,,,,,,,,,[],22.712717,113.816594
https://sz.lianjia.com/apartment/4146.html,,,职业房东 · 塘上湾公寓,"
职业房东 · 塘上湾公寓

          600元/月起

",,,,,"['https://image1.ljcdn.com/rent-user-avatar/0b5fcbf5-df45-410a-909e-7234ba9ae7fe.1150x.jpg', 'https://s1.ljcdn.com/matrix_lianjia_pc/dist/pc/src/resource/default/1150-450.png?_v=201906280941017d9', 'https://s1.ljcdn.com/matrix_lianjia_pc/dist/pc/src/resource/default/1150-450.png?_v=201906280941017d9', 'https://s1.ljcdn.com/matrix_lianjia_pc/dist/pc/src/resource/default/1150-450.png?_v=201906280941017d9', 'https://s1.ljcdn.com/matrix_lianjia_pc/dist/pc/src/resource/default/1150-450.png?_v=201906280941017d9']",,,,,,,,,,,,,[],22.710588,114.316842
https://sz.lianjia.com/apartment/3493.html,,,南巢公寓 · 永湖店,"
南巢公寓 · 永湖店

          650元/月起

",,,,,"['https://image1.ljcdn.com/rent-user-avatar/ecad9e87-5c41-4275-ad37-6cc735347609.1150x.jpg', 'https://s1.ljcdn.com/matrix_lianjia_pc/dist/pc/src/resource/default/1150-450.png?_v=201906280941017d9', 'https://s1.ljcdn.com/matrix_lianjia_pc/dist/pc/src/resource/default/1150-450.png?_v=201906280941017d9', 'https://s1.ljcdn.com/matrix_lianjia_pc/dist/pc/src/resource/default/1150-450.png?_v=201906280941017d9', 'https://s1.ljcdn.com/matrix_lianjia_pc/dist/pc/src/resource/default/1150-450.png?_v=201906280941017d9', 'https://s1.ljcdn.com/matrix_lianjia_pc/dist/pc/src/resource/default/1150-450.png?_v=201906280941017d9']",,,,,,,,,,,,,[],22.665863,114.221793
https://sz.lianjia.com/apartment/9563.html,,,职业房东 · 公寓,"
职业房东 · 公寓

          750元/月起

",,,,,"['https://image1.ljcdn.com/rent-user-avatar/857f5068-3ab5-4c40-89bc-f58ce97cac8f.1150x.jpg', 'https://s1.ljcdn.com/matrix_lianjia_pc/dist/pc/src/resource/default/1150-450.png?_v=201906280941017d9', 'https://s1.ljcdn.com/matrix_lianjia_pc/dist/pc/src/resource/default/1150-450.png?_v=201906280941017d9', 'https://s1.ljcdn.com/matrix_lianjia_pc/dist/pc/src/resource/default/1150-450.png?_v=201906280941017d9', 'https://s1.ljcdn.com/matrix_lianjia_pc/dist/pc/src/resource/default/1150-450.png?_v=201906280941017d9', 'https://s1.ljcdn.com/matrix_lianjia_pc/dist/pc/src/resource/default/1150-450.png?_v=201906280941017d9', 'https://s1.ljcdn.com/matrix_lianjia_pc/dist/pc/src/resource/default/1150-450.png?_v=201906280941017d9', 'https://s1.ljcdn.com/matrix_lianjia_pc/dist/pc/src/resource/default/1150-450.png?_v=201906280941017d9', 'https://s1.ljcdn.com/matrix_lianjia_pc/dist/pc/src/resource/default/1150-450.png?_v=201906280941017d9', 'https://s1.ljcdn.com/matrix_lianjia_pc/dist/pc/src/resource/default/1150-450.png?_v=201906280941017d9']",,,,,,,,,,,,,[],22.635518,114.164776
https://sz.lianjia.com/apartment/7847.html,,,职业房东 · 爱联新屯店,"
职业房东 · 爱联新屯店

          850元/月起

",,,,,"['https://image1.ljcdn.com/rent-user-avatar/4397b52b-ccec-48b1-9667-d61ad6d725c8.1150x.jpg', 'https://s1.ljcdn.com/matrix_lianjia_pc/dist/pc/src/resource/default/1150-450.png?_v=201906280941017d9']",,,,,,,,,,,,,[],22.702447,114.248112
https://sz.lianjia.com/apartment/18355.html,,,壹家公寓 · 沙井九分店,"
壹家公寓 · 沙井九分店

          980元/月起

",,,,,"['https://image1.ljcdn.com/rent-user-avatar/e6c1d2f2-05aa-436d-aa21-4fcc146c5e16.1150x.jpg', 'https://s1.ljcdn.com/matrix_lianjia_pc/dist/pc/src/resource/default/1150-450.png?_v=201906280941017d9', 'https://s1.ljcdn.com/matrix_lianjia_pc/dist/pc/src/resource/default/1150-450.png?_v=201906280941017d9']",,,,,,,,,,,,,[],22.723347,113.823258
https://sz.lianjia.com/apartment/8494.html,,,职业房东 · 雅韵公寓  塘尾新源11号店,"
职业房东 · 雅韵公寓  塘尾新源11号店

          800元/月起

",,,,,['https://image1.ljcdn.com/rent-user-avatar/929525f8-1225-4d62-9fc6-471ebf5f1d11.1150x.jpg'],,,,,,,,,,,,,[],22.705919,113.815703
https://sz.lianjia.com/apartment/724.html,,,壹家公寓 · 福永六分店,"
壹家公寓 · 福永六分店

          800元/月起

",,,,,"['https://image1.ljcdn.com/rent-user-avatar/df595f63-3115-4121-8464-83bb181712eb.1150x.jpg', 'https://s1.ljcdn.com/matrix_lianjia_pc/dist/pc/src/resource/default/1150-450.png?_v=201906280941017d9', 'https://s1.ljcdn.com/matrix_lianjia_pc/dist/pc/src/resource/default/1150-450.png?_v=201906280941017d9', 'https://s1.ljcdn.com/matrix_lianjia_pc/dist/pc/src/resource/default/1150-450.png?_v=201906280941017d9']",,,,,,,,,,,,,[],22.681606,113.80186
https://sz.lianjia.com/apartment/3757.html,,,峻诚公寓 · 同乐店,"
峻诚公寓 · 同乐店

          900元/月起

",,,,,"['https://image1.ljcdn.com/rent-user-avatar/4835b7d7-0538-4daf-9533-b6f4fd3f9a20.1150x.jpg', 'https://s1.ljcdn.com/matrix_lianjia_pc/dist/pc/src/resource/default/1150-450.png?_v=201906280941017d9', 'https://s1.ljcdn.com/matrix_lianjia_pc/dist/pc/src/resource/default/1150-450.png?_v=201906280941017d9', 'https://s1.ljcdn.com/matrix_lianjia_pc/dist/pc/src/resource/default/1150-450.png?_v=201906280941017d9', 'https://s1.ljcdn.com/matrix_lianjia_pc/dist/pc/src/resource/default/1150-450.png?_v=201906280941017d9', 'https://s1.ljcdn.com/matrix_lianjia_pc/dist/pc/src/resource/default/1150-450.png?_v=201906280941017d9', 'https://s1.ljcdn.com/matrix_lianjia_pc/dist/pc/src/resource/default/1150-450.png?_v=201906280941017d9', 'https://s1.ljcdn.com/matrix_lianjia_pc/dist/pc/src/resource/default/1150-450.png?_v=201906280941017d9']",,,,,,,,,,,,,[],22.718574,114.321476
https://sz.lianjia.com/apartment/11076.html,,,尚驿时代青年公寓 · 别墅A区10栋,"
尚驿时代青年公寓 · 别墅A区10栋

          680元/月起

",,,,,"['https://image1.ljcdn.com/rent-user-avatar/cac2791b-c646-47af-9156-3466d449c38d.1150x.jpg', 'https://s1.ljcdn.com/matrix_lianjia_pc/dist/pc/src/resource/default/1150-450.png?_v=201906280941017d9', 'https://s1.ljcdn.com/matrix_lianjia_pc/dist/pc/src/resource/default/1150-450.png?_v=201906280941017d9', 'https://s1.ljcdn.com/matrix_lianjia_pc/dist/pc/src/resource/default/1150-450.png?_v=201906280941017d9', 'https://s1.ljcdn.com/matrix_lianjia_pc/dist/pc/src/resource/default/1150-450.png?_v=201906280941017d9', 'https://s1.ljcdn.com/matrix_lianjia_pc/dist/pc/src/resource/default/1150-450.png?_v=201906280941017d9', 'https://s1.ljcdn.com/matrix_lianjia_pc/dist/pc/src/resource/default/1150-450.png?_v=201906280941017d9']",,,,,,,,,,,,,[],22.699255,113.947684
https://sz.lianjia.com/apartment/17142.html,,,万科泊寓 · 福永芳华公社,"
万科泊寓 · 福永芳华公社

          816元/月起

",,,,,"['https://image1.ljcdn.com/rent-user-avatar/1e238fd8-5029-4fd1-9280-29871ae08a4d.1150x.jpg', 'https://s1.ljcdn.com/matrix_lianjia_pc/dist/pc/src/resource/default/1150-450.png?_v=201906280941017d9', 'https://s1.ljcdn.com/matrix_lianjia_pc/dist/pc/src/resource/default/1150-450.png?_v=201906280941017d9']",,,,,,,,,,,,,[],22.674957,113.825288
https://sz.lianjia.com/apartment/4146.html,,,职业房东 · 塘上湾公寓,"
职业房东 · 塘上湾公寓

          600元/月起

",,,,,"['https://image1.ljcdn.com/rent-user-avatar/0b5fcbf5-df45-410a-909e-7234ba9ae7fe.1150x.jpg', 'https://s1.ljcdn.com/matrix_lianjia_pc/dist/pc/src/resource/default/1150-450.png?_v=201906280941017d9', 'https://s1.ljcdn.com/matrix_lianjia_pc/dist/pc/src/resource/default/1150-450.png?_v=201906280941017d9', 'https://s1.ljcdn.com/matrix_lianjia_pc/dist/pc/src/resource/default/1150-450.png?_v=201906280941017d9', 'https://s1.ljcdn.com/matrix_lianjia_pc/dist/pc/src/resource/default/1150-450.png?_v=201906280941017d9']",,,,,,,,,,,,,[],22.710588,114.316842
https://sz.lianjia.com/apartment/11077.html,,,尚驿时代青年公寓 · 别墅B区5栋,"
尚驿时代青年公寓 · 别墅B区5栋

          1000元/月起

",,,,,"['https://image1.ljcdn.com/rent-user-avatar/7c4f8c34-6f12-4959-820e-4c5b335eb1a7.1150x.jpg', 'https://s1.ljcdn.com/matrix_lianjia_pc/dist/pc/src/resource/default/1150-450.png?_v=201906280941017d9', 'https://s1.ljcdn.com/matrix_lianjia_pc/dist/pc/src/resource/default/1150-450.png?_v=201906280941017d9', 'https://s1.ljcdn.com/matrix_lianjia_pc/dist/pc/src/resource/default/1150-450.png?_v=201906280941017d9', 'https://s1.ljcdn.com/matrix_lianjia_pc/dist/pc/src/resource/default/1150-450.png?_v=201906280941017d9', 'https://s1.ljcdn.com/matrix_lianjia_pc/dist/pc/src/resource/default/1150-450.png?_v=201906280941017d9']",,,,,,,,,,,,,[],22.699566,113.947588
https://sz.lianjia.com/apartment/17142.html,,,万科泊寓 · 福永芳华公社,"
万科泊寓 · 福永芳华公社

          816元/月起

",,,,,"['https://image1.ljcdn.com/rent-user-avatar/1e238fd8-5029-4fd1-9280-29871ae08a4d.1150x.jpg', 'https://s1.ljcdn.com/matrix_lianjia_pc/dist/pc/src/resource/default/1150-450.png?_v=201906280941017d9', 'https://s1.ljcdn.com/matrix_lianjia_pc/dist/pc/src/resource/default/1150-450.png?_v=201906280941017d9']",,,,,,,,,,,,,[],22.674957,113.825288
https://sz.lianjia.com/apartment/8494.html,,,职业房东 · 雅韵公寓  塘尾新源11号店,"
职业房东 · 雅韵公寓  塘尾新源11号店

          800元/月起

",,,,,['https://image1.ljcdn.com/rent-user-avatar/929525f8-1225-4d62-9fc6-471ebf5f1d11.1150x.jpg'],,,,,,,,,,,,,[],22.705919,113.815703
https://sz.lianjia.com/apartment/14153.html,,,职业房东 · 领潮公寓,"
职业房东 · 领潮公寓

          650元/月起

",,,,,['https://image1.ljcdn.com/rent-user-avatar/88cf9eb6-13e6-45d6-a95f-3316f8f570dc.1150x.jpg'],,,,,,,,,,,,,[],22.783532,113.837373
https://sz.lianjia.com/apartment/12014.html,,,深圳居无忧公寓 · 龙西中路店,"
深圳居无忧公寓 · 龙西中路店

          950元/月起

",,,,,"['https://image1.ljcdn.com/rent-user-avatar/918ec3f4-d95d-48a9-b6cb-30a1f22adb94.1150x.jpg', 'https://s1.ljcdn.com/matrix_lianjia_pc/dist/pc/src/resource/default/1150-450.png?_v=201906280941017d9', 'https://s1.ljcdn.com/matrix_lianjia_pc/dist/pc/src/resource/default/1150-450.png?_v=201906280941017d9']",,,,,,,,,,,,,[],22.750304,114.256016
https://sz.lianjia.com/apartment/9065.html,,,名邑公寓 · 福永店,"
名邑公寓 · 福永店

          850元/月起

",,,,,"['https://image1.ljcdn.com/rent-user-avatar/1908f7f0-b3d3-4b88-be24-447390a9f090.1150x.jpg', 'https://s1.ljcdn.com/matrix_lianjia_pc/dist/pc/src/resource/default/1150-450.png?_v=201906280941017d9', 'https://s1.ljcdn.com/matrix_lianjia_pc/dist/pc/src/resource/default/1150-450.png?_v=201906280941017d9', 'https://s1.ljcdn.com/matrix_lianjia_pc/dist/pc/src/resource/default/1150-450.png?_v=201906280941017d9', 'https://s1.ljcdn.com/matrix_lianjia_pc/dist/pc/src/resource/default/1150-450.png?_v=201906280941017d9', 'https://s1.ljcdn.com/matrix_lianjia_pc/dist/pc/src/resource/default/1150-450.png?_v=201906280941017d9', 'https://s1.ljcdn.com/matrix_lianjia_pc/dist/pc/src/resource/default/1150-450.png?_v=201906280941017d9', 'https://s1.ljcdn.com/matrix_lianjia_pc/dist/pc/src/resource/default/1150-450.png?_v=201906280941017d9']",,,,,,,,,,,,,[],22.67401,113.809456
https://sz.lianjia.com/apartment/4263.html,,,爱尚居公寓 · 合水口总店,"
爱尚居公寓 · 合水口总店

          688元/月起

",,,,,['https://image1.ljcdn.com/rent-user-avatar/c085b23d-4207-477d-8d05-7185f417ba68.1150x.jpg'],,,,,,,,,,,,,[],22.791129,113.887994
https://sz.lianjia.com/apartment/4586.html,,,职业房东 · 永湖地铁站店,"
职业房东 · 永湖地铁站店

          800元/月起

",,,,,"['https://image1.ljcdn.com/rent-user-avatar/00435e9e-075c-4e31-a25d-90fdfb51c446.1150x.jpg', 'https://s1.ljcdn.com/matrix_lianjia_pc/dist/pc/src/resource/default/1150-450.png?_v=201906280941017d9', 'https://s1.ljcdn.com/matrix_lianjia_pc/dist/pc/src/resource/default/1150-450.png?_v=201906280941017d9', 'https://s1.ljcdn.com/matrix_lianjia_pc/dist/pc/src/resource/default/1150-450.png?_v=201906280941017d9', 'https://s1.ljcdn.com/matrix_lianjia_pc/dist/pc/src/resource/default/1150-450.png?_v=201906280941017d9', 'https://s1.ljcdn.com/matrix_lianjia_pc/dist/pc/src/resource/default/1150-450.png?_v=201906280941017d9', 'https://s1.ljcdn.com/matrix_lianjia_pc/dist/pc/src/resource/default/1150-450.png?_v=201906280941017d9']",,,,,,,,,,,,,[],22.664371,114.221674
https://sz.lianjia.com/apartment/1973.html,,,张优公寓 · 塘尾店,"
张优公寓 · 塘尾店

          650元/月起

",,,,,"['https://image1.ljcdn.com/rent-user-avatar/7c5fa096-5169-4839-a957-0ee51f73ce7b.1150x.jpg', 'https://s1.ljcdn.com/matrix_lianjia_pc/dist/pc/src/resource/default/1150-450.png?_v=201906280941017d9', 'https://s1.ljcdn.com/matrix_lianjia_pc/dist/pc/src/resource/default/1150-450.png?_v=201906280941017d9', 'https://s1.ljcdn.com/matrix_lianjia_pc/dist/pc/src/resource/default/1150-450.png?_v=201906280941017d9', 'https://s1.ljcdn.com/matrix_lianjia_pc/dist/pc/src/resource/default/1150-450.png?_v=201906280941017d9', 'https://s1.ljcdn.com/matrix_lianjia_pc/dist/pc/src/resource/default/1150-450.png?_v=201906280941017d9']",,,,,,,,,,,,,[],22.705856,113.8114
https://sz.lianjia.com/apartment/9509.html,,,平台认证机构 · 钟屋店,"
平台认证机构 · 钟屋店

          750元/月起

",,,,,['https://image1.ljcdn.com/rent-user-avatar/4168c5a5-463f-4b5e-a5f3-319632729136.1150x.jpg'],,,,,,,,,,,,,[],22.628735,113.850945
https://sz.lianjia.com/apartment/3335.html,,,乐家青年公寓 · 盛丰店,"
乐家青年公寓 · 盛丰店

          1000元/月起

",,,,,"['https://image1.ljcdn.com/rent-user-avatar/6db829da-f067-44af-94ac-5d4093207d69.1150x.jpg', 'https://s1.ljcdn.com/matrix_lianjia_pc/dist/pc/src/resource/default/1150-450.png?_v=201906280941017d9', 'https://s1.ljcdn.com/matrix_lianjia_pc/dist/pc/src/resource/default/1150-450.png?_v=201906280941017d9', 'https://s1.ljcdn.com/matrix_lianjia_pc/dist/pc/src/resource/default/1150-450.png?_v=201906280941017d9', 'https://s1.ljcdn.com/matrix_lianjia_pc/dist/pc/src/resource/default/1150-450.png?_v=201906280941017d9', 'https://s1.ljcdn.com/matrix_lianjia_pc/dist/pc/src/resource/default/1150-450.png?_v=201906280941017d9', 'https://s1.ljcdn.com/matrix_lianjia_pc/dist/pc/src/resource/default/1150-450.png?_v=201906280941017d9', 'https://s1.ljcdn.com/matrix_lianjia_pc/dist/pc/src/resource/default/1150-450.png?_v=201906280941017d9']",,,,,,,,,,,,,[],22.737694,114.265601
https://sz.lianjia.com/apartment/7395.html,,,职业房东 · 德宝公寓,"
职业房东 · 德宝公寓

          799元/月起

",,,,,['https://image1.ljcdn.com/rent-user-avatar/ab7c98c3-dcc1-41e0-94d2-6199aa107d23.1150x.jpg'],,,,,,,,,,,,,[],22.599782,113.856379
