房源地址,行政区,位置,标题,租金,租赁方式,户型,面积,朝向,图片列表,发布时间,入住时间,租期,看房时间,楼层,电梯,车位,用水,用电,燃气,采暖,标签,station,latitude,longtitude
https://sz.lianjia.com/zufang/SZ2283206204925165568.html,福田区,石厦,整租·绿洲丰和 1室1厅 北,6190元/月 (季付价),整租,1室1厅1卫,42㎡,朝北,"['https://image1.ljcdn.com/rent-house-1/636f69b83827f24f7723a443c68fdbb3-1561211592467/dac6c9ebe447338c20a2449339cd119d.jpg.780x439.jpg', 'https://s1.ljcdn.com/matrix_lianjia_pc/dist/pc/src/resource/default/780-439.png?_v=201906280941017d9', 'https://s1.ljcdn.com/matrix_lianjia_pc/dist/pc/src/resource/default/780-439.png?_v=201906280941017d9', 'https://s1.ljcdn.com/matrix_lianjia_pc/dist/pc/src/resource/default/780-439.png?_v=201906280941017d9', 'https://s1.ljcdn.com/matrix_lianjia_pc/dist/pc/src/resource/default/780-439.png?_v=201906280941017d9', 'https://s1.ljcdn.com/matrix_lianjia_pc/dist/pc/src/resource/default/780-439.png?_v=201906280941017d9']",10天前,随时入住,1年,随时可看,11/30层,暂无数据,暂无数据,暂无数据,暂无数据,暂无数据,暂无数据,"['公寓', '近地铁', '随时看房']","['3号线(龙岗线),7号线 - 石厦', '568m', '1号线(罗宝线),3号线(龙岗线) - 购物公园', '1077m', '7号线 - 皇岗村', '1188m']",22.533025278053,114.05754176365
https://sz.lianjia.com/zufang/SZ2273054271610298368.html,南山区,南头,丽乐美居 2室1厅 南/北,5900元/月 ,租赁方式未知,2室1厅1卫,65㎡,朝南 北,"['https://image1.ljcdn.com/440300-inspection/8afd4cce-15f3-4abb-83fa-153660ab98cf.jpg.780x439.jpg', 'https://s1.ljcdn.com/matrix_lianjia_pc/dist/pc/src/resource/default/780-439.png?_v=201906280941017d9', 'https://s1.ljcdn.com/matrix_lianjia_pc/dist/pc/src/resource/default/780-439.png?_v=201906280941017d9', 'https://s1.ljcdn.com/matrix_lianjia_pc/dist/pc/src/resource/default/780-439.png?_v=201906280941017d9', 'https://s1.ljcdn.com/matrix_lianjia_pc/dist/pc/src/resource/default/780-439.png?_v=201906280941017d9', 'https://s1.ljcdn.com/matrix_lianjia_pc/dist/pc/src/resource/default/780-439.png?_v=201906280941017d9', 'https://s1.ljcdn.com/matrix_lianjia_pc/dist/pc/src/resource/default/780-439.png?_v=201906280941017d9']",13天前,随时入住,暂无数据,需提前预约,中楼层/7层,无,暂无数据,民水,民电,有,暂无数据,"['近地铁', '随时看房']","['1号线(罗宝线) - 大新', '660m', '1号线(罗宝线) - 桃园', '1025m']",22.541863598491,113.92416723904
https://sz.lianjia.com/zufang/SZ2274528508447834112.html,福田区,石厦,皇庭世纪 2室1厅 北,6700元/月 ,租赁方式未知,2室1厅1卫,53㎡,朝北,"['https://image1.ljcdn.com/440300-inspection/1f54de68-21e1-4f3c-8cb3-32fee3202189.jpg.780x439.jpg', 'https://s1.ljcdn.com/matrix_lianjia_pc/dist/pc/src/resource/default/780-439.png?_v=201906280941017d9', 'https://s1.ljcdn.com/matrix_lianjia_pc/dist/pc/src/resource/default/780-439.png?_v=201906280941017d9', 'https://s1.ljcdn.com/matrix_lianjia_pc/dist/pc/src/resource/default/780-439.png?_v=201906280941017d9', 'https://s1.ljcdn.com/matrix_lianjia_pc/dist/pc/src/resource/default/780-439.png?_v=201906280941017d9', 'https://s1.ljcdn.com/matrix_lianjia_pc/dist/pc/src/resource/default/780-439.png?_v=201906280941017d9', 'https://s1.ljcdn.com/matrix_lianjia_pc/dist/pc/src/resource/default/780-439.png?_v=201906280941017d9', 'https://s1.ljcdn.com/matrix_lianjia_pc/dist/pc/src/resource/default/780-439.png?_v=201906280941017d9']",22天前,2019-07-08,暂无数据,暂无数据,低楼层/33层,有,暂无数据,民水,民电,有,暂无数据,['近地铁'],"['7号线 - 皇岗村', '273m', '3号线(龙岗线),7号线 - 石厦', '526m', '4号线(龙华线),7号线 - 福民', '929m', '1号线(罗宝线),3号线(龙岗线) - 购物公园', '1182m']",22.532197522312,114.06439751471
https://sz.lianjia.com/zufang/SZ2269986140675653632.html,福田区,上下沙,花好园 2室1厅 北,7500元/月 ,租赁方式未知,2室1厅1卫,60㎡,朝北,"['https://image1.ljcdn.com/440300-inspection/1db3df3d-27ee-4fe6-95a6-113f96a3629b.jpg.780x439.jpg', 'https://s1.ljcdn.com/matrix_lianjia_pc/dist/pc/src/resource/default/780-439.png?_v=201906280941017d9', 'https://s1.ljcdn.com/matrix_lianjia_pc/dist/pc/src/resource/default/780-439.png?_v=201906280941017d9', 'https://s1.ljcdn.com/matrix_lianjia_pc/dist/pc/src/resource/default/780-439.png?_v=201906280941017d9', 'https://s1.ljcdn.com/matrix_lianjia_pc/dist/pc/src/resource/default/780-439.png?_v=201906280941017d9', 'https://s1.ljcdn.com/matrix_lianjia_pc/dist/pc/src/resource/default/780-439.png?_v=201906280941017d9', 'https://s1.ljcdn.com/matrix_lianjia_pc/dist/pc/src/resource/default/780-439.png?_v=201906280941017d9', 'https://s1.ljcdn.com/matrix_lianjia_pc/dist/pc/src/resource/default/780-439.png?_v=201906280941017d9']",28天前,随时入住,暂无数据,需提前预约,高楼层/29层,有,暂无数据,民水,民电,有,暂无数据,['近地铁'],"['9号线 - 下沙', '145m', '7号线 - 上沙', '1030m', '1号线(罗宝线),11号线,7号线,9号线 - 车公庙', '1084m']",22.534013318821,114.0315081868
https://sz.lianjia.com/zufang/SZ2285428498556796928.html,罗湖区,翠竹,整租·柏丽花园 2室1厅 西/北,6500元/月 (月付价),整租,2室1厅1卫,74㎡,朝西 北,"['https://image1.ljcdn.com/rent-user-avatar/bc8f3de6-8564-45a9-9b8b-8a14e8efd369.780x439.jpg', 'https://s1.ljcdn.com/matrix_lianjia_pc/dist/pc/src/resource/default/780-439.png?_v=201906280941017d9', 'https://s1.ljcdn.com/matrix_lianjia_pc/dist/pc/src/resource/default/780-439.png?_v=201906280941017d9', 'https://s1.ljcdn.com/matrix_lianjia_pc/dist/pc/src/resource/default/780-439.png?_v=201906280941017d9', 'https://s1.ljcdn.com/matrix_lianjia_pc/dist/pc/src/resource/default/780-439.png?_v=201906280941017d9', 'https://s1.ljcdn.com/matrix_lianjia_pc/dist/pc/src/resource/default/780-439.png?_v=201906280941017d9', 'https://s1.ljcdn.com/matrix_lianjia_pc/dist/pc/src/resource/default/780-439.png?_v=201906280941017d9']",7天前,随时入住,1~3年,随时可看,18/32层,暂无数据,暂无数据,暂无数据,暂无数据,暂无数据,暂无数据,"['近地铁', '随时看房']","['3号线(龙岗线),7号线 - 田贝', '581m', '7号线 - 洪湖', '797m', '3号线(龙岗线) - 翠竹', '983m']",22.569254,114.133151
https://sz.lianjia.com/zufang/SZ2256415280995500032.html,南山区,华侨城,整租·世纪假日广场 1室1厅 北,6690元/月 (季付价),整租,1室1厅1卫,45㎡,朝北,"['https://image1.ljcdn.com/rent-house-1/636f69b83827f24f7723a443c68fdbb3-1561185579583/488f46f3a8619489f1439fd647a65f85.jpg.780x439.jpg', 'https://s1.ljcdn.com/matrix_lianjia_pc/dist/pc/src/resource/default/780-439.png?_v=201906280941017d9', 'https://s1.ljcdn.com/matrix_lianjia_pc/dist/pc/src/resource/default/780-439.png?_v=201906280941017d9', 'https://s1.ljcdn.com/matrix_lianjia_pc/dist/pc/src/resource/default/780-439.png?_v=201906280941017d9', 'https://s1.ljcdn.com/matrix_lianjia_pc/dist/pc/src/resource/default/780-439.png?_v=201906280941017d9', 'https://s1.ljcdn.com/matrix_lianjia_pc/dist/pc/src/resource/default/780-439.png?_v=201906280941017d9', 'https://s1.ljcdn.com/matrix_lianjia_pc/dist/pc/src/resource/default/780-439.png?_v=201906280941017d9', 'https://s1.ljcdn.com/matrix_lianjia_pc/dist/pc/src/resource/default/780-439.png?_v=201906280941017d9', 'https://s1.ljcdn.com/matrix_lianjia_pc/dist/pc/src/resource/default/780-439.png?_v=201906280941017d9']",1个月前,随时入住,1年,随时可看,3/34层,暂无数据,暂无数据,暂无数据,暂无数据,暂无数据,暂无数据,"['公寓', '近地铁', '随时看房']","['1号线(罗宝线),2号线(蛇口线) - 世界之窗', '173m', '1号线(罗宝线) - 白石洲', '458m']",22.545339,113.978618
https://sz.lianjia.com/zufang/SZ2284667353688186880.html,罗湖区,罗湖口岸,新银座华庭 2室1厅 北,6200元/月 ,租赁方式未知,2室1厅1卫,67㎡,朝北,"['https://image1.ljcdn.com/440300-inspection/a3d4dd7e-5d11-4ee9-9a5e-671896768e0b.jpg.780x439.jpg', 'https://s1.ljcdn.com/matrix_lianjia_pc/dist/pc/src/resource/default/780-439.png?_v=201906280941017d9', 'https://s1.ljcdn.com/matrix_lianjia_pc/dist/pc/src/resource/default/780-439.png?_v=201906280941017d9', 'https://s1.ljcdn.com/matrix_lianjia_pc/dist/pc/src/resource/default/780-439.png?_v=201906280941017d9', 'https://s1.ljcdn.com/matrix_lianjia_pc/dist/pc/src/resource/default/780-439.png?_v=201906280941017d9', 'https://s1.ljcdn.com/matrix_lianjia_pc/dist/pc/src/resource/default/780-439.png?_v=201906280941017d9', 'https://s1.ljcdn.com/matrix_lianjia_pc/dist/pc/src/resource/default/780-439.png?_v=201906280941017d9']",7天前,随时入住,暂无数据,暂无数据,中楼层/31层,有,暂无数据,民水,民电,有,暂无数据,['近地铁'],"['9号线 - 人民南', '200m', '1号线(罗宝线) - 罗湖', '335m', '1号线(罗宝线) - 国贸', '638m', '9号线 - 向西村', '766m', '1号线(罗宝线),3号线(龙岗线) - 老街', '1083m']",22.541952,114.126469
https://sz.lianjia.com/zufang/SZ2266444186952155136.html,福田区,福田中心,彩天名苑 1室0厅 北,5600元/月 ,租赁方式未知,1室0厅1卫,36㎡,朝北,"['https://image1.ljcdn.com/440300-inspection/3c77a879-0cad-4163-aa52-f6963fb4dce2.jpg.780x439.jpg', 'https://s1.ljcdn.com/matrix_lianjia_pc/dist/pc/src/resource/default/780-439.png?_v=201906280941017d9', 'https://s1.ljcdn.com/matrix_lianjia_pc/dist/pc/src/resource/default/780-439.png?_v=201906280941017d9', 'https://s1.ljcdn.com/matrix_lianjia_pc/dist/pc/src/resource/default/780-439.png?_v=201906280941017d9', 'https://s1.ljcdn.com/matrix_lianjia_pc/dist/pc/src/resource/default/780-439.png?_v=201906280941017d9', 'https://s1.ljcdn.com/matrix_lianjia_pc/dist/pc/src/resource/default/780-439.png?_v=201906280941017d9']",22天前,随时入住,暂无数据,暂无数据,低楼层/32层,有,暂无数据,民水,民电,有,暂无数据,"['近地铁', '随时看房']","['1号线(罗宝线) - 岗厦', '273m', '2号线(蛇口线) - 岗厦北', '644m', '1号线(罗宝线),4号线(龙华线) - 会展中心', '816m']",22.543256550912,114.07509021666
https://sz.lianjia.com/zufang/SZ2252865321125806080.html,龙岗区,布吉关,万科红二期 3室2厅 北,6000元/月 ,租赁方式未知,3室2厅1卫,68㎡,朝北,"['https://image1.ljcdn.com/440300-inspection/prod-9a6cb76c-f805-4594-af0d-0487ec336c0d.jpg.780x439.jpg', 'https://s1.ljcdn.com/matrix_lianjia_pc/dist/pc/src/resource/default/780-439.png?_v=201906280941017d9', 'https://s1.ljcdn.com/matrix_lianjia_pc/dist/pc/src/resource/default/780-439.png?_v=201906280941017d9', 'https://s1.ljcdn.com/matrix_lianjia_pc/dist/pc/src/resource/default/780-439.png?_v=201906280941017d9', 'https://s1.ljcdn.com/matrix_lianjia_pc/dist/pc/src/resource/default/780-439.png?_v=201906280941017d9', 'https://s1.ljcdn.com/matrix_lianjia_pc/dist/pc/src/resource/default/780-439.png?_v=201906280941017d9']",1个月前,随时入住,暂无数据,需提前预约,高楼层/31层,有,暂无数据,民水,民电,有,暂无数据,[],[],22.605881,114.132841
https://sz.lianjia.com/apartment/17031.html,,,湾流国际青年社区 · 彩田店二期,"
湾流国际青年社区 · 彩田店二期

          4250元/月起

",,,,,"['https://image1.ljcdn.com/rent-user-avatar/270aced4-fb6c-4cb5-9110-551a3fb78f57.1150x.jpg', 'https://s1.ljcdn.com/matrix_lianjia_pc/dist/pc/src/resource/default/1150-450.png?_v=201906280941017d9', 'https://s1.ljcdn.com/matrix_lianjia_pc/dist/pc/src/resource/default/1150-450.png?_v=201906280941017d9', 'https://s1.ljcdn.com/matrix_lianjia_pc/dist/pc/src/resource/default/1150-450.png?_v=201906280941017d9', 'https://s1.ljcdn.com/matrix_lianjia_pc/dist/pc/src/resource/default/1150-450.png?_v=201906280941017d9', 'https://s1.ljcdn.com/matrix_lianjia_pc/dist/pc/src/resource/default/1150-450.png?_v=201906280941017d9', 'https://s1.ljcdn.com/matrix_lianjia_pc/dist/pc/src/resource/default/1150-450.png?_v=201906280941017d9', 'https://s1.ljcdn.com/matrix_lianjia_pc/dist/pc/src/resource/default/1150-450.png?_v=201906280941017d9', 'https://s1.ljcdn.com/matrix_lianjia_pc/dist/pc/src/resource/default/1150-450.png?_v=201906280941017d9']",,,,,,,,,,,,,[],22.570432,114.075408
https://sz.lianjia.com/zufang/SZ2236243895635673088.html,福田区,华强南,整租·桐林公寓 2室1厅 北,7060元/月 (季付价),整租,2室1厅1卫,62㎡,朝北,"['https://image1.ljcdn.com/rent-house-1/636f69b83827f24f7723a443c68fdbb3-1561185446765/2a18ad3b751765bd00c34dd0f4de5dda.jpg.780x439.jpg', 'https://s1.ljcdn.com/matrix_lianjia_pc/dist/pc/src/resource/default/780-439.png?_v=201906280941017d9', 'https://s1.ljcdn.com/matrix_lianjia_pc/dist/pc/src/resource/default/780-439.png?_v=201906280941017d9', 'https://s1.ljcdn.com/matrix_lianjia_pc/dist/pc/src/resource/default/780-439.png?_v=201906280941017d9', 'https://s1.ljcdn.com/matrix_lianjia_pc/dist/pc/src/resource/default/780-439.png?_v=201906280941017d9', 'https://s1.ljcdn.com/matrix_lianjia_pc/dist/pc/src/resource/default/780-439.png?_v=201906280941017d9', 'https://s1.ljcdn.com/matrix_lianjia_pc/dist/pc/src/resource/default/780-439.png?_v=201906280941017d9']",2个月前,随时入住,3~12个月,随时可看,18/29层,暂无数据,暂无数据,暂无数据,暂无数据,暂无数据,暂无数据,"['公寓', '月租', '近地铁', '随时看房']","['7号线 - 赤尾', '646m']",22.538115,114.085263
https://sz.lianjia.com/zufang/SZ2238116030105001984.html,福田区,福田中心,金中环国际商务大厦 1室1厅 北,7200元/月 ,租赁方式未知,1室1厅1卫,51㎡,朝北,"['http://vrlab-image.ljcdn.com/release/auto3dhd/9a003bb7116882e5f60eb483e1eb06c9/screenshot/1554965977_0/pc0_bjF8uhM27.jpg.q_70.jpg', 'https://s1.ljcdn.com/matrix_lianjia_pc/dist/pc/src/resource/default/780-439.png?_v=201906280941017d9', 'https://s1.ljcdn.com/matrix_lianjia_pc/dist/pc/src/resource/default/780-439.png?_v=201906280941017d9', 'https://s1.ljcdn.com/matrix_lianjia_pc/dist/pc/src/resource/default/780-439.png?_v=201906280941017d9']",2个月前,随时入住,暂无数据,需提前预约,中楼层/15层,有,暂无数据,民水,民电,暂无数据,暂无数据,"['近地铁', '随时看房']","['1号线(罗宝线),4号线(龙华线) - 会展中心', '141m', '1号线(罗宝线) - 岗厦', '508m', '1号线(罗宝线),3号线(龙岗线) - 购物公园', '763m', '2号线(蛇口线),4号线(龙华线) - 市民中心', '899m', '2号线(蛇口线),3号线(龙岗线),11号线 - 福田', '976m']",22.540045,114.069211
https://sz.lianjia.com/zufang/SZ2259861886252630016.html,罗湖区,地王,国都花园 3室1厅 北,8000元/月 ,租赁方式未知,3室1厅1卫,89㎡,朝北,"['http://vrlab-image.ljcdn.com/release/auto3dhd/67aef625fc6ca802e2bd23cc75968acd/screenshot/1558769376_5/pc0_P5bTmRRVF.jpg.q_70.jpg', 'https://s1.ljcdn.com/matrix_lianjia_pc/dist/pc/src/resource/default/780-439.png?_v=201906280941017d9', 'https://s1.ljcdn.com/matrix_lianjia_pc/dist/pc/src/resource/default/780-439.png?_v=201906280941017d9', 'https://s1.ljcdn.com/matrix_lianjia_pc/dist/pc/src/resource/default/780-439.png?_v=201906280941017d9', 'https://s1.ljcdn.com/matrix_lianjia_pc/dist/pc/src/resource/default/780-439.png?_v=201906280941017d9']",1个月前,随时入住,暂无数据,需提前预约,中楼层/30层,有,暂无数据,民水,民电,无,暂无数据,"['近地铁', '随时看房']","['3号线(龙岗线),9号线 - 红岭', '783m', '1号线(罗宝线),2号线(蛇口线) - 大剧院', '912m', '1号线(罗宝线),3号线(龙岗线) - 老街', '922m']",22.554889,114.117354
https://sz.lianjia.com/zufang/SZ2288488962035023872.html,福田区,景田,香蜜新村 2室2厅 南/北,6000元/月 ,租赁方式未知,2室2厅1卫,72㎡,朝南 北,"['https://image1.ljcdn.com/440300-inspection/4be16f60-1f2d-4564-9d3c-4fad14bfadc2.jpg.780x439.jpg', 'https://s1.ljcdn.com/matrix_lianjia_pc/dist/pc/src/resource/default/780-439.png?_v=201906280941017d9', 'https://s1.ljcdn.com/matrix_lianjia_pc/dist/pc/src/resource/default/780-439.png?_v=201906280941017d9', 'https://s1.ljcdn.com/matrix_lianjia_pc/dist/pc/src/resource/default/780-439.png?_v=201906280941017d9', 'https://s1.ljcdn.com/matrix_lianjia_pc/dist/pc/src/resource/default/780-439.png?_v=201906280941017d9', 'https://s1.ljcdn.com/matrix_lianjia_pc/dist/pc/src/resource/default/780-439.png?_v=201906280941017d9', 'https://s1.ljcdn.com/matrix_lianjia_pc/dist/pc/src/resource/default/780-439.png?_v=201906280941017d9', 'https://s1.ljcdn.com/matrix_lianjia_pc/dist/pc/src/resource/default/780-439.png?_v=201906280941017d9']",3天前,随时入住,暂无数据,需提前预约,中楼层/8层,无,暂无数据,民水,民电,有,暂无数据,"['近地铁', '新上', '随时看房']","['9号线 - 香梅', '47m', '2号线(蛇口线) - 莲花西', '792m', '2号线(蛇口线),9号线 - 景田', '858m', '1号线(罗宝线) - 香蜜湖', '943m', '2号线(蛇口线) - 香梅北', '1098m']",22.552997977778,114.04696594518
https://sz.lianjia.com/zufang/SZ2286957339796324352.html,南山区,科技园,整租·松坪村东区三期 2室1厅 北,6890元/月 (季付价),整租,2室1厅1卫,60㎡,朝北,"['https://image1.ljcdn.com/rent-house-1/636f69b83827f24f7723a443c68fdbb3-1561350695806/6ad394c44abb507db0a7eb7f8bdcca81.jpg.780x439.jpg', 'https://s1.ljcdn.com/matrix_lianjia_pc/dist/pc/src/resource/default/780-439.png?_v=201906280941017d9', 'https://s1.ljcdn.com/matrix_lianjia_pc/dist/pc/src/resource/default/780-439.png?_v=201906280941017d9', 'https://s1.ljcdn.com/matrix_lianjia_pc/dist/pc/src/resource/default/780-439.png?_v=201906280941017d9', 'https://s1.ljcdn.com/matrix_lianjia_pc/dist/pc/src/resource/default/780-439.png?_v=201906280941017d9', 'https://s1.ljcdn.com/matrix_lianjia_pc/dist/pc/src/resource/default/780-439.png?_v=201906280941017d9', 'https://s1.ljcdn.com/matrix_lianjia_pc/dist/pc/src/resource/default/780-439.png?_v=201906280941017d9', 'https://s1.ljcdn.com/matrix_lianjia_pc/dist/pc/src/resource/default/780-439.png?_v=201906280941017d9', 'https://s1.ljcdn.com/matrix_lianjia_pc/dist/pc/src/resource/default/780-439.png?_v=201906280941017d9']",5天前,随时入住,3~12个月,随时可看,11/34层,暂无数据,暂无数据,暂无数据,暂无数据,暂无数据,暂无数据,"['公寓', '月租', '新上', '随时看房']",[],22.565473123496,113.96348524642
https://sz.lianjia.com/zufang/SZ2085251032866095104.html,罗湖区,黄贝岭,整租·怡泰大厦 2室1厅 北,5370元/月 (季付价),整租,2室1厅1卫,57㎡,朝北,"['https://image1.ljcdn.com/rent-house-1/636f69b83827f24f7723a443c68fdbb3-1561062442090/bc786c12973612f447f54435fd4c8975.jpg.780x439.jpg', 'https://s1.ljcdn.com/matrix_lianjia_pc/dist/pc/src/resource/default/780-439.png?_v=201906280941017d9', 'https://s1.ljcdn.com/matrix_lianjia_pc/dist/pc/src/resource/default/780-439.png?_v=201906280941017d9', 'https://s1.ljcdn.com/matrix_lianjia_pc/dist/pc/src/resource/default/780-439.png?_v=201906280941017d9', 'https://s1.ljcdn.com/matrix_lianjia_pc/dist/pc/src/resource/default/780-439.png?_v=201906280941017d9', 'https://s1.ljcdn.com/matrix_lianjia_pc/dist/pc/src/resource/default/780-439.png?_v=201906280941017d9', 'https://s1.ljcdn.com/matrix_lianjia_pc/dist/pc/src/resource/default/780-439.png?_v=201906280941017d9']",9个月前,随时入住,1年,随时可看,24/29层,暂无数据,暂无数据,暂无数据,暂无数据,暂无数据,暂无数据,"['公寓', '近地铁', '随时看房']","['3号线(龙岗线) - 翠竹', '292m', '3号线(龙岗线) - 晒布', '758m']",22.560464226351,114.13423662665
https://sz.lianjia.com/zufang/SZ2286207540687806464.html,龙岗区,坂田,佳兆业城市广场一期 4室2厅 北,8000元/月 ,租赁方式未知,4室2厅2卫,118㎡,朝北,"['https://image1.ljcdn.com/440300-inspection/6ad7976b-1aab-4af2-b970-f57c37ed398e.jpg.780x439.jpg', 'https://s1.ljcdn.com/matrix_lianjia_pc/dist/pc/src/resource/default/780-439.png?_v=201906280941017d9', 'https://s1.ljcdn.com/matrix_lianjia_pc/dist/pc/src/resource/default/780-439.png?_v=201906280941017d9', 'https://s1.ljcdn.com/matrix_lianjia_pc/dist/pc/src/resource/default/780-439.png?_v=201906280941017d9', 'https://s1.ljcdn.com/matrix_lianjia_pc/dist/pc/src/resource/default/780-439.png?_v=201906280941017d9', 'https://s1.ljcdn.com/matrix_lianjia_pc/dist/pc/src/resource/default/780-439.png?_v=201906280941017d9', 'https://s1.ljcdn.com/matrix_lianjia_pc/dist/pc/src/resource/default/780-439.png?_v=201906280941017d9', 'https://s1.ljcdn.com/matrix_lianjia_pc/dist/pc/src/resource/default/780-439.png?_v=201906280941017d9', 'https://s1.ljcdn.com/matrix_lianjia_pc/dist/pc/src/resource/default/780-439.png?_v=201906280941017d9', 'https://s1.ljcdn.com/matrix_lianjia_pc/dist/pc/src/resource/default/780-439.png?_v=201906280941017d9']",6天前,随时入住,暂无数据,需提前预约,低楼层/48层,有,暂无数据,民水,民电,有,暂无数据,"['新上', '随时看房']",[],22.66599,114.082033
https://sz.lianjia.com/zufang/SZ2284873874212388864.html,龙华区,梅林关,书香门第上河坊 2室1厅 北,5900元/月 ,租赁方式未知,2室1厅1卫,51㎡,朝北,"['https://image1.ljcdn.com/440300-inspection/0388476c-970a-4c0d-8038-f88b43e42180.jpg.780x439.jpg', 'https://s1.ljcdn.com/matrix_lianjia_pc/dist/pc/src/resource/default/780-439.png?_v=201906280941017d9', 'https://s1.ljcdn.com/matrix_lianjia_pc/dist/pc/src/resource/default/780-439.png?_v=201906280941017d9', 'https://s1.ljcdn.com/matrix_lianjia_pc/dist/pc/src/resource/default/780-439.png?_v=201906280941017d9', 'https://s1.ljcdn.com/matrix_lianjia_pc/dist/pc/src/resource/default/780-439.png?_v=201906280941017d9', 'https://s1.ljcdn.com/matrix_lianjia_pc/dist/pc/src/resource/default/780-439.png?_v=201906280941017d9', 'https://s1.ljcdn.com/matrix_lianjia_pc/dist/pc/src/resource/default/780-439.png?_v=201906280941017d9', 'https://s1.ljcdn.com/matrix_lianjia_pc/dist/pc/src/resource/default/780-439.png?_v=201906280941017d9']",8天前,随时入住,暂无数据,需提前预约,低楼层/21层,有,暂无数据,民水,民电,有,暂无数据,['近地铁'],"['4号线(龙华线) - 民乐', '477m', '4号线(龙华线) - 白石龙', '617m']",22.603682359198,114.054127185
https://sz.lianjia.com/zufang/SZ2278174245970788352.html,福田区,石厦,南方国际广场 1室0厅 北,5000元/月 ,租赁方式未知,1室0厅1卫,42㎡,朝北,"['https://image1.ljcdn.com/hdic-frame/prod-2889d66f-831d-4a3c-902a-467d9bba4e01.png.780x439.jpg', 'https://s1.ljcdn.com/matrix_lianjia_pc/dist/pc/src/resource/default/780-439.png?_v=201906280941017d9', 'https://s1.ljcdn.com/matrix_lianjia_pc/dist/pc/src/resource/default/780-439.png?_v=201906280941017d9', 'https://s1.ljcdn.com/matrix_lianjia_pc/dist/pc/src/resource/default/780-439.png?_v=201906280941017d9']",16天前,随时入住,暂无数据,需提前预约,高楼层/30层,有,暂无数据,民水,民电,无,暂无数据,"['近地铁', '随时看房']","['3号线(龙岗线),7号线 - 石厦', '347m', '7号线 - 皇岗村', '611m', '1号线(罗宝线),3号线(龙岗线) - 购物公园', '1140m']",22.532386204285,114.0621321159
https://sz.lianjia.com/zufang/SZ2118569687762599936.html,福田区,石厦,整租·绿洲丰和 1室1厅 北,5730元/月 (季付价),整租,1室1厅1卫,49㎡,朝北,"['https://image1.ljcdn.com/rent-house-1/636f69b83827f24f7723a443c68fdbb3-1561191434454/15c1c8eab2841be806f5054c18137e0c.jpg.780x439.jpg', 'https://s1.ljcdn.com/matrix_lianjia_pc/dist/pc/src/resource/default/780-439.png?_v=201906280941017d9', 'https://s1.ljcdn.com/matrix_lianjia_pc/dist/pc/src/resource/default/780-439.png?_v=201906280941017d9', 'https://s1.ljcdn.com/matrix_lianjia_pc/dist/pc/src/resource/default/780-439.png?_v=201906280941017d9', 'https://s1.ljcdn.com/matrix_lianjia_pc/dist/pc/src/resource/default/780-439.png?_v=201906280941017d9', 'https://s1.ljcdn.com/matrix_lianjia_pc/dist/pc/src/resource/default/780-439.png?_v=201906280941017d9', 'https://s1.ljcdn.com/matrix_lianjia_pc/dist/pc/src/resource/default/780-439.png?_v=201906280941017d9', 'https://s1.ljcdn.com/matrix_lianjia_pc/dist/pc/src/resource/default/780-439.png?_v=201906280941017d9']",7个月前,随时入住,1年,随时可看,20/30层,暂无数据,暂无数据,暂无数据,暂无数据,暂无数据,暂无数据,"['公寓', '近地铁', '随时看房']","['3号线(龙岗线),7号线 - 石厦', '568m', '1号线(罗宝线),3号线(龙岗线) - 购物公园', '1077m', '7号线 - 皇岗村', '1188m']",22.533025278053,114.05754176365
https://sz.lianjia.com/zufang/SZ2239270841491922944.html,龙岗区,布吉关,整租·信义假日名城六期溢芳园 2室2厅 北,5490元/月 (季付价),整租,2室2厅1卫,69㎡,朝北,"['https://image1.ljcdn.com/rent-house-1/636f69b83827f24f7723a443c68fdbb3-1561350703641/5cf1968523a62c89c3e120f78365678a.jpg.780x439.jpg', 'https://s1.ljcdn.com/matrix_lianjia_pc/dist/pc/src/resource/default/780-439.png?_v=201906280941017d9', 'https://s1.ljcdn.com/matrix_lianjia_pc/dist/pc/src/resource/default/780-439.png?_v=201906280941017d9', 'https://s1.ljcdn.com/matrix_lianjia_pc/dist/pc/src/resource/default/780-439.png?_v=201906280941017d9', 'https://s1.ljcdn.com/matrix_lianjia_pc/dist/pc/src/resource/default/780-439.png?_v=201906280941017d9', 'https://s1.ljcdn.com/matrix_lianjia_pc/dist/pc/src/resource/default/780-439.png?_v=201906280941017d9', 'https://s1.ljcdn.com/matrix_lianjia_pc/dist/pc/src/resource/default/780-439.png?_v=201906280941017d9', 'https://s1.ljcdn.com/matrix_lianjia_pc/dist/pc/src/resource/default/780-439.png?_v=201906280941017d9', 'https://s1.ljcdn.com/matrix_lianjia_pc/dist/pc/src/resource/default/780-439.png?_v=201906280941017d9', 'https://s1.ljcdn.com/matrix_lianjia_pc/dist/pc/src/resource/default/780-439.png?_v=201906280941017d9']",2个月前,随时入住,1年,随时可看,4/24层,暂无数据,暂无数据,暂无数据,暂无数据,暂无数据,暂无数据,"['公寓', '近地铁', '随时看房']","['3号线(龙岗线),5号线(环中线) - 布吉', '656m']",22.602897022926,114.12923759195
https://sz.lianjia.com/zufang/SZ2189580342619545600.html,龙岗区,坂田,万科城二期 4室2厅 复式 南/北,5200元/月 ,租赁方式未知,4室2厅2卫,70㎡,朝南 北,"['https://image1.ljcdn.com/440300-inspection/prod-28659a00-fd52-4ff4-9936-a54c86f20aa4.jpg.780x439.jpg', 'https://s1.ljcdn.com/matrix_lianjia_pc/dist/pc/src/resource/default/780-439.png?_v=201906280941017d9', 'https://s1.ljcdn.com/matrix_lianjia_pc/dist/pc/src/resource/default/780-439.png?_v=201906280941017d9', 'https://s1.ljcdn.com/matrix_lianjia_pc/dist/pc/src/resource/default/780-439.png?_v=201906280941017d9', 'https://s1.ljcdn.com/matrix_lianjia_pc/dist/pc/src/resource/default/780-439.png?_v=201906280941017d9', 'https://s1.ljcdn.com/matrix_lianjia_pc/dist/pc/src/resource/default/780-439.png?_v=201906280941017d9', 'https://s1.ljcdn.com/matrix_lianjia_pc/dist/pc/src/resource/default/780-439.png?_v=201906280941017d9']",4个月前,随时入住,暂无数据,一般下班后可看,高楼层/6层,无,暂无数据,民水,民电,有,暂无数据,[],[],22.652657,114.076178
https://sz.lianjia.com/zufang/SZ2280348270704467968.html,福田区,景田,缔梦园 1室1厅 北,5200元/月 ,租赁方式未知,1室1厅1卫,40㎡,朝北,"['https://image1.ljcdn.com/440300-inspection/54b37fd5-9d86-4879-b7c3-ceb81561807b.jpg.780x439.jpg', 'https://s1.ljcdn.com/matrix_lianjia_pc/dist/pc/src/resource/default/780-439.png?_v=201906280941017d9', 'https://s1.ljcdn.com/matrix_lianjia_pc/dist/pc/src/resource/default/780-439.png?_v=201906280941017d9', 'https://s1.ljcdn.com/matrix_lianjia_pc/dist/pc/src/resource/default/780-439.png?_v=201906280941017d9', 'https://s1.ljcdn.com/matrix_lianjia_pc/dist/pc/src/resource/default/780-439.png?_v=201906280941017d9', 'https://s1.ljcdn.com/matrix_lianjia_pc/dist/pc/src/resource/default/780-439.png?_v=201906280941017d9']",14天前,2019-07-08,暂无数据,暂无数据,低楼层/16层,有,暂无数据,民水,民电,有,暂无数据,['近地铁'],"['2号线(蛇口线),9号线 - 景田', '172m', '9号线 - 梅景', '976m', '2号线(蛇口线) - 香梅北', '1020m', '9号线 - 香梅', '1028m']",22.558598986538,114.04856089467
https://sz.lianjia.com/zufang/SZ2281700231659651072.html,南山区,前海,恒立心海湾花园 2室1厅 北,6000元/月 ,租赁方式未知,2室1厅1卫,72㎡,朝北,"['https://image1.ljcdn.com/440300-inspection/aa67716f-c3ff-494c-b189-5223a600e66d.jpg.780x439.jpg', 'https://s1.ljcdn.com/matrix_lianjia_pc/dist/pc/src/resource/default/780-439.png?_v=201906280941017d9', 'https://s1.ljcdn.com/matrix_lianjia_pc/dist/pc/src/resource/default/780-439.png?_v=201906280941017d9', 'https://s1.ljcdn.com/matrix_lianjia_pc/dist/pc/src/resource/default/780-439.png?_v=201906280941017d9', 'https://s1.ljcdn.com/matrix_lianjia_pc/dist/pc/src/resource/default/780-439.png?_v=201906280941017d9', 'https://s1.ljcdn.com/matrix_lianjia_pc/dist/pc/src/resource/default/780-439.png?_v=201906280941017d9', 'https://s1.ljcdn.com/matrix_lianjia_pc/dist/pc/src/resource/default/780-439.png?_v=201906280941017d9']",12天前,2019-07-11,暂无数据,暂无数据,高楼层/32层,有,暂无数据,民水,民电,有,暂无数据,[],[],22.506990988723,113.9015997083
https://sz.lianjia.com/zufang/SZ2246124150676791296.html,南山区,后海,整租·新一代国际公寓 1室1厅 北,6030元/月 (季付价),整租,1室1厅1卫,37㎡,朝北,"['https://image1.ljcdn.com/rent-house-1/636f69b83827f24f7723a443c68fdbb3-1561326555854/0f891482224c9bb1a456a57eea76dd13.jpg.780x439.jpg', 'https://s1.ljcdn.com/matrix_lianjia_pc/dist/pc/src/resource/default/780-439.png?_v=201906280941017d9', 'https://s1.ljcdn.com/matrix_lianjia_pc/dist/pc/src/resource/default/780-439.png?_v=201906280941017d9', 'https://s1.ljcdn.com/matrix_lianjia_pc/dist/pc/src/resource/default/780-439.png?_v=201906280941017d9', 'https://s1.ljcdn.com/matrix_lianjia_pc/dist/pc/src/resource/default/780-439.png?_v=201906280941017d9', 'https://s1.ljcdn.com/matrix_lianjia_pc/dist/pc/src/resource/default/780-439.png?_v=201906280941017d9']",2个月前,随时入住,1年,随时可看,30/31层,暂无数据,暂无数据,暂无数据,暂无数据,暂无数据,暂无数据,"['公寓', '随时看房']",[],22.510947,113.93143
https://sz.lianjia.com/zufang/SZ2235685736533721088.html,福田区,景田,整租·缔梦园 1室1厅 北,5360元/月 (季付价),整租,1室1厅1卫,41㎡,朝北,"['https://image1.ljcdn.com/rent-house-1/636f69b83827f24f7723a443c68fdbb3-1561199981731/868d61ad7fd21776c54979ff0b44516d.jpg.780x439.jpg', 'https://s1.ljcdn.com/matrix_lianjia_pc/dist/pc/src/resource/default/780-439.png?_v=201906280941017d9', 'https://s1.ljcdn.com/matrix_lianjia_pc/dist/pc/src/resource/default/780-439.png?_v=201906280941017d9', 'https://s1.ljcdn.com/matrix_lianjia_pc/dist/pc/src/resource/default/780-439.png?_v=201906280941017d9', 'https://s1.ljcdn.com/matrix_lianjia_pc/dist/pc/src/resource/default/780-439.png?_v=201906280941017d9', 'https://s1.ljcdn.com/matrix_lianjia_pc/dist/pc/src/resource/default/780-439.png?_v=201906280941017d9', 'https://s1.ljcdn.com/matrix_lianjia_pc/dist/pc/src/resource/default/780-439.png?_v=201906280941017d9', 'https://s1.ljcdn.com/matrix_lianjia_pc/dist/pc/src/resource/default/780-439.png?_v=201906280941017d9', 'https://s1.ljcdn.com/matrix_lianjia_pc/dist/pc/src/resource/default/780-439.png?_v=201906280941017d9']",2个月前,随时入住,3~12个月,随时可看,10/16层,暂无数据,暂无数据,暂无数据,暂无数据,暂无数据,暂无数据,"['公寓', '月租', '近地铁', '随时看房']","['2号线(蛇口线),9号线 - 景田', '172m', '9号线 - 梅景', '976m', '2号线(蛇口线) - 香梅北', '1020m', '9号线 - 香梅', '1028m']",22.558598986538,114.04856089467
https://sz.lianjia.com/zufang/SZ2240389993653092352.html,福田区,福田中心,岗厦辛诚花园 2室1厅 北,6500元/月 ,租赁方式未知,2室1厅1卫,41㎡,朝北,"['https://image1.ljcdn.com/440300-inspection/a2dd7acf-709f-45e1-ab00-76b24fda74e0.jpg.780x439.jpg', 'https://s1.ljcdn.com/matrix_lianjia_pc/dist/pc/src/resource/default/780-439.png?_v=201906280941017d9', 'https://s1.ljcdn.com/matrix_lianjia_pc/dist/pc/src/resource/default/780-439.png?_v=201906280941017d9', 'https://s1.ljcdn.com/matrix_lianjia_pc/dist/pc/src/resource/default/780-439.png?_v=201906280941017d9', 'https://s1.ljcdn.com/matrix_lianjia_pc/dist/pc/src/resource/default/780-439.png?_v=201906280941017d9', 'https://s1.ljcdn.com/matrix_lianjia_pc/dist/pc/src/resource/default/780-439.png?_v=201906280941017d9', 'https://s1.ljcdn.com/matrix_lianjia_pc/dist/pc/src/resource/default/780-439.png?_v=201906280941017d9', 'https://s1.ljcdn.com/matrix_lianjia_pc/dist/pc/src/resource/default/780-439.png?_v=201906280941017d9']",14天前,随时入住,暂无数据,需提前预约,高楼层/8层,无,暂无数据,商水,民电,有,暂无数据,['近地铁'],"['1号线(罗宝线) - 岗厦', '462m', '1号线(罗宝线),4号线(龙华线) - 会展中心', '810m', '4号线(龙华线),7号线 - 福民', '1105m', '2号线(蛇口线),3号线(龙岗线),11号线 - 福田', '1177m']",22.537389299417,114.07299280405
https://sz.lianjia.com/zufang/SZ2275215500621381632.html,福田区,梅林,御锦公馆 1室0厅 北,5000元/月 ,租赁方式未知,1室0厅1卫,35㎡,朝北,"['https://image1.ljcdn.com/hdic-frame/b1df1203-2bc9-47b2-9aac-3fe128fc9318.png.780x439.jpg', 'https://s1.ljcdn.com/matrix_lianjia_pc/dist/pc/src/resource/default/780-439.png?_v=201906280941017d9', 'https://s1.ljcdn.com/matrix_lianjia_pc/dist/pc/src/resource/default/780-439.png?_v=201906280941017d9', 'https://s1.ljcdn.com/matrix_lianjia_pc/dist/pc/src/resource/default/780-439.png?_v=201906280941017d9', 'https://s1.ljcdn.com/matrix_lianjia_pc/dist/pc/src/resource/default/780-439.png?_v=201906280941017d9', 'https://s1.ljcdn.com/matrix_lianjia_pc/dist/pc/src/resource/default/780-439.png?_v=201906280941017d9', 'https://s1.ljcdn.com/matrix_lianjia_pc/dist/pc/src/resource/default/780-439.png?_v=201906280941017d9', 'https://s1.ljcdn.com/matrix_lianjia_pc/dist/pc/src/resource/default/780-439.png?_v=201906280941017d9']",21天前,随时入住,暂无数据,需提前预约,低楼层/30层,有,暂无数据,商水,商电,有,暂无数据,"['近地铁', '随时看房']","['4号线(龙华线),9号线 - 上梅林', '172m', '9号线 - 梅村', '960m']",22.576731,114.064487
https://sz.lianjia.com/zufang/SZ2254767884482396160.html,南山区,科技园,阳光海景豪苑 2室1厅 北,7000元/月 ,租赁方式未知,2室1厅1卫,78㎡,朝北,"['https://image1.ljcdn.com/440300-inspection/c0246a04-f594-456a-9969-4c321b748313.jpg.780x439.jpg', 'https://s1.ljcdn.com/matrix_lianjia_pc/dist/pc/src/resource/default/780-439.png?_v=201906280941017d9', 'https://s1.ljcdn.com/matrix_lianjia_pc/dist/pc/src/resource/default/780-439.png?_v=201906280941017d9', 'https://s1.ljcdn.com/matrix_lianjia_pc/dist/pc/src/resource/default/780-439.png?_v=201906280941017d9', 'https://s1.ljcdn.com/matrix_lianjia_pc/dist/pc/src/resource/default/780-439.png?_v=201906280941017d9']",1个月前,随时入住,暂无数据,暂无数据,低楼层/31层,有,暂无数据,民水,民电,有,暂无数据,[],[],22.547957890373,113.94048192157
https://sz.lianjia.com/zufang/SZ2274683553679941632.html,龙华区,民治,馨园二期 3室1厅 北,6000元/月 ,租赁方式未知,3室1厅2卫,112㎡,朝北,"['https://image1.ljcdn.com/440300-inspection/prod-089728c5-6adc-481b-9776-732e893b9c5b.jpg.780x439.jpg', 'https://s1.ljcdn.com/matrix_lianjia_pc/dist/pc/src/resource/default/780-439.png?_v=201906280941017d9', 'https://s1.ljcdn.com/matrix_lianjia_pc/dist/pc/src/resource/default/780-439.png?_v=201906280941017d9', 'https://s1.ljcdn.com/matrix_lianjia_pc/dist/pc/src/resource/default/780-439.png?_v=201906280941017d9', 'https://s1.ljcdn.com/matrix_lianjia_pc/dist/pc/src/resource/default/780-439.png?_v=201906280941017d9', 'https://s1.ljcdn.com/matrix_lianjia_pc/dist/pc/src/resource/default/780-439.png?_v=201906280941017d9']",16天前,2019-07-05,暂无数据,暂无数据,高楼层/11层,有,暂无数据,民水,民电,有,暂无数据,[],"['5号线(环中线) - 民治', '890m']",22.632487,114.049493
