房源地址,行政区,位置,标题,租金,租赁方式,户型,面积,朝向,图片列表,发布时间,入住时间,租期,看房时间,楼层,电梯,车位,用水,用电,燃气,采暖,标签,station,latitude,longtitude
https://sz.lianjia.com/zufang/SZ2276864701483204608.html,福田区,皇岗,整租·共和世家 2室1厅 东南/西北,8700元/月 ,整租,2室1厅1卫,83㎡,朝东南 西北,"['https://image1.ljcdn.com/440300-inspection/6934c796-20aa-4641-a42e-7d926e9e2aa8.jpg.780x439.jpg', 'https://s1.ljcdn.com/matrix_lianjia_pc/dist/pc/src/resource/default/780-439.png?_v=201906280941017d9', 'https://s1.ljcdn.com/matrix_lianjia_pc/dist/pc/src/resource/default/780-439.png?_v=201906280941017d9', 'https://s1.ljcdn.com/matrix_lianjia_pc/dist/pc/src/resource/default/780-439.png?_v=201906280941017d9', 'https://s1.ljcdn.com/matrix_lianjia_pc/dist/pc/src/resource/default/780-439.png?_v=201906280941017d9', 'https://s1.ljcdn.com/matrix_lianjia_pc/dist/pc/src/resource/default/780-439.png?_v=201906280941017d9', 'https://s1.ljcdn.com/matrix_lianjia_pc/dist/pc/src/resource/default/780-439.png?_v=201906280941017d9', 'https://s1.ljcdn.com/matrix_lianjia_pc/dist/pc/src/resource/default/780-439.png?_v=201906280941017d9']",18天前,随时入住,1~2年,需提前预约,高楼层/29层,有,租用车位,民水,民电,有,暂无数据,"['近地铁', '精装', '随时看房']","['7号线 - 皇岗村', '12m', '3号线(龙岗线),7号线 - 石厦', '452m', '4号线(龙华线),7号线 - 福民', '705m', '3号线(龙岗线) - 益田', '1138m']",22.526927405767,114.06484884166
https://sz.lianjia.com/zufang/SZ2085858083870867456.html,福田区,皇岗,共和世家 2室1厅 西北,10000元/月 ,租赁方式未知,2室1厅1卫,83㎡,朝西北,"['https://image1.ljcdn.com/440300-inspection/51ee2de8-2e75-44e0-a1df-fe12e53a703f.jpg.780x439.jpg', 'https://s1.ljcdn.com/matrix_lianjia_pc/dist/pc/src/resource/default/780-439.png?_v=201906280941017d9', 'https://s1.ljcdn.com/matrix_lianjia_pc/dist/pc/src/resource/default/780-439.png?_v=201906280941017d9', 'https://s1.ljcdn.com/matrix_lianjia_pc/dist/pc/src/resource/default/780-439.png?_v=201906280941017d9', 'https://s1.ljcdn.com/matrix_lianjia_pc/dist/pc/src/resource/default/780-439.png?_v=201906280941017d9', 'https://s1.ljcdn.com/matrix_lianjia_pc/dist/pc/src/resource/default/780-439.png?_v=201906280941017d9', 'https://s1.ljcdn.com/matrix_lianjia_pc/dist/pc/src/resource/default/780-439.png?_v=201906280941017d9', 'https://s1.ljcdn.com/matrix_lianjia_pc/dist/pc/src/resource/default/780-439.png?_v=201906280941017d9', 'https://s1.ljcdn.com/matrix_lianjia_pc/dist/pc/src/resource/default/780-439.png?_v=201906280941017d9']",9个月前,暂无数据,暂无数据,暂无数据,低楼层/29层,有,暂无数据,民水,民电,有,暂无数据,['近地铁'],"['7号线 - 皇岗村', '12m', '3号线(龙岗线),7号线 - 石厦', '452m', '4号线(龙华线),7号线 - 福民', '705m', '3号线(龙岗线) - 益田', '1138m']",22.526927405767,114.06484884166
https://sz.lianjia.com/zufang/SZ2204830296636137472.html,福田区,车公庙,整租·国都高尔夫花园二期 3室2厅 西北,13000元/月 (月付价),整租,3室2厅2卫,131㎡,朝西北,"['https://image1.ljcdn.com/440300-inspection/68b6a325-935f-4d6b-8ec6-2e0983a45dd7.jpg.780x439.jpg', 'https://s1.ljcdn.com/matrix_lianjia_pc/dist/pc/src/resource/default/780-439.png?_v=201906280941017d9', 'https://s1.ljcdn.com/matrix_lianjia_pc/dist/pc/src/resource/default/780-439.png?_v=201906280941017d9', 'https://s1.ljcdn.com/matrix_lianjia_pc/dist/pc/src/resource/default/780-439.png?_v=201906280941017d9', 'https://s1.ljcdn.com/matrix_lianjia_pc/dist/pc/src/resource/default/780-439.png?_v=201906280941017d9', 'https://s1.ljcdn.com/matrix_lianjia_pc/dist/pc/src/resource/default/780-439.png?_v=201906280941017d9', 'https://s1.ljcdn.com/matrix_lianjia_pc/dist/pc/src/resource/default/780-439.png?_v=201906280941017d9', 'https://s1.ljcdn.com/matrix_lianjia_pc/dist/pc/src/resource/default/780-439.png?_v=201906280941017d9', 'https://s1.ljcdn.com/matrix_lianjia_pc/dist/pc/src/resource/default/780-439.png?_v=201906280941017d9']",3个月前,随时入住,1年以内,一般下班后可看,中楼层/31层,有,暂无数据,民水,民电,有,暂无数据,"['近地铁', '精装', '双卫生间']","['1号线(罗宝线),3号线(龙岗线) - 购物公园', '812m']",22.537259636404,114.05322363008
https://sz.lianjia.com/zufang/SZ2241757992301371392.html,南山区,蛇口,水湾1979二期 2室1厅 西南/西北,20000元/月 ,租赁方式未知,2室1厅2卫,108㎡,朝西南 西北,"['https://image1.ljcdn.com/440300-inspection/prod-378fd9c1-8c9b-4312-bbe6-73bfad76df7a.jpg.780x439.jpg', 'https://s1.ljcdn.com/matrix_lianjia_pc/dist/pc/src/resource/default/780-439.png?_v=201906280941017d9', 'https://s1.ljcdn.com/matrix_lianjia_pc/dist/pc/src/resource/default/780-439.png?_v=201906280941017d9', 'https://s1.ljcdn.com/matrix_lianjia_pc/dist/pc/src/resource/default/780-439.png?_v=201906280941017d9', 'https://s1.ljcdn.com/matrix_lianjia_pc/dist/pc/src/resource/default/780-439.png?_v=201906280941017d9', 'https://s1.ljcdn.com/matrix_lianjia_pc/dist/pc/src/resource/default/780-439.png?_v=201906280941017d9', 'https://s1.ljcdn.com/matrix_lianjia_pc/dist/pc/src/resource/default/780-439.png?_v=201906280941017d9', 'https://s1.ljcdn.com/matrix_lianjia_pc/dist/pc/src/resource/default/780-439.png?_v=201906280941017d9']",2个月前,随时入住,暂无数据,需提前预约,高楼层/38层,暂无数据,暂无数据,暂无数据,暂无数据,无,暂无数据,['近地铁'],"['2号线(蛇口线) - 水湾', '17m', '2号线(蛇口线) - 海上世界', '593m']",22.496155,113.925438
https://sz.lianjia.com/zufang/SZ2282437923658285056.html,罗湖区,春风路,金色都汇 2室1厅 西北,10600元/月 ,租赁方式未知,2室1厅1卫,67㎡,朝西北,"['https://image1.ljcdn.com/440300-inspection/2824247f-abec-4471-b8f1-b699f9fc0661.jpg.780x439.jpg', 'https://s1.ljcdn.com/matrix_lianjia_pc/dist/pc/src/resource/default/780-439.png?_v=201906280941017d9', 'https://s1.ljcdn.com/matrix_lianjia_pc/dist/pc/src/resource/default/780-439.png?_v=201906280941017d9', 'https://s1.ljcdn.com/matrix_lianjia_pc/dist/pc/src/resource/default/780-439.png?_v=201906280941017d9', 'https://s1.ljcdn.com/matrix_lianjia_pc/dist/pc/src/resource/default/780-439.png?_v=201906280941017d9', 'https://s1.ljcdn.com/matrix_lianjia_pc/dist/pc/src/resource/default/780-439.png?_v=201906280941017d9', 'https://s1.ljcdn.com/matrix_lianjia_pc/dist/pc/src/resource/default/780-439.png?_v=201906280941017d9', 'https://s1.ljcdn.com/matrix_lianjia_pc/dist/pc/src/resource/default/780-439.png?_v=201906280941017d9']",11天前,随时入住,暂无数据,需提前预约,中楼层/25层,有,暂无数据,民水,民电,有,暂无数据,['近地铁'],"['9号线 - 向西村', '108m', '2号线(蛇口线) - 湖贝', '394m', '9号线 - 文锦', '643m', '1号线(罗宝线) - 国贸', '731m', '9号线 - 人民南', '981m', '3号线(龙岗线) - 晒布', '1166m', '1号线(罗宝线),3号线(龙岗线) - 老街', '1179m', '1号线(罗宝线) - 罗湖', '1198m']",22.546930198995,114.13222691411
https://sz.lianjia.com/zufang/SZ2225884346857308160.html,南山区,深圳湾,鸿威海怡湾 3室2厅 西北,13000元/月 ,租赁方式未知,3室2厅1卫,89㎡,朝西北,"['https://image1.ljcdn.com/440300-inspection/0f9a1a15-90c9-4808-acb8-79186856e75f.jpg.780x439.jpg', 'https://s1.ljcdn.com/matrix_lianjia_pc/dist/pc/src/resource/default/780-439.png?_v=201906280941017d9', 'https://s1.ljcdn.com/matrix_lianjia_pc/dist/pc/src/resource/default/780-439.png?_v=201906280941017d9', 'https://s1.ljcdn.com/matrix_lianjia_pc/dist/pc/src/resource/default/780-439.png?_v=201906280941017d9', 'https://s1.ljcdn.com/matrix_lianjia_pc/dist/pc/src/resource/default/780-439.png?_v=201906280941017d9', 'https://s1.ljcdn.com/matrix_lianjia_pc/dist/pc/src/resource/default/780-439.png?_v=201906280941017d9', 'https://s1.ljcdn.com/matrix_lianjia_pc/dist/pc/src/resource/default/780-439.png?_v=201906280941017d9', 'https://s1.ljcdn.com/matrix_lianjia_pc/dist/pc/src/resource/default/780-439.png?_v=201906280941017d9', 'https://s1.ljcdn.com/matrix_lianjia_pc/dist/pc/src/resource/default/780-439.png?_v=201906280941017d9', 'https://s1.ljcdn.com/matrix_lianjia_pc/dist/pc/src/resource/default/780-439.png?_v=201906280941017d9', 'https://s1.ljcdn.com/matrix_lianjia_pc/dist/pc/src/resource/default/780-439.png?_v=201906280941017d9']",2个月前,随时入住,暂无数据,需提前预约,中楼层/18层,有,暂无数据,民水,民电,有,暂无数据,['近地铁'],"['2号线(蛇口线) - 湾厦', '682m']",22.495790833682,113.94942499691
https://sz.lianjia.com/zufang/SZ2222927702200164352.html,宝安区,碧海,整租·幸福珺湾 4室2厅 西北,10500元/月 (月付价),整租,4室2厅2卫,132㎡,朝西北,"['https://image1.ljcdn.com/440300-inspection/3962924c-e42a-45b7-aced-90c67d970178.jpg.780x439.jpg', 'https://s1.ljcdn.com/matrix_lianjia_pc/dist/pc/src/resource/default/780-439.png?_v=201906280941017d9', 'https://s1.ljcdn.com/matrix_lianjia_pc/dist/pc/src/resource/default/780-439.png?_v=201906280941017d9', 'https://s1.ljcdn.com/matrix_lianjia_pc/dist/pc/src/resource/default/780-439.png?_v=201906280941017d9', 'https://s1.ljcdn.com/matrix_lianjia_pc/dist/pc/src/resource/default/780-439.png?_v=201906280941017d9', 'https://s1.ljcdn.com/matrix_lianjia_pc/dist/pc/src/resource/default/780-439.png?_v=201906280941017d9', 'https://s1.ljcdn.com/matrix_lianjia_pc/dist/pc/src/resource/default/780-439.png?_v=201906280941017d9', 'https://s1.ljcdn.com/matrix_lianjia_pc/dist/pc/src/resource/default/780-439.png?_v=201906280941017d9', 'https://s1.ljcdn.com/matrix_lianjia_pc/dist/pc/src/resource/default/780-439.png?_v=201906280941017d9', 'https://s1.ljcdn.com/matrix_lianjia_pc/dist/pc/src/resource/default/780-439.png?_v=201906280941017d9', 'https://s1.ljcdn.com/matrix_lianjia_pc/dist/pc/src/resource/default/780-439.png?_v=201906280941017d9']",3个月前,随时入住,2~3年,需提前预约,高楼层/31层,有,租用车位,民水,民电,有,暂无数据,"['近地铁', '精装', '双卫生间', '随时看房']","['11号线 - 碧海湾', '1036m']",22.573075,113.863654
https://sz.lianjia.com/zufang/SZ2269331345707122688.html,南山区,后海,漾日湾畔 2室1厅 西北,10000元/月 ,租赁方式未知,2室1厅1卫,74㎡,朝西北,"['https://image1.ljcdn.com/440300-inspection/d16e0406-1ce9-4b11-b743-7f79700eaf14.png.780x439.jpg', 'https://s1.ljcdn.com/matrix_lianjia_pc/dist/pc/src/resource/default/780-439.png?_v=201906280941017d9', 'https://s1.ljcdn.com/matrix_lianjia_pc/dist/pc/src/resource/default/780-439.png?_v=201906280941017d9', 'https://s1.ljcdn.com/matrix_lianjia_pc/dist/pc/src/resource/default/780-439.png?_v=201906280941017d9', 'https://s1.ljcdn.com/matrix_lianjia_pc/dist/pc/src/resource/default/780-439.png?_v=201906280941017d9', 'https://s1.ljcdn.com/matrix_lianjia_pc/dist/pc/src/resource/default/780-439.png?_v=201906280941017d9']",29天前,随时入住,暂无数据,暂无数据,中楼层/34层,有,暂无数据,民水,民电,有,暂无数据,['近地铁'],"['2号线(蛇口线),11号线 - 后海', '219m']",22.525248048744,113.9451676817
https://sz.lianjia.com/zufang/SZ2284120843887837184.html,宝安区,宝安中心,鸿荣源·壹方中心|玖誉 4室2厅 西北,17500元/月 ,租赁方式未知,4室2厅2卫,148㎡,朝西北,"['https://image1.ljcdn.com/440300-inspection/21f2e4e9-ec46-4a54-ae03-6604e0d391ef.png.780x439.jpg', 'https://s1.ljcdn.com/matrix_lianjia_pc/dist/pc/src/resource/default/780-439.png?_v=201906280941017d9', 'https://s1.ljcdn.com/matrix_lianjia_pc/dist/pc/src/resource/default/780-439.png?_v=201906280941017d9', 'https://s1.ljcdn.com/matrix_lianjia_pc/dist/pc/src/resource/default/780-439.png?_v=201906280941017d9', 'https://s1.ljcdn.com/matrix_lianjia_pc/dist/pc/src/resource/default/780-439.png?_v=201906280941017d9', 'https://s1.ljcdn.com/matrix_lianjia_pc/dist/pc/src/resource/default/780-439.png?_v=201906280941017d9', 'https://s1.ljcdn.com/matrix_lianjia_pc/dist/pc/src/resource/default/780-439.png?_v=201906280941017d9', 'https://s1.ljcdn.com/matrix_lianjia_pc/dist/pc/src/resource/default/780-439.png?_v=201906280941017d9', 'https://s1.ljcdn.com/matrix_lianjia_pc/dist/pc/src/resource/default/780-439.png?_v=201906280941017d9', 'https://s1.ljcdn.com/matrix_lianjia_pc/dist/pc/src/resource/default/780-439.png?_v=201906280941017d9']",8天前,随时入住,暂无数据,暂无数据,低楼层/52层,有,暂无数据,民水,民电,有,暂无数据,['近地铁'],"['11号线 - 宝安', '360m', '1号线(罗宝线),5号线(环中线) - 宝安中心', '487m', '5号线(环中线) - 宝华', '575m', '1号线(罗宝线) - 新安', '884m', '1号线(罗宝线) - 宝体', '918m', '5号线(环中线) - 临海', '1115m']",22.560644,113.889953
https://sz.lianjia.com/zufang/SZ2228223379293339648.html,福田区,景田,擎天华庭 4室2厅 西南/西北,18000元/月 ,租赁方式未知,4室2厅2卫,170㎡,朝西南 西北,"['https://image1.ljcdn.com/440300-inspection/31633188-382d-4016-80d6-cd53e316d242.jpg.780x439.jpg', 'https://s1.ljcdn.com/matrix_lianjia_pc/dist/pc/src/resource/default/780-439.png?_v=201906280941017d9', 'https://s1.ljcdn.com/matrix_lianjia_pc/dist/pc/src/resource/default/780-439.png?_v=201906280941017d9', 'https://s1.ljcdn.com/matrix_lianjia_pc/dist/pc/src/resource/default/780-439.png?_v=201906280941017d9', 'https://s1.ljcdn.com/matrix_lianjia_pc/dist/pc/src/resource/default/780-439.png?_v=201906280941017d9', 'https://s1.ljcdn.com/matrix_lianjia_pc/dist/pc/src/resource/default/780-439.png?_v=201906280941017d9', 'https://s1.ljcdn.com/matrix_lianjia_pc/dist/pc/src/resource/default/780-439.png?_v=201906280941017d9', 'https://s1.ljcdn.com/matrix_lianjia_pc/dist/pc/src/resource/default/780-439.png?_v=201906280941017d9', 'https://s1.ljcdn.com/matrix_lianjia_pc/dist/pc/src/resource/default/780-439.png?_v=201906280941017d9', 'https://s1.ljcdn.com/matrix_lianjia_pc/dist/pc/src/resource/default/780-439.png?_v=201906280941017d9', 'https://s1.ljcdn.com/matrix_lianjia_pc/dist/pc/src/resource/default/780-439.png?_v=201906280941017d9']",2个月前,随时入住,暂无数据,需提前预约,中楼层/44层,有,暂无数据,民水,民电,有,暂无数据,['近地铁'],"['2号线(蛇口线),9号线 - 景田', '209m', '9号线 - 香梅', '881m', '2号线(蛇口线) - 莲花西', '923m', '9号线 - 梅景', '1111m']",22.557001,114.050953
https://sz.lianjia.com/zufang/SZ2219563839589466112.html,福田区,车公庙,泰康轩 2室1厅 西北,8500元/月 ,租赁方式未知,2室1厅1卫,58㎡,朝西北,"['https://image1.ljcdn.com/440300-inspection/7d7c0e6b-0ac2-4da0-a580-d7a730228f3b.jpg.780x439.jpg', 'https://s1.ljcdn.com/matrix_lianjia_pc/dist/pc/src/resource/default/780-439.png?_v=201906280941017d9', 'https://s1.ljcdn.com/matrix_lianjia_pc/dist/pc/src/resource/default/780-439.png?_v=201906280941017d9', 'https://s1.ljcdn.com/matrix_lianjia_pc/dist/pc/src/resource/default/780-439.png?_v=201906280941017d9', 'https://s1.ljcdn.com/matrix_lianjia_pc/dist/pc/src/resource/default/780-439.png?_v=201906280941017d9', 'https://s1.ljcdn.com/matrix_lianjia_pc/dist/pc/src/resource/default/780-439.png?_v=201906280941017d9', 'https://s1.ljcdn.com/matrix_lianjia_pc/dist/pc/src/resource/default/780-439.png?_v=201906280941017d9']",3个月前,随时入住,暂无数据,需提前预约,高楼层/31层,有,暂无数据,民水,民电,有,暂无数据,"['近地铁', '随时看房']","['1号线(罗宝线),11号线,7号线,9号线 - 车公庙', '476m', '9号线 - 下沙', '572m']",22.53972368326,114.03197061686
https://sz.lianjia.com/zufang/SZ2283039488026886144.html,福田区,八卦岭,合正瑞园 2室1厅 西北,8200元/月 ,租赁方式未知,2室1厅1卫,81㎡,朝西北,"['https://image1.ljcdn.com/440300-inspection/05f5f920-5e93-461b-97c2-3d15ba734535.jpg.780x439.jpg', 'https://s1.ljcdn.com/matrix_lianjia_pc/dist/pc/src/resource/default/780-439.png?_v=201906280941017d9', 'https://s1.ljcdn.com/matrix_lianjia_pc/dist/pc/src/resource/default/780-439.png?_v=201906280941017d9', 'https://s1.ljcdn.com/matrix_lianjia_pc/dist/pc/src/resource/default/780-439.png?_v=201906280941017d9', 'https://s1.ljcdn.com/matrix_lianjia_pc/dist/pc/src/resource/default/780-439.png?_v=201906280941017d9', 'https://s1.ljcdn.com/matrix_lianjia_pc/dist/pc/src/resource/default/780-439.png?_v=201906280941017d9', 'https://s1.ljcdn.com/matrix_lianjia_pc/dist/pc/src/resource/default/780-439.png?_v=201906280941017d9', 'https://s1.ljcdn.com/matrix_lianjia_pc/dist/pc/src/resource/default/780-439.png?_v=201906280941017d9', 'https://s1.ljcdn.com/matrix_lianjia_pc/dist/pc/src/resource/default/780-439.png?_v=201906280941017d9', 'https://s1.ljcdn.com/matrix_lianjia_pc/dist/pc/src/resource/default/780-439.png?_v=201906280941017d9', 'https://s1.ljcdn.com/matrix_lianjia_pc/dist/pc/src/resource/default/780-439.png?_v=201906280941017d9']",10天前,2019-07-15,暂无数据,一般下班后可看,低楼层/26层,有,暂无数据,民水,民电,有,暂无数据,['近地铁'],"['7号线,9号线 - 红岭北', '398m', '9号线 - 泥岗', '1027m', '7号线 - 八卦岭', '1040m', '7号线 - 笋岗', '1062m', '9号线 - 园岭', '1096m']",22.571048320928,114.10835023363
https://sz.lianjia.com/zufang/SZ2280326882513649664.html,南山区,前海,星海名城一期四组团 3室1厅 西北,10000元/月 ,租赁方式未知,3室1厅2卫,107㎡,朝西北,"['https://image1.ljcdn.com/440300-inspection/8d65fd92-af89-41a8-8649-97b938913ae5.jpg.780x439.jpg', 'https://s1.ljcdn.com/matrix_lianjia_pc/dist/pc/src/resource/default/780-439.png?_v=201906280941017d9', 'https://s1.ljcdn.com/matrix_lianjia_pc/dist/pc/src/resource/default/780-439.png?_v=201906280941017d9', 'https://s1.ljcdn.com/matrix_lianjia_pc/dist/pc/src/resource/default/780-439.png?_v=201906280941017d9', 'https://s1.ljcdn.com/matrix_lianjia_pc/dist/pc/src/resource/default/780-439.png?_v=201906280941017d9', 'https://s1.ljcdn.com/matrix_lianjia_pc/dist/pc/src/resource/default/780-439.png?_v=201906280941017d9', 'https://s1.ljcdn.com/matrix_lianjia_pc/dist/pc/src/resource/default/780-439.png?_v=201906280941017d9', 'https://s1.ljcdn.com/matrix_lianjia_pc/dist/pc/src/resource/default/780-439.png?_v=201906280941017d9', 'https://s1.ljcdn.com/matrix_lianjia_pc/dist/pc/src/resource/default/780-439.png?_v=201906280941017d9', 'https://s1.ljcdn.com/matrix_lianjia_pc/dist/pc/src/resource/default/780-439.png?_v=201906280941017d9']",8天前,随时入住,暂无数据,需提前预约,低楼层/9层,有,暂无数据,民水,民电,有,暂无数据,['近地铁'],"['1号线(罗宝线) - 大新', '551m', '1号线(罗宝线) - 鲤鱼门', '1178m']",22.541954615763,113.91829899184
https://sz.lianjia.com/zufang/SZ2230344480626573312.html,福田区,香蜜湖,东海花园二期福禄居 4室2厅 西北,20000元/月 ,租赁方式未知,4室2厅2卫,164㎡,朝西北,"['http://vrlab-image.ljcdn.com/release/auto3dhd/e6e6f3134daf9fb2549f946f009bb4dd/screenshot/1544262690_6/pc0_72dAomQAy.jpg.q_70.jpg', 'https://s1.ljcdn.com/matrix_lianjia_pc/dist/pc/src/resource/default/780-439.png?_v=201906280941017d9', 'https://s1.ljcdn.com/matrix_lianjia_pc/dist/pc/src/resource/default/780-439.png?_v=201906280941017d9', 'https://s1.ljcdn.com/matrix_lianjia_pc/dist/pc/src/resource/default/780-439.png?_v=201906280941017d9', 'https://s1.ljcdn.com/matrix_lianjia_pc/dist/pc/src/resource/default/780-439.png?_v=201906280941017d9', 'https://s1.ljcdn.com/matrix_lianjia_pc/dist/pc/src/resource/default/780-439.png?_v=201906280941017d9', 'https://s1.ljcdn.com/matrix_lianjia_pc/dist/pc/src/resource/default/780-439.png?_v=201906280941017d9', 'https://s1.ljcdn.com/matrix_lianjia_pc/dist/pc/src/resource/default/780-439.png?_v=201906280941017d9', 'https://s1.ljcdn.com/matrix_lianjia_pc/dist/pc/src/resource/default/780-439.png?_v=201906280941017d9', 'https://s1.ljcdn.com/matrix_lianjia_pc/dist/pc/src/resource/default/780-439.png?_v=201906280941017d9', 'https://s1.ljcdn.com/matrix_lianjia_pc/dist/pc/src/resource/default/780-439.png?_v=201906280941017d9', 'https://s1.ljcdn.com/matrix_lianjia_pc/dist/pc/src/resource/default/780-439.png?_v=201906280941017d9', 'https://s1.ljcdn.com/matrix_lianjia_pc/dist/pc/src/resource/default/780-439.png?_v=201906280941017d9']",2个月前,随时入住,暂无数据,需提前预约,中楼层/31层,有,暂无数据,民水,民电,有,暂无数据,"['近地铁', '随时看房']","['1号线(罗宝线),11号线,7号线,9号线 - 车公庙', '225m', '7号线 - 农林', '940m']",22.544693405552,114.03146701641
https://sz.lianjia.com/zufang/SZ2275304575718129664.html,福田区,银湖,笔架山公馆 4室2厅 南/西北,12500元/月 ,租赁方式未知,4室2厅2卫,87㎡,朝南 西北,"['https://image1.ljcdn.com/440300-inspection/05d05599-c38a-4204-a7ef-b7c70716be18.jpg.780x439.jpg', 'https://s1.ljcdn.com/matrix_lianjia_pc/dist/pc/src/resource/default/780-439.png?_v=201906280941017d9', 'https://s1.ljcdn.com/matrix_lianjia_pc/dist/pc/src/resource/default/780-439.png?_v=201906280941017d9', 'https://s1.ljcdn.com/matrix_lianjia_pc/dist/pc/src/resource/default/780-439.png?_v=201906280941017d9', 'https://s1.ljcdn.com/matrix_lianjia_pc/dist/pc/src/resource/default/780-439.png?_v=201906280941017d9', 'https://s1.ljcdn.com/matrix_lianjia_pc/dist/pc/src/resource/default/780-439.png?_v=201906280941017d9', 'https://s1.ljcdn.com/matrix_lianjia_pc/dist/pc/src/resource/default/780-439.png?_v=201906280941017d9', 'https://s1.ljcdn.com/matrix_lianjia_pc/dist/pc/src/resource/default/780-439.png?_v=201906280941017d9', 'https://s1.ljcdn.com/matrix_lianjia_pc/dist/pc/src/resource/default/780-439.png?_v=201906280941017d9']",18天前,随时入住,暂无数据,一般下班后可看,低楼层/33层,有,暂无数据,民水,民电,有,暂无数据,['近地铁'],"['9号线 - 孖岭', '625m']",22.574678,114.080995
https://sz.lianjia.com/zufang/SZ2270307517408223232.html,福田区,莲花,黄埔雅苑一期 2室1厅 西北,10000元/月 ,租赁方式未知,2室1厅1卫,78㎡,朝西北,"['https://image1.ljcdn.com/440300-inspection/19129c4b-598f-48ac-a512-9e4f2100f18b.jpg.780x439.jpg', 'https://s1.ljcdn.com/matrix_lianjia_pc/dist/pc/src/resource/default/780-439.png?_v=201906280941017d9', 'https://s1.ljcdn.com/matrix_lianjia_pc/dist/pc/src/resource/default/780-439.png?_v=201906280941017d9', 'https://s1.ljcdn.com/matrix_lianjia_pc/dist/pc/src/resource/default/780-439.png?_v=201906280941017d9', 'https://s1.ljcdn.com/matrix_lianjia_pc/dist/pc/src/resource/default/780-439.png?_v=201906280941017d9', 'https://s1.ljcdn.com/matrix_lianjia_pc/dist/pc/src/resource/default/780-439.png?_v=201906280941017d9', 'https://s1.ljcdn.com/matrix_lianjia_pc/dist/pc/src/resource/default/780-439.png?_v=201906280941017d9', 'https://s1.ljcdn.com/matrix_lianjia_pc/dist/pc/src/resource/default/780-439.png?_v=201906280941017d9']",26天前,随时入住,暂无数据,暂无数据,低楼层/21层,有,暂无数据,民水,民电,有,暂无数据,['近地铁'],"['2号线(蛇口线) - 莲花西', '213m', '2号线(蛇口线),3号线(龙岗线),11号线 - 福田', '564m', '3号线(龙岗线),4号线(龙华线) - 少年宫', '1138m']",22.551255189355,114.05710977909
https://sz.lianjia.com/zufang/SZ2275076128286703616.html,宝安区,新安,东江豪苑 4室2厅 东南/西北,8200元/月 ,租赁方式未知,4室2厅1卫,150㎡,朝东南 西北,"['https://image1.ljcdn.com/440300-inspection/8ed9392a-7fec-4bfb-9cc0-5a59401669fa.jpg.780x439.jpg', 'https://s1.ljcdn.com/matrix_lianjia_pc/dist/pc/src/resource/default/780-439.png?_v=201906280941017d9', 'https://s1.ljcdn.com/matrix_lianjia_pc/dist/pc/src/resource/default/780-439.png?_v=201906280941017d9', 'https://s1.ljcdn.com/matrix_lianjia_pc/dist/pc/src/resource/default/780-439.png?_v=201906280941017d9', 'https://s1.ljcdn.com/matrix_lianjia_pc/dist/pc/src/resource/default/780-439.png?_v=201906280941017d9', 'https://s1.ljcdn.com/matrix_lianjia_pc/dist/pc/src/resource/default/780-439.png?_v=201906280941017d9', 'https://s1.ljcdn.com/matrix_lianjia_pc/dist/pc/src/resource/default/780-439.png?_v=201906280941017d9', 'https://s1.ljcdn.com/matrix_lianjia_pc/dist/pc/src/resource/default/780-439.png?_v=201906280941017d9', 'https://s1.ljcdn.com/matrix_lianjia_pc/dist/pc/src/resource/default/780-439.png?_v=201906280941017d9']",21天前,随时入住,暂无数据,需提前预约,低楼层/32层,有,暂无数据,民水,民电,有,暂无数据,[],[],22.56193,113.915065
https://sz.lianjia.com/zufang/SZ2146125374307188736.html,福田区,景田,景苑大厦 3室1厅 西北,8500元/月 ,租赁方式未知,3室1厅2卫,103㎡,朝西北,"['https://image1.ljcdn.com/440300-inspection/45403bfd-6d49-4018-85c8-4ca71ab9dd4f.jpg.780x439.jpg', 'https://s1.ljcdn.com/matrix_lianjia_pc/dist/pc/src/resource/default/780-439.png?_v=201906280941017d9', 'https://s1.ljcdn.com/matrix_lianjia_pc/dist/pc/src/resource/default/780-439.png?_v=201906280941017d9', 'https://s1.ljcdn.com/matrix_lianjia_pc/dist/pc/src/resource/default/780-439.png?_v=201906280941017d9', 'https://s1.ljcdn.com/matrix_lianjia_pc/dist/pc/src/resource/default/780-439.png?_v=201906280941017d9', 'https://s1.ljcdn.com/matrix_lianjia_pc/dist/pc/src/resource/default/780-439.png?_v=201906280941017d9', 'https://s1.ljcdn.com/matrix_lianjia_pc/dist/pc/src/resource/default/780-439.png?_v=201906280941017d9', 'https://s1.ljcdn.com/matrix_lianjia_pc/dist/pc/src/resource/default/780-439.png?_v=201906280941017d9', 'https://s1.ljcdn.com/matrix_lianjia_pc/dist/pc/src/resource/default/780-439.png?_v=201906280941017d9']",6个月前,随时入住,暂无数据,只能周末看房,高楼层/27层,有,暂无数据,民水,民电,有,暂无数据,['近地铁'],"['2号线(蛇口线) - 莲花西', '749m', '1号线(罗宝线) - 香蜜湖', '888m', '9号线 - 香梅', '952m', '2号线(蛇口线),3号线(龙岗线),11号线 - 福田', '952m']",22.5478992946,114.05331553001
https://sz.lianjia.com/zufang/SZ2252131882420404224.html,南山区,深圳湾,鸿威海怡湾 3室2厅 西北,12500元/月 ,租赁方式未知,3室2厅1卫,89㎡,朝西北,"['https://image1.ljcdn.com/440300-inspection/dbbc0890-78dc-41cd-a6fb-ba69b74a9c6b.jpg.780x439.jpg', 'https://s1.ljcdn.com/matrix_lianjia_pc/dist/pc/src/resource/default/780-439.png?_v=201906280941017d9', 'https://s1.ljcdn.com/matrix_lianjia_pc/dist/pc/src/resource/default/780-439.png?_v=201906280941017d9', 'https://s1.ljcdn.com/matrix_lianjia_pc/dist/pc/src/resource/default/780-439.png?_v=201906280941017d9', 'https://s1.ljcdn.com/matrix_lianjia_pc/dist/pc/src/resource/default/780-439.png?_v=201906280941017d9', 'https://s1.ljcdn.com/matrix_lianjia_pc/dist/pc/src/resource/default/780-439.png?_v=201906280941017d9', 'https://s1.ljcdn.com/matrix_lianjia_pc/dist/pc/src/resource/default/780-439.png?_v=201906280941017d9', 'https://s1.ljcdn.com/matrix_lianjia_pc/dist/pc/src/resource/default/780-439.png?_v=201906280941017d9']",1个月前,随时入住,暂无数据,需提前预约,低楼层/18层,有,暂无数据,民水,民电,有,暂无数据,['近地铁'],"['2号线(蛇口线) - 湾厦', '682m']",22.495790833682,113.94942499691
https://sz.lianjia.com/zufang/SZ2276797376285392896.html,南山区,蛇口,半山海景兰溪谷国际公寓 2室1厅 西北,13000元/月 ,租赁方式未知,2室1厅1卫,83㎡,朝西北,"['https://image1.ljcdn.com/440300-inspection/prod-271bbc99-4ea5-4d8c-8768-dff583b27ba2.jpg.780x439.jpg', 'https://s1.ljcdn.com/matrix_lianjia_pc/dist/pc/src/resource/default/780-439.png?_v=201906280941017d9', 'https://s1.ljcdn.com/matrix_lianjia_pc/dist/pc/src/resource/default/780-439.png?_v=201906280941017d9', 'https://s1.ljcdn.com/matrix_lianjia_pc/dist/pc/src/resource/default/780-439.png?_v=201906280941017d9', 'https://s1.ljcdn.com/matrix_lianjia_pc/dist/pc/src/resource/default/780-439.png?_v=201906280941017d9', 'https://s1.ljcdn.com/matrix_lianjia_pc/dist/pc/src/resource/default/780-439.png?_v=201906280941017d9', 'https://s1.ljcdn.com/matrix_lianjia_pc/dist/pc/src/resource/default/780-439.png?_v=201906280941017d9']",19天前,随时入住,暂无数据,需提前预约,低楼层/31层,有,暂无数据,民水,民电,有,暂无数据,['近地铁'],"['2号线(蛇口线) - 海上世界', '444m', '2号线(蛇口线) - 水湾', '686m']",22.494353,113.921236
https://sz.lianjia.com/zufang/SZ2242749178092724224.html,福田区,石厦,整租·皇都广场 3室2厅 西北,9500元/月 ,整租,3室2厅1卫,108㎡,朝西北,"['https://image1.ljcdn.com/440300-inspection/prod-3fd5d446-5966-4097-a93f-36eaa413742c.jpg.780x439.jpg', 'https://s1.ljcdn.com/matrix_lianjia_pc/dist/pc/src/resource/default/780-439.png?_v=201906280941017d9', 'https://s1.ljcdn.com/matrix_lianjia_pc/dist/pc/src/resource/default/780-439.png?_v=201906280941017d9', 'https://s1.ljcdn.com/matrix_lianjia_pc/dist/pc/src/resource/default/780-439.png?_v=201906280941017d9', 'https://s1.ljcdn.com/matrix_lianjia_pc/dist/pc/src/resource/default/780-439.png?_v=201906280941017d9']",24天前,随时入住,1年以内,暂无数据,中楼层/36层,有,暂无数据,民水,民电,有,暂无数据,[],[],22.533307,114.064103
https://sz.lianjia.com/zufang/SZ2276588677498929152.html,福田区,莲花,长城盛世家园二期 3室1厅 西北,8500元/月 ,租赁方式未知,3室1厅1卫,84㎡,朝西北,"['https://image1.ljcdn.com/440300-inspection/1d3b7c65-cf76-428d-8bd2-6e87a03f87e5.jpg.780x439.jpg', 'https://s1.ljcdn.com/matrix_lianjia_pc/dist/pc/src/resource/default/780-439.png?_v=201906280941017d9', 'https://s1.ljcdn.com/matrix_lianjia_pc/dist/pc/src/resource/default/780-439.png?_v=201906280941017d9', 'https://s1.ljcdn.com/matrix_lianjia_pc/dist/pc/src/resource/default/780-439.png?_v=201906280941017d9', 'https://s1.ljcdn.com/matrix_lianjia_pc/dist/pc/src/resource/default/780-439.png?_v=201906280941017d9', 'https://s1.ljcdn.com/matrix_lianjia_pc/dist/pc/src/resource/default/780-439.png?_v=201906280941017d9', 'https://s1.ljcdn.com/matrix_lianjia_pc/dist/pc/src/resource/default/780-439.png?_v=201906280941017d9']",19天前,随时入住,暂无数据,需提前预约,高楼层/34层,有,暂无数据,民水,民电,有,暂无数据,['近地铁'],"['4号线(龙华线) - 莲花北', '921m']",22.566853,114.071555
https://sz.lianjia.com/zufang/SZ2261308998030458880.html,福田区,皇岗,宣嘉华庭 3室2厅 西北,8600元/月 ,租赁方式未知,3室2厅2卫,85㎡,朝西北,"['https://image1.ljcdn.com/440300-inspection/4516b26c-23b9-47d2-ac3d-4097235cc506.jpg.780x439.jpg', 'https://s1.ljcdn.com/matrix_lianjia_pc/dist/pc/src/resource/default/780-439.png?_v=201906280941017d9', 'https://s1.ljcdn.com/matrix_lianjia_pc/dist/pc/src/resource/default/780-439.png?_v=201906280941017d9', 'https://s1.ljcdn.com/matrix_lianjia_pc/dist/pc/src/resource/default/780-439.png?_v=201906280941017d9', 'https://s1.ljcdn.com/matrix_lianjia_pc/dist/pc/src/resource/default/780-439.png?_v=201906280941017d9', 'https://s1.ljcdn.com/matrix_lianjia_pc/dist/pc/src/resource/default/780-439.png?_v=201906280941017d9', 'https://s1.ljcdn.com/matrix_lianjia_pc/dist/pc/src/resource/default/780-439.png?_v=201906280941017d9', 'https://s1.ljcdn.com/matrix_lianjia_pc/dist/pc/src/resource/default/780-439.png?_v=201906280941017d9', 'https://s1.ljcdn.com/matrix_lianjia_pc/dist/pc/src/resource/default/780-439.png?_v=201906280941017d9']",1个月前,随时入住,暂无数据,需提前预约,低楼层/31层,有,暂无数据,民水,民电,有,暂无数据,['近地铁'],"['4号线(龙华线),7号线 - 福民', '367m', '4号线(龙华线) - 福田口岸', '655m', '7号线 - 皇岗村', '1097m']",22.525775017708,114.0736604131
https://sz.lianjia.com/zufang/SZ2238262319375458304.html,福田区,福田中心,发展兴苑 3室2厅 西北/北,18000元/月 ,租赁方式未知,3室2厅2卫,121㎡,朝西北 北,"['https://image1.ljcdn.com/440300-inspection/11baa6d8-d025-4de5-bbd8-e9dd4c7f2ce9.jpg.780x439.jpg', 'https://s1.ljcdn.com/matrix_lianjia_pc/dist/pc/src/resource/default/780-439.png?_v=201906280941017d9', 'https://s1.ljcdn.com/matrix_lianjia_pc/dist/pc/src/resource/default/780-439.png?_v=201906280941017d9', 'https://s1.ljcdn.com/matrix_lianjia_pc/dist/pc/src/resource/default/780-439.png?_v=201906280941017d9', 'https://s1.ljcdn.com/matrix_lianjia_pc/dist/pc/src/resource/default/780-439.png?_v=201906280941017d9', 'https://s1.ljcdn.com/matrix_lianjia_pc/dist/pc/src/resource/default/780-439.png?_v=201906280941017d9', 'https://s1.ljcdn.com/matrix_lianjia_pc/dist/pc/src/resource/default/780-439.png?_v=201906280941017d9', 'https://s1.ljcdn.com/matrix_lianjia_pc/dist/pc/src/resource/default/780-439.png?_v=201906280941017d9', 'https://s1.ljcdn.com/matrix_lianjia_pc/dist/pc/src/resource/default/780-439.png?_v=201906280941017d9', 'https://s1.ljcdn.com/matrix_lianjia_pc/dist/pc/src/resource/default/780-439.png?_v=201906280941017d9', 'https://s1.ljcdn.com/matrix_lianjia_pc/dist/pc/src/resource/default/780-439.png?_v=201906280941017d9']",2个月前,随时入住,暂无数据,需提前预约,低楼层/22层,有,暂无数据,民水,民电,有,暂无数据,"['近地铁', '随时看房']","['1号线(罗宝线),3号线(龙岗线) - 购物公园', '488m', '3号线(龙岗线),7号线 - 石厦', '758m', '2号线(蛇口线),3号线(龙岗线),11号线 - 福田', '1018m']",22.535755437383,114.0590805812
https://sz.lianjia.com/zufang/SZ2192801670876889088.html,福田区,新洲,湖北大厦 1室0厅 西北/北/东北,20640元/月 ,租赁方式未知,1室0厅0卫,258㎡,朝西北 北 东北,"['https://image1.ljcdn.com/440300-inspection/919dee08-fdbf-4294-a741-c587c7ab2e37.jpg.780x439.jpg', 'https://s1.ljcdn.com/matrix_lianjia_pc/dist/pc/src/resource/default/780-439.png?_v=201906280941017d9', 'https://s1.ljcdn.com/matrix_lianjia_pc/dist/pc/src/resource/default/780-439.png?_v=201906280941017d9', 'https://s1.ljcdn.com/matrix_lianjia_pc/dist/pc/src/resource/default/780-439.png?_v=201906280941017d9', 'https://s1.ljcdn.com/matrix_lianjia_pc/dist/pc/src/resource/default/780-439.png?_v=201906280941017d9', 'https://s1.ljcdn.com/matrix_lianjia_pc/dist/pc/src/resource/default/780-439.png?_v=201906280941017d9']",4个月前,随时入住,暂无数据,需提前预约,中楼层/29层,暂无数据,暂无数据,暂无数据,暂无数据,暂无数据,暂无数据,[],[],22.53344,114.053936
https://sz.lianjia.com/zufang/SZ2278073243145609216.html,福田区,石厦,皇都广场 3室2厅 西北,10000元/月 ,租赁方式未知,3室2厅2卫,108㎡,朝西北,"['https://image1.ljcdn.com/440300-inspection/cd7e232e-3b3c-4484-9c05-18b3e8cedcc3.jpg.780x439.jpg', 'https://s1.ljcdn.com/matrix_lianjia_pc/dist/pc/src/resource/default/780-439.png?_v=201906280941017d9', 'https://s1.ljcdn.com/matrix_lianjia_pc/dist/pc/src/resource/default/780-439.png?_v=201906280941017d9', 'https://s1.ljcdn.com/matrix_lianjia_pc/dist/pc/src/resource/default/780-439.png?_v=201906280941017d9', 'https://s1.ljcdn.com/matrix_lianjia_pc/dist/pc/src/resource/default/780-439.png?_v=201906280941017d9', 'https://s1.ljcdn.com/matrix_lianjia_pc/dist/pc/src/resource/default/780-439.png?_v=201906280941017d9', 'https://s1.ljcdn.com/matrix_lianjia_pc/dist/pc/src/resource/default/780-439.png?_v=201906280941017d9', 'https://s1.ljcdn.com/matrix_lianjia_pc/dist/pc/src/resource/default/780-439.png?_v=201906280941017d9']",15天前,2019-07-15,暂无数据,暂无数据,高楼层/36层,有,暂无数据,民水,民电,有,暂无数据,[],[],22.533307,114.064103
https://sz.lianjia.com/zufang/SZ2273963388361252864.html,南山区,南山中心,公园道 2室1厅 西北,11000元/月 ,租赁方式未知,2室1厅1卫,83㎡,朝西北,"['https://image1.ljcdn.com/440300-inspection/c1ed4380-cc9c-4595-b7d9-ffa8d8a38835.jpg.780x439.jpg', 'https://s1.ljcdn.com/matrix_lianjia_pc/dist/pc/src/resource/default/780-439.png?_v=201906280941017d9', 'https://s1.ljcdn.com/matrix_lianjia_pc/dist/pc/src/resource/default/780-439.png?_v=201906280941017d9', 'https://s1.ljcdn.com/matrix_lianjia_pc/dist/pc/src/resource/default/780-439.png?_v=201906280941017d9', 'https://s1.ljcdn.com/matrix_lianjia_pc/dist/pc/src/resource/default/780-439.png?_v=201906280941017d9', 'https://s1.ljcdn.com/matrix_lianjia_pc/dist/pc/src/resource/default/780-439.png?_v=201906280941017d9']",22天前,随时入住,暂无数据,需提前预约,中楼层/25层,有,暂无数据,民水,民电,有,暂无数据,[],[],22.51802,113.930612
https://sz.lianjia.com/zufang/SZ2213748176475922432.html,福田区,车公庙,整租·君临天下 3室2厅 西北,16000元/月 (月付价),整租,3室2厅2卫,93㎡,朝西北,"['https://image1.ljcdn.com/440300-inspection/aa708c47-0f7c-4746-bd94-346a232bb93a.jpg.780x439.jpg', 'https://s1.ljcdn.com/matrix_lianjia_pc/dist/pc/src/resource/default/780-439.png?_v=201906280941017d9', 'https://s1.ljcdn.com/matrix_lianjia_pc/dist/pc/src/resource/default/780-439.png?_v=201906280941017d9', 'https://s1.ljcdn.com/matrix_lianjia_pc/dist/pc/src/resource/default/780-439.png?_v=201906280941017d9', 'https://s1.ljcdn.com/matrix_lianjia_pc/dist/pc/src/resource/default/780-439.png?_v=201906280941017d9', 'https://s1.ljcdn.com/matrix_lianjia_pc/dist/pc/src/resource/default/780-439.png?_v=201906280941017d9', 'https://s1.ljcdn.com/matrix_lianjia_pc/dist/pc/src/resource/default/780-439.png?_v=201906280941017d9', 'https://s1.ljcdn.com/matrix_lianjia_pc/dist/pc/src/resource/default/780-439.png?_v=201906280941017d9', 'https://s1.ljcdn.com/matrix_lianjia_pc/dist/pc/src/resource/default/780-439.png?_v=201906280941017d9', 'https://s1.ljcdn.com/matrix_lianjia_pc/dist/pc/src/resource/default/780-439.png?_v=201906280941017d9', 'https://s1.ljcdn.com/matrix_lianjia_pc/dist/pc/src/resource/default/780-439.png?_v=201906280941017d9']",3个月前,随时入住,1年以内,需提前预约,中楼层/45层,有,暂无数据,民水,民电,有,暂无数据,"['近地铁', '精装', '双卫生间']","['1号线(罗宝线),3号线(龙岗线) - 购物公园', '941m']",22.53606699946,114.0527918035
https://sz.lianjia.com/zufang/SZ2142632574688960512.html,福田区,福田保税区,加福广场华尔登府邸 3室2厅 西/西北/北,24000元/月 ,租赁方式未知,3室2厅2卫,220㎡,朝西 西北 北,"['https://image1.ljcdn.com/440300-inspection/prod-4428ea98-a51a-4d74-92c7-5c9e404f2ffc.jpg.780x439.jpg', 'https://s1.ljcdn.com/matrix_lianjia_pc/dist/pc/src/resource/default/780-439.png?_v=201906280941017d9', 'https://s1.ljcdn.com/matrix_lianjia_pc/dist/pc/src/resource/default/780-439.png?_v=201906280941017d9', 'https://s1.ljcdn.com/matrix_lianjia_pc/dist/pc/src/resource/default/780-439.png?_v=201906280941017d9', 'https://s1.ljcdn.com/matrix_lianjia_pc/dist/pc/src/resource/default/780-439.png?_v=201906280941017d9', 'https://s1.ljcdn.com/matrix_lianjia_pc/dist/pc/src/resource/default/780-439.png?_v=201906280941017d9']",6个月前,随时入住,暂无数据,需提前预约,高楼层/56层,有,暂无数据,民水,民电,有,暂无数据,['近地铁'],"['4号线(龙华线) - 福田口岸', '881m']",22.517077,114.068645
https://sz.lianjia.com/zufang/SZ2251347520276144128.html,福田区,福田中心,整租·星河世纪 2室1厅 西北,10000元/月 ,整租,2室1厅1卫,90㎡,朝西北,"['https://image1.ljcdn.com/440300-inspection/5d569f2d-0e2f-46a9-aead-293b2470986e.jpg.780x439.jpg', 'https://s1.ljcdn.com/matrix_lianjia_pc/dist/pc/src/resource/default/780-439.png?_v=201906280941017d9', 'https://s1.ljcdn.com/matrix_lianjia_pc/dist/pc/src/resource/default/780-439.png?_v=201906280941017d9', 'https://s1.ljcdn.com/matrix_lianjia_pc/dist/pc/src/resource/default/780-439.png?_v=201906280941017d9', 'https://s1.ljcdn.com/matrix_lianjia_pc/dist/pc/src/resource/default/780-439.png?_v=201906280941017d9', 'https://s1.ljcdn.com/matrix_lianjia_pc/dist/pc/src/resource/default/780-439.png?_v=201906280941017d9', 'https://s1.ljcdn.com/matrix_lianjia_pc/dist/pc/src/resource/default/780-439.png?_v=201906280941017d9', 'https://s1.ljcdn.com/matrix_lianjia_pc/dist/pc/src/resource/default/780-439.png?_v=201906280941017d9', 'https://s1.ljcdn.com/matrix_lianjia_pc/dist/pc/src/resource/default/780-439.png?_v=201906280941017d9']",1个月前,随时入住,1年以内,需提前预约,高楼层/32层,有,暂无数据,民水,民电,有,暂无数据,"['近地铁', '随时看房']","['1号线(罗宝线) - 岗厦', '310m', '2号线(蛇口线) - 岗厦北', '637m', '1号线(罗宝线),4号线(龙华线) - 会展中心', '816m', '2号线(蛇口线),4号线(龙华线) - 市民中心', '856m']",22.543735454179,114.07394460303
